2026-04-13 09:49:07 WARN  [HikariPool-1:housekeeper] com.zaxxer.hikari.pool.PoolBase - HikariPool-1 - Failed to validate connection com.mysql.cj.jdbc.ConnectionImpl@48126de (No operations allowed after connection closed.). Possibly consider using a shorter maxLifetime value.
2026-04-13 09:49:08 WARN  [HikariPool-1:housekeeper] com.zaxxer.hikari.pool.PoolBase - HikariPool-1 - Failed to validate connection com.mysql.cj.jdbc.ConnectionImpl@2a60981c (No operations allowed after connection closed.). Possibly consider using a shorter maxLifetime value.
2026-04-13 09:49:08 WARN  [HikariPool-1:housekeeper] com.zaxxer.hikari.pool.HikariPool - HikariPool-1 - Thread starvation or clock leap detected (housekeeper delta=10h50m34s490ms431µs300ns).
2026-04-13 09:49:08 WARN  [HikariPool-1:housekeeper] com.zaxxer.hikari.pool.PoolBase - HikariPool-1 - Failed to validate connection com.mysql.cj.jdbc.ConnectionImpl@6cb8edfd (No operations allowed after connection closed.). Possibly consider using a shorter maxLifetime value.
2026-04-13 09:49:08 WARN  [HikariPool-1:housekeeper] com.zaxxer.hikari.pool.PoolBase - HikariPool-1 - Failed to validate connection com.mysql.cj.jdbc.ConnectionImpl@7d18b8e1 (No operations allowed after connection closed.). Possibly consider using a shorter maxLifetime value.
2026-04-13 09:49:08 WARN  [HikariPool-1:housekeeper] com.zaxxer.hikari.pool.PoolBase - HikariPool-1 - Failed to validate connection com.mysql.cj.jdbc.ConnectionImpl@26129461 (No operations allowed after connection closed.). Possibly consider using a shorter maxLifetime value.
2026-04-13 09:49:08 WARN  [HikariPool-1:housekeeper] com.zaxxer.hikari.pool.PoolBase - HikariPool-1 - Failed to validate connection com.mysql.cj.jdbc.ConnectionImpl@311d0b1d (No operations allowed after connection closed.). Possibly consider using a shorter maxLifetime value.
2026-04-13 09:49:08 WARN  [HikariPool-1:housekeeper] com.zaxxer.hikari.pool.PoolBase - HikariPool-1 - Failed to validate connection com.mysql.cj.jdbc.ConnectionImpl@1a61cfc6 (No operations allowed after connection closed.). Possibly consider using a shorter maxLifetime value.
2026-04-13 09:49:08 WARN  [HikariPool-1:housekeeper] com.zaxxer.hikari.pool.PoolBase - HikariPool-1 - Failed to validate connection com.mysql.cj.jdbc.ConnectionImpl@2206a3db (No operations allowed after connection closed.). Possibly consider using a shorter maxLifetime value.
2026-04-13 09:49:08 WARN  [HikariPool-1:housekeeper] com.zaxxer.hikari.pool.PoolBase - HikariPool-1 - Failed to validate connection com.mysql.cj.jdbc.ConnectionImpl@10859a66 (No operations allowed after connection closed.). Possibly consider using a shorter maxLifetime value.
2026-04-13 09:49:11 WARN  [HikariPool-1:housekeeper] com.zaxxer.hikari.pool.PoolBase - HikariPool-1 - Failed to validate connection com.mysql.cj.jdbc.ConnectionImpl@49992e88 (No operations allowed after connection closed.). Possibly consider using a shorter maxLifetime value.
2026-04-13 09:55:14 DEBUG [http-nio-8080-exec-8] o.s.security.web.FilterChainProxy - Securing POST /api/v1/services
2026-04-13 09:55:14 TRACE [http-nio-8080-exec-8] o.s.s.w.a.logout.LogoutFilter - Did not match request to Or [Ant [pattern='/logout', GET], Ant [pattern='/logout', POST], Ant [pattern='/logout', PUT], Ant [pattern='/logout', DELETE]]
2026-04-13 09:55:14 TRACE [http-nio-8080-exec-8] o.s.s.w.a.AnonymousAuthenticationFilter - Set SecurityContextHolder to AnonymousAuthenticationToken [Principal=anonymousUser, Credentials=[PROTECTED], Authenticated=true, Details=WebAuthenticationDetails [RemoteIpAddress=0:0:0:0:0:0:0:1, SessionId=null], Granted Authorities=[ROLE_ANONYMOUS]]
2026-04-13 09:55:14 DEBUG [http-nio-8080-exec-8] o.s.s.w.a.Http403ForbiddenEntryPoint - Pre-authenticated entry point called. Rejecting access
2026-04-13 09:55:14 DEBUG [http-nio-8080-exec-8] o.s.security.web.FilterChainProxy - Securing POST /error
2026-04-13 09:55:14 TRACE [http-nio-8080-exec-8] o.s.s.w.a.logout.LogoutFilter - Did not match request to Or [Ant [pattern='/logout', GET], Ant [pattern='/logout', POST], Ant [pattern='/logout', PUT], Ant [pattern='/logout', DELETE]]
2026-04-13 09:55:14 TRACE [http-nio-8080-exec-8] o.s.s.w.a.AnonymousAuthenticationFilter - Set SecurityContextHolder to AnonymousAuthenticationToken [Principal=anonymousUser, Credentials=[PROTECTED], Authenticated=true, Details=WebAuthenticationDetails [RemoteIpAddress=0:0:0:0:0:0:0:1, SessionId=null], Granted Authorities=[ROLE_ANONYMOUS]]
2026-04-13 09:55:14 DEBUG [http-nio-8080-exec-8] o.s.s.w.a.Http403ForbiddenEntryPoint - Pre-authenticated entry point called. Rejecting access
2026-04-13 09:55:22 DEBUG [http-nio-8080-exec-9] o.s.security.web.FilterChainProxy - Securing POST /api/v1/auth/login
2026-04-13 09:55:22 TRACE [http-nio-8080-exec-9] o.s.s.w.a.logout.LogoutFilter - Did not match request to Or [Ant [pattern='/logout', GET], Ant [pattern='/logout', POST], Ant [pattern='/logout', PUT], Ant [pattern='/logout', DELETE]]
2026-04-13 09:55:22 TRACE [http-nio-8080-exec-9] o.s.s.w.a.AnonymousAuthenticationFilter - Set SecurityContextHolder to AnonymousAuthenticationToken [Principal=anonymousUser, Credentials=[PROTECTED], Authenticated=true, Details=WebAuthenticationDetails [RemoteIpAddress=0:0:0:0:0:0:0:1, SessionId=null], Granted Authorities=[ROLE_ANONYMOUS]]
2026-04-13 09:55:22 DEBUG [http-nio-8080-exec-9] o.s.security.web.FilterChainProxy - Secured POST /api/v1/auth/login
2026-04-13 09:55:22 DEBUG [http-nio-8080-exec-9] o.s.web.servlet.DispatcherServlet - POST "/api/v1/auth/login", parameters={}
2026-04-13 09:55:22 DEBUG [http-nio-8080-exec-9] o.s.w.s.m.m.a.RequestMappingHandlerMapping - Mapped to com.example.ClinicaDefinitiva.infrastructure.rest.authentication.controller.AuthController#login(LoginRequest)
2026-04-13 09:55:22 DEBUG [http-nio-8080-exec-9] o.s.w.s.m.m.a.RequestResponseBodyMethodProcessor - Read "application/json;charset=UTF-8" to [LoginRequest[email=admin@test.com, password=admin123]]
2026-04-13 09:55:22 DEBUG [http-nio-8080-exec-9] o.s.s.a.d.DaoAuthenticationProvider - Authenticated user
2026-04-13 09:55:23 DEBUG [http-nio-8080-exec-9] o.s.w.s.m.m.a.HttpEntityMethodProcessor - Using 'application/json', given [*/*] and supported [application/json, application/*+json]
2026-04-13 09:55:23 DEBUG [http-nio-8080-exec-9] o.s.w.s.m.m.a.HttpEntityMethodProcessor - Writing [{token=eyJhbGciOiJIUzI1NiJ9.eyJzdWIiOiJhZG1pbkB0ZXN0LmNvbSIsInJvbGVzIjpbIlJPTEVfVVNFUiJdLCJpYXQiOjE3 (truncated)...]
2026-04-13 09:55:23 DEBUG [http-nio-8080-exec-9] o.s.web.servlet.DispatcherServlet - Completed 200 OK
2026-04-13 09:55:43 DEBUG [http-nio-8080-exec-10] o.s.security.web.FilterChainProxy - Securing POST /api/v1/services
2026-04-13 09:55:43 TRACE [http-nio-8080-exec-10] o.s.s.w.a.logout.LogoutFilter - Did not match request to Or [Ant [pattern='/logout', GET], Ant [pattern='/logout', POST], Ant [pattern='/logout', PUT], Ant [pattern='/logout', DELETE]]
2026-04-13 09:55:44 TRACE [http-nio-8080-exec-10] o.s.s.w.a.AnonymousAuthenticationFilter - Did not set SecurityContextHolder since already authenticated UsernamePasswordAuthenticationToken [Principal=com.example.ClinicaDefinitiva.infrastructure.security.adapter.CustomUserDetails@1afaf1ab, Credentials=[PROTECTED], Authenticated=true, Details=null, Granted Authorities=[UPDATE_INFORMATION_PROVIDED_SERVICE, READ_ROLE, UPDATE_COMPANY, UPDATE_INVOICE, CREATE_CUSTOM_ROLE, UPDATE_JOURNAL_ENTRY, REVERSE_JOURNAL_ENTRY, CREATE_CONTRACT, SET_PERMISSIONS_ROLE, READ_USER_IDENTITY, IS_CURRENTLY_ACTIVE_ASSIGNMENT, READ_RATE, READ_APPOINTMENT, DEACTIVATE_PROVIDED_SERVICE, READ_DENTIST, CREATE_COMPANY, ACTIVATE_PROVIDED_SERVICE, DELETE_INVOICE, CREATE_PROVIDED_SERVICE, UPDATE_PAYMENT, CHECK_ROLE, ACTIVATE_USER_IDENTITY, READ_PATIENT, DELETE_ROLE, READ_ADMINISTRATIVE_REPORT, UPDATE_PRICE_PROVIDED_SERVICE, READ_CONTRACT, DELETE_ADMINISTRATIVE_REPORT, DEACTIVATE_USER_IDENTITY, REVERSE_INVOICE, APPROVE_INVOICE, READ_PROVIDED_SERVICE, REVOKE_ASSIGNMENT, DEACTIVATE_ROLE, READ_AVAILABILITY, READ_RECEPTIONIST, DELETE_RATE, SUSPEND_ROLE, UPDATE_PRIMARY_ASSIGNMENT, REMOVE_ROLE, CREATE_USER_IDENTITY, ADD_ROLE, DELETE_CONTRACT, DELETE_PAYMENT, DELETE_ASSIGNMENT, ACTIVATE_ROLE, EXTEND_ASSIGNMENT, READ_COMPANY, UPDATE_ADMINISTRATIVE_REPORT, CREATE_PAYMENT, UPDATE_USER_IDENTITY, READ_GUARDIAN, MARK_DELETED_ROLE, UPDATE_CONTRACT, DELETE_COMPANY, IS_ACTIVE_AT_ASSIGNMENT, READ_ASSIGNMENT, POST_INVOICE, REVOKE_ALL_ASSIGNMENT, CREATE_JOURNAL_ENTRY, CREATE_ADMINISTRATIVE_REPORT, UPDATE_DETAILS_PROVIDED_SERVICE, READ_SHIFT, POST_JOURNAL_ENTRY, ROLE_ADMINISTRATOR, CREATE_TEMPORARY_ASSIGNMENT, READ_PAYMENT, CREATE_RATE, READ_INVOICE, UPDATE_RATE, DELETE_JOURNAL_ENTRY, CLONE_ROLE, READ_JOURNAL_ENTRY, CREATE_PERMANENT_ASSIGNMENT, CREATE_INVOICE, SUSPEND_USER_IDENTITY]]
2026-04-13 09:55:44 TRACE [http-nio-8080-exec-10] o.s.s.w.a.s.CompositeSessionAuthenticationStrategy - Preparing session with ChangeSessionIdAuthenticationStrategy (1/1)
2026-04-13 09:55:44 DEBUG [http-nio-8080-exec-10] o.s.security.web.FilterChainProxy - Secured POST /api/v1/services
2026-04-13 09:55:44 DEBUG [http-nio-8080-exec-10] o.s.web.servlet.DispatcherServlet - POST "/api/v1/services", parameters={}
2026-04-13 09:55:44 DEBUG [http-nio-8080-exec-10] o.s.w.s.m.m.a.RequestMappingHandlerMapping - Mapped to com.example.ClinicaDefinitiva.infrastructure.rest.dentalService.controller.ProvidedServiceController#create(CreateServiceRequest, CustomUserDetails)
2026-04-13 09:55:44 DEBUG [http-nio-8080-exec-10] o.s.w.s.m.m.a.RequestResponseBodyMethodProcessor - Read "application/json;charset=UTF-8" to [CreateServiceRequest[name=Profilaxis y Limpieza, categoryId=2, categoryName=PROPHYLAXIS, categoryTyp (truncated)...]
2026-04-13 09:55:44 DEBUG [http-nio-8080-exec-10] o.s.w.s.m.m.a.ExceptionHandlerExceptionResolver - Using @ExceptionHandler com.example.ClinicaDefinitiva.infrastructure.advice.GlobalControllerAdvice#handleBusinessRuleViolation(BusinessRuleViolationException)
2026-04-13 09:55:44 WARN  [http-nio-8080-exec-10] c.e.C.i.a.GlobalControllerAdvice - Regla de negocio violada [requestId=a6fc5f41-4568-4832-abbe-62e2b0f7a02f, usuario=admin@test.com, código=RN-AUTH-001, contexto=AUTHORIZATION]: DELETE DENTIST solo por RECEPTIONIST del sector RECURSOS_HUMANOS
2026-04-13 09:55:44 DEBUG [http-nio-8080-exec-10] o.s.w.s.m.m.a.HttpEntityMethodProcessor - Using 'application/json', given [*/*] and supported [application/json, application/*+json]
2026-04-13 09:55:44 DEBUG [http-nio-8080-exec-10] o.s.w.s.m.m.a.HttpEntityMethodProcessor - Writing [com.example.ClinicaDefinitiva.infrastructure.advice.ErrorResponse@213f2602]
2026-04-13 09:55:44 DEBUG [http-nio-8080-exec-10] o.s.w.s.m.m.a.ExceptionHandlerExceptionResolver - Resolved [com.example.ClinicaDefinitiva.domain.exceptions.BusinessRuleViolationException: DELETE DENTIST solo por RECEPTIONIST del sector RECURSOS_HUMANOS]
2026-04-13 09:55:44 DEBUG [http-nio-8080-exec-10] o.s.web.servlet.DispatcherServlet - Completed 403 FORBIDDEN
2026-04-13 09:57:59 DEBUG [http-nio-8080-exec-3] o.s.security.web.FilterChainProxy - Securing GET /api/v1/users/40
2026-04-13 09:57:59 TRACE [http-nio-8080-exec-3] o.s.s.w.a.logout.LogoutFilter - Did not match request to Or [Ant [pattern='/logout', GET], Ant [pattern='/logout', POST], Ant [pattern='/logout', PUT], Ant [pattern='/logout', DELETE]]
2026-04-13 09:57:59 TRACE [http-nio-8080-exec-3] o.s.s.w.a.AnonymousAuthenticationFilter - Did not set SecurityContextHolder since already authenticated UsernamePasswordAuthenticationToken [Principal=com.example.ClinicaDefinitiva.infrastructure.security.adapter.CustomUserDetails@2f60f053, Credentials=[PROTECTED], Authenticated=true, Details=null, Granted Authorities=[UPDATE_INFORMATION_PROVIDED_SERVICE, READ_ROLE, UPDATE_COMPANY, UPDATE_INVOICE, CREATE_CUSTOM_ROLE, UPDATE_JOURNAL_ENTRY, REVERSE_JOURNAL_ENTRY, CREATE_CONTRACT, SET_PERMISSIONS_ROLE, READ_USER_IDENTITY, IS_CURRENTLY_ACTIVE_ASSIGNMENT, READ_RATE, READ_APPOINTMENT, DEACTIVATE_PROVIDED_SERVICE, READ_DENTIST, CREATE_COMPANY, ACTIVATE_PROVIDED_SERVICE, DELETE_INVOICE, CREATE_PROVIDED_SERVICE, UPDATE_PAYMENT, CHECK_ROLE, ACTIVATE_USER_IDENTITY, READ_PATIENT, DELETE_ROLE, READ_ADMINISTRATIVE_REPORT, UPDATE_PRICE_PROVIDED_SERVICE, READ_CONTRACT, DELETE_ADMINISTRATIVE_REPORT, DEACTIVATE_USER_IDENTITY, REVERSE_INVOICE, APPROVE_INVOICE, READ_PROVIDED_SERVICE, REVOKE_ASSIGNMENT, DEACTIVATE_ROLE, READ_AVAILABILITY, READ_RECEPTIONIST, DELETE_RATE, SUSPEND_ROLE, UPDATE_PRIMARY_ASSIGNMENT, REMOVE_ROLE, CREATE_USER_IDENTITY, ADD_ROLE, DELETE_CONTRACT, DELETE_PAYMENT, DELETE_ASSIGNMENT, ACTIVATE_ROLE, EXTEND_ASSIGNMENT, READ_COMPANY, UPDATE_ADMINISTRATIVE_REPORT, CREATE_PAYMENT, UPDATE_USER_IDENTITY, READ_GUARDIAN, MARK_DELETED_ROLE, UPDATE_CONTRACT, DELETE_COMPANY, IS_ACTIVE_AT_ASSIGNMENT, READ_ASSIGNMENT, POST_INVOICE, REVOKE_ALL_ASSIGNMENT, CREATE_JOURNAL_ENTRY, CREATE_ADMINISTRATIVE_REPORT, UPDATE_DETAILS_PROVIDED_SERVICE, READ_SHIFT, POST_JOURNAL_ENTRY, ROLE_ADMINISTRATOR, CREATE_TEMPORARY_ASSIGNMENT, READ_PAYMENT, CREATE_RATE, READ_INVOICE, UPDATE_RATE, DELETE_JOURNAL_ENTRY, CLONE_ROLE, READ_JOURNAL_ENTRY, CREATE_PERMANENT_ASSIGNMENT, CREATE_INVOICE, SUSPEND_USER_IDENTITY]]
2026-04-13 09:57:59 TRACE [http-nio-8080-exec-3] o.s.s.w.a.s.CompositeSessionAuthenticationStrategy - Preparing session with ChangeSessionIdAuthenticationStrategy (1/1)
2026-04-13 09:57:59 DEBUG [http-nio-8080-exec-3] o.s.security.web.FilterChainProxy - Secured GET /api/v1/users/40
2026-04-13 09:57:59 DEBUG [http-nio-8080-exec-3] o.s.web.servlet.DispatcherServlet - GET "/api/v1/users/40", parameters={}
2026-04-13 09:57:59 DEBUG [http-nio-8080-exec-3] o.s.w.s.m.m.a.RequestMappingHandlerMapping - Mapped to com.example.ClinicaDefinitiva.infrastructure.rest.authentication.controller.UserIdentityController#findById(Long, CustomUserDetails)
2026-04-13 09:57:59 DEBUG [http-nio-8080-exec-3] o.s.w.s.m.m.a.HttpEntityMethodProcessor - Using 'application/json', given [*/*] and supported [application/json, application/*+json]
2026-04-13 09:57:59 DEBUG [http-nio-8080-exec-3] o.s.w.s.m.m.a.HttpEntityMethodProcessor - Writing [ReadUserIdentityResponse[id=40, email=hancock@hr.com, name=Boa Hancock, createdAt=2026-04-04T23:36:3 (truncated)...]
2026-04-13 09:57:59 DEBUG [http-nio-8080-exec-3] o.s.web.servlet.DispatcherServlet - Completed 200 OK
2026-04-13 09:58:32 DEBUG [http-nio-8080-exec-4] o.s.security.web.FilterChainProxy - Securing GET /api/v1/users/1
2026-04-13 09:58:32 TRACE [http-nio-8080-exec-4] o.s.s.w.a.logout.LogoutFilter - Did not match request to Or [Ant [pattern='/logout', GET], Ant [pattern='/logout', POST], Ant [pattern='/logout', PUT], Ant [pattern='/logout', DELETE]]
2026-04-13 09:58:32 TRACE [http-nio-8080-exec-4] o.s.s.w.a.AnonymousAuthenticationFilter - Did not set SecurityContextHolder since already authenticated UsernamePasswordAuthenticationToken [Principal=com.example.ClinicaDefinitiva.infrastructure.security.adapter.CustomUserDetails@6b08b95c, Credentials=[PROTECTED], Authenticated=true, Details=null, Granted Authorities=[UPDATE_INFORMATION_PROVIDED_SERVICE, READ_ROLE, UPDATE_COMPANY, UPDATE_INVOICE, CREATE_CUSTOM_ROLE, UPDATE_JOURNAL_ENTRY, REVERSE_JOURNAL_ENTRY, CREATE_CONTRACT, SET_PERMISSIONS_ROLE, READ_USER_IDENTITY, IS_CURRENTLY_ACTIVE_ASSIGNMENT, READ_RATE, READ_APPOINTMENT, DEACTIVATE_PROVIDED_SERVICE, READ_DENTIST, CREATE_COMPANY, ACTIVATE_PROVIDED_SERVICE, DELETE_INVOICE, CREATE_PROVIDED_SERVICE, UPDATE_PAYMENT, CHECK_ROLE, ACTIVATE_USER_IDENTITY, READ_PATIENT, DELETE_ROLE, READ_ADMINISTRATIVE_REPORT, UPDATE_PRICE_PROVIDED_SERVICE, READ_CONTRACT, DELETE_ADMINISTRATIVE_REPORT, DEACTIVATE_USER_IDENTITY, REVERSE_INVOICE, APPROVE_INVOICE, READ_PROVIDED_SERVICE, REVOKE_ASSIGNMENT, DEACTIVATE_ROLE, READ_AVAILABILITY, READ_RECEPTIONIST, DELETE_RATE, SUSPEND_ROLE, UPDATE_PRIMARY_ASSIGNMENT, REMOVE_ROLE, CREATE_USER_IDENTITY, ADD_ROLE, DELETE_CONTRACT, DELETE_PAYMENT, DELETE_ASSIGNMENT, ACTIVATE_ROLE, EXTEND_ASSIGNMENT, READ_COMPANY, UPDATE_ADMINISTRATIVE_REPORT, CREATE_PAYMENT, UPDATE_USER_IDENTITY, READ_GUARDIAN, MARK_DELETED_ROLE, UPDATE_CONTRACT, DELETE_COMPANY, IS_ACTIVE_AT_ASSIGNMENT, READ_ASSIGNMENT, POST_INVOICE, REVOKE_ALL_ASSIGNMENT, CREATE_JOURNAL_ENTRY, CREATE_ADMINISTRATIVE_REPORT, UPDATE_DETAILS_PROVIDED_SERVICE, READ_SHIFT, POST_JOURNAL_ENTRY, ROLE_ADMINISTRATOR, CREATE_TEMPORARY_ASSIGNMENT, READ_PAYMENT, CREATE_RATE, READ_INVOICE, UPDATE_RATE, DELETE_JOURNAL_ENTRY, CLONE_ROLE, READ_JOURNAL_ENTRY, CREATE_PERMANENT_ASSIGNMENT, CREATE_INVOICE, SUSPEND_USER_IDENTITY]]
2026-04-13 09:58:32 TRACE [http-nio-8080-exec-4] o.s.s.w.a.s.CompositeSessionAuthenticationStrategy - Preparing session with ChangeSessionIdAuthenticationStrategy (1/1)
2026-04-13 09:58:32 DEBUG [http-nio-8080-exec-4] o.s.security.web.FilterChainProxy - Secured GET /api/v1/users/1
2026-04-13 09:58:32 DEBUG [http-nio-8080-exec-4] o.s.web.servlet.DispatcherServlet - GET "/api/v1/users/1", parameters={}
2026-04-13 09:58:32 DEBUG [http-nio-8080-exec-4] o.s.w.s.m.m.a.RequestMappingHandlerMapping - Mapped to com.example.ClinicaDefinitiva.infrastructure.rest.authentication.controller.UserIdentityController#findById(Long, CustomUserDetails)
2026-04-13 09:58:32 DEBUG [http-nio-8080-exec-4] o.s.w.s.m.m.a.HttpEntityMethodProcessor - Using 'application/json', given [*/*] and supported [application/json, application/*+json]
2026-04-13 09:58:32 DEBUG [http-nio-8080-exec-4] o.s.w.s.m.m.a.HttpEntityMethodProcessor - Writing [ReadUserIdentityResponse[id=1, email=admin@test.com, name=Admin, createdAt=2026-03-13T14:10:29Z, las (truncated)...]
2026-04-13 09:58:32 DEBUG [http-nio-8080-exec-4] o.s.web.servlet.DispatcherServlet - Completed 200 OK
2026-04-13 09:59:42 DEBUG [http-nio-8080-exec-6] o.s.security.web.FilterChainProxy - Securing GET /api/v1/user-assignments/user/1
2026-04-13 09:59:42 TRACE [http-nio-8080-exec-6] o.s.s.w.a.logout.LogoutFilter - Did not match request to Or [Ant [pattern='/logout', GET], Ant [pattern='/logout', POST], Ant [pattern='/logout', PUT], Ant [pattern='/logout', DELETE]]
2026-04-13 09:59:43 TRACE [http-nio-8080-exec-6] o.s.s.w.a.AnonymousAuthenticationFilter - Did not set SecurityContextHolder since already authenticated UsernamePasswordAuthenticationToken [Principal=com.example.ClinicaDefinitiva.infrastructure.security.adapter.CustomUserDetails@333a5bf8, Credentials=[PROTECTED], Authenticated=true, Details=null, Granted Authorities=[UPDATE_INFORMATION_PROVIDED_SERVICE, READ_ROLE, UPDATE_COMPANY, UPDATE_INVOICE, CREATE_CUSTOM_ROLE, UPDATE_JOURNAL_ENTRY, REVERSE_JOURNAL_ENTRY, CREATE_CONTRACT, SET_PERMISSIONS_ROLE, READ_USER_IDENTITY, IS_CURRENTLY_ACTIVE_ASSIGNMENT, READ_RATE, READ_APPOINTMENT, DEACTIVATE_PROVIDED_SERVICE, READ_DENTIST, CREATE_COMPANY, ACTIVATE_PROVIDED_SERVICE, DELETE_INVOICE, CREATE_PROVIDED_SERVICE, UPDATE_PAYMENT, CHECK_ROLE, ACTIVATE_USER_IDENTITY, READ_PATIENT, DELETE_ROLE, READ_ADMINISTRATIVE_REPORT, UPDATE_PRICE_PROVIDED_SERVICE, READ_CONTRACT, DELETE_ADMINISTRATIVE_REPORT, DEACTIVATE_USER_IDENTITY, REVERSE_INVOICE, APPROVE_INVOICE, READ_PROVIDED_SERVICE, REVOKE_ASSIGNMENT, DEACTIVATE_ROLE, READ_AVAILABILITY, READ_RECEPTIONIST, DELETE_RATE, SUSPEND_ROLE, UPDATE_PRIMARY_ASSIGNMENT, REMOVE_ROLE, CREATE_USER_IDENTITY, ADD_ROLE, DELETE_CONTRACT, DELETE_PAYMENT, DELETE_ASSIGNMENT, ACTIVATE_ROLE, EXTEND_ASSIGNMENT, READ_COMPANY, UPDATE_ADMINISTRATIVE_REPORT, CREATE_PAYMENT, UPDATE_USER_IDENTITY, READ_GUARDIAN, MARK_DELETED_ROLE, UPDATE_CONTRACT, DELETE_COMPANY, IS_ACTIVE_AT_ASSIGNMENT, READ_ASSIGNMENT, POST_INVOICE, REVOKE_ALL_ASSIGNMENT, CREATE_JOURNAL_ENTRY, CREATE_ADMINISTRATIVE_REPORT, UPDATE_DETAILS_PROVIDED_SERVICE, READ_SHIFT, POST_JOURNAL_ENTRY, ROLE_ADMINISTRATOR, CREATE_TEMPORARY_ASSIGNMENT, READ_PAYMENT, CREATE_RATE, READ_INVOICE, UPDATE_RATE, DELETE_JOURNAL_ENTRY, CLONE_ROLE, READ_JOURNAL_ENTRY, CREATE_PERMANENT_ASSIGNMENT, CREATE_INVOICE, SUSPEND_USER_IDENTITY]]
2026-04-13 09:59:43 TRACE [http-nio-8080-exec-6] o.s.s.w.a.s.CompositeSessionAuthenticationStrategy - Preparing session with ChangeSessionIdAuthenticationStrategy (1/1)
2026-04-13 09:59:43 DEBUG [http-nio-8080-exec-6] o.s.security.web.FilterChainProxy - Secured GET /api/v1/user-assignments/user/1
2026-04-13 09:59:43 DEBUG [http-nio-8080-exec-6] o.s.web.servlet.DispatcherServlet - GET "/api/v1/user-assignments/user/1", parameters={}
2026-04-13 09:59:43 DEBUG [http-nio-8080-exec-6] o.s.w.s.m.m.a.RequestMappingHandlerMapping - Mapped to com.example.ClinicaDefinitiva.infrastructure.rest.administration.authorization.controller.UserRolAssignmentController#findByUserId(Long, Pageable, CustomUserDetails)
2026-04-13 09:59:43 DEBUG [http-nio-8080-exec-6] o.s.w.s.m.m.a.HttpEntityMethodProcessor - Using 'application/json', given [*/*] and supported [application/json, application/*+json]
2026-04-13 09:59:43 DEBUG [http-nio-8080-exec-6] o.s.w.s.m.m.a.HttpEntityMethodProcessor - Writing [PageResponse[content=[ReadAssignmentResponse[id=1, userId=1, rolId=1, isPrimary=false, validFrom=202 (truncated)...]
2026-04-13 09:59:43 DEBUG [http-nio-8080-exec-6] o.s.web.servlet.DispatcherServlet - Completed 200 OK
2026-04-13 10:33:21 DEBUG [http-nio-8080-exec-10] o.s.security.web.FilterChainProxy - Securing GET /api/v1/user-assignments/user/1
2026-04-13 10:33:21 TRACE [http-nio-8080-exec-10] o.s.s.w.a.logout.LogoutFilter - Did not match request to Or [Ant [pattern='/logout', GET], Ant [pattern='/logout', POST], Ant [pattern='/logout', PUT], Ant [pattern='/logout', DELETE]]
2026-04-13 10:33:21 TRACE [http-nio-8080-exec-10] o.s.s.w.a.AnonymousAuthenticationFilter - Did not set SecurityContextHolder since already authenticated UsernamePasswordAuthenticationToken [Principal=com.example.ClinicaDefinitiva.infrastructure.security.adapter.CustomUserDetails@16dfb09, Credentials=[PROTECTED], Authenticated=true, Details=null, Granted Authorities=[UPDATE_INFORMATION_PROVIDED_SERVICE, READ_ROLE, UPDATE_COMPANY, UPDATE_INVOICE, CREATE_CUSTOM_ROLE, UPDATE_JOURNAL_ENTRY, REVERSE_JOURNAL_ENTRY, CREATE_CONTRACT, SET_PERMISSIONS_ROLE, READ_USER_IDENTITY, IS_CURRENTLY_ACTIVE_ASSIGNMENT, READ_RATE, READ_APPOINTMENT, DEACTIVATE_PROVIDED_SERVICE, READ_DENTIST, CREATE_COMPANY, ACTIVATE_PROVIDED_SERVICE, DELETE_INVOICE, CREATE_PROVIDED_SERVICE, UPDATE_PAYMENT, CHECK_ROLE, ACTIVATE_USER_IDENTITY, READ_PATIENT, DELETE_ROLE, READ_ADMINISTRATIVE_REPORT, UPDATE_PRICE_PROVIDED_SERVICE, READ_CONTRACT, DELETE_ADMINISTRATIVE_REPORT, DEACTIVATE_USER_IDENTITY, REVERSE_INVOICE, APPROVE_INVOICE, READ_PROVIDED_SERVICE, REVOKE_ASSIGNMENT, DEACTIVATE_ROLE, READ_AVAILABILITY, READ_RECEPTIONIST, DELETE_RATE, SUSPEND_ROLE, UPDATE_PRIMARY_ASSIGNMENT, REMOVE_ROLE, CREATE_USER_IDENTITY, ADD_ROLE, DELETE_CONTRACT, DELETE_PAYMENT, DELETE_ASSIGNMENT, ACTIVATE_ROLE, EXTEND_ASSIGNMENT, READ_COMPANY, UPDATE_ADMINISTRATIVE_REPORT, CREATE_PAYMENT, UPDATE_USER_IDENTITY, READ_GUARDIAN, MARK_DELETED_ROLE, UPDATE_CONTRACT, DELETE_COMPANY, IS_ACTIVE_AT_ASSIGNMENT, READ_ASSIGNMENT, POST_INVOICE, REVOKE_ALL_ASSIGNMENT, CREATE_JOURNAL_ENTRY, CREATE_ADMINISTRATIVE_REPORT, UPDATE_DETAILS_PROVIDED_SERVICE, READ_SHIFT, POST_JOURNAL_ENTRY, ROLE_ADMINISTRATOR, CREATE_TEMPORARY_ASSIGNMENT, READ_PAYMENT, CREATE_RATE, READ_INVOICE, UPDATE_RATE, DELETE_JOURNAL_ENTRY, CLONE_ROLE, READ_JOURNAL_ENTRY, CREATE_PERMANENT_ASSIGNMENT, CREATE_INVOICE, SUSPEND_USER_IDENTITY]]
2026-04-13 10:33:21 TRACE [http-nio-8080-exec-10] o.s.s.w.a.s.CompositeSessionAuthenticationStrategy - Preparing session with ChangeSessionIdAuthenticationStrategy (1/1)
2026-04-13 10:33:21 DEBUG [http-nio-8080-exec-10] o.s.security.web.FilterChainProxy - Secured GET /api/v1/user-assignments/user/1
2026-04-13 10:33:21 DEBUG [http-nio-8080-exec-10] o.s.web.servlet.DispatcherServlet - GET "/api/v1/user-assignments/user/1", parameters={}
2026-04-13 10:33:21 DEBUG [http-nio-8080-exec-10] o.s.w.s.m.m.a.RequestMappingHandlerMapping - Mapped to com.example.ClinicaDefinitiva.infrastructure.rest.administration.authorization.controller.UserRolAssignmentController#findByUserId(Long, Pageable, CustomUserDetails)
2026-04-13 10:33:21 DEBUG [http-nio-8080-exec-10] o.s.w.s.m.m.a.HttpEntityMethodProcessor - Using 'application/json', given [*/*] and supported [application/json, application/*+json]
2026-04-13 10:33:21 DEBUG [http-nio-8080-exec-10] o.s.w.s.m.m.a.HttpEntityMethodProcessor - Writing [PageResponse[content=[ReadAssignmentResponse[id=2, userId=1, rolId=2, isPrimary=false, validFrom=202 (truncated)...]
2026-04-13 10:33:21 DEBUG [http-nio-8080-exec-10] o.s.web.servlet.DispatcherServlet - Completed 200 OK
2026-04-13 10:33:51 DEBUG [http-nio-8080-exec-2] o.s.security.web.FilterChainProxy - Securing POST /api/v1/services
2026-04-13 10:33:51 TRACE [http-nio-8080-exec-2] o.s.s.w.a.logout.LogoutFilter - Did not match request to Or [Ant [pattern='/logout', GET], Ant [pattern='/logout', POST], Ant [pattern='/logout', PUT], Ant [pattern='/logout', DELETE]]
2026-04-13 10:33:52 TRACE [http-nio-8080-exec-2] o.s.s.w.a.AnonymousAuthenticationFilter - Did not set SecurityContextHolder since already authenticated UsernamePasswordAuthenticationToken [Principal=com.example.ClinicaDefinitiva.infrastructure.security.adapter.CustomUserDetails@70c0f7, Credentials=[PROTECTED], Authenticated=true, Details=null, Granted Authorities=[UPDATE_INFORMATION_PROVIDED_SERVICE, READ_ROLE, UPDATE_COMPANY, UPDATE_INVOICE, CREATE_CUSTOM_ROLE, UPDATE_JOURNAL_ENTRY, REVERSE_JOURNAL_ENTRY, CREATE_CONTRACT, SET_PERMISSIONS_ROLE, READ_USER_IDENTITY, IS_CURRENTLY_ACTIVE_ASSIGNMENT, READ_RATE, READ_APPOINTMENT, DEACTIVATE_PROVIDED_SERVICE, READ_DENTIST, CREATE_COMPANY, ACTIVATE_PROVIDED_SERVICE, DELETE_INVOICE, CREATE_PROVIDED_SERVICE, UPDATE_PAYMENT, CHECK_ROLE, ACTIVATE_USER_IDENTITY, READ_PATIENT, DELETE_ROLE, READ_ADMINISTRATIVE_REPORT, UPDATE_PRICE_PROVIDED_SERVICE, READ_CONTRACT, DELETE_ADMINISTRATIVE_REPORT, DEACTIVATE_USER_IDENTITY, REVERSE_INVOICE, APPROVE_INVOICE, READ_PROVIDED_SERVICE, REVOKE_ASSIGNMENT, DEACTIVATE_ROLE, READ_AVAILABILITY, READ_RECEPTIONIST, DELETE_RATE, SUSPEND_ROLE, UPDATE_PRIMARY_ASSIGNMENT, REMOVE_ROLE, CREATE_USER_IDENTITY, ADD_ROLE, DELETE_CONTRACT, DELETE_PAYMENT, DELETE_ASSIGNMENT, ACTIVATE_ROLE, EXTEND_ASSIGNMENT, READ_COMPANY, UPDATE_ADMINISTRATIVE_REPORT, CREATE_PAYMENT, UPDATE_USER_IDENTITY, READ_GUARDIAN, MARK_DELETED_ROLE, UPDATE_CONTRACT, DELETE_COMPANY, IS_ACTIVE_AT_ASSIGNMENT, READ_ASSIGNMENT, POST_INVOICE, REVOKE_ALL_ASSIGNMENT, CREATE_JOURNAL_ENTRY, CREATE_ADMINISTRATIVE_REPORT, UPDATE_DETAILS_PROVIDED_SERVICE, READ_SHIFT, POST_JOURNAL_ENTRY, ROLE_ADMINISTRATOR, CREATE_TEMPORARY_ASSIGNMENT, READ_PAYMENT, CREATE_RATE, READ_INVOICE, UPDATE_RATE, DELETE_JOURNAL_ENTRY, CLONE_ROLE, READ_JOURNAL_ENTRY, CREATE_PERMANENT_ASSIGNMENT, CREATE_INVOICE, SUSPEND_USER_IDENTITY]]
2026-04-13 10:33:52 TRACE [http-nio-8080-exec-2] o.s.s.w.a.s.CompositeSessionAuthenticationStrategy - Preparing session with ChangeSessionIdAuthenticationStrategy (1/1)
2026-04-13 10:33:52 DEBUG [http-nio-8080-exec-2] o.s.security.web.FilterChainProxy - Secured POST /api/v1/services
2026-04-13 10:33:52 DEBUG [http-nio-8080-exec-2] o.s.web.servlet.DispatcherServlet - POST "/api/v1/services", parameters={}
2026-04-13 10:33:52 DEBUG [http-nio-8080-exec-2] o.s.w.s.m.m.a.RequestMappingHandlerMapping - Mapped to com.example.ClinicaDefinitiva.infrastructure.rest.dentalService.controller.ProvidedServiceController#create(CreateServiceRequest, CustomUserDetails)
2026-04-13 10:33:52 DEBUG [http-nio-8080-exec-2] o.s.w.s.m.m.a.RequestResponseBodyMethodProcessor - Read "application/json;charset=UTF-8" to [CreateServiceRequest[name=Profilaxis y Limpieza, categoryId=2, categoryName=PROPHYLAXIS, categoryTyp (truncated)...]
2026-04-13 10:33:52 DEBUG [http-nio-8080-exec-2] o.s.w.s.m.m.a.ExceptionHandlerExceptionResolver - Using @ExceptionHandler com.example.ClinicaDefinitiva.infrastructure.advice.GlobalControllerAdvice#handleBusinessRuleViolation(BusinessRuleViolationException)
2026-04-13 10:33:52 WARN  [http-nio-8080-exec-2] c.e.C.i.a.GlobalControllerAdvice - Regla de negocio violada [requestId=96dedf5e-e33e-45d8-972c-4acc72034132, usuario=admin@test.com, código=RN-AUTH-001, contexto=AUTHORIZATION]: DELETE DENTIST solo por RECEPTIONIST del sector RECURSOS_HUMANOS
2026-04-13 10:33:52 DEBUG [http-nio-8080-exec-2] o.s.w.s.m.m.a.HttpEntityMethodProcessor - Using 'application/json', given [*/*] and supported [application/json, application/*+json]
2026-04-13 10:33:52 DEBUG [http-nio-8080-exec-2] o.s.w.s.m.m.a.HttpEntityMethodProcessor - Writing [com.example.ClinicaDefinitiva.infrastructure.advice.ErrorResponse@12ca2107]
2026-04-13 10:33:52 DEBUG [http-nio-8080-exec-2] o.s.w.s.m.m.a.ExceptionHandlerExceptionResolver - Resolved [com.example.ClinicaDefinitiva.domain.exceptions.BusinessRuleViolationException: DELETE DENTIST solo por RECEPTIONIST del sector RECURSOS_HUMANOS]
2026-04-13 10:33:52 DEBUG [http-nio-8080-exec-2] o.s.web.servlet.DispatcherServlet - Completed 403 FORBIDDEN
2026-04-13 10:34:18 DEBUG [http-nio-8080-exec-1] o.s.security.web.FilterChainProxy - Securing POST /api/v1/services
2026-04-13 10:34:18 TRACE [http-nio-8080-exec-1] o.s.s.w.a.logout.LogoutFilter - Did not match request to Or [Ant [pattern='/logout', GET], Ant [pattern='/logout', POST], Ant [pattern='/logout', PUT], Ant [pattern='/logout', DELETE]]
2026-04-13 10:34:19 TRACE [http-nio-8080-exec-1] o.s.s.w.a.AnonymousAuthenticationFilter - Did not set SecurityContextHolder since already authenticated UsernamePasswordAuthenticationToken [Principal=com.example.ClinicaDefinitiva.infrastructure.security.adapter.CustomUserDetails@49bfb96, Credentials=[PROTECTED], Authenticated=true, Details=null, Granted Authorities=[UPDATE_INFORMATION_PROVIDED_SERVICE, READ_ROLE, UPDATE_COMPANY, UPDATE_INVOICE, CREATE_CUSTOM_ROLE, UPDATE_JOURNAL_ENTRY, REVERSE_JOURNAL_ENTRY, CREATE_CONTRACT, SET_PERMISSIONS_ROLE, READ_USER_IDENTITY, IS_CURRENTLY_ACTIVE_ASSIGNMENT, READ_RATE, READ_APPOINTMENT, DEACTIVATE_PROVIDED_SERVICE, READ_DENTIST, CREATE_COMPANY, ACTIVATE_PROVIDED_SERVICE, DELETE_INVOICE, CREATE_PROVIDED_SERVICE, UPDATE_PAYMENT, CHECK_ROLE, ACTIVATE_USER_IDENTITY, READ_PATIENT, DELETE_ROLE, READ_ADMINISTRATIVE_REPORT, UPDATE_PRICE_PROVIDED_SERVICE, READ_CONTRACT, DELETE_ADMINISTRATIVE_REPORT, DEACTIVATE_USER_IDENTITY, REVERSE_INVOICE, APPROVE_INVOICE, READ_PROVIDED_SERVICE, REVOKE_ASSIGNMENT, DEACTIVATE_ROLE, READ_AVAILABILITY, READ_RECEPTIONIST, DELETE_RATE, SUSPEND_ROLE, UPDATE_PRIMARY_ASSIGNMENT, REMOVE_ROLE, CREATE_USER_IDENTITY, ADD_ROLE, DELETE_CONTRACT, DELETE_PAYMENT, DELETE_ASSIGNMENT, ACTIVATE_ROLE, EXTEND_ASSIGNMENT, READ_COMPANY, UPDATE_ADMINISTRATIVE_REPORT, CREATE_PAYMENT, UPDATE_USER_IDENTITY, READ_GUARDIAN, MARK_DELETED_ROLE, UPDATE_CONTRACT, DELETE_COMPANY, IS_ACTIVE_AT_ASSIGNMENT, READ_ASSIGNMENT, POST_INVOICE, REVOKE_ALL_ASSIGNMENT, CREATE_JOURNAL_ENTRY, CREATE_ADMINISTRATIVE_REPORT, UPDATE_DETAILS_PROVIDED_SERVICE, READ_SHIFT, POST_JOURNAL_ENTRY, ROLE_ADMINISTRATOR, CREATE_TEMPORARY_ASSIGNMENT, READ_PAYMENT, CREATE_RATE, READ_INVOICE, UPDATE_RATE, DELETE_JOURNAL_ENTRY, CLONE_ROLE, READ_JOURNAL_ENTRY, CREATE_PERMANENT_ASSIGNMENT, CREATE_INVOICE, SUSPEND_USER_IDENTITY]]
2026-04-13 10:34:19 TRACE [http-nio-8080-exec-1] o.s.s.w.a.s.CompositeSessionAuthenticationStrategy - Preparing session with ChangeSessionIdAuthenticationStrategy (1/1)
2026-04-13 10:34:19 DEBUG [http-nio-8080-exec-1] o.s.security.web.FilterChainProxy - Secured POST /api/v1/services
2026-04-13 10:34:19 DEBUG [http-nio-8080-exec-1] o.s.web.servlet.DispatcherServlet - POST "/api/v1/services", parameters={}
2026-04-13 10:34:19 DEBUG [http-nio-8080-exec-1] o.s.w.s.m.m.a.RequestMappingHandlerMapping - Mapped to com.example.ClinicaDefinitiva.infrastructure.rest.dentalService.controller.ProvidedServiceController#create(CreateServiceRequest, CustomUserDetails)
2026-04-13 10:34:19 DEBUG [http-nio-8080-exec-1] o.s.w.s.m.m.a.RequestResponseBodyMethodProcessor - Read "application/json;charset=UTF-8" to [CreateServiceRequest[name=Profilaxis y Limpieza, categoryId=2, categoryName=PROPHYLAXIS, categoryTyp (truncated)...]
2026-04-13 10:34:19 DEBUG [http-nio-8080-exec-1] o.s.w.s.m.m.a.ExceptionHandlerExceptionResolver - Using @ExceptionHandler com.example.ClinicaDefinitiva.infrastructure.advice.GlobalControllerAdvice#handleBusinessRuleViolation(BusinessRuleViolationException)
2026-04-13 10:34:19 WARN  [http-nio-8080-exec-1] c.e.C.i.a.GlobalControllerAdvice - Regla de negocio violada [requestId=fbb1f0c2-9da6-4c79-97fb-80e762a6ed07, usuario=admin@test.com, código=RN-AUTH-001, contexto=AUTHORIZATION]: DELETE DENTIST solo por RECEPTIONIST del sector RECURSOS_HUMANOS
2026-04-13 10:34:19 DEBUG [http-nio-8080-exec-1] o.s.w.s.m.m.a.HttpEntityMethodProcessor - Using 'application/json', given [*/*] and supported [application/json, application/*+json]
2026-04-13 10:34:19 DEBUG [http-nio-8080-exec-1] o.s.w.s.m.m.a.HttpEntityMethodProcessor - Writing [com.example.ClinicaDefinitiva.infrastructure.advice.ErrorResponse@1b41afe1]
2026-04-13 10:34:19 DEBUG [http-nio-8080-exec-1] o.s.w.s.m.m.a.ExceptionHandlerExceptionResolver - Resolved [com.example.ClinicaDefinitiva.domain.exceptions.BusinessRuleViolationException: DELETE DENTIST solo por RECEPTIONIST del sector RECURSOS_HUMANOS]
2026-04-13 10:34:19 DEBUG [http-nio-8080-exec-1] o.s.web.servlet.DispatcherServlet - Completed 403 FORBIDDEN
2026-04-13 10:48:37 INFO  [background-preinit] o.h.validator.internal.util.Version - HV000001: Hibernate Validator 8.0.2.Final
2026-04-13 10:48:38 DEBUG [background-preinit] o.h.v.i.x.config.ValidationXmlParser - Trying to load META-INF/validation.xml for XML based Validator configuration.
2026-04-13 10:48:38 DEBUG [background-preinit] o.h.v.i.x.c.ResourceLoaderHelper - Trying to load META-INF/validation.xml via TCCL
2026-04-13 10:48:38 DEBUG [background-preinit] o.h.v.i.x.c.ResourceLoaderHelper - Trying to load META-INF/validation.xml via Hibernate Validator's class loader
2026-04-13 10:48:38 DEBUG [background-preinit] o.h.v.i.x.config.ValidationXmlParser - No META-INF/validation.xml found. Using annotation based configuration only.
2026-04-13 10:48:38 DEBUG [background-preinit] o.h.v.i.e.r.TraversableResolvers - Found jakarta.persistence.Persistence on classpath containing 'getPersistenceUtil'. Assuming JPA 2 environment. Trying to instantiate JPA aware TraversableResolver
2026-04-13 10:48:38 DEBUG [background-preinit] o.h.v.i.e.r.TraversableResolvers - Instantiated JPA aware TraversableResolver of type org.hibernate.validator.internal.engine.resolver.JPATraversableResolver.
2026-04-13 10:48:38 DEBUG [background-preinit] o.h.v.m.ResourceBundleMessageInterpolator - Loaded expression factory via original TCCL
2026-04-13 10:48:38 INFO  [main] c.e.C.ClinicaDefinitivaApplication - Starting ClinicaDefinitivaApplication using Java 17.0.10 with PID 19148 (C:\Users\David\OneDrive\Documents\proyectosJava\ClinicaDefinitiva\target\classes started by David in C:\Users\David\OneDrive\Documents\proyectosJava\ClinicaDefinitiva)
2026-04-13 10:48:38 INFO  [main] c.e.C.ClinicaDefinitivaApplication - No active profile set, falling back to 1 default profile: "default"
2026-04-13 10:48:39 DEBUG [background-preinit] o.h.v.i.e.ValidatorFactoryConfigurationHelper - HV000252: Using org.hibernate.validator.internal.engine.DefaultPropertyNodeNameProvider as property node name provider.
2026-04-13 10:48:39 DEBUG [background-preinit] o.h.v.i.e.ValidatorFactoryConfigurationHelper - HV000234: Using org.hibernate.validator.messageinterpolation.ResourceBundleMessageInterpolator as ValidatorFactory-scoped message interpolator.
2026-04-13 10:48:39 DEBUG [background-preinit] o.h.v.i.e.ValidatorFactoryConfigurationHelper - HV000234: Using org.hibernate.validator.internal.engine.resolver.JPATraversableResolver as ValidatorFactory-scoped traversable resolver.
2026-04-13 10:48:39 DEBUG [background-preinit] o.h.v.i.e.ValidatorFactoryConfigurationHelper - HV000234: Using org.hibernate.validator.internal.util.ExecutableParameterNameProvider as ValidatorFactory-scoped parameter name provider.
2026-04-13 10:48:39 DEBUG [background-preinit] o.h.v.i.e.ValidatorFactoryConfigurationHelper - HV000234: Using org.hibernate.validator.internal.engine.DefaultClockProvider as ValidatorFactory-scoped clock provider.
2026-04-13 10:48:39 DEBUG [background-preinit] o.h.v.i.e.ValidatorFactoryConfigurationHelper - HV000234: Using org.hibernate.validator.internal.engine.scripting.DefaultScriptEvaluatorFactory as ValidatorFactory-scoped script evaluator factory.
2026-04-13 10:48:50 INFO  [main] o.s.d.r.c.RepositoryConfigurationDelegate - Bootstrapping Spring Data JPA repositories in DEFAULT mode.
2026-04-13 10:48:53 INFO  [main] o.s.d.r.c.RepositoryConfigurationDelegate - Finished Spring Data repository scanning in 3093 ms. Found 21 JPA repository interfaces.
2026-04-13 10:48:58 INFO  [main] o.s.b.w.e.tomcat.TomcatWebServer - Tomcat initialized with port 8080 (http)
2026-04-13 10:48:58 INFO  [main] o.a.coyote.http11.Http11NioProtocol - Initializing ProtocolHandler ["http-nio-8080"]
2026-04-13 10:48:58 INFO  [main] o.a.catalina.core.StandardService - Starting service [Tomcat]
2026-04-13 10:48:58 INFO  [main] o.a.catalina.core.StandardEngine - Starting Servlet engine: [Apache Tomcat/10.1.41]
2026-04-13 10:48:58 INFO  [main] o.a.c.c.C.[Tomcat].[localhost].[/] - Initializing Spring embedded WebApplicationContext
2026-04-13 10:48:58 INFO  [main] o.s.b.w.s.c.ServletWebServerApplicationContext - Root WebApplicationContext: initialization completed in 20013 ms
2026-04-13 10:48:59 DEBUG [main] o.s.w.f.ServerHttpObservationFilter - Filter 'webMvcObservationFilter' configured for use
2026-04-13 10:49:01 INFO  [main] o.h.jpa.internal.util.LogHelper - HHH000204: Processing PersistenceUnitInfo [name: default]
2026-04-13 10:49:02 INFO  [main] org.hibernate.Version - HHH000412: Hibernate ORM core version 6.6.15.Final
2026-04-13 10:49:02 INFO  [main] o.h.c.i.RegionFactoryInitiator - HHH000026: Second-level cache disabled
2026-04-13 10:49:05 INFO  [main] o.s.o.j.p.SpringPersistenceUnitInfo - No LoadTimeWeaver setup: ignoring JPA class transformer
2026-04-13 10:49:05 INFO  [main] com.zaxxer.hikari.HikariDataSource - HikariPool-1 - Starting...
2026-04-13 10:49:06 INFO  [main] com.zaxxer.hikari.pool.HikariPool - HikariPool-1 - Added connection com.mysql.cj.jdbc.ConnectionImpl@6ad198c9
2026-04-13 10:49:06 INFO  [main] com.zaxxer.hikari.HikariDataSource - HikariPool-1 - Start completed.
2026-04-13 10:49:06 WARN  [main] org.hibernate.dialect.Dialect - HHH000511: The 5.5.5 version for [org.hibernate.dialect.MySQLDialect] is no longer supported, hence certain features may not work properly. The minimum supported version is 8.0.0. Check the community dialects project for available legacy versions.
2026-04-13 10:49:06 WARN  [main] org.hibernate.orm.deprecation - HHH90000025: MySQLDialect does not need to be specified explicitly using 'hibernate.dialect' (remove the property setting and it will be selected by default)
2026-04-13 10:49:06 INFO  [main] o.hibernate.orm.connections.pooling - HHH10001005: Database info:
	Database JDBC URL [Connecting through datasource 'HikariDataSource (HikariPool-1)']
	Database driver: undefined/unknown
	Database version: 5.5.5
	Autocommit mode: undefined/unknown
	Isolation level: undefined/unknown
	Minimum pool size: undefined/unknown
	Maximum pool size: undefined/unknown
2026-04-13 10:49:09 DEBUG [main] o.h.v.i.x.config.ValidationXmlParser - Trying to load META-INF/validation.xml for XML based Validator configuration.
2026-04-13 10:49:09 DEBUG [main] o.h.v.i.x.c.ResourceLoaderHelper - Trying to load META-INF/validation.xml via TCCL
2026-04-13 10:49:09 DEBUG [main] o.h.v.i.x.c.ResourceLoaderHelper - Trying to load META-INF/validation.xml via Hibernate Validator's class loader
2026-04-13 10:49:09 DEBUG [main] o.h.v.i.x.config.ValidationXmlParser - No META-INF/validation.xml found. Using annotation based configuration only.
2026-04-13 10:49:09 DEBUG [main] o.h.v.i.e.r.TraversableResolvers - Found jakarta.persistence.Persistence on classpath containing 'getPersistenceUtil'. Assuming JPA 2 environment. Trying to instantiate JPA aware TraversableResolver
2026-04-13 10:49:09 DEBUG [main] o.h.v.i.e.r.TraversableResolvers - Instantiated JPA aware TraversableResolver of type org.hibernate.validator.internal.engine.resolver.JPATraversableResolver.
2026-04-13 10:49:09 DEBUG [main] o.h.v.m.ResourceBundleMessageInterpolator - Loaded expression factory via original TCCL
2026-04-13 10:49:09 DEBUG [main] o.h.v.i.e.ValidatorFactoryConfigurationHelper - HV000252: Using org.hibernate.validator.internal.engine.DefaultPropertyNodeNameProvider as property node name provider.
2026-04-13 10:49:09 DEBUG [main] o.h.v.i.e.ValidatorFactoryConfigurationHelper - HV000234: Using org.hibernate.validator.messageinterpolation.ResourceBundleMessageInterpolator as ValidatorFactory-scoped message interpolator.
2026-04-13 10:49:09 DEBUG [main] o.h.v.i.e.ValidatorFactoryConfigurationHelper - HV000234: Using org.hibernate.validator.internal.engine.resolver.JPATraversableResolver as ValidatorFactory-scoped traversable resolver.
2026-04-13 10:49:09 DEBUG [main] o.h.v.i.e.ValidatorFactoryConfigurationHelper - HV000234: Using org.hibernate.validator.internal.util.ExecutableParameterNameProvider as ValidatorFactory-scoped parameter name provider.
2026-04-13 10:49:09 DEBUG [main] o.h.v.i.e.ValidatorFactoryConfigurationHelper - HV000234: Using org.hibernate.validator.internal.engine.DefaultClockProvider as ValidatorFactory-scoped clock provider.
2026-04-13 10:49:09 DEBUG [main] o.h.v.i.e.ValidatorFactoryConfigurationHelper - HV000234: Using org.hibernate.validator.internal.engine.scripting.DefaultScriptEvaluatorFactory as ValidatorFactory-scoped script evaluator factory.
2026-04-13 10:49:17 INFO  [main] o.h.e.t.j.p.i.JtaPlatformInitiator - HHH000489: No JTA platform available (set 'hibernate.transaction.jta.platform' to enable JTA platform integration)
2026-04-13 10:49:19 INFO  [main] o.s.o.j.LocalContainerEntityManagerFactoryBean - Initialized JPA EntityManagerFactory for persistence unit 'default'
2026-04-13 10:49:22 INFO  [main] o.s.d.j.r.query.QueryEnhancerFactory - Hibernate is in classpath; If applicable, HQL parser will be used.
2026-04-13 10:49:51 INFO  [main] c.e.C.i.r.p.s.StripePaymentGateway - ? Stripe payment gateway initialized
2026-04-13 10:49:51 INFO  [main] c.e.C.i.r.p.s.StripePaymentGateway - ? Stripe payment gateway initialized
2026-04-13 10:49:53 INFO  [main] o.s.s.c.a.a.c.InitializeAuthenticationProviderBeanManagerConfigurer$InitializeAuthenticationProviderManagerConfigurer - Global AuthenticationManager configured with AuthenticationProvider bean with name authenticationProvider
2026-04-13 10:49:53 WARN  [main] o.s.s.c.a.a.c.InitializeUserDetailsBeanManagerConfigurer$InitializeUserDetailsManagerConfigurer - Global AuthenticationManager configured with an AuthenticationProvider bean. UserDetailsService beans will not be used by Spring Security for automatically configuring username/password login. Consider removing the AuthenticationProvider bean. Alternatively, consider using the UserDetailsService in a manually instantiated DaoAuthenticationProvider. If the current configuration is intentional, to turn off this warning, increase the logging level of 'org.springframework.security.config.annotation.authentication.configuration.InitializeUserDetailsBeanManagerConfigurer' to ERROR
2026-04-13 10:49:54 INFO  [main] c.e.C.i.r.p.s.StripePaymentGateway - ? Stripe payment gateway initialized
2026-04-13 10:49:54 WARN  [main] o.s.b.a.o.j.JpaBaseConfiguration$JpaWebConfiguration - spring.jpa.open-in-view is enabled by default. Therefore, database queries may be performed during view rendering. Explicitly configure spring.jpa.open-in-view to disable this warning
2026-04-13 10:49:55 DEBUG [main] o.s.w.s.m.m.a.RequestMappingHandlerMapping - 216 mappings in 'requestMappingHandlerMapping'
2026-04-13 10:49:56 DEBUG [main] o.s.w.s.h.SimpleUrlHandlerMapping - Patterns [/webjars/**, /**] in 'resourceHandlerMapping'
2026-04-13 10:49:57 INFO  [main] o.s.b.a.e.web.EndpointLinksResolver - Exposing 1 endpoint beneath base path '/actuator'
2026-04-13 10:49:58 DEBUG [main] o.s.s.web.DefaultSecurityFilterChain - Will secure any request with filters: DisableEncodeUrlFilter, WebAsyncManagerIntegrationFilter, SecurityContextHolderFilter, HeaderWriterFilter, LogoutFilter, JwtAuthenticationFilter, RequestCacheAwareFilter, SecurityContextHolderAwareRequestFilter, AnonymousAuthenticationFilter, SessionManagementFilter, ExceptionTranslationFilter, AuthorizationFilter
2026-04-13 10:49:58 DEBUG [main] o.h.v.m.ResourceBundleMessageInterpolator - Loaded expression factory via original TCCL
2026-04-13 10:49:58 DEBUG [main] o.h.v.i.e.AbstractConfigurationImpl - Setting custom MessageInterpolator of type org.springframework.validation.beanvalidation.LocaleContextMessageInterpolator
2026-04-13 10:49:58 DEBUG [main] o.h.v.i.e.AbstractConfigurationImpl - Setting custom ConstraintValidatorFactory of type org.springframework.validation.beanvalidation.SpringConstraintValidatorFactory
2026-04-13 10:49:58 DEBUG [main] o.h.v.i.x.config.ValidationXmlParser - Trying to load META-INF/validation.xml for XML based Validator configuration.
2026-04-13 10:49:58 DEBUG [main] o.h.v.i.x.c.ResourceLoaderHelper - Trying to load META-INF/validation.xml via user class loader
2026-04-13 10:49:58 DEBUG [main] o.h.v.i.x.c.ResourceLoaderHelper - Trying to load META-INF/validation.xml via TCCL
2026-04-13 10:49:58 DEBUG [main] o.h.v.i.x.c.ResourceLoaderHelper - Trying to load META-INF/validation.xml via Hibernate Validator's class loader
2026-04-13 10:49:58 DEBUG [main] o.h.v.i.x.config.ValidationXmlParser - No META-INF/validation.xml found. Using annotation based configuration only.
2026-04-13 10:49:58 DEBUG [main] o.h.v.i.e.r.TraversableResolvers - Found jakarta.persistence.Persistence on classpath containing 'getPersistenceUtil'. Assuming JPA 2 environment. Trying to instantiate JPA aware TraversableResolver
2026-04-13 10:49:58 DEBUG [main] o.h.v.i.e.r.TraversableResolvers - Instantiated JPA aware TraversableResolver of type org.hibernate.validator.internal.engine.resolver.JPATraversableResolver.
2026-04-13 10:49:58 DEBUG [main] o.h.v.i.e.ValidatorFactoryConfigurationHelper - HV000252: Using org.hibernate.validator.internal.engine.DefaultPropertyNodeNameProvider as property node name provider.
2026-04-13 10:49:58 DEBUG [main] o.h.v.i.e.ValidatorFactoryConfigurationHelper - HV000234: Using org.springframework.validation.beanvalidation.LocaleContextMessageInterpolator as ValidatorFactory-scoped message interpolator.
2026-04-13 10:49:58 DEBUG [main] o.h.v.i.e.ValidatorFactoryConfigurationHelper - HV000234: Using org.hibernate.validator.internal.engine.resolver.JPATraversableResolver as ValidatorFactory-scoped traversable resolver.
2026-04-13 10:49:58 DEBUG [main] o.h.v.i.e.ValidatorFactoryConfigurationHelper - HV000234: Using org.hibernate.validator.internal.util.ExecutableParameterNameProvider as ValidatorFactory-scoped parameter name provider.
2026-04-13 10:49:58 DEBUG [main] o.h.v.i.e.ValidatorFactoryConfigurationHelper - HV000234: Using org.hibernate.validator.internal.engine.DefaultClockProvider as ValidatorFactory-scoped clock provider.
2026-04-13 10:49:58 DEBUG [main] o.h.v.i.e.ValidatorFactoryConfigurationHelper - HV000234: Using org.hibernate.validator.internal.engine.scripting.DefaultScriptEvaluatorFactory as ValidatorFactory-scoped script evaluator factory.
2026-04-13 10:49:59 DEBUG [main] o.s.w.s.m.m.a.RequestMappingHandlerAdapter - ControllerAdvice beans: 0 @ModelAttribute, 0 @InitBinder, 1 RequestBodyAdvice, 1 ResponseBodyAdvice
2026-04-13 10:49:59 DEBUG [main] o.s.w.s.m.m.a.ExceptionHandlerExceptionResolver - ControllerAdvice beans: 1 @ExceptionHandler, 1 ResponseBodyAdvice
2026-04-13 10:50:01 INFO  [main] o.a.coyote.http11.Http11NioProtocol - Starting ProtocolHandler ["http-nio-8080"]
2026-04-13 10:50:01 INFO  [main] o.s.b.w.e.tomcat.TomcatWebServer - Tomcat started on port 8080 (http) with context path '/'
2026-04-13 10:50:01 INFO  [main] c.e.C.ClinicaDefinitivaApplication - Started ClinicaDefinitivaApplication in 88.191 seconds (process running for 90.421)
2026-04-13 10:50:02 INFO  [main] c.e.C.ClinicaDefinitivaApplication - Logger funciona correctamente
2026-04-13 10:51:58 INFO  [http-nio-8080-exec-3] o.a.c.c.C.[Tomcat].[localhost].[/] - Initializing Spring DispatcherServlet 'dispatcherServlet'
2026-04-13 10:51:58 INFO  [http-nio-8080-exec-3] o.s.web.servlet.DispatcherServlet - Initializing Servlet 'dispatcherServlet'
2026-04-13 10:51:58 DEBUG [http-nio-8080-exec-3] o.s.web.servlet.DispatcherServlet - Detected StandardServletMultipartResolver
2026-04-13 10:51:58 DEBUG [http-nio-8080-exec-3] o.s.web.servlet.DispatcherServlet - Detected AcceptHeaderLocaleResolver
2026-04-13 10:51:58 DEBUG [http-nio-8080-exec-3] o.s.web.servlet.DispatcherServlet - Detected FixedThemeResolver
2026-04-13 10:51:58 DEBUG [http-nio-8080-exec-3] o.s.web.servlet.DispatcherServlet - Detected org.springframework.web.servlet.view.DefaultRequestToViewNameTranslator@595713fd
2026-04-13 10:51:59 DEBUG [http-nio-8080-exec-3] o.s.web.servlet.DispatcherServlet - Detected org.springframework.web.servlet.support.SessionFlashMapManager@5602ec5
2026-04-13 10:51:59 DEBUG [http-nio-8080-exec-3] o.s.web.servlet.DispatcherServlet - enableLoggingRequestDetails='false': request parameters and headers will be masked to prevent unsafe logging of potentially sensitive data
2026-04-13 10:51:59 INFO  [http-nio-8080-exec-3] o.s.web.servlet.DispatcherServlet - Completed initialization in 19 ms
2026-04-13 10:51:59 DEBUG [http-nio-8080-exec-3] o.s.security.web.FilterChainProxy - Securing POST /api/v1/services
2026-04-13 10:51:59 TRACE [http-nio-8080-exec-3] o.s.s.w.a.logout.LogoutFilter - Did not match request to Or [Ant [pattern='/logout', GET], Ant [pattern='/logout', POST], Ant [pattern='/logout', PUT], Ant [pattern='/logout', DELETE]]
2026-04-13 10:52:03 TRACE [http-nio-8080-exec-3] o.s.s.w.a.AnonymousAuthenticationFilter - Did not set SecurityContextHolder since already authenticated UsernamePasswordAuthenticationToken [Principal=com.example.ClinicaDefinitiva.infrastructure.security.adapter.CustomUserDetails@6f9924b2, Credentials=[PROTECTED], Authenticated=true, Details=null, Granted Authorities=[UPDATE_INFORMATION_PROVIDED_SERVICE, READ_ROLE, UPDATE_COMPANY, UPDATE_INVOICE, CREATE_CUSTOM_ROLE, UPDATE_JOURNAL_ENTRY, REVERSE_JOURNAL_ENTRY, CREATE_CONTRACT, SET_PERMISSIONS_ROLE, READ_USER_IDENTITY, IS_CURRENTLY_ACTIVE_ASSIGNMENT, READ_RATE, READ_APPOINTMENT, DEACTIVATE_PROVIDED_SERVICE, READ_DENTIST, CREATE_COMPANY, ACTIVATE_PROVIDED_SERVICE, DELETE_INVOICE, CREATE_PROVIDED_SERVICE, UPDATE_PAYMENT, CHECK_ROLE, ACTIVATE_USER_IDENTITY, READ_PATIENT, DELETE_ROLE, READ_ADMINISTRATIVE_REPORT, UPDATE_PRICE_PROVIDED_SERVICE, READ_CONTRACT, DELETE_ADMINISTRATIVE_REPORT, DEACTIVATE_USER_IDENTITY, REVERSE_INVOICE, APPROVE_INVOICE, READ_PROVIDED_SERVICE, REVOKE_ASSIGNMENT, DEACTIVATE_ROLE, READ_AVAILABILITY, READ_RECEPTIONIST, DELETE_RATE, SUSPEND_ROLE, UPDATE_PRIMARY_ASSIGNMENT, REMOVE_ROLE, CREATE_USER_IDENTITY, ADD_ROLE, DELETE_CONTRACT, DELETE_PAYMENT, DELETE_ASSIGNMENT, ACTIVATE_ROLE, EXTEND_ASSIGNMENT, READ_COMPANY, UPDATE_ADMINISTRATIVE_REPORT, CREATE_PAYMENT, UPDATE_USER_IDENTITY, READ_GUARDIAN, MARK_DELETED_ROLE, UPDATE_CONTRACT, DELETE_COMPANY, IS_ACTIVE_AT_ASSIGNMENT, READ_ASSIGNMENT, POST_INVOICE, REVOKE_ALL_ASSIGNMENT, CREATE_JOURNAL_ENTRY, CREATE_ADMINISTRATIVE_REPORT, UPDATE_DETAILS_PROVIDED_SERVICE, READ_SHIFT, POST_JOURNAL_ENTRY, ROLE_ADMINISTRATOR, CREATE_TEMPORARY_ASSIGNMENT, READ_PAYMENT, CREATE_RATE, READ_INVOICE, UPDATE_RATE, DELETE_JOURNAL_ENTRY, CLONE_ROLE, READ_JOURNAL_ENTRY, CREATE_PERMANENT_ASSIGNMENT, CREATE_INVOICE, SUSPEND_USER_IDENTITY]]
2026-04-13 10:52:03 TRACE [http-nio-8080-exec-3] o.s.s.w.a.s.CompositeSessionAuthenticationStrategy - Preparing session with ChangeSessionIdAuthenticationStrategy (1/1)
2026-04-13 10:52:03 DEBUG [http-nio-8080-exec-3] o.s.security.web.FilterChainProxy - Secured POST /api/v1/services
2026-04-13 10:52:03 DEBUG [http-nio-8080-exec-3] o.s.web.servlet.DispatcherServlet - POST "/api/v1/services", parameters={}
2026-04-13 10:52:03 DEBUG [http-nio-8080-exec-3] o.s.w.s.m.m.a.RequestMappingHandlerMapping - Mapped to com.example.ClinicaDefinitiva.infrastructure.rest.dentalService.controller.ProvidedServiceController#create(CreateServiceRequest, CustomUserDetails)
2026-04-13 10:52:04 DEBUG [http-nio-8080-exec-3] o.s.w.s.m.m.a.RequestResponseBodyMethodProcessor - Read "application/json;charset=UTF-8" to [CreateServiceRequest[name=Profilaxis y Limpieza, categoryId=2, categoryName=PROPHYLAXIS, categoryTyp (truncated)...]
2026-04-13 10:52:05 DEBUG [http-nio-8080-exec-3] o.s.w.s.m.m.a.ExceptionHandlerExceptionResolver - Using @ExceptionHandler com.example.ClinicaDefinitiva.infrastructure.advice.GlobalControllerAdvice#handleGenericException(Exception)
2026-04-13 10:52:05 ERROR [http-nio-8080-exec-3] c.e.C.i.a.GlobalControllerAdvice - Error interno no manejado [requestId=f358c16a-4527-469b-b6fa-17e696755d66, usuario=admin@test.com]
java.lang.UnsupportedOperationException: Not supported yet.
	at com.example.ClinicaDefinitiva.application.dentalService.dto.CreateServiceDto.detailsMap(CreateServiceDto.java:29)
	at com.example.ClinicaDefinitiva.application.dentalService.service.ProvidedServiceApplicationService.create(ProvidedServiceApplicationService.java:192)
	at java.base/jdk.internal.reflect.NativeMethodAccessorImpl.invoke0(Native Method)
	at java.base/jdk.internal.reflect.NativeMethodAccessorImpl.invoke(NativeMethodAccessorImpl.java:77)
	at java.base/jdk.internal.reflect.DelegatingMethodAccessorImpl.invoke(DelegatingMethodAccessorImpl.java:43)
	at java.base/java.lang.reflect.Method.invoke(Method.java:568)
	at org.springframework.aop.support.AopUtils.invokeJoinpointUsingReflection(AopUtils.java:359)
	at org.springframework.aop.framework.ReflectiveMethodInvocation.invokeJoinpoint(ReflectiveMethodInvocation.java:196)
	at org.springframework.aop.framework.ReflectiveMethodInvocation.proceed(ReflectiveMethodInvocation.java:163)
	at org.springframework.aop.aspectj.MethodInvocationProceedingJoinPoint.proceed(MethodInvocationProceedingJoinPoint.java:89)
	at com.example.ClinicaDefinitiva.infrastructure.security.config.AuthorizationAspect.checkPermission(AuthorizationAspect.java:76)
	at java.base/jdk.internal.reflect.NativeMethodAccessorImpl.invoke0(Native Method)
	at java.base/jdk.internal.reflect.NativeMethodAccessorImpl.invoke(NativeMethodAccessorImpl.java:77)
	at java.base/jdk.internal.reflect.DelegatingMethodAccessorImpl.invoke(DelegatingMethodAccessorImpl.java:43)
	at java.base/java.lang.reflect.Method.invoke(Method.java:568)
	at org.springframework.aop.aspectj.AbstractAspectJAdvice.invokeAdviceMethodWithGivenArgs(AbstractAspectJAdvice.java:642)
	at org.springframework.aop.aspectj.AbstractAspectJAdvice.invokeAdviceMethod(AbstractAspectJAdvice.java:632)
	at org.springframework.aop.aspectj.AspectJAroundAdvice.invoke(AspectJAroundAdvice.java:71)
	at org.springframework.aop.framework.ReflectiveMethodInvocation.proceed(ReflectiveMethodInvocation.java:173)
	at org.springframework.transaction.interceptor.TransactionAspectSupport.invokeWithinTransaction(TransactionAspectSupport.java:380)
	at org.springframework.transaction.interceptor.TransactionInterceptor.invoke(TransactionInterceptor.java:119)
	at org.springframework.aop.framework.ReflectiveMethodInvocation.proceed(ReflectiveMethodInvocation.java:184)
	at org.springframework.aop.interceptor.ExposeInvocationInterceptor.invoke(ExposeInvocationInterceptor.java:97)
	at org.springframework.aop.framework.ReflectiveMethodInvocation.proceed(ReflectiveMethodInvocation.java:184)
	at org.springframework.aop.framework.CglibAopProxy$DynamicAdvisedInterceptor.intercept(CglibAopProxy.java:728)
	at com.example.ClinicaDefinitiva.application.dentalService.service.ProvidedServiceApplicationService$$SpringCGLIB$$0.create(<generated>)
	at com.example.ClinicaDefinitiva.infrastructure.rest.dentalService.controller.ProvidedServiceController.create(ProvidedServiceController.java:151)
	at java.base/jdk.internal.reflect.NativeMethodAccessorImpl.invoke0(Native Method)
	at java.base/jdk.internal.reflect.NativeMethodAccessorImpl.invoke(NativeMethodAccessorImpl.java:77)
	at java.base/jdk.internal.reflect.DelegatingMethodAccessorImpl.invoke(DelegatingMethodAccessorImpl.java:43)
	at java.base/java.lang.reflect.Method.invoke(Method.java:568)
	at org.springframework.aop.support.AopUtils.invokeJoinpointUsingReflection(AopUtils.java:359)
	at org.springframework.aop.framework.ReflectiveMethodInvocation.invokeJoinpoint(ReflectiveMethodInvocation.java:196)
	at org.springframework.aop.framework.ReflectiveMethodInvocation.proceed(ReflectiveMethodInvocation.java:163)
	at org.springframework.validation.beanvalidation.MethodValidationInterceptor.invoke(MethodValidationInterceptor.java:174)
	at org.springframework.aop.framework.ReflectiveMethodInvocation.proceed(ReflectiveMethodInvocation.java:184)
	at org.springframework.aop.framework.CglibAopProxy$DynamicAdvisedInterceptor.intercept(CglibAopProxy.java:728)
	at com.example.ClinicaDefinitiva.infrastructure.rest.dentalService.controller.ProvidedServiceController$$SpringCGLIB$$0.create(<generated>)
	at java.base/jdk.internal.reflect.NativeMethodAccessorImpl.invoke0(Native Method)
	at java.base/jdk.internal.reflect.NativeMethodAccessorImpl.invoke(NativeMethodAccessorImpl.java:77)
	at java.base/jdk.internal.reflect.DelegatingMethodAccessorImpl.invoke(DelegatingMethodAccessorImpl.java:43)
	at java.base/java.lang.reflect.Method.invoke(Method.java:568)
	at org.springframework.web.method.support.InvocableHandlerMethod.doInvoke(InvocableHandlerMethod.java:258)
	at org.springframework.web.method.support.InvocableHandlerMethod.invokeForRequest(InvocableHandlerMethod.java:191)
	at org.springframework.web.servlet.mvc.method.annotation.ServletInvocableHandlerMethod.invokeAndHandle(ServletInvocableHandlerMethod.java:118)
	at org.springframework.web.servlet.mvc.method.annotation.RequestMappingHandlerAdapter.invokeHandlerMethod(RequestMappingHandlerAdapter.java:986)
	at org.springframework.web.servlet.mvc.method.annotation.RequestMappingHandlerAdapter.handleInternal(RequestMappingHandlerAdapter.java:891)
	at org.springframework.web.servlet.mvc.method.AbstractHandlerMethodAdapter.handle(AbstractHandlerMethodAdapter.java:87)
	at org.springframework.web.servlet.DispatcherServlet.doDispatch(DispatcherServlet.java:1089)
	at org.springframework.web.servlet.DispatcherServlet.doService(DispatcherServlet.java:979)
	at org.springframework.web.servlet.FrameworkServlet.processRequest(FrameworkServlet.java:1014)
	at org.springframework.web.servlet.FrameworkServlet.doPost(FrameworkServlet.java:914)
	at jakarta.servlet.http.HttpServlet.service(HttpServlet.java:590)
	at org.springframework.web.servlet.FrameworkServlet.service(FrameworkServlet.java:885)
	at jakarta.servlet.http.HttpServlet.service(HttpServlet.java:658)
	at org.apache.catalina.core.ApplicationFilterChain.internalDoFilter(ApplicationFilterChain.java:195)
	at org.apache.catalina.core.ApplicationFilterChain.doFilter(ApplicationFilterChain.java:140)
	at org.apache.tomcat.websocket.server.WsFilter.doFilter(WsFilter.java:51)
	at org.apache.catalina.core.ApplicationFilterChain.internalDoFilter(ApplicationFilterChain.java:164)
	at org.apache.catalina.core.ApplicationFilterChain.doFilter(ApplicationFilterChain.java:140)
	at com.example.ClinicaDefinitiva.util.RequestIdFilter.doFilterInternal(RequestIdFilter.java:76)
	at org.springframework.web.filter.OncePerRequestFilter.doFilter(OncePerRequestFilter.java:116)
	at org.apache.catalina.core.ApplicationFilterChain.internalDoFilter(ApplicationFilterChain.java:164)
	at org.apache.catalina.core.ApplicationFilterChain.doFilter(ApplicationFilterChain.java:140)
	at org.springframework.web.filter.CompositeFilter$VirtualFilterChain.doFilter(CompositeFilter.java:108)
	at org.springframework.web.filter.CompositeFilter$VirtualFilterChain.doFilter(CompositeFilter.java:108)
	at org.springframework.security.web.FilterChainProxy.lambda$doFilterInternal$3(FilterChainProxy.java:231)
	at org.springframework.security.web.ObservationFilterChainDecorator$FilterObservation$SimpleFilterObservation.lambda$wrap$1(ObservationFilterChainDecorator.java:479)
	at org.springframework.security.web.ObservationFilterChainDecorator$AroundFilterObservation$SimpleAroundFilterObservation.lambda$wrap$1(ObservationFilterChainDecorator.java:340)
	at org.springframework.security.web.ObservationFilterChainDecorator.lambda$wrapSecured$0(ObservationFilterChainDecorator.java:82)
	at org.springframework.security.web.ObservationFilterChainDecorator$VirtualFilterChain.doFilter(ObservationFilterChainDecorator.java:128)
	at org.springframework.security.web.access.intercept.AuthorizationFilter.doFilter(AuthorizationFilter.java:101)
	at org.springframework.security.web.ObservationFilterChainDecorator$ObservationFilter.wrapFilter(ObservationFilterChainDecorator.java:240)
	at org.springframework.security.web.ObservationFilterChainDecorator$ObservationFilter.doFilter(ObservationFilterChainDecorator.java:227)
	at org.springframework.security.web.ObservationFilterChainDecorator$VirtualFilterChain.doFilter(ObservationFilterChainDecorator.java:137)
	at org.springframework.security.web.access.ExceptionTranslationFilter.doFilter(ExceptionTranslationFilter.java:125)
	at org.springframework.security.web.access.ExceptionTranslationFilter.doFilter(ExceptionTranslationFilter.java:119)
	at org.springframework.security.web.ObservationFilterChainDecorator$ObservationFilter.wrapFilter(ObservationFilterChainDecorator.java:240)
	at org.springframework.security.web.ObservationFilterChainDecorator$ObservationFilter.doFilter(ObservationFilterChainDecorator.java:227)
	at org.springframework.security.web.ObservationFilterChainDecorator$VirtualFilterChain.doFilter(ObservationFilterChainDecorator.java:137)
	at org.springframework.security.web.session.SessionManagementFilter.doFilter(SessionManagementFilter.java:131)
	at org.springframework.security.web.session.SessionManagementFilter.doFilter(SessionManagementFilter.java:85)
	at org.springframework.security.web.ObservationFilterChainDecorator$ObservationFilter.wrapFilter(ObservationFilterChainDecorator.java:240)
	at org.springframework.security.web.ObservationFilterChainDecorator$ObservationFilter.doFilter(ObservationFilterChainDecorator.java:227)
	at org.springframework.security.web.ObservationFilterChainDecorator$VirtualFilterChain.doFilter(ObservationFilterChainDecorator.java:137)
	at org.springframework.security.web.authentication.AnonymousAuthenticationFilter.doFilter(AnonymousAuthenticationFilter.java:100)
	at org.springframework.security.web.ObservationFilterChainDecorator$ObservationFilter.wrapFilter(ObservationFilterChainDecorator.java:240)
	at org.springframework.security.web.ObservationFilterChainDecorator$ObservationFilter.doFilter(ObservationFilterChainDecorator.java:227)
	at org.springframework.security.web.ObservationFilterChainDecorator$VirtualFilterChain.doFilter(ObservationFilterChainDecorator.java:137)
	at org.springframework.security.web.servletapi.SecurityContextHolderAwareRequestFilter.doFilter(SecurityContextHolderAwareRequestFilter.java:179)
	at org.springframework.security.web.ObservationFilterChainDecorator$ObservationFilter.wrapFilter(ObservationFilterChainDecorator.java:240)
	at org.springframework.security.web.ObservationFilterChainDecorator$ObservationFilter.doFilter(ObservationFilterChainDecorator.java:227)
	at org.springframework.security.web.ObservationFilterChainDecorator$VirtualFilterChain.doFilter(ObservationFilterChainDecorator.java:137)
	at org.springframework.security.web.savedrequest.RequestCacheAwareFilter.doFilter(RequestCacheAwareFilter.java:63)
	at org.springframework.security.web.ObservationFilterChainDecorator$ObservationFilter.wrapFilter(ObservationFilterChainDecorator.java:240)
	at org.springframework.security.web.ObservationFilterChainDecorator$ObservationFilter.doFilter(ObservationFilterChainDecorator.java:227)
	at org.springframework.security.web.ObservationFilterChainDecorator$VirtualFilterChain.doFilter(ObservationFilterChainDecorator.java:137)
	at com.example.ClinicaDefinitiva.infrastructure.security.filter.JwtAuthenticationFilter.doFilterInternal(JwtAuthenticationFilter.java:40)
	at org.springframework.web.filter.OncePerRequestFilter.doFilter(OncePerRequestFilter.java:116)
	at org.springframework.security.web.ObservationFilterChainDecorator$ObservationFilter.wrapFilter(ObservationFilterChainDecorator.java:240)
	at org.springframework.security.web.ObservationFilterChainDecorator$ObservationFilter.doFilter(ObservationFilterChainDecorator.java:227)
	at org.springframework.security.web.ObservationFilterChainDecorator$VirtualFilterChain.doFilter(ObservationFilterChainDecorator.java:137)
	at org.springframework.security.web.authentication.logout.LogoutFilter.doFilter(LogoutFilter.java:107)
	at org.springframework.security.web.authentication.logout.LogoutFilter.doFilter(LogoutFilter.java:93)
	at org.springframework.security.web.ObservationFilterChainDecorator$ObservationFilter.wrapFilter(ObservationFilterChainDecorator.java:240)
	at org.springframework.security.web.ObservationFilterChainDecorator$ObservationFilter.doFilter(ObservationFilterChainDecorator.java:227)
	at org.springframework.security.web.ObservationFilterChainDecorator$VirtualFilterChain.doFilter(ObservationFilterChainDecorator.java:137)
	at org.springframework.security.web.header.HeaderWriterFilter.doHeadersAfter(HeaderWriterFilter.java:90)
	at org.springframework.security.web.header.HeaderWriterFilter.doFilterInternal(HeaderWriterFilter.java:75)
	at org.springframework.web.filter.OncePerRequestFilter.doFilter(OncePerRequestFilter.java:116)
	at org.springframework.security.web.ObservationFilterChainDecorator$ObservationFilter.wrapFilter(ObservationFilterChainDecorator.java:240)
	at org.springframework.security.web.ObservationFilterChainDecorator$ObservationFilter.doFilter(ObservationFilterChainDecorator.java:227)
	at org.springframework.security.web.ObservationFilterChainDecorator$VirtualFilterChain.doFilter(ObservationFilterChainDecorator.java:137)
	at org.springframework.security.web.context.SecurityContextHolderFilter.doFilter(SecurityContextHolderFilter.java:82)
	at org.springframework.security.web.context.SecurityContextHolderFilter.doFilter(SecurityContextHolderFilter.java:69)
	at org.springframework.security.web.ObservationFilterChainDecorator$ObservationFilter.wrapFilter(ObservationFilterChainDecorator.java:240)
	at org.springframework.security.web.ObservationFilterChainDecorator$ObservationFilter.doFilter(ObservationFilterChainDecorator.java:227)
	at org.springframework.security.web.ObservationFilterChainDecorator$VirtualFilterChain.doFilter(ObservationFilterChainDecorator.java:137)
	at org.springframework.security.web.context.request.async.WebAsyncManagerIntegrationFilter.doFilterInternal(WebAsyncManagerIntegrationFilter.java:62)
	at org.springframework.web.filter.OncePerRequestFilter.doFilter(OncePerRequestFilter.java:116)
	at org.springframework.security.web.ObservationFilterChainDecorator$ObservationFilter.wrapFilter(ObservationFilterChainDecorator.java:240)
	at org.springframework.security.web.ObservationFilterChainDecorator$ObservationFilter.doFilter(ObservationFilterChainDecorator.java:227)
	at org.springframework.security.web.ObservationFilterChainDecorator$VirtualFilterChain.doFilter(ObservationFilterChainDecorator.java:137)
	at org.springframework.security.web.session.DisableEncodeUrlFilter.doFilterInternal(DisableEncodeUrlFilter.java:42)
	at org.springframework.web.filter.OncePerRequestFilter.doFilter(OncePerRequestFilter.java:116)
	at org.springframework.security.web.ObservationFilterChainDecorator$ObservationFilter.wrapFilter(ObservationFilterChainDecorator.java:240)
	at org.springframework.security.web.ObservationFilterChainDecorator$AroundFilterObservation$SimpleAroundFilterObservation.lambda$wrap$0(ObservationFilterChainDecorator.java:323)
	at org.springframework.security.web.ObservationFilterChainDecorator$ObservationFilter.doFilter(ObservationFilterChainDecorator.java:224)
	at org.springframework.security.web.ObservationFilterChainDecorator$VirtualFilterChain.doFilter(ObservationFilterChainDecorator.java:137)
	at org.springframework.security.web.FilterChainProxy.doFilterInternal(FilterChainProxy.java:233)
	at org.springframework.security.web.FilterChainProxy.doFilter(FilterChainProxy.java:191)
	at org.springframework.web.filter.CompositeFilter$VirtualFilterChain.doFilter(CompositeFilter.java:113)
	at org.springframework.web.filter.ServletRequestPathFilter.doFilter(ServletRequestPathFilter.java:52)
	at org.springframework.web.filter.CompositeFilter$VirtualFilterChain.doFilter(CompositeFilter.java:113)
	at org.springframework.web.filter.CompositeFilter.doFilter(CompositeFilter.java:74)
	at org.springframework.security.config.annotation.web.configuration.WebSecurityConfiguration$CompositeFilterChainProxy.doFilter(WebSecurityConfiguration.java:319)
	at org.springframework.web.filter.CompositeFilter$VirtualFilterChain.doFilter(CompositeFilter.java:113)
	at org.springframework.web.servlet.handler.HandlerMappingIntrospector.lambda$createCacheFilter$3(HandlerMappingIntrospector.java:243)
	at org.springframework.web.filter.CompositeFilter$VirtualFilterChain.doFilter(CompositeFilter.java:113)
	at org.springframework.web.filter.CompositeFilter.doFilter(CompositeFilter.java:74)
	at org.springframework.security.config.annotation.web.configuration.WebMvcSecurityConfiguration$CompositeFilterChainProxy.doFilter(WebMvcSecurityConfiguration.java:240)
	at org.springframework.web.filter.DelegatingFilterProxy.invokeDelegate(DelegatingFilterProxy.java:362)
	at org.springframework.web.filter.DelegatingFilterProxy.doFilter(DelegatingFilterProxy.java:278)
	at org.apache.catalina.core.ApplicationFilterChain.internalDoFilter(ApplicationFilterChain.java:164)
	at org.apache.catalina.core.ApplicationFilterChain.doFilter(ApplicationFilterChain.java:140)
	at org.springframework.web.filter.RequestContextFilter.doFilterInternal(RequestContextFilter.java:100)
	at org.springframework.web.filter.OncePerRequestFilter.doFilter(OncePerRequestFilter.java:116)
	at org.apache.catalina.core.ApplicationFilterChain.internalDoFilter(ApplicationFilterChain.java:164)
	at org.apache.catalina.core.ApplicationFilterChain.doFilter(ApplicationFilterChain.java:140)
	at org.springframework.web.filter.FormContentFilter.doFilterInternal(FormContentFilter.java:93)
	at org.springframework.web.filter.OncePerRequestFilter.doFilter(OncePerRequestFilter.java:116)
	at org.apache.catalina.core.ApplicationFilterChain.internalDoFilter(ApplicationFilterChain.java:164)
	at org.apache.catalina.core.ApplicationFilterChain.doFilter(ApplicationFilterChain.java:140)
	at org.springframework.web.filter.ServerHttpObservationFilter.doFilterInternal(ServerHttpObservationFilter.java:114)
	at org.springframework.web.filter.OncePerRequestFilter.doFilter(OncePerRequestFilter.java:116)
	at org.apache.catalina.core.ApplicationFilterChain.internalDoFilter(ApplicationFilterChain.java:164)
	at org.apache.catalina.core.ApplicationFilterChain.doFilter(ApplicationFilterChain.java:140)
	at org.springframework.web.filter.CharacterEncodingFilter.doFilterInternal(CharacterEncodingFilter.java:201)
	at org.springframework.web.filter.OncePerRequestFilter.doFilter(OncePerRequestFilter.java:116)
	at org.apache.catalina.core.ApplicationFilterChain.internalDoFilter(ApplicationFilterChain.java:164)
	at org.apache.catalina.core.ApplicationFilterChain.doFilter(ApplicationFilterChain.java:140)
	at org.apache.catalina.core.StandardWrapperValve.invoke(StandardWrapperValve.java:167)
	at org.apache.catalina.core.StandardContextValve.invoke(StandardContextValve.java:90)
	at org.apache.catalina.authenticator.AuthenticatorBase.invoke(AuthenticatorBase.java:483)
	at org.apache.catalina.core.StandardHostValve.invoke(StandardHostValve.java:116)
	at org.apache.catalina.valves.ErrorReportValve.invoke(ErrorReportValve.java:93)
	at org.apache.catalina.core.StandardEngineValve.invoke(StandardEngineValve.java:74)
	at org.apache.catalina.connector.CoyoteAdapter.service(CoyoteAdapter.java:344)
	at org.apache.coyote.http11.Http11Processor.service(Http11Processor.java:398)
	at org.apache.coyote.AbstractProcessorLight.process(AbstractProcessorLight.java:63)
	at org.apache.coyote.AbstractProtocol$ConnectionHandler.process(AbstractProtocol.java:903)
	at org.apache.tomcat.util.net.NioEndpoint$SocketProcessor.doRun(NioEndpoint.java:1740)
	at org.apache.tomcat.util.net.SocketProcessorBase.run(SocketProcessorBase.java:52)
	at org.apache.tomcat.util.threads.ThreadPoolExecutor.runWorker(ThreadPoolExecutor.java:1189)
	at org.apache.tomcat.util.threads.ThreadPoolExecutor$Worker.run(ThreadPoolExecutor.java:658)
	at org.apache.tomcat.util.threads.TaskThread$WrappingRunnable.run(TaskThread.java:63)
	at java.base/java.lang.Thread.run(Thread.java:842)
2026-04-13 10:52:06 DEBUG [http-nio-8080-exec-3] o.s.w.s.m.m.a.HttpEntityMethodProcessor - Using 'application/json', given [*/*] and supported [application/json, application/*+json]
2026-04-13 10:52:08 DEBUG [http-nio-8080-exec-3] o.s.w.s.m.m.a.HttpEntityMethodProcessor - Writing [com.example.ClinicaDefinitiva.infrastructure.advice.ErrorResponse@4430095b]
2026-04-13 10:52:08 DEBUG [http-nio-8080-exec-3] o.s.w.s.m.m.a.ExceptionHandlerExceptionResolver - Resolved [java.lang.UnsupportedOperationException: Not supported yet.]
2026-04-13 10:52:08 DEBUG [http-nio-8080-exec-3] o.s.web.servlet.DispatcherServlet - Completed 500 INTERNAL_SERVER_ERROR
2026-04-13 11:11:21 INFO  [background-preinit] o.h.validator.internal.util.Version - HV000001: Hibernate Validator 8.0.2.Final
2026-04-13 11:11:21 DEBUG [background-preinit] o.h.v.i.x.config.ValidationXmlParser - Trying to load META-INF/validation.xml for XML based Validator configuration.
2026-04-13 11:11:21 DEBUG [background-preinit] o.h.v.i.x.c.ResourceLoaderHelper - Trying to load META-INF/validation.xml via TCCL
2026-04-13 11:11:21 DEBUG [background-preinit] o.h.v.i.x.c.ResourceLoaderHelper - Trying to load META-INF/validation.xml via Hibernate Validator's class loader
2026-04-13 11:11:21 DEBUG [background-preinit] o.h.v.i.x.config.ValidationXmlParser - No META-INF/validation.xml found. Using annotation based configuration only.
2026-04-13 11:11:21 DEBUG [background-preinit] o.h.v.i.e.r.TraversableResolvers - Found jakarta.persistence.Persistence on classpath containing 'getPersistenceUtil'. Assuming JPA 2 environment. Trying to instantiate JPA aware TraversableResolver
2026-04-13 11:11:21 DEBUG [background-preinit] o.h.v.i.e.r.TraversableResolvers - Instantiated JPA aware TraversableResolver of type org.hibernate.validator.internal.engine.resolver.JPATraversableResolver.
2026-04-13 11:11:21 DEBUG [background-preinit] o.h.v.m.ResourceBundleMessageInterpolator - Loaded expression factory via original TCCL
2026-04-13 11:11:22 INFO  [main] c.e.C.ClinicaDefinitivaApplication - Starting ClinicaDefinitivaApplication using Java 17.0.10 with PID 25520 (C:\Users\David\OneDrive\Documents\proyectosJava\ClinicaDefinitiva\target\classes started by David in C:\Users\David\OneDrive\Documents\proyectosJava\ClinicaDefinitiva)
2026-04-13 11:11:22 INFO  [main] c.e.C.ClinicaDefinitivaApplication - No active profile set, falling back to 1 default profile: "default"
2026-04-13 11:11:22 DEBUG [background-preinit] o.h.v.i.e.ValidatorFactoryConfigurationHelper - HV000252: Using org.hibernate.validator.internal.engine.DefaultPropertyNodeNameProvider as property node name provider.
2026-04-13 11:11:22 DEBUG [background-preinit] o.h.v.i.e.ValidatorFactoryConfigurationHelper - HV000234: Using org.hibernate.validator.messageinterpolation.ResourceBundleMessageInterpolator as ValidatorFactory-scoped message interpolator.
2026-04-13 11:11:22 DEBUG [background-preinit] o.h.v.i.e.ValidatorFactoryConfigurationHelper - HV000234: Using org.hibernate.validator.internal.engine.resolver.JPATraversableResolver as ValidatorFactory-scoped traversable resolver.
2026-04-13 11:11:22 DEBUG [background-preinit] o.h.v.i.e.ValidatorFactoryConfigurationHelper - HV000234: Using org.hibernate.validator.internal.util.ExecutableParameterNameProvider as ValidatorFactory-scoped parameter name provider.
2026-04-13 11:11:22 DEBUG [background-preinit] o.h.v.i.e.ValidatorFactoryConfigurationHelper - HV000234: Using org.hibernate.validator.internal.engine.DefaultClockProvider as ValidatorFactory-scoped clock provider.
2026-04-13 11:11:22 DEBUG [background-preinit] o.h.v.i.e.ValidatorFactoryConfigurationHelper - HV000234: Using org.hibernate.validator.internal.engine.scripting.DefaultScriptEvaluatorFactory as ValidatorFactory-scoped script evaluator factory.
2026-04-13 11:11:31 INFO  [main] o.s.d.r.c.RepositoryConfigurationDelegate - Bootstrapping Spring Data JPA repositories in DEFAULT mode.
2026-04-13 11:11:33 INFO  [main] o.s.d.r.c.RepositoryConfigurationDelegate - Finished Spring Data repository scanning in 2036 ms. Found 21 JPA repository interfaces.
2026-04-13 11:11:38 INFO  [main] o.s.b.w.e.tomcat.TomcatWebServer - Tomcat initialized with port 8080 (http)
2026-04-13 11:11:38 INFO  [main] o.a.coyote.http11.Http11NioProtocol - Initializing ProtocolHandler ["http-nio-8080"]
2026-04-13 11:11:38 INFO  [main] o.a.catalina.core.StandardService - Starting service [Tomcat]
2026-04-13 11:11:38 INFO  [main] o.a.catalina.core.StandardEngine - Starting Servlet engine: [Apache Tomcat/10.1.41]
2026-04-13 11:11:38 INFO  [main] o.a.c.c.C.[Tomcat].[localhost].[/] - Initializing Spring embedded WebApplicationContext
2026-04-13 11:11:38 INFO  [main] o.s.b.w.s.c.ServletWebServerApplicationContext - Root WebApplicationContext: initialization completed in 16568 ms
2026-04-13 11:11:39 DEBUG [main] o.s.w.f.ServerHttpObservationFilter - Filter 'webMvcObservationFilter' configured for use
2026-04-13 11:11:41 INFO  [main] o.h.jpa.internal.util.LogHelper - HHH000204: Processing PersistenceUnitInfo [name: default]
2026-04-13 11:11:41 INFO  [main] org.hibernate.Version - HHH000412: Hibernate ORM core version 6.6.15.Final
2026-04-13 11:11:41 INFO  [main] o.h.c.i.RegionFactoryInitiator - HHH000026: Second-level cache disabled
2026-04-13 11:11:43 INFO  [main] o.s.o.j.p.SpringPersistenceUnitInfo - No LoadTimeWeaver setup: ignoring JPA class transformer
2026-04-13 11:11:43 INFO  [main] com.zaxxer.hikari.HikariDataSource - HikariPool-1 - Starting...
2026-04-13 11:11:44 INFO  [main] com.zaxxer.hikari.pool.HikariPool - HikariPool-1 - Added connection com.mysql.cj.jdbc.ConnectionImpl@14eb96e9
2026-04-13 11:11:44 INFO  [main] com.zaxxer.hikari.HikariDataSource - HikariPool-1 - Start completed.
2026-04-13 11:11:44 WARN  [main] org.hibernate.dialect.Dialect - HHH000511: The 5.5.5 version for [org.hibernate.dialect.MySQLDialect] is no longer supported, hence certain features may not work properly. The minimum supported version is 8.0.0. Check the community dialects project for available legacy versions.
2026-04-13 11:11:44 WARN  [main] org.hibernate.orm.deprecation - HHH90000025: MySQLDialect does not need to be specified explicitly using 'hibernate.dialect' (remove the property setting and it will be selected by default)
2026-04-13 11:11:45 INFO  [main] o.hibernate.orm.connections.pooling - HHH10001005: Database info:
	Database JDBC URL [Connecting through datasource 'HikariDataSource (HikariPool-1)']
	Database driver: undefined/unknown
	Database version: 5.5.5
	Autocommit mode: undefined/unknown
	Isolation level: undefined/unknown
	Minimum pool size: undefined/unknown
	Maximum pool size: undefined/unknown
2026-04-13 11:11:47 DEBUG [main] o.h.v.i.x.config.ValidationXmlParser - Trying to load META-INF/validation.xml for XML based Validator configuration.
2026-04-13 11:11:47 DEBUG [main] o.h.v.i.x.c.ResourceLoaderHelper - Trying to load META-INF/validation.xml via TCCL
2026-04-13 11:11:47 DEBUG [main] o.h.v.i.x.c.ResourceLoaderHelper - Trying to load META-INF/validation.xml via Hibernate Validator's class loader
2026-04-13 11:11:47 DEBUG [main] o.h.v.i.x.config.ValidationXmlParser - No META-INF/validation.xml found. Using annotation based configuration only.
2026-04-13 11:11:47 DEBUG [main] o.h.v.i.e.r.TraversableResolvers - Found jakarta.persistence.Persistence on classpath containing 'getPersistenceUtil'. Assuming JPA 2 environment. Trying to instantiate JPA aware TraversableResolver
2026-04-13 11:11:47 DEBUG [main] o.h.v.i.e.r.TraversableResolvers - Instantiated JPA aware TraversableResolver of type org.hibernate.validator.internal.engine.resolver.JPATraversableResolver.
2026-04-13 11:11:47 DEBUG [main] o.h.v.m.ResourceBundleMessageInterpolator - Loaded expression factory via original TCCL
2026-04-13 11:11:47 DEBUG [main] o.h.v.i.e.ValidatorFactoryConfigurationHelper - HV000252: Using org.hibernate.validator.internal.engine.DefaultPropertyNodeNameProvider as property node name provider.
2026-04-13 11:11:47 DEBUG [main] o.h.v.i.e.ValidatorFactoryConfigurationHelper - HV000234: Using org.hibernate.validator.messageinterpolation.ResourceBundleMessageInterpolator as ValidatorFactory-scoped message interpolator.
2026-04-13 11:11:47 DEBUG [main] o.h.v.i.e.ValidatorFactoryConfigurationHelper - HV000234: Using org.hibernate.validator.internal.engine.resolver.JPATraversableResolver as ValidatorFactory-scoped traversable resolver.
2026-04-13 11:11:47 DEBUG [main] o.h.v.i.e.ValidatorFactoryConfigurationHelper - HV000234: Using org.hibernate.validator.internal.util.ExecutableParameterNameProvider as ValidatorFactory-scoped parameter name provider.
2026-04-13 11:11:47 DEBUG [main] o.h.v.i.e.ValidatorFactoryConfigurationHelper - HV000234: Using org.hibernate.validator.internal.engine.DefaultClockProvider as ValidatorFactory-scoped clock provider.
2026-04-13 11:11:47 DEBUG [main] o.h.v.i.e.ValidatorFactoryConfigurationHelper - HV000234: Using org.hibernate.validator.internal.engine.scripting.DefaultScriptEvaluatorFactory as ValidatorFactory-scoped script evaluator factory.
2026-04-13 11:11:52 INFO  [main] o.h.e.t.j.p.i.JtaPlatformInitiator - HHH000489: No JTA platform available (set 'hibernate.transaction.jta.platform' to enable JTA platform integration)
2026-04-13 11:11:54 INFO  [main] o.s.o.j.LocalContainerEntityManagerFactoryBean - Initialized JPA EntityManagerFactory for persistence unit 'default'
2026-04-13 11:11:55 INFO  [main] o.s.d.j.r.query.QueryEnhancerFactory - Hibernate is in classpath; If applicable, HQL parser will be used.
2026-04-13 11:12:08 INFO  [main] c.e.C.i.r.p.s.StripePaymentGateway - ? Stripe payment gateway initialized
2026-04-13 11:12:08 INFO  [main] c.e.C.i.r.p.s.StripePaymentGateway - ? Stripe payment gateway initialized
2026-04-13 11:12:09 INFO  [main] o.s.s.c.a.a.c.InitializeAuthenticationProviderBeanManagerConfigurer$InitializeAuthenticationProviderManagerConfigurer - Global AuthenticationManager configured with AuthenticationProvider bean with name authenticationProvider
2026-04-13 11:12:09 WARN  [main] o.s.s.c.a.a.c.InitializeUserDetailsBeanManagerConfigurer$InitializeUserDetailsManagerConfigurer - Global AuthenticationManager configured with an AuthenticationProvider bean. UserDetailsService beans will not be used by Spring Security for automatically configuring username/password login. Consider removing the AuthenticationProvider bean. Alternatively, consider using the UserDetailsService in a manually instantiated DaoAuthenticationProvider. If the current configuration is intentional, to turn off this warning, increase the logging level of 'org.springframework.security.config.annotation.authentication.configuration.InitializeUserDetailsBeanManagerConfigurer' to ERROR
2026-04-13 11:12:10 INFO  [main] c.e.C.i.r.p.s.StripePaymentGateway - ? Stripe payment gateway initialized
2026-04-13 11:12:10 WARN  [main] o.s.b.a.o.j.JpaBaseConfiguration$JpaWebConfiguration - spring.jpa.open-in-view is enabled by default. Therefore, database queries may be performed during view rendering. Explicitly configure spring.jpa.open-in-view to disable this warning
2026-04-13 11:12:10 DEBUG [main] o.s.w.s.m.m.a.RequestMappingHandlerMapping - 216 mappings in 'requestMappingHandlerMapping'
2026-04-13 11:12:11 DEBUG [main] o.s.w.s.h.SimpleUrlHandlerMapping - Patterns [/webjars/**, /**] in 'resourceHandlerMapping'
2026-04-13 11:12:11 INFO  [main] o.s.b.a.e.web.EndpointLinksResolver - Exposing 1 endpoint beneath base path '/actuator'
2026-04-13 11:12:12 DEBUG [main] o.s.s.web.DefaultSecurityFilterChain - Will secure any request with filters: DisableEncodeUrlFilter, WebAsyncManagerIntegrationFilter, SecurityContextHolderFilter, HeaderWriterFilter, LogoutFilter, JwtAuthenticationFilter, RequestCacheAwareFilter, SecurityContextHolderAwareRequestFilter, AnonymousAuthenticationFilter, SessionManagementFilter, ExceptionTranslationFilter, AuthorizationFilter
2026-04-13 11:12:12 DEBUG [main] o.h.v.m.ResourceBundleMessageInterpolator - Loaded expression factory via original TCCL
2026-04-13 11:12:12 DEBUG [main] o.h.v.i.e.AbstractConfigurationImpl - Setting custom MessageInterpolator of type org.springframework.validation.beanvalidation.LocaleContextMessageInterpolator
2026-04-13 11:12:12 DEBUG [main] o.h.v.i.e.AbstractConfigurationImpl - Setting custom ConstraintValidatorFactory of type org.springframework.validation.beanvalidation.SpringConstraintValidatorFactory
2026-04-13 11:12:12 DEBUG [main] o.h.v.i.x.config.ValidationXmlParser - Trying to load META-INF/validation.xml for XML based Validator configuration.
2026-04-13 11:12:12 DEBUG [main] o.h.v.i.x.c.ResourceLoaderHelper - Trying to load META-INF/validation.xml via user class loader
2026-04-13 11:12:12 DEBUG [main] o.h.v.i.x.c.ResourceLoaderHelper - Trying to load META-INF/validation.xml via TCCL
2026-04-13 11:12:12 DEBUG [main] o.h.v.i.x.c.ResourceLoaderHelper - Trying to load META-INF/validation.xml via Hibernate Validator's class loader
2026-04-13 11:12:12 DEBUG [main] o.h.v.i.x.config.ValidationXmlParser - No META-INF/validation.xml found. Using annotation based configuration only.
2026-04-13 11:12:12 DEBUG [main] o.h.v.i.e.r.TraversableResolvers - Found jakarta.persistence.Persistence on classpath containing 'getPersistenceUtil'. Assuming JPA 2 environment. Trying to instantiate JPA aware TraversableResolver
2026-04-13 11:12:12 DEBUG [main] o.h.v.i.e.r.TraversableResolvers - Instantiated JPA aware TraversableResolver of type org.hibernate.validator.internal.engine.resolver.JPATraversableResolver.
2026-04-13 11:12:12 DEBUG [main] o.h.v.i.e.ValidatorFactoryConfigurationHelper - HV000252: Using org.hibernate.validator.internal.engine.DefaultPropertyNodeNameProvider as property node name provider.
2026-04-13 11:12:12 DEBUG [main] o.h.v.i.e.ValidatorFactoryConfigurationHelper - HV000234: Using org.springframework.validation.beanvalidation.LocaleContextMessageInterpolator as ValidatorFactory-scoped message interpolator.
2026-04-13 11:12:12 DEBUG [main] o.h.v.i.e.ValidatorFactoryConfigurationHelper - HV000234: Using org.hibernate.validator.internal.engine.resolver.JPATraversableResolver as ValidatorFactory-scoped traversable resolver.
2026-04-13 11:12:12 DEBUG [main] o.h.v.i.e.ValidatorFactoryConfigurationHelper - HV000234: Using org.hibernate.validator.internal.util.ExecutableParameterNameProvider as ValidatorFactory-scoped parameter name provider.
2026-04-13 11:12:12 DEBUG [main] o.h.v.i.e.ValidatorFactoryConfigurationHelper - HV000234: Using org.hibernate.validator.internal.engine.DefaultClockProvider as ValidatorFactory-scoped clock provider.
2026-04-13 11:12:12 DEBUG [main] o.h.v.i.e.ValidatorFactoryConfigurationHelper - HV000234: Using org.hibernate.validator.internal.engine.scripting.DefaultScriptEvaluatorFactory as ValidatorFactory-scoped script evaluator factory.
2026-04-13 11:12:13 DEBUG [main] o.s.w.s.m.m.a.RequestMappingHandlerAdapter - ControllerAdvice beans: 0 @ModelAttribute, 0 @InitBinder, 1 RequestBodyAdvice, 1 ResponseBodyAdvice
2026-04-13 11:12:13 DEBUG [main] o.s.w.s.m.m.a.ExceptionHandlerExceptionResolver - ControllerAdvice beans: 1 @ExceptionHandler, 1 ResponseBodyAdvice
2026-04-13 11:12:15 INFO  [main] o.a.coyote.http11.Http11NioProtocol - Starting ProtocolHandler ["http-nio-8080"]
2026-04-13 11:12:15 INFO  [main] o.s.b.w.e.tomcat.TomcatWebServer - Tomcat started on port 8080 (http) with context path '/'
2026-04-13 11:12:15 INFO  [main] c.e.C.ClinicaDefinitivaApplication - Started ClinicaDefinitivaApplication in 56.923 seconds (process running for 59.208)
2026-04-13 11:12:15 INFO  [main] c.e.C.ClinicaDefinitivaApplication - Logger funciona correctamente
2026-04-13 11:13:34 INFO  [http-nio-8080-exec-1] o.a.c.c.C.[Tomcat].[localhost].[/] - Initializing Spring DispatcherServlet 'dispatcherServlet'
2026-04-13 11:13:34 INFO  [http-nio-8080-exec-1] o.s.web.servlet.DispatcherServlet - Initializing Servlet 'dispatcherServlet'
2026-04-13 11:13:34 DEBUG [http-nio-8080-exec-1] o.s.web.servlet.DispatcherServlet - Detected StandardServletMultipartResolver
2026-04-13 11:13:34 DEBUG [http-nio-8080-exec-1] o.s.web.servlet.DispatcherServlet - Detected AcceptHeaderLocaleResolver
2026-04-13 11:13:34 DEBUG [http-nio-8080-exec-1] o.s.web.servlet.DispatcherServlet - Detected FixedThemeResolver
2026-04-13 11:13:34 DEBUG [http-nio-8080-exec-1] o.s.web.servlet.DispatcherServlet - Detected org.springframework.web.servlet.view.DefaultRequestToViewNameTranslator@581f515a
2026-04-13 11:13:34 DEBUG [http-nio-8080-exec-1] o.s.web.servlet.DispatcherServlet - Detected org.springframework.web.servlet.support.SessionFlashMapManager@6416f302
2026-04-13 11:13:34 DEBUG [http-nio-8080-exec-1] o.s.web.servlet.DispatcherServlet - enableLoggingRequestDetails='false': request parameters and headers will be masked to prevent unsafe logging of potentially sensitive data
2026-04-13 11:13:34 INFO  [http-nio-8080-exec-1] o.s.web.servlet.DispatcherServlet - Completed initialization in 21 ms
2026-04-13 11:13:34 DEBUG [http-nio-8080-exec-1] o.s.security.web.FilterChainProxy - Securing POST /api/v1/auth/login
2026-04-13 11:13:34 TRACE [http-nio-8080-exec-1] o.s.s.w.a.logout.LogoutFilter - Did not match request to Or [Ant [pattern='/logout', GET], Ant [pattern='/logout', POST], Ant [pattern='/logout', PUT], Ant [pattern='/logout', DELETE]]
2026-04-13 11:13:34 TRACE [http-nio-8080-exec-1] o.s.s.w.a.AnonymousAuthenticationFilter - Set SecurityContextHolder to AnonymousAuthenticationToken [Principal=anonymousUser, Credentials=[PROTECTED], Authenticated=true, Details=WebAuthenticationDetails [RemoteIpAddress=0:0:0:0:0:0:0:1, SessionId=null], Granted Authorities=[ROLE_ANONYMOUS]]
2026-04-13 11:13:34 DEBUG [http-nio-8080-exec-1] o.s.security.web.FilterChainProxy - Secured POST /api/v1/auth/login
2026-04-13 11:13:34 DEBUG [http-nio-8080-exec-1] o.s.web.servlet.DispatcherServlet - POST "/api/v1/auth/login", parameters={}
2026-04-13 11:13:34 DEBUG [http-nio-8080-exec-1] o.s.w.s.m.m.a.RequestMappingHandlerMapping - Mapped to com.example.ClinicaDefinitiva.infrastructure.rest.authentication.controller.AuthController#login(LoginRequest)
2026-04-13 11:13:35 DEBUG [http-nio-8080-exec-1] o.s.w.s.m.m.a.RequestResponseBodyMethodProcessor - Read "application/json;charset=UTF-8" to [LoginRequest[email=admin@test.com, password=admin123]]
2026-04-13 11:13:37 DEBUG [http-nio-8080-exec-1] o.s.s.a.d.DaoAuthenticationProvider - Authenticated user
2026-04-13 11:13:38 DEBUG [http-nio-8080-exec-1] o.s.w.s.m.m.a.HttpEntityMethodProcessor - Using 'application/json', given [*/*] and supported [application/json, application/*+json]
2026-04-13 11:13:38 DEBUG [http-nio-8080-exec-1] o.s.w.s.m.m.a.HttpEntityMethodProcessor - Writing [{token=eyJhbGciOiJIUzI1NiJ9.eyJzdWIiOiJhZG1pbkB0ZXN0LmNvbSIsInJvbGVzIjpbIlJPTEVfVVNFUiJdLCJpYXQiOjE3 (truncated)...]
2026-04-13 11:13:38 DEBUG [http-nio-8080-exec-1] o.s.web.servlet.DispatcherServlet - Completed 200 OK
2026-04-13 11:13:57 DEBUG [http-nio-8080-exec-2] o.s.security.web.FilterChainProxy - Securing POST /api/v1/services
2026-04-13 11:13:57 TRACE [http-nio-8080-exec-2] o.s.s.w.a.logout.LogoutFilter - Did not match request to Or [Ant [pattern='/logout', GET], Ant [pattern='/logout', POST], Ant [pattern='/logout', PUT], Ant [pattern='/logout', DELETE]]
2026-04-13 11:13:58 TRACE [http-nio-8080-exec-2] o.s.s.w.a.AnonymousAuthenticationFilter - Did not set SecurityContextHolder since already authenticated UsernamePasswordAuthenticationToken [Principal=com.example.ClinicaDefinitiva.infrastructure.security.adapter.CustomUserDetails@4c7058bc, Credentials=[PROTECTED], Authenticated=true, Details=null, Granted Authorities=[UPDATE_INFORMATION_PROVIDED_SERVICE, READ_ROLE, UPDATE_COMPANY, UPDATE_INVOICE, CREATE_CUSTOM_ROLE, UPDATE_JOURNAL_ENTRY, REVERSE_JOURNAL_ENTRY, CREATE_CONTRACT, SET_PERMISSIONS_ROLE, READ_USER_IDENTITY, IS_CURRENTLY_ACTIVE_ASSIGNMENT, READ_RATE, READ_APPOINTMENT, DEACTIVATE_PROVIDED_SERVICE, READ_DENTIST, CREATE_COMPANY, ACTIVATE_PROVIDED_SERVICE, DELETE_INVOICE, CREATE_PROVIDED_SERVICE, UPDATE_PAYMENT, CHECK_ROLE, ACTIVATE_USER_IDENTITY, READ_PATIENT, DELETE_ROLE, READ_ADMINISTRATIVE_REPORT, UPDATE_PRICE_PROVIDED_SERVICE, READ_CONTRACT, DELETE_ADMINISTRATIVE_REPORT, DEACTIVATE_USER_IDENTITY, REVERSE_INVOICE, APPROVE_INVOICE, READ_PROVIDED_SERVICE, REVOKE_ASSIGNMENT, DEACTIVATE_ROLE, READ_AVAILABILITY, READ_RECEPTIONIST, DELETE_RATE, SUSPEND_ROLE, UPDATE_PRIMARY_ASSIGNMENT, REMOVE_ROLE, CREATE_USER_IDENTITY, ADD_ROLE, DELETE_CONTRACT, DELETE_PAYMENT, DELETE_ASSIGNMENT, ACTIVATE_ROLE, EXTEND_ASSIGNMENT, READ_COMPANY, UPDATE_ADMINISTRATIVE_REPORT, CREATE_PAYMENT, UPDATE_USER_IDENTITY, READ_GUARDIAN, MARK_DELETED_ROLE, UPDATE_CONTRACT, DELETE_COMPANY, IS_ACTIVE_AT_ASSIGNMENT, READ_ASSIGNMENT, POST_INVOICE, REVOKE_ALL_ASSIGNMENT, CREATE_JOURNAL_ENTRY, CREATE_ADMINISTRATIVE_REPORT, UPDATE_DETAILS_PROVIDED_SERVICE, READ_SHIFT, POST_JOURNAL_ENTRY, ROLE_ADMINISTRATOR, CREATE_TEMPORARY_ASSIGNMENT, READ_PAYMENT, CREATE_RATE, READ_INVOICE, UPDATE_RATE, DELETE_JOURNAL_ENTRY, CLONE_ROLE, READ_JOURNAL_ENTRY, CREATE_PERMANENT_ASSIGNMENT, CREATE_INVOICE, SUSPEND_USER_IDENTITY]]
2026-04-13 11:13:58 TRACE [http-nio-8080-exec-2] o.s.s.w.a.s.CompositeSessionAuthenticationStrategy - Preparing session with ChangeSessionIdAuthenticationStrategy (1/1)
2026-04-13 11:13:58 DEBUG [http-nio-8080-exec-2] o.s.security.web.FilterChainProxy - Secured POST /api/v1/services
2026-04-13 11:13:58 DEBUG [http-nio-8080-exec-2] o.s.web.servlet.DispatcherServlet - POST "/api/v1/services", parameters={}
2026-04-13 11:13:58 DEBUG [http-nio-8080-exec-2] o.s.w.s.m.m.a.RequestMappingHandlerMapping - Mapped to com.example.ClinicaDefinitiva.infrastructure.rest.dentalService.controller.ProvidedServiceController#create(CreateServiceRequest, CustomUserDetails)
2026-04-13 11:13:58 DEBUG [http-nio-8080-exec-2] o.s.w.s.m.m.a.RequestResponseBodyMethodProcessor - Read "application/json;charset=UTF-8" to [CreateServiceRequest[name=Profilaxis y Limpieza, categoryId=2, categoryName=PROPHYLAXIS, categoryTyp (truncated)...]
2026-04-13 11:13:58 DEBUG [http-nio-8080-exec-2] o.s.w.s.m.m.a.ExceptionHandlerExceptionResolver - Using @ExceptionHandler com.example.ClinicaDefinitiva.infrastructure.advice.GlobalControllerAdvice#handleGenericException(Exception)
2026-04-13 11:13:58 ERROR [http-nio-8080-exec-2] c.e.C.i.a.GlobalControllerAdvice - Error interno no manejado [requestId=ced76768-e9a0-4d62-84a3-fe65710ec3ab, usuario=admin@test.com]
java.lang.IllegalArgumentException: Tipo de servicio desconocido: GENERAL
	at com.example.ClinicaDefinitiva.domain.dentalService.service.ServiceDetailsFactory.fromMap(ServiceDetailsFactory.java:141)
	at com.example.ClinicaDefinitiva.application.dentalService.service.ProvidedServiceApplicationService.create(ProvidedServiceApplicationService.java:194)
	at java.base/jdk.internal.reflect.NativeMethodAccessorImpl.invoke0(Native Method)
	at java.base/jdk.internal.reflect.NativeMethodAccessorImpl.invoke(NativeMethodAccessorImpl.java:77)
	at java.base/jdk.internal.reflect.DelegatingMethodAccessorImpl.invoke(DelegatingMethodAccessorImpl.java:43)
	at java.base/java.lang.reflect.Method.invoke(Method.java:568)
	at org.springframework.aop.support.AopUtils.invokeJoinpointUsingReflection(AopUtils.java:359)
	at org.springframework.aop.framework.ReflectiveMethodInvocation.invokeJoinpoint(ReflectiveMethodInvocation.java:196)
	at org.springframework.aop.framework.ReflectiveMethodInvocation.proceed(ReflectiveMethodInvocation.java:163)
	at org.springframework.aop.aspectj.MethodInvocationProceedingJoinPoint.proceed(MethodInvocationProceedingJoinPoint.java:89)
	at com.example.ClinicaDefinitiva.infrastructure.security.config.AuthorizationAspect.checkPermission(AuthorizationAspect.java:76)
	at java.base/jdk.internal.reflect.NativeMethodAccessorImpl.invoke0(Native Method)
	at java.base/jdk.internal.reflect.NativeMethodAccessorImpl.invoke(NativeMethodAccessorImpl.java:77)
	at java.base/jdk.internal.reflect.DelegatingMethodAccessorImpl.invoke(DelegatingMethodAccessorImpl.java:43)
	at java.base/java.lang.reflect.Method.invoke(Method.java:568)
	at org.springframework.aop.aspectj.AbstractAspectJAdvice.invokeAdviceMethodWithGivenArgs(AbstractAspectJAdvice.java:642)
	at org.springframework.aop.aspectj.AbstractAspectJAdvice.invokeAdviceMethod(AbstractAspectJAdvice.java:632)
	at org.springframework.aop.aspectj.AspectJAroundAdvice.invoke(AspectJAroundAdvice.java:71)
	at org.springframework.aop.framework.ReflectiveMethodInvocation.proceed(ReflectiveMethodInvocation.java:173)
	at org.springframework.transaction.interceptor.TransactionAspectSupport.invokeWithinTransaction(TransactionAspectSupport.java:380)
	at org.springframework.transaction.interceptor.TransactionInterceptor.invoke(TransactionInterceptor.java:119)
	at org.springframework.aop.framework.ReflectiveMethodInvocation.proceed(ReflectiveMethodInvocation.java:184)
	at org.springframework.aop.interceptor.ExposeInvocationInterceptor.invoke(ExposeInvocationInterceptor.java:97)
	at org.springframework.aop.framework.ReflectiveMethodInvocation.proceed(ReflectiveMethodInvocation.java:184)
	at org.springframework.aop.framework.CglibAopProxy$DynamicAdvisedInterceptor.intercept(CglibAopProxy.java:728)
	at com.example.ClinicaDefinitiva.application.dentalService.service.ProvidedServiceApplicationService$$SpringCGLIB$$0.create(<generated>)
	at com.example.ClinicaDefinitiva.infrastructure.rest.dentalService.controller.ProvidedServiceController.create(ProvidedServiceController.java:151)
	at java.base/jdk.internal.reflect.NativeMethodAccessorImpl.invoke0(Native Method)
	at java.base/jdk.internal.reflect.NativeMethodAccessorImpl.invoke(NativeMethodAccessorImpl.java:77)
	at java.base/jdk.internal.reflect.DelegatingMethodAccessorImpl.invoke(DelegatingMethodAccessorImpl.java:43)
	at java.base/java.lang.reflect.Method.invoke(Method.java:568)
	at org.springframework.aop.support.AopUtils.invokeJoinpointUsingReflection(AopUtils.java:359)
	at org.springframework.aop.framework.ReflectiveMethodInvocation.invokeJoinpoint(ReflectiveMethodInvocation.java:196)
	at org.springframework.aop.framework.ReflectiveMethodInvocation.proceed(ReflectiveMethodInvocation.java:163)
	at org.springframework.validation.beanvalidation.MethodValidationInterceptor.invoke(MethodValidationInterceptor.java:174)
	at org.springframework.aop.framework.ReflectiveMethodInvocation.proceed(ReflectiveMethodInvocation.java:184)
	at org.springframework.aop.framework.CglibAopProxy$DynamicAdvisedInterceptor.intercept(CglibAopProxy.java:728)
	at com.example.ClinicaDefinitiva.infrastructure.rest.dentalService.controller.ProvidedServiceController$$SpringCGLIB$$0.create(<generated>)
	at java.base/jdk.internal.reflect.NativeMethodAccessorImpl.invoke0(Native Method)
	at java.base/jdk.internal.reflect.NativeMethodAccessorImpl.invoke(NativeMethodAccessorImpl.java:77)
	at java.base/jdk.internal.reflect.DelegatingMethodAccessorImpl.invoke(DelegatingMethodAccessorImpl.java:43)
	at java.base/java.lang.reflect.Method.invoke(Method.java:568)
	at org.springframework.web.method.support.InvocableHandlerMethod.doInvoke(InvocableHandlerMethod.java:258)
	at org.springframework.web.method.support.InvocableHandlerMethod.invokeForRequest(InvocableHandlerMethod.java:191)
	at org.springframework.web.servlet.mvc.method.annotation.ServletInvocableHandlerMethod.invokeAndHandle(ServletInvocableHandlerMethod.java:118)
	at org.springframework.web.servlet.mvc.method.annotation.RequestMappingHandlerAdapter.invokeHandlerMethod(RequestMappingHandlerAdapter.java:986)
	at org.springframework.web.servlet.mvc.method.annotation.RequestMappingHandlerAdapter.handleInternal(RequestMappingHandlerAdapter.java:891)
	at org.springframework.web.servlet.mvc.method.AbstractHandlerMethodAdapter.handle(AbstractHandlerMethodAdapter.java:87)
	at org.springframework.web.servlet.DispatcherServlet.doDispatch(DispatcherServlet.java:1089)
	at org.springframework.web.servlet.DispatcherServlet.doService(DispatcherServlet.java:979)
	at org.springframework.web.servlet.FrameworkServlet.processRequest(FrameworkServlet.java:1014)
	at org.springframework.web.servlet.FrameworkServlet.doPost(FrameworkServlet.java:914)
	at jakarta.servlet.http.HttpServlet.service(HttpServlet.java:590)
	at org.springframework.web.servlet.FrameworkServlet.service(FrameworkServlet.java:885)
	at jakarta.servlet.http.HttpServlet.service(HttpServlet.java:658)
	at org.apache.catalina.core.ApplicationFilterChain.internalDoFilter(ApplicationFilterChain.java:195)
	at org.apache.catalina.core.ApplicationFilterChain.doFilter(ApplicationFilterChain.java:140)
	at org.apache.tomcat.websocket.server.WsFilter.doFilter(WsFilter.java:51)
	at org.apache.catalina.core.ApplicationFilterChain.internalDoFilter(ApplicationFilterChain.java:164)
	at org.apache.catalina.core.ApplicationFilterChain.doFilter(ApplicationFilterChain.java:140)
	at com.example.ClinicaDefinitiva.util.RequestIdFilter.doFilterInternal(RequestIdFilter.java:76)
	at org.springframework.web.filter.OncePerRequestFilter.doFilter(OncePerRequestFilter.java:116)
	at org.apache.catalina.core.ApplicationFilterChain.internalDoFilter(ApplicationFilterChain.java:164)
	at org.apache.catalina.core.ApplicationFilterChain.doFilter(ApplicationFilterChain.java:140)
	at org.springframework.web.filter.CompositeFilter$VirtualFilterChain.doFilter(CompositeFilter.java:108)
	at org.springframework.web.filter.CompositeFilter$VirtualFilterChain.doFilter(CompositeFilter.java:108)
	at org.springframework.security.web.FilterChainProxy.lambda$doFilterInternal$3(FilterChainProxy.java:231)
	at org.springframework.security.web.ObservationFilterChainDecorator$FilterObservation$SimpleFilterObservation.lambda$wrap$1(ObservationFilterChainDecorator.java:479)
	at org.springframework.security.web.ObservationFilterChainDecorator$AroundFilterObservation$SimpleAroundFilterObservation.lambda$wrap$1(ObservationFilterChainDecorator.java:340)
	at org.springframework.security.web.ObservationFilterChainDecorator.lambda$wrapSecured$0(ObservationFilterChainDecorator.java:82)
	at org.springframework.security.web.ObservationFilterChainDecorator$VirtualFilterChain.doFilter(ObservationFilterChainDecorator.java:128)
	at org.springframework.security.web.access.intercept.AuthorizationFilter.doFilter(AuthorizationFilter.java:101)
	at org.springframework.security.web.ObservationFilterChainDecorator$ObservationFilter.wrapFilter(ObservationFilterChainDecorator.java:240)
	at org.springframework.security.web.ObservationFilterChainDecorator$ObservationFilter.doFilter(ObservationFilterChainDecorator.java:227)
	at org.springframework.security.web.ObservationFilterChainDecorator$VirtualFilterChain.doFilter(ObservationFilterChainDecorator.java:137)
	at org.springframework.security.web.access.ExceptionTranslationFilter.doFilter(ExceptionTranslationFilter.java:125)
	at org.springframework.security.web.access.ExceptionTranslationFilter.doFilter(ExceptionTranslationFilter.java:119)
	at org.springframework.security.web.ObservationFilterChainDecorator$ObservationFilter.wrapFilter(ObservationFilterChainDecorator.java:240)
	at org.springframework.security.web.ObservationFilterChainDecorator$ObservationFilter.doFilter(ObservationFilterChainDecorator.java:227)
	at org.springframework.security.web.ObservationFilterChainDecorator$VirtualFilterChain.doFilter(ObservationFilterChainDecorator.java:137)
	at org.springframework.security.web.session.SessionManagementFilter.doFilter(SessionManagementFilter.java:131)
	at org.springframework.security.web.session.SessionManagementFilter.doFilter(SessionManagementFilter.java:85)
	at org.springframework.security.web.ObservationFilterChainDecorator$ObservationFilter.wrapFilter(ObservationFilterChainDecorator.java:240)
	at org.springframework.security.web.ObservationFilterChainDecorator$ObservationFilter.doFilter(ObservationFilterChainDecorator.java:227)
	at org.springframework.security.web.ObservationFilterChainDecorator$VirtualFilterChain.doFilter(ObservationFilterChainDecorator.java:137)
	at org.springframework.security.web.authentication.AnonymousAuthenticationFilter.doFilter(AnonymousAuthenticationFilter.java:100)
	at org.springframework.security.web.ObservationFilterChainDecorator$ObservationFilter.wrapFilter(ObservationFilterChainDecorator.java:240)
	at org.springframework.security.web.ObservationFilterChainDecorator$ObservationFilter.doFilter(ObservationFilterChainDecorator.java:227)
	at org.springframework.security.web.ObservationFilterChainDecorator$VirtualFilterChain.doFilter(ObservationFilterChainDecorator.java:137)
	at org.springframework.security.web.servletapi.SecurityContextHolderAwareRequestFilter.doFilter(SecurityContextHolderAwareRequestFilter.java:179)
	at org.springframework.security.web.ObservationFilterChainDecorator$ObservationFilter.wrapFilter(ObservationFilterChainDecorator.java:240)
	at org.springframework.security.web.ObservationFilterChainDecorator$ObservationFilter.doFilter(ObservationFilterChainDecorator.java:227)
	at org.springframework.security.web.ObservationFilterChainDecorator$VirtualFilterChain.doFilter(ObservationFilterChainDecorator.java:137)
	at org.springframework.security.web.savedrequest.RequestCacheAwareFilter.doFilter(RequestCacheAwareFilter.java:63)
	at org.springframework.security.web.ObservationFilterChainDecorator$ObservationFilter.wrapFilter(ObservationFilterChainDecorator.java:240)
	at org.springframework.security.web.ObservationFilterChainDecorator$ObservationFilter.doFilter(ObservationFilterChainDecorator.java:227)
	at org.springframework.security.web.ObservationFilterChainDecorator$VirtualFilterChain.doFilter(ObservationFilterChainDecorator.java:137)
	at com.example.ClinicaDefinitiva.infrastructure.security.filter.JwtAuthenticationFilter.doFilterInternal(JwtAuthenticationFilter.java:40)
	at org.springframework.web.filter.OncePerRequestFilter.doFilter(OncePerRequestFilter.java:116)
	at org.springframework.security.web.ObservationFilterChainDecorator$ObservationFilter.wrapFilter(ObservationFilterChainDecorator.java:240)
	at org.springframework.security.web.ObservationFilterChainDecorator$ObservationFilter.doFilter(ObservationFilterChainDecorator.java:227)
	at org.springframework.security.web.ObservationFilterChainDecorator$VirtualFilterChain.doFilter(ObservationFilterChainDecorator.java:137)
	at org.springframework.security.web.authentication.logout.LogoutFilter.doFilter(LogoutFilter.java:107)
	at org.springframework.security.web.authentication.logout.LogoutFilter.doFilter(LogoutFilter.java:93)
	at org.springframework.security.web.ObservationFilterChainDecorator$ObservationFilter.wrapFilter(ObservationFilterChainDecorator.java:240)
	at org.springframework.security.web.ObservationFilterChainDecorator$ObservationFilter.doFilter(ObservationFilterChainDecorator.java:227)
	at org.springframework.security.web.ObservationFilterChainDecorator$VirtualFilterChain.doFilter(ObservationFilterChainDecorator.java:137)
	at org.springframework.security.web.header.HeaderWriterFilter.doHeadersAfter(HeaderWriterFilter.java:90)
	at org.springframework.security.web.header.HeaderWriterFilter.doFilterInternal(HeaderWriterFilter.java:75)
	at org.springframework.web.filter.OncePerRequestFilter.doFilter(OncePerRequestFilter.java:116)
	at org.springframework.security.web.ObservationFilterChainDecorator$ObservationFilter.wrapFilter(ObservationFilterChainDecorator.java:240)
	at org.springframework.security.web.ObservationFilterChainDecorator$ObservationFilter.doFilter(ObservationFilterChainDecorator.java:227)
	at org.springframework.security.web.ObservationFilterChainDecorator$VirtualFilterChain.doFilter(ObservationFilterChainDecorator.java:137)
	at org.springframework.security.web.context.SecurityContextHolderFilter.doFilter(SecurityContextHolderFilter.java:82)
	at org.springframework.security.web.context.SecurityContextHolderFilter.doFilter(SecurityContextHolderFilter.java:69)
	at org.springframework.security.web.ObservationFilterChainDecorator$ObservationFilter.wrapFilter(ObservationFilterChainDecorator.java:240)
	at org.springframework.security.web.ObservationFilterChainDecorator$ObservationFilter.doFilter(ObservationFilterChainDecorator.java:227)
	at org.springframework.security.web.ObservationFilterChainDecorator$VirtualFilterChain.doFilter(ObservationFilterChainDecorator.java:137)
	at org.springframework.security.web.context.request.async.WebAsyncManagerIntegrationFilter.doFilterInternal(WebAsyncManagerIntegrationFilter.java:62)
	at org.springframework.web.filter.OncePerRequestFilter.doFilter(OncePerRequestFilter.java:116)
	at org.springframework.security.web.ObservationFilterChainDecorator$ObservationFilter.wrapFilter(ObservationFilterChainDecorator.java:240)
	at org.springframework.security.web.ObservationFilterChainDecorator$ObservationFilter.doFilter(ObservationFilterChainDecorator.java:227)
	at org.springframework.security.web.ObservationFilterChainDecorator$VirtualFilterChain.doFilter(ObservationFilterChainDecorator.java:137)
	at org.springframework.security.web.session.DisableEncodeUrlFilter.doFilterInternal(DisableEncodeUrlFilter.java:42)
	at org.springframework.web.filter.OncePerRequestFilter.doFilter(OncePerRequestFilter.java:116)
	at org.springframework.security.web.ObservationFilterChainDecorator$ObservationFilter.wrapFilter(ObservationFilterChainDecorator.java:240)
	at org.springframework.security.web.ObservationFilterChainDecorator$AroundFilterObservation$SimpleAroundFilterObservation.lambda$wrap$0(ObservationFilterChainDecorator.java:323)
	at org.springframework.security.web.ObservationFilterChainDecorator$ObservationFilter.doFilter(ObservationFilterChainDecorator.java:224)
	at org.springframework.security.web.ObservationFilterChainDecorator$VirtualFilterChain.doFilter(ObservationFilterChainDecorator.java:137)
	at org.springframework.security.web.FilterChainProxy.doFilterInternal(FilterChainProxy.java:233)
	at org.springframework.security.web.FilterChainProxy.doFilter(FilterChainProxy.java:191)
	at org.springframework.web.filter.CompositeFilter$VirtualFilterChain.doFilter(CompositeFilter.java:113)
	at org.springframework.web.filter.ServletRequestPathFilter.doFilter(ServletRequestPathFilter.java:52)
	at org.springframework.web.filter.CompositeFilter$VirtualFilterChain.doFilter(CompositeFilter.java:113)
	at org.springframework.web.filter.CompositeFilter.doFilter(CompositeFilter.java:74)
	at org.springframework.security.config.annotation.web.configuration.WebSecurityConfiguration$CompositeFilterChainProxy.doFilter(WebSecurityConfiguration.java:319)
	at org.springframework.web.filter.CompositeFilter$VirtualFilterChain.doFilter(CompositeFilter.java:113)
	at org.springframework.web.servlet.handler.HandlerMappingIntrospector.lambda$createCacheFilter$3(HandlerMappingIntrospector.java:243)
	at org.springframework.web.filter.CompositeFilter$VirtualFilterChain.doFilter(CompositeFilter.java:113)
	at org.springframework.web.filter.CompositeFilter.doFilter(CompositeFilter.java:74)
	at org.springframework.security.config.annotation.web.configuration.WebMvcSecurityConfiguration$CompositeFilterChainProxy.doFilter(WebMvcSecurityConfiguration.java:240)
	at org.springframework.web.filter.DelegatingFilterProxy.invokeDelegate(DelegatingFilterProxy.java:362)
	at org.springframework.web.filter.DelegatingFilterProxy.doFilter(DelegatingFilterProxy.java:278)
	at org.apache.catalina.core.ApplicationFilterChain.internalDoFilter(ApplicationFilterChain.java:164)
	at org.apache.catalina.core.ApplicationFilterChain.doFilter(ApplicationFilterChain.java:140)
	at org.springframework.web.filter.RequestContextFilter.doFilterInternal(RequestContextFilter.java:100)
	at org.springframework.web.filter.OncePerRequestFilter.doFilter(OncePerRequestFilter.java:116)
	at org.apache.catalina.core.ApplicationFilterChain.internalDoFilter(ApplicationFilterChain.java:164)
	at org.apache.catalina.core.ApplicationFilterChain.doFilter(ApplicationFilterChain.java:140)
	at org.springframework.web.filter.FormContentFilter.doFilterInternal(FormContentFilter.java:93)
	at org.springframework.web.filter.OncePerRequestFilter.doFilter(OncePerRequestFilter.java:116)
	at org.apache.catalina.core.ApplicationFilterChain.internalDoFilter(ApplicationFilterChain.java:164)
	at org.apache.catalina.core.ApplicationFilterChain.doFilter(ApplicationFilterChain.java:140)
	at org.springframework.web.filter.ServerHttpObservationFilter.doFilterInternal(ServerHttpObservationFilter.java:114)
	at org.springframework.web.filter.OncePerRequestFilter.doFilter(OncePerRequestFilter.java:116)
	at org.apache.catalina.core.ApplicationFilterChain.internalDoFilter(ApplicationFilterChain.java:164)
	at org.apache.catalina.core.ApplicationFilterChain.doFilter(ApplicationFilterChain.java:140)
	at org.springframework.web.filter.CharacterEncodingFilter.doFilterInternal(CharacterEncodingFilter.java:201)
	at org.springframework.web.filter.OncePerRequestFilter.doFilter(OncePerRequestFilter.java:116)
	at org.apache.catalina.core.ApplicationFilterChain.internalDoFilter(ApplicationFilterChain.java:164)
	at org.apache.catalina.core.ApplicationFilterChain.doFilter(ApplicationFilterChain.java:140)
	at org.apache.catalina.core.StandardWrapperValve.invoke(StandardWrapperValve.java:167)
	at org.apache.catalina.core.StandardContextValve.invoke(StandardContextValve.java:90)
	at org.apache.catalina.authenticator.AuthenticatorBase.invoke(AuthenticatorBase.java:483)
	at org.apache.catalina.core.StandardHostValve.invoke(StandardHostValve.java:116)
	at org.apache.catalina.valves.ErrorReportValve.invoke(ErrorReportValve.java:93)
	at org.apache.catalina.core.StandardEngineValve.invoke(StandardEngineValve.java:74)
	at org.apache.catalina.connector.CoyoteAdapter.service(CoyoteAdapter.java:344)
	at org.apache.coyote.http11.Http11Processor.service(Http11Processor.java:398)
	at org.apache.coyote.AbstractProcessorLight.process(AbstractProcessorLight.java:63)
	at org.apache.coyote.AbstractProtocol$ConnectionHandler.process(AbstractProtocol.java:903)
	at org.apache.tomcat.util.net.NioEndpoint$SocketProcessor.doRun(NioEndpoint.java:1740)
	at org.apache.tomcat.util.net.SocketProcessorBase.run(SocketProcessorBase.java:52)
	at org.apache.tomcat.util.threads.ThreadPoolExecutor.runWorker(ThreadPoolExecutor.java:1189)
	at org.apache.tomcat.util.threads.ThreadPoolExecutor$Worker.run(ThreadPoolExecutor.java:658)
	at org.apache.tomcat.util.threads.TaskThread$WrappingRunnable.run(TaskThread.java:63)
	at java.base/java.lang.Thread.run(Thread.java:842)
2026-04-13 11:13:59 DEBUG [http-nio-8080-exec-2] o.s.w.s.m.m.a.HttpEntityMethodProcessor - Using 'application/json', given [*/*] and supported [application/json, application/*+json]
2026-04-13 11:13:59 DEBUG [http-nio-8080-exec-2] o.s.w.s.m.m.a.HttpEntityMethodProcessor - Writing [com.example.ClinicaDefinitiva.infrastructure.advice.ErrorResponse@7856a245]
2026-04-13 11:13:59 DEBUG [http-nio-8080-exec-2] o.s.w.s.m.m.a.ExceptionHandlerExceptionResolver - Resolved [java.lang.IllegalArgumentException: Tipo de servicio desconocido: GENERAL]
2026-04-13 11:13:59 DEBUG [http-nio-8080-exec-2] o.s.web.servlet.DispatcherServlet - Completed 500 INTERNAL_SERVER_ERROR
2026-04-13 11:19:13 DEBUG [http-nio-8080-exec-5] o.s.security.web.FilterChainProxy - Securing POST /api/v1/services
2026-04-13 11:19:13 TRACE [http-nio-8080-exec-5] o.s.s.w.a.logout.LogoutFilter - Did not match request to Or [Ant [pattern='/logout', GET], Ant [pattern='/logout', POST], Ant [pattern='/logout', PUT], Ant [pattern='/logout', DELETE]]
2026-04-13 11:19:13 TRACE [http-nio-8080-exec-5] o.s.s.w.a.AnonymousAuthenticationFilter - Did not set SecurityContextHolder since already authenticated UsernamePasswordAuthenticationToken [Principal=com.example.ClinicaDefinitiva.infrastructure.security.adapter.CustomUserDetails@118e6ab8, Credentials=[PROTECTED], Authenticated=true, Details=null, Granted Authorities=[UPDATE_INFORMATION_PROVIDED_SERVICE, READ_ROLE, UPDATE_COMPANY, UPDATE_INVOICE, CREATE_CUSTOM_ROLE, UPDATE_JOURNAL_ENTRY, REVERSE_JOURNAL_ENTRY, CREATE_CONTRACT, SET_PERMISSIONS_ROLE, READ_USER_IDENTITY, IS_CURRENTLY_ACTIVE_ASSIGNMENT, READ_RATE, READ_APPOINTMENT, DEACTIVATE_PROVIDED_SERVICE, READ_DENTIST, CREATE_COMPANY, ACTIVATE_PROVIDED_SERVICE, DELETE_INVOICE, CREATE_PROVIDED_SERVICE, UPDATE_PAYMENT, CHECK_ROLE, ACTIVATE_USER_IDENTITY, READ_PATIENT, DELETE_ROLE, READ_ADMINISTRATIVE_REPORT, UPDATE_PRICE_PROVIDED_SERVICE, READ_CONTRACT, DELETE_ADMINISTRATIVE_REPORT, DEACTIVATE_USER_IDENTITY, REVERSE_INVOICE, APPROVE_INVOICE, READ_PROVIDED_SERVICE, REVOKE_ASSIGNMENT, DEACTIVATE_ROLE, READ_AVAILABILITY, READ_RECEPTIONIST, DELETE_RATE, SUSPEND_ROLE, UPDATE_PRIMARY_ASSIGNMENT, REMOVE_ROLE, CREATE_USER_IDENTITY, ADD_ROLE, DELETE_CONTRACT, DELETE_PAYMENT, DELETE_ASSIGNMENT, ACTIVATE_ROLE, EXTEND_ASSIGNMENT, READ_COMPANY, UPDATE_ADMINISTRATIVE_REPORT, CREATE_PAYMENT, UPDATE_USER_IDENTITY, READ_GUARDIAN, MARK_DELETED_ROLE, UPDATE_CONTRACT, DELETE_COMPANY, IS_ACTIVE_AT_ASSIGNMENT, READ_ASSIGNMENT, POST_INVOICE, REVOKE_ALL_ASSIGNMENT, CREATE_JOURNAL_ENTRY, CREATE_ADMINISTRATIVE_REPORT, UPDATE_DETAILS_PROVIDED_SERVICE, READ_SHIFT, POST_JOURNAL_ENTRY, ROLE_ADMINISTRATOR, CREATE_TEMPORARY_ASSIGNMENT, READ_PAYMENT, CREATE_RATE, READ_INVOICE, UPDATE_RATE, DELETE_JOURNAL_ENTRY, CLONE_ROLE, READ_JOURNAL_ENTRY, CREATE_PERMANENT_ASSIGNMENT, CREATE_INVOICE, SUSPEND_USER_IDENTITY]]
2026-04-13 11:19:13 TRACE [http-nio-8080-exec-5] o.s.s.w.a.s.CompositeSessionAuthenticationStrategy - Preparing session with ChangeSessionIdAuthenticationStrategy (1/1)
2026-04-13 11:19:13 DEBUG [http-nio-8080-exec-5] o.s.security.web.FilterChainProxy - Secured POST /api/v1/services
2026-04-13 11:19:13 DEBUG [http-nio-8080-exec-5] o.s.web.servlet.DispatcherServlet - POST "/api/v1/services", parameters={}
2026-04-13 11:19:13 DEBUG [http-nio-8080-exec-5] o.s.w.s.m.m.a.RequestMappingHandlerMapping - Mapped to com.example.ClinicaDefinitiva.infrastructure.rest.dentalService.controller.ProvidedServiceController#create(CreateServiceRequest, CustomUserDetails)
2026-04-13 11:19:13 DEBUG [http-nio-8080-exec-5] o.s.w.s.m.m.a.RequestResponseBodyMethodProcessor - Read "application/json;charset=UTF-8" to [CreateServiceRequest[name=Profilaxis y Limpieza, categoryId=2, categoryName=PROPHYLAXIS, categoryTyp (truncated)...]
2026-04-13 11:19:13 DEBUG [http-nio-8080-exec-5] o.s.w.s.m.m.a.ExceptionHandlerExceptionResolver - Using @ExceptionHandler com.example.ClinicaDefinitiva.infrastructure.advice.GlobalControllerAdvice#handleGenericException(Exception)
2026-04-13 11:19:13 ERROR [http-nio-8080-exec-5] c.e.C.i.a.GlobalControllerAdvice - Error interno no manejado [requestId=45e30ba4-502d-4cb0-aa3d-42cf9e8c476d, usuario=admin@test.com]
java.lang.IllegalArgumentException: Tipo de servicio desconocido: GENERAL
	at com.example.ClinicaDefinitiva.domain.dentalService.service.ServiceDetailsFactory.fromMap(ServiceDetailsFactory.java:141)
	at com.example.ClinicaDefinitiva.application.dentalService.service.ProvidedServiceApplicationService.create(ProvidedServiceApplicationService.java:194)
	at java.base/jdk.internal.reflect.NativeMethodAccessorImpl.invoke0(Native Method)
	at java.base/jdk.internal.reflect.NativeMethodAccessorImpl.invoke(NativeMethodAccessorImpl.java:77)
	at java.base/jdk.internal.reflect.DelegatingMethodAccessorImpl.invoke(DelegatingMethodAccessorImpl.java:43)
	at java.base/java.lang.reflect.Method.invoke(Method.java:568)
	at org.springframework.aop.support.AopUtils.invokeJoinpointUsingReflection(AopUtils.java:359)
	at org.springframework.aop.framework.ReflectiveMethodInvocation.invokeJoinpoint(ReflectiveMethodInvocation.java:196)
	at org.springframework.aop.framework.ReflectiveMethodInvocation.proceed(ReflectiveMethodInvocation.java:163)
	at org.springframework.aop.aspectj.MethodInvocationProceedingJoinPoint.proceed(MethodInvocationProceedingJoinPoint.java:89)
	at com.example.ClinicaDefinitiva.infrastructure.security.config.AuthorizationAspect.checkPermission(AuthorizationAspect.java:76)
	at java.base/jdk.internal.reflect.NativeMethodAccessorImpl.invoke0(Native Method)
	at java.base/jdk.internal.reflect.NativeMethodAccessorImpl.invoke(NativeMethodAccessorImpl.java:77)
	at java.base/jdk.internal.reflect.DelegatingMethodAccessorImpl.invoke(DelegatingMethodAccessorImpl.java:43)
	at java.base/java.lang.reflect.Method.invoke(Method.java:568)
	at org.springframework.aop.aspectj.AbstractAspectJAdvice.invokeAdviceMethodWithGivenArgs(AbstractAspectJAdvice.java:642)
	at org.springframework.aop.aspectj.AbstractAspectJAdvice.invokeAdviceMethod(AbstractAspectJAdvice.java:632)
	at org.springframework.aop.aspectj.AspectJAroundAdvice.invoke(AspectJAroundAdvice.java:71)
	at org.springframework.aop.framework.ReflectiveMethodInvocation.proceed(ReflectiveMethodInvocation.java:173)
	at org.springframework.transaction.interceptor.TransactionAspectSupport.invokeWithinTransaction(TransactionAspectSupport.java:380)
	at org.springframework.transaction.interceptor.TransactionInterceptor.invoke(TransactionInterceptor.java:119)
	at org.springframework.aop.framework.ReflectiveMethodInvocation.proceed(ReflectiveMethodInvocation.java:184)
	at org.springframework.aop.interceptor.ExposeInvocationInterceptor.invoke(ExposeInvocationInterceptor.java:97)
	at org.springframework.aop.framework.ReflectiveMethodInvocation.proceed(ReflectiveMethodInvocation.java:184)
	at org.springframework.aop.framework.CglibAopProxy$DynamicAdvisedInterceptor.intercept(CglibAopProxy.java:728)
	at com.example.ClinicaDefinitiva.application.dentalService.service.ProvidedServiceApplicationService$$SpringCGLIB$$0.create(<generated>)
	at com.example.ClinicaDefinitiva.infrastructure.rest.dentalService.controller.ProvidedServiceController.create(ProvidedServiceController.java:151)
	at java.base/jdk.internal.reflect.NativeMethodAccessorImpl.invoke0(Native Method)
	at java.base/jdk.internal.reflect.NativeMethodAccessorImpl.invoke(NativeMethodAccessorImpl.java:77)
	at java.base/jdk.internal.reflect.DelegatingMethodAccessorImpl.invoke(DelegatingMethodAccessorImpl.java:43)
	at java.base/java.lang.reflect.Method.invoke(Method.java:568)
	at org.springframework.aop.support.AopUtils.invokeJoinpointUsingReflection(AopUtils.java:359)
	at org.springframework.aop.framework.ReflectiveMethodInvocation.invokeJoinpoint(ReflectiveMethodInvocation.java:196)
	at org.springframework.aop.framework.ReflectiveMethodInvocation.proceed(ReflectiveMethodInvocation.java:163)
	at org.springframework.validation.beanvalidation.MethodValidationInterceptor.invoke(MethodValidationInterceptor.java:174)
	at org.springframework.aop.framework.ReflectiveMethodInvocation.proceed(ReflectiveMethodInvocation.java:184)
	at org.springframework.aop.framework.CglibAopProxy$DynamicAdvisedInterceptor.intercept(CglibAopProxy.java:728)
	at com.example.ClinicaDefinitiva.infrastructure.rest.dentalService.controller.ProvidedServiceController$$SpringCGLIB$$0.create(<generated>)
	at java.base/jdk.internal.reflect.NativeMethodAccessorImpl.invoke0(Native Method)
	at java.base/jdk.internal.reflect.NativeMethodAccessorImpl.invoke(NativeMethodAccessorImpl.java:77)
	at java.base/jdk.internal.reflect.DelegatingMethodAccessorImpl.invoke(DelegatingMethodAccessorImpl.java:43)
	at java.base/java.lang.reflect.Method.invoke(Method.java:568)
	at org.springframework.web.method.support.InvocableHandlerMethod.doInvoke(InvocableHandlerMethod.java:258)
	at org.springframework.web.method.support.InvocableHandlerMethod.invokeForRequest(InvocableHandlerMethod.java:191)
	at org.springframework.web.servlet.mvc.method.annotation.ServletInvocableHandlerMethod.invokeAndHandle(ServletInvocableHandlerMethod.java:118)
	at org.springframework.web.servlet.mvc.method.annotation.RequestMappingHandlerAdapter.invokeHandlerMethod(RequestMappingHandlerAdapter.java:986)
	at org.springframework.web.servlet.mvc.method.annotation.RequestMappingHandlerAdapter.handleInternal(RequestMappingHandlerAdapter.java:891)
	at org.springframework.web.servlet.mvc.method.AbstractHandlerMethodAdapter.handle(AbstractHandlerMethodAdapter.java:87)
	at org.springframework.web.servlet.DispatcherServlet.doDispatch(DispatcherServlet.java:1089)
	at org.springframework.web.servlet.DispatcherServlet.doService(DispatcherServlet.java:979)
	at org.springframework.web.servlet.FrameworkServlet.processRequest(FrameworkServlet.java:1014)
	at org.springframework.web.servlet.FrameworkServlet.doPost(FrameworkServlet.java:914)
	at jakarta.servlet.http.HttpServlet.service(HttpServlet.java:590)
	at org.springframework.web.servlet.FrameworkServlet.service(FrameworkServlet.java:885)
	at jakarta.servlet.http.HttpServlet.service(HttpServlet.java:658)
	at org.apache.catalina.core.ApplicationFilterChain.internalDoFilter(ApplicationFilterChain.java:195)
	at org.apache.catalina.core.ApplicationFilterChain.doFilter(ApplicationFilterChain.java:140)
	at org.apache.tomcat.websocket.server.WsFilter.doFilter(WsFilter.java:51)
	at org.apache.catalina.core.ApplicationFilterChain.internalDoFilter(ApplicationFilterChain.java:164)
	at org.apache.catalina.core.ApplicationFilterChain.doFilter(ApplicationFilterChain.java:140)
	at com.example.ClinicaDefinitiva.util.RequestIdFilter.doFilterInternal(RequestIdFilter.java:76)
	at org.springframework.web.filter.OncePerRequestFilter.doFilter(OncePerRequestFilter.java:116)
	at org.apache.catalina.core.ApplicationFilterChain.internalDoFilter(ApplicationFilterChain.java:164)
	at org.apache.catalina.core.ApplicationFilterChain.doFilter(ApplicationFilterChain.java:140)
	at org.springframework.web.filter.CompositeFilter$VirtualFilterChain.doFilter(CompositeFilter.java:108)
	at org.springframework.web.filter.CompositeFilter$VirtualFilterChain.doFilter(CompositeFilter.java:108)
	at org.springframework.security.web.FilterChainProxy.lambda$doFilterInternal$3(FilterChainProxy.java:231)
	at org.springframework.security.web.ObservationFilterChainDecorator$FilterObservation$SimpleFilterObservation.lambda$wrap$1(ObservationFilterChainDecorator.java:479)
	at org.springframework.security.web.ObservationFilterChainDecorator$AroundFilterObservation$SimpleAroundFilterObservation.lambda$wrap$1(ObservationFilterChainDecorator.java:340)
	at org.springframework.security.web.ObservationFilterChainDecorator.lambda$wrapSecured$0(ObservationFilterChainDecorator.java:82)
	at org.springframework.security.web.ObservationFilterChainDecorator$VirtualFilterChain.doFilter(ObservationFilterChainDecorator.java:128)
	at org.springframework.security.web.access.intercept.AuthorizationFilter.doFilter(AuthorizationFilter.java:101)
	at org.springframework.security.web.ObservationFilterChainDecorator$ObservationFilter.wrapFilter(ObservationFilterChainDecorator.java:240)
	at org.springframework.security.web.ObservationFilterChainDecorator$ObservationFilter.doFilter(ObservationFilterChainDecorator.java:227)
	at org.springframework.security.web.ObservationFilterChainDecorator$VirtualFilterChain.doFilter(ObservationFilterChainDecorator.java:137)
	at org.springframework.security.web.access.ExceptionTranslationFilter.doFilter(ExceptionTranslationFilter.java:125)
	at org.springframework.security.web.access.ExceptionTranslationFilter.doFilter(ExceptionTranslationFilter.java:119)
	at org.springframework.security.web.ObservationFilterChainDecorator$ObservationFilter.wrapFilter(ObservationFilterChainDecorator.java:240)
	at org.springframework.security.web.ObservationFilterChainDecorator$ObservationFilter.doFilter(ObservationFilterChainDecorator.java:227)
	at org.springframework.security.web.ObservationFilterChainDecorator$VirtualFilterChain.doFilter(ObservationFilterChainDecorator.java:137)
	at org.springframework.security.web.session.SessionManagementFilter.doFilter(SessionManagementFilter.java:131)
	at org.springframework.security.web.session.SessionManagementFilter.doFilter(SessionManagementFilter.java:85)
	at org.springframework.security.web.ObservationFilterChainDecorator$ObservationFilter.wrapFilter(ObservationFilterChainDecorator.java:240)
	at org.springframework.security.web.ObservationFilterChainDecorator$ObservationFilter.doFilter(ObservationFilterChainDecorator.java:227)
	at org.springframework.security.web.ObservationFilterChainDecorator$VirtualFilterChain.doFilter(ObservationFilterChainDecorator.java:137)
	at org.springframework.security.web.authentication.AnonymousAuthenticationFilter.doFilter(AnonymousAuthenticationFilter.java:100)
	at org.springframework.security.web.ObservationFilterChainDecorator$ObservationFilter.wrapFilter(ObservationFilterChainDecorator.java:240)
	at org.springframework.security.web.ObservationFilterChainDecorator$ObservationFilter.doFilter(ObservationFilterChainDecorator.java:227)
	at org.springframework.security.web.ObservationFilterChainDecorator$VirtualFilterChain.doFilter(ObservationFilterChainDecorator.java:137)
	at org.springframework.security.web.servletapi.SecurityContextHolderAwareRequestFilter.doFilter(SecurityContextHolderAwareRequestFilter.java:179)
	at org.springframework.security.web.ObservationFilterChainDecorator$ObservationFilter.wrapFilter(ObservationFilterChainDecorator.java:240)
	at org.springframework.security.web.ObservationFilterChainDecorator$ObservationFilter.doFilter(ObservationFilterChainDecorator.java:227)
	at org.springframework.security.web.ObservationFilterChainDecorator$VirtualFilterChain.doFilter(ObservationFilterChainDecorator.java:137)
	at org.springframework.security.web.savedrequest.RequestCacheAwareFilter.doFilter(RequestCacheAwareFilter.java:63)
	at org.springframework.security.web.ObservationFilterChainDecorator$ObservationFilter.wrapFilter(ObservationFilterChainDecorator.java:240)
	at org.springframework.security.web.ObservationFilterChainDecorator$ObservationFilter.doFilter(ObservationFilterChainDecorator.java:227)
	at org.springframework.security.web.ObservationFilterChainDecorator$VirtualFilterChain.doFilter(ObservationFilterChainDecorator.java:137)
	at com.example.ClinicaDefinitiva.infrastructure.security.filter.JwtAuthenticationFilter.doFilterInternal(JwtAuthenticationFilter.java:40)
	at org.springframework.web.filter.OncePerRequestFilter.doFilter(OncePerRequestFilter.java:116)
	at org.springframework.security.web.ObservationFilterChainDecorator$ObservationFilter.wrapFilter(ObservationFilterChainDecorator.java:240)
	at org.springframework.security.web.ObservationFilterChainDecorator$ObservationFilter.doFilter(ObservationFilterChainDecorator.java:227)
	at org.springframework.security.web.ObservationFilterChainDecorator$VirtualFilterChain.doFilter(ObservationFilterChainDecorator.java:137)
	at org.springframework.security.web.authentication.logout.LogoutFilter.doFilter(LogoutFilter.java:107)
	at org.springframework.security.web.authentication.logout.LogoutFilter.doFilter(LogoutFilter.java:93)
	at org.springframework.security.web.ObservationFilterChainDecorator$ObservationFilter.wrapFilter(ObservationFilterChainDecorator.java:240)
	at org.springframework.security.web.ObservationFilterChainDecorator$ObservationFilter.doFilter(ObservationFilterChainDecorator.java:227)
	at org.springframework.security.web.ObservationFilterChainDecorator$VirtualFilterChain.doFilter(ObservationFilterChainDecorator.java:137)
	at org.springframework.security.web.header.HeaderWriterFilter.doHeadersAfter(HeaderWriterFilter.java:90)
	at org.springframework.security.web.header.HeaderWriterFilter.doFilterInternal(HeaderWriterFilter.java:75)
	at org.springframework.web.filter.OncePerRequestFilter.doFilter(OncePerRequestFilter.java:116)
	at org.springframework.security.web.ObservationFilterChainDecorator$ObservationFilter.wrapFilter(ObservationFilterChainDecorator.java:240)
	at org.springframework.security.web.ObservationFilterChainDecorator$ObservationFilter.doFilter(ObservationFilterChainDecorator.java:227)
	at org.springframework.security.web.ObservationFilterChainDecorator$VirtualFilterChain.doFilter(ObservationFilterChainDecorator.java:137)
	at org.springframework.security.web.context.SecurityContextHolderFilter.doFilter(SecurityContextHolderFilter.java:82)
	at org.springframework.security.web.context.SecurityContextHolderFilter.doFilter(SecurityContextHolderFilter.java:69)
	at org.springframework.security.web.ObservationFilterChainDecorator$ObservationFilter.wrapFilter(ObservationFilterChainDecorator.java:240)
	at org.springframework.security.web.ObservationFilterChainDecorator$ObservationFilter.doFilter(ObservationFilterChainDecorator.java:227)
	at org.springframework.security.web.ObservationFilterChainDecorator$VirtualFilterChain.doFilter(ObservationFilterChainDecorator.java:137)
	at org.springframework.security.web.context.request.async.WebAsyncManagerIntegrationFilter.doFilterInternal(WebAsyncManagerIntegrationFilter.java:62)
	at org.springframework.web.filter.OncePerRequestFilter.doFilter(OncePerRequestFilter.java:116)
	at org.springframework.security.web.ObservationFilterChainDecorator$ObservationFilter.wrapFilter(ObservationFilterChainDecorator.java:240)
	at org.springframework.security.web.ObservationFilterChainDecorator$ObservationFilter.doFilter(ObservationFilterChainDecorator.java:227)
	at org.springframework.security.web.ObservationFilterChainDecorator$VirtualFilterChain.doFilter(ObservationFilterChainDecorator.java:137)
	at org.springframework.security.web.session.DisableEncodeUrlFilter.doFilterInternal(DisableEncodeUrlFilter.java:42)
	at org.springframework.web.filter.OncePerRequestFilter.doFilter(OncePerRequestFilter.java:116)
	at org.springframework.security.web.ObservationFilterChainDecorator$ObservationFilter.wrapFilter(ObservationFilterChainDecorator.java:240)
	at org.springframework.security.web.ObservationFilterChainDecorator$AroundFilterObservation$SimpleAroundFilterObservation.lambda$wrap$0(ObservationFilterChainDecorator.java:323)
	at org.springframework.security.web.ObservationFilterChainDecorator$ObservationFilter.doFilter(ObservationFilterChainDecorator.java:224)
	at org.springframework.security.web.ObservationFilterChainDecorator$VirtualFilterChain.doFilter(ObservationFilterChainDecorator.java:137)
	at org.springframework.security.web.FilterChainProxy.doFilterInternal(FilterChainProxy.java:233)
	at org.springframework.security.web.FilterChainProxy.doFilter(FilterChainProxy.java:191)
	at org.springframework.web.filter.CompositeFilter$VirtualFilterChain.doFilter(CompositeFilter.java:113)
	at org.springframework.web.filter.ServletRequestPathFilter.doFilter(ServletRequestPathFilter.java:52)
	at org.springframework.web.filter.CompositeFilter$VirtualFilterChain.doFilter(CompositeFilter.java:113)
	at org.springframework.web.filter.CompositeFilter.doFilter(CompositeFilter.java:74)
	at org.springframework.security.config.annotation.web.configuration.WebSecurityConfiguration$CompositeFilterChainProxy.doFilter(WebSecurityConfiguration.java:319)
	at org.springframework.web.filter.CompositeFilter$VirtualFilterChain.doFilter(CompositeFilter.java:113)
	at org.springframework.web.servlet.handler.HandlerMappingIntrospector.lambda$createCacheFilter$3(HandlerMappingIntrospector.java:243)
	at org.springframework.web.filter.CompositeFilter$VirtualFilterChain.doFilter(CompositeFilter.java:113)
	at org.springframework.web.filter.CompositeFilter.doFilter(CompositeFilter.java:74)
	at org.springframework.security.config.annotation.web.configuration.WebMvcSecurityConfiguration$CompositeFilterChainProxy.doFilter(WebMvcSecurityConfiguration.java:240)
	at org.springframework.web.filter.DelegatingFilterProxy.invokeDelegate(DelegatingFilterProxy.java:362)
	at org.springframework.web.filter.DelegatingFilterProxy.doFilter(DelegatingFilterProxy.java:278)
	at org.apache.catalina.core.ApplicationFilterChain.internalDoFilter(ApplicationFilterChain.java:164)
	at org.apache.catalina.core.ApplicationFilterChain.doFilter(ApplicationFilterChain.java:140)
	at org.springframework.web.filter.RequestContextFilter.doFilterInternal(RequestContextFilter.java:100)
	at org.springframework.web.filter.OncePerRequestFilter.doFilter(OncePerRequestFilter.java:116)
	at org.apache.catalina.core.ApplicationFilterChain.internalDoFilter(ApplicationFilterChain.java:164)
	at org.apache.catalina.core.ApplicationFilterChain.doFilter(ApplicationFilterChain.java:140)
	at org.springframework.web.filter.FormContentFilter.doFilterInternal(FormContentFilter.java:93)
	at org.springframework.web.filter.OncePerRequestFilter.doFilter(OncePerRequestFilter.java:116)
	at org.apache.catalina.core.ApplicationFilterChain.internalDoFilter(ApplicationFilterChain.java:164)
	at org.apache.catalina.core.ApplicationFilterChain.doFilter(ApplicationFilterChain.java:140)
	at org.springframework.web.filter.ServerHttpObservationFilter.doFilterInternal(ServerHttpObservationFilter.java:114)
	at org.springframework.web.filter.OncePerRequestFilter.doFilter(OncePerRequestFilter.java:116)
	at org.apache.catalina.core.ApplicationFilterChain.internalDoFilter(ApplicationFilterChain.java:164)
	at org.apache.catalina.core.ApplicationFilterChain.doFilter(ApplicationFilterChain.java:140)
	at org.springframework.web.filter.CharacterEncodingFilter.doFilterInternal(CharacterEncodingFilter.java:201)
	at org.springframework.web.filter.OncePerRequestFilter.doFilter(OncePerRequestFilter.java:116)
	at org.apache.catalina.core.ApplicationFilterChain.internalDoFilter(ApplicationFilterChain.java:164)
	at org.apache.catalina.core.ApplicationFilterChain.doFilter(ApplicationFilterChain.java:140)
	at org.apache.catalina.core.StandardWrapperValve.invoke(StandardWrapperValve.java:167)
	at org.apache.catalina.core.StandardContextValve.invoke(StandardContextValve.java:90)
	at org.apache.catalina.authenticator.AuthenticatorBase.invoke(AuthenticatorBase.java:483)
	at org.apache.catalina.core.StandardHostValve.invoke(StandardHostValve.java:116)
	at org.apache.catalina.valves.ErrorReportValve.invoke(ErrorReportValve.java:93)
	at org.apache.catalina.core.StandardEngineValve.invoke(StandardEngineValve.java:74)
	at org.apache.catalina.connector.CoyoteAdapter.service(CoyoteAdapter.java:344)
	at org.apache.coyote.http11.Http11Processor.service(Http11Processor.java:398)
	at org.apache.coyote.AbstractProcessorLight.process(AbstractProcessorLight.java:63)
	at org.apache.coyote.AbstractProtocol$ConnectionHandler.process(AbstractProtocol.java:903)
	at org.apache.tomcat.util.net.NioEndpoint$SocketProcessor.doRun(NioEndpoint.java:1740)
	at org.apache.tomcat.util.net.SocketProcessorBase.run(SocketProcessorBase.java:52)
	at org.apache.tomcat.util.threads.ThreadPoolExecutor.runWorker(ThreadPoolExecutor.java:1189)
	at org.apache.tomcat.util.threads.ThreadPoolExecutor$Worker.run(ThreadPoolExecutor.java:658)
	at org.apache.tomcat.util.threads.TaskThread$WrappingRunnable.run(TaskThread.java:63)
	at java.base/java.lang.Thread.run(Thread.java:842)
2026-04-13 11:19:13 DEBUG [http-nio-8080-exec-5] o.s.w.s.m.m.a.HttpEntityMethodProcessor - Using 'application/json', given [*/*] and supported [application/json, application/*+json]
2026-04-13 11:19:14 DEBUG [http-nio-8080-exec-5] o.s.w.s.m.m.a.HttpEntityMethodProcessor - Writing [com.example.ClinicaDefinitiva.infrastructure.advice.ErrorResponse@7c8dd1ac]
2026-04-13 11:19:14 DEBUG [http-nio-8080-exec-5] o.s.w.s.m.m.a.ExceptionHandlerExceptionResolver - Resolved [java.lang.IllegalArgumentException: Tipo de servicio desconocido: GENERAL]
2026-04-13 11:19:14 DEBUG [http-nio-8080-exec-5] o.s.web.servlet.DispatcherServlet - Completed 500 INTERNAL_SERVER_ERROR
2026-04-13 11:55:12 INFO  [background-preinit] o.h.validator.internal.util.Version - HV000001: Hibernate Validator 8.0.2.Final
2026-04-13 11:55:12 DEBUG [background-preinit] o.h.v.i.x.config.ValidationXmlParser - Trying to load META-INF/validation.xml for XML based Validator configuration.
2026-04-13 11:55:12 DEBUG [background-preinit] o.h.v.i.x.c.ResourceLoaderHelper - Trying to load META-INF/validation.xml via TCCL
2026-04-13 11:55:12 DEBUG [background-preinit] o.h.v.i.x.c.ResourceLoaderHelper - Trying to load META-INF/validation.xml via Hibernate Validator's class loader
2026-04-13 11:55:12 DEBUG [background-preinit] o.h.v.i.x.config.ValidationXmlParser - No META-INF/validation.xml found. Using annotation based configuration only.
2026-04-13 11:55:12 DEBUG [background-preinit] o.h.v.i.e.r.TraversableResolvers - Found jakarta.persistence.Persistence on classpath containing 'getPersistenceUtil'. Assuming JPA 2 environment. Trying to instantiate JPA aware TraversableResolver
2026-04-13 11:55:12 DEBUG [background-preinit] o.h.v.i.e.r.TraversableResolvers - Instantiated JPA aware TraversableResolver of type org.hibernate.validator.internal.engine.resolver.JPATraversableResolver.
2026-04-13 11:55:12 DEBUG [background-preinit] o.h.v.m.ResourceBundleMessageInterpolator - Loaded expression factory via original TCCL
2026-04-13 11:55:12 INFO  [main] c.e.C.ClinicaDefinitivaApplication - Starting ClinicaDefinitivaApplication using Java 17.0.10 with PID 22544 (C:\Users\David\OneDrive\Documents\proyectosJava\ClinicaDefinitiva\target\classes started by David in C:\Users\David\OneDrive\Documents\proyectosJava\ClinicaDefinitiva)
2026-04-13 11:55:12 INFO  [main] c.e.C.ClinicaDefinitivaApplication - No active profile set, falling back to 1 default profile: "default"
2026-04-13 11:55:13 DEBUG [background-preinit] o.h.v.i.e.ValidatorFactoryConfigurationHelper - HV000252: Using org.hibernate.validator.internal.engine.DefaultPropertyNodeNameProvider as property node name provider.
2026-04-13 11:55:13 DEBUG [background-preinit] o.h.v.i.e.ValidatorFactoryConfigurationHelper - HV000234: Using org.hibernate.validator.messageinterpolation.ResourceBundleMessageInterpolator as ValidatorFactory-scoped message interpolator.
2026-04-13 11:55:13 DEBUG [background-preinit] o.h.v.i.e.ValidatorFactoryConfigurationHelper - HV000234: Using org.hibernate.validator.internal.engine.resolver.JPATraversableResolver as ValidatorFactory-scoped traversable resolver.
2026-04-13 11:55:13 DEBUG [background-preinit] o.h.v.i.e.ValidatorFactoryConfigurationHelper - HV000234: Using org.hibernate.validator.internal.util.ExecutableParameterNameProvider as ValidatorFactory-scoped parameter name provider.
2026-04-13 11:55:13 DEBUG [background-preinit] o.h.v.i.e.ValidatorFactoryConfigurationHelper - HV000234: Using org.hibernate.validator.internal.engine.DefaultClockProvider as ValidatorFactory-scoped clock provider.
2026-04-13 11:55:13 DEBUG [background-preinit] o.h.v.i.e.ValidatorFactoryConfigurationHelper - HV000234: Using org.hibernate.validator.internal.engine.scripting.DefaultScriptEvaluatorFactory as ValidatorFactory-scoped script evaluator factory.
2026-04-13 11:55:20 INFO  [main] o.s.d.r.c.RepositoryConfigurationDelegate - Bootstrapping Spring Data JPA repositories in DEFAULT mode.
2026-04-13 11:55:22 INFO  [main] o.s.d.r.c.RepositoryConfigurationDelegate - Finished Spring Data repository scanning in 1954 ms. Found 21 JPA repository interfaces.
2026-04-13 11:55:26 INFO  [main] o.s.b.w.e.tomcat.TomcatWebServer - Tomcat initialized with port 8080 (http)
2026-04-13 11:55:26 INFO  [main] o.a.coyote.http11.Http11NioProtocol - Initializing ProtocolHandler ["http-nio-8080"]
2026-04-13 11:55:26 INFO  [main] o.a.catalina.core.StandardService - Starting service [Tomcat]
2026-04-13 11:55:26 INFO  [main] o.a.catalina.core.StandardEngine - Starting Servlet engine: [Apache Tomcat/10.1.41]
2026-04-13 11:55:26 INFO  [main] o.a.c.c.C.[Tomcat].[localhost].[/] - Initializing Spring embedded WebApplicationContext
2026-04-13 11:55:26 INFO  [main] o.s.b.w.s.c.ServletWebServerApplicationContext - Root WebApplicationContext: initialization completed in 13694 ms
2026-04-13 11:55:27 DEBUG [main] o.s.w.f.ServerHttpObservationFilter - Filter 'webMvcObservationFilter' configured for use
2026-04-13 11:55:28 INFO  [main] o.h.jpa.internal.util.LogHelper - HHH000204: Processing PersistenceUnitInfo [name: default]
2026-04-13 11:55:29 INFO  [main] org.hibernate.Version - HHH000412: Hibernate ORM core version 6.6.15.Final
2026-04-13 11:55:29 INFO  [main] o.h.c.i.RegionFactoryInitiator - HHH000026: Second-level cache disabled
2026-04-13 11:55:30 INFO  [main] o.s.o.j.p.SpringPersistenceUnitInfo - No LoadTimeWeaver setup: ignoring JPA class transformer
2026-04-13 11:55:30 INFO  [main] com.zaxxer.hikari.HikariDataSource - HikariPool-1 - Starting...
2026-04-13 11:55:31 INFO  [main] com.zaxxer.hikari.pool.HikariPool - HikariPool-1 - Added connection com.mysql.cj.jdbc.ConnectionImpl@471a9e8c
2026-04-13 11:55:31 INFO  [main] com.zaxxer.hikari.HikariDataSource - HikariPool-1 - Start completed.
2026-04-13 11:55:31 WARN  [main] org.hibernate.dialect.Dialect - HHH000511: The 5.5.5 version for [org.hibernate.dialect.MySQLDialect] is no longer supported, hence certain features may not work properly. The minimum supported version is 8.0.0. Check the community dialects project for available legacy versions.
2026-04-13 11:55:31 WARN  [main] org.hibernate.orm.deprecation - HHH90000025: MySQLDialect does not need to be specified explicitly using 'hibernate.dialect' (remove the property setting and it will be selected by default)
2026-04-13 11:55:31 INFO  [main] o.hibernate.orm.connections.pooling - HHH10001005: Database info:
	Database JDBC URL [Connecting through datasource 'HikariDataSource (HikariPool-1)']
	Database driver: undefined/unknown
	Database version: 5.5.5
	Autocommit mode: undefined/unknown
	Isolation level: undefined/unknown
	Minimum pool size: undefined/unknown
	Maximum pool size: undefined/unknown
2026-04-13 11:55:33 DEBUG [main] o.h.v.i.x.config.ValidationXmlParser - Trying to load META-INF/validation.xml for XML based Validator configuration.
2026-04-13 11:55:33 DEBUG [main] o.h.v.i.x.c.ResourceLoaderHelper - Trying to load META-INF/validation.xml via TCCL
2026-04-13 11:55:33 DEBUG [main] o.h.v.i.x.c.ResourceLoaderHelper - Trying to load META-INF/validation.xml via Hibernate Validator's class loader
2026-04-13 11:55:33 DEBUG [main] o.h.v.i.x.config.ValidationXmlParser - No META-INF/validation.xml found. Using annotation based configuration only.
2026-04-13 11:55:33 DEBUG [main] o.h.v.i.e.r.TraversableResolvers - Found jakarta.persistence.Persistence on classpath containing 'getPersistenceUtil'. Assuming JPA 2 environment. Trying to instantiate JPA aware TraversableResolver
2026-04-13 11:55:33 DEBUG [main] o.h.v.i.e.r.TraversableResolvers - Instantiated JPA aware TraversableResolver of type org.hibernate.validator.internal.engine.resolver.JPATraversableResolver.
2026-04-13 11:55:33 DEBUG [main] o.h.v.m.ResourceBundleMessageInterpolator - Loaded expression factory via original TCCL
2026-04-13 11:55:33 DEBUG [main] o.h.v.i.e.ValidatorFactoryConfigurationHelper - HV000252: Using org.hibernate.validator.internal.engine.DefaultPropertyNodeNameProvider as property node name provider.
2026-04-13 11:55:33 DEBUG [main] o.h.v.i.e.ValidatorFactoryConfigurationHelper - HV000234: Using org.hibernate.validator.messageinterpolation.ResourceBundleMessageInterpolator as ValidatorFactory-scoped message interpolator.
2026-04-13 11:55:33 DEBUG [main] o.h.v.i.e.ValidatorFactoryConfigurationHelper - HV000234: Using org.hibernate.validator.internal.engine.resolver.JPATraversableResolver as ValidatorFactory-scoped traversable resolver.
2026-04-13 11:55:33 DEBUG [main] o.h.v.i.e.ValidatorFactoryConfigurationHelper - HV000234: Using org.hibernate.validator.internal.util.ExecutableParameterNameProvider as ValidatorFactory-scoped parameter name provider.
2026-04-13 11:55:33 DEBUG [main] o.h.v.i.e.ValidatorFactoryConfigurationHelper - HV000234: Using org.hibernate.validator.internal.engine.DefaultClockProvider as ValidatorFactory-scoped clock provider.
2026-04-13 11:55:33 DEBUG [main] o.h.v.i.e.ValidatorFactoryConfigurationHelper - HV000234: Using org.hibernate.validator.internal.engine.scripting.DefaultScriptEvaluatorFactory as ValidatorFactory-scoped script evaluator factory.
2026-04-13 11:55:38 INFO  [main] o.h.e.t.j.p.i.JtaPlatformInitiator - HHH000489: No JTA platform available (set 'hibernate.transaction.jta.platform' to enable JTA platform integration)
2026-04-13 11:55:40 INFO  [main] o.s.o.j.LocalContainerEntityManagerFactoryBean - Initialized JPA EntityManagerFactory for persistence unit 'default'
2026-04-13 11:55:42 INFO  [main] o.s.d.j.r.query.QueryEnhancerFactory - Hibernate is in classpath; If applicable, HQL parser will be used.
2026-04-13 11:55:53 INFO  [main] c.e.C.i.r.p.s.StripePaymentGateway - ? Stripe payment gateway initialized
2026-04-13 11:55:53 INFO  [main] c.e.C.i.r.p.s.StripePaymentGateway - ? Stripe payment gateway initialized
2026-04-13 11:55:54 INFO  [main] o.s.s.c.a.a.c.InitializeAuthenticationProviderBeanManagerConfigurer$InitializeAuthenticationProviderManagerConfigurer - Global AuthenticationManager configured with AuthenticationProvider bean with name authenticationProvider
2026-04-13 11:55:54 WARN  [main] o.s.s.c.a.a.c.InitializeUserDetailsBeanManagerConfigurer$InitializeUserDetailsManagerConfigurer - Global AuthenticationManager configured with an AuthenticationProvider bean. UserDetailsService beans will not be used by Spring Security for automatically configuring username/password login. Consider removing the AuthenticationProvider bean. Alternatively, consider using the UserDetailsService in a manually instantiated DaoAuthenticationProvider. If the current configuration is intentional, to turn off this warning, increase the logging level of 'org.springframework.security.config.annotation.authentication.configuration.InitializeUserDetailsBeanManagerConfigurer' to ERROR
2026-04-13 11:55:54 INFO  [main] c.e.C.i.r.p.s.StripePaymentGateway - ? Stripe payment gateway initialized
2026-04-13 11:55:54 WARN  [main] o.s.b.a.o.j.JpaBaseConfiguration$JpaWebConfiguration - spring.jpa.open-in-view is enabled by default. Therefore, database queries may be performed during view rendering. Explicitly configure spring.jpa.open-in-view to disable this warning
2026-04-13 11:55:55 DEBUG [main] o.s.w.s.m.m.a.RequestMappingHandlerMapping - 216 mappings in 'requestMappingHandlerMapping'
2026-04-13 11:55:55 DEBUG [main] o.s.w.s.h.SimpleUrlHandlerMapping - Patterns [/webjars/**, /**] in 'resourceHandlerMapping'
2026-04-13 11:55:55 INFO  [main] o.s.b.a.e.web.EndpointLinksResolver - Exposing 1 endpoint beneath base path '/actuator'
2026-04-13 11:55:56 DEBUG [main] o.s.s.web.DefaultSecurityFilterChain - Will secure any request with filters: DisableEncodeUrlFilter, WebAsyncManagerIntegrationFilter, SecurityContextHolderFilter, HeaderWriterFilter, LogoutFilter, JwtAuthenticationFilter, RequestCacheAwareFilter, SecurityContextHolderAwareRequestFilter, AnonymousAuthenticationFilter, SessionManagementFilter, ExceptionTranslationFilter, AuthorizationFilter
2026-04-13 11:55:56 DEBUG [main] o.h.v.m.ResourceBundleMessageInterpolator - Loaded expression factory via original TCCL
2026-04-13 11:55:56 DEBUG [main] o.h.v.i.e.AbstractConfigurationImpl - Setting custom MessageInterpolator of type org.springframework.validation.beanvalidation.LocaleContextMessageInterpolator
2026-04-13 11:55:56 DEBUG [main] o.h.v.i.e.AbstractConfigurationImpl - Setting custom ConstraintValidatorFactory of type org.springframework.validation.beanvalidation.SpringConstraintValidatorFactory
2026-04-13 11:55:56 DEBUG [main] o.h.v.i.x.config.ValidationXmlParser - Trying to load META-INF/validation.xml for XML based Validator configuration.
2026-04-13 11:55:56 DEBUG [main] o.h.v.i.x.c.ResourceLoaderHelper - Trying to load META-INF/validation.xml via user class loader
2026-04-13 11:55:56 DEBUG [main] o.h.v.i.x.c.ResourceLoaderHelper - Trying to load META-INF/validation.xml via TCCL
2026-04-13 11:55:56 DEBUG [main] o.h.v.i.x.c.ResourceLoaderHelper - Trying to load META-INF/validation.xml via Hibernate Validator's class loader
2026-04-13 11:55:56 DEBUG [main] o.h.v.i.x.config.ValidationXmlParser - No META-INF/validation.xml found. Using annotation based configuration only.
2026-04-13 11:55:56 DEBUG [main] o.h.v.i.e.r.TraversableResolvers - Found jakarta.persistence.Persistence on classpath containing 'getPersistenceUtil'. Assuming JPA 2 environment. Trying to instantiate JPA aware TraversableResolver
2026-04-13 11:55:56 DEBUG [main] o.h.v.i.e.r.TraversableResolvers - Instantiated JPA aware TraversableResolver of type org.hibernate.validator.internal.engine.resolver.JPATraversableResolver.
2026-04-13 11:55:56 DEBUG [main] o.h.v.i.e.ValidatorFactoryConfigurationHelper - HV000252: Using org.hibernate.validator.internal.engine.DefaultPropertyNodeNameProvider as property node name provider.
2026-04-13 11:55:56 DEBUG [main] o.h.v.i.e.ValidatorFactoryConfigurationHelper - HV000234: Using org.springframework.validation.beanvalidation.LocaleContextMessageInterpolator as ValidatorFactory-scoped message interpolator.
2026-04-13 11:55:56 DEBUG [main] o.h.v.i.e.ValidatorFactoryConfigurationHelper - HV000234: Using org.hibernate.validator.internal.engine.resolver.JPATraversableResolver as ValidatorFactory-scoped traversable resolver.
2026-04-13 11:55:56 DEBUG [main] o.h.v.i.e.ValidatorFactoryConfigurationHelper - HV000234: Using org.hibernate.validator.internal.util.ExecutableParameterNameProvider as ValidatorFactory-scoped parameter name provider.
2026-04-13 11:55:56 DEBUG [main] o.h.v.i.e.ValidatorFactoryConfigurationHelper - HV000234: Using org.hibernate.validator.internal.engine.DefaultClockProvider as ValidatorFactory-scoped clock provider.
2026-04-13 11:55:56 DEBUG [main] o.h.v.i.e.ValidatorFactoryConfigurationHelper - HV000234: Using org.hibernate.validator.internal.engine.scripting.DefaultScriptEvaluatorFactory as ValidatorFactory-scoped script evaluator factory.
2026-04-13 11:55:56 DEBUG [main] o.s.w.s.m.m.a.RequestMappingHandlerAdapter - ControllerAdvice beans: 0 @ModelAttribute, 0 @InitBinder, 1 RequestBodyAdvice, 1 ResponseBodyAdvice
2026-04-13 11:55:57 DEBUG [main] o.s.w.s.m.m.a.ExceptionHandlerExceptionResolver - ControllerAdvice beans: 1 @ExceptionHandler, 1 ResponseBodyAdvice
2026-04-13 11:55:58 INFO  [main] o.a.coyote.http11.Http11NioProtocol - Starting ProtocolHandler ["http-nio-8080"]
2026-04-13 11:55:58 INFO  [main] o.s.b.w.e.tomcat.TomcatWebServer - Tomcat started on port 8080 (http) with context path '/'
2026-04-13 11:55:58 INFO  [main] c.e.C.ClinicaDefinitivaApplication - Started ClinicaDefinitivaApplication in 49.037 seconds (process running for 50.68)
2026-04-13 11:55:58 INFO  [main] c.e.C.ClinicaDefinitivaApplication - Logger funciona correctamente
2026-04-13 11:56:15 INFO  [http-nio-8080-exec-2] o.a.c.c.C.[Tomcat].[localhost].[/] - Initializing Spring DispatcherServlet 'dispatcherServlet'
2026-04-13 11:56:15 INFO  [http-nio-8080-exec-2] o.s.web.servlet.DispatcherServlet - Initializing Servlet 'dispatcherServlet'
2026-04-13 11:56:15 DEBUG [http-nio-8080-exec-2] o.s.web.servlet.DispatcherServlet - Detected StandardServletMultipartResolver
2026-04-13 11:56:15 DEBUG [http-nio-8080-exec-2] o.s.web.servlet.DispatcherServlet - Detected AcceptHeaderLocaleResolver
2026-04-13 11:56:15 DEBUG [http-nio-8080-exec-2] o.s.web.servlet.DispatcherServlet - Detected FixedThemeResolver
2026-04-13 11:56:15 DEBUG [http-nio-8080-exec-2] o.s.web.servlet.DispatcherServlet - Detected org.springframework.web.servlet.view.DefaultRequestToViewNameTranslator@7cf7583d
2026-04-13 11:56:15 DEBUG [http-nio-8080-exec-2] o.s.web.servlet.DispatcherServlet - Detected org.springframework.web.servlet.support.SessionFlashMapManager@44c7d474
2026-04-13 11:56:15 DEBUG [http-nio-8080-exec-2] o.s.web.servlet.DispatcherServlet - enableLoggingRequestDetails='false': request parameters and headers will be masked to prevent unsafe logging of potentially sensitive data
2026-04-13 11:56:15 INFO  [http-nio-8080-exec-2] o.s.web.servlet.DispatcherServlet - Completed initialization in 26 ms
2026-04-13 11:56:16 DEBUG [http-nio-8080-exec-2] o.s.security.web.FilterChainProxy - Securing POST /api/v1/services
2026-04-13 11:56:16 TRACE [http-nio-8080-exec-2] o.s.s.w.a.logout.LogoutFilter - Did not match request to Or [Ant [pattern='/logout', GET], Ant [pattern='/logout', POST], Ant [pattern='/logout', PUT], Ant [pattern='/logout', DELETE]]
2026-04-13 11:56:17 TRACE [http-nio-8080-exec-2] o.s.s.w.a.AnonymousAuthenticationFilter - Did not set SecurityContextHolder since already authenticated UsernamePasswordAuthenticationToken [Principal=com.example.ClinicaDefinitiva.infrastructure.security.adapter.CustomUserDetails@14a00e6e, Credentials=[PROTECTED], Authenticated=true, Details=null, Granted Authorities=[UPDATE_INFORMATION_PROVIDED_SERVICE, READ_ROLE, UPDATE_COMPANY, UPDATE_INVOICE, CREATE_CUSTOM_ROLE, UPDATE_JOURNAL_ENTRY, REVERSE_JOURNAL_ENTRY, CREATE_CONTRACT, SET_PERMISSIONS_ROLE, READ_USER_IDENTITY, IS_CURRENTLY_ACTIVE_ASSIGNMENT, READ_RATE, READ_APPOINTMENT, DEACTIVATE_PROVIDED_SERVICE, READ_DENTIST, CREATE_COMPANY, ACTIVATE_PROVIDED_SERVICE, DELETE_INVOICE, CREATE_PROVIDED_SERVICE, UPDATE_PAYMENT, CHECK_ROLE, ACTIVATE_USER_IDENTITY, READ_PATIENT, DELETE_ROLE, READ_ADMINISTRATIVE_REPORT, UPDATE_PRICE_PROVIDED_SERVICE, READ_CONTRACT, DELETE_ADMINISTRATIVE_REPORT, DEACTIVATE_USER_IDENTITY, REVERSE_INVOICE, APPROVE_INVOICE, READ_PROVIDED_SERVICE, REVOKE_ASSIGNMENT, DEACTIVATE_ROLE, READ_AVAILABILITY, READ_RECEPTIONIST, DELETE_RATE, SUSPEND_ROLE, UPDATE_PRIMARY_ASSIGNMENT, REMOVE_ROLE, CREATE_USER_IDENTITY, ADD_ROLE, DELETE_CONTRACT, DELETE_PAYMENT, DELETE_ASSIGNMENT, ACTIVATE_ROLE, EXTEND_ASSIGNMENT, READ_COMPANY, UPDATE_ADMINISTRATIVE_REPORT, CREATE_PAYMENT, UPDATE_USER_IDENTITY, READ_GUARDIAN, MARK_DELETED_ROLE, UPDATE_CONTRACT, DELETE_COMPANY, IS_ACTIVE_AT_ASSIGNMENT, READ_ASSIGNMENT, POST_INVOICE, REVOKE_ALL_ASSIGNMENT, CREATE_JOURNAL_ENTRY, CREATE_ADMINISTRATIVE_REPORT, UPDATE_DETAILS_PROVIDED_SERVICE, READ_SHIFT, POST_JOURNAL_ENTRY, ROLE_ADMINISTRATOR, CREATE_TEMPORARY_ASSIGNMENT, READ_PAYMENT, CREATE_RATE, READ_INVOICE, UPDATE_RATE, DELETE_JOURNAL_ENTRY, CLONE_ROLE, READ_JOURNAL_ENTRY, CREATE_PERMANENT_ASSIGNMENT, CREATE_INVOICE, SUSPEND_USER_IDENTITY]]
2026-04-13 11:56:17 TRACE [http-nio-8080-exec-2] o.s.s.w.a.s.CompositeSessionAuthenticationStrategy - Preparing session with ChangeSessionIdAuthenticationStrategy (1/1)
2026-04-13 11:56:17 DEBUG [http-nio-8080-exec-2] o.s.security.web.FilterChainProxy - Secured POST /api/v1/services
2026-04-13 11:56:17 DEBUG [http-nio-8080-exec-2] o.s.web.servlet.DispatcherServlet - POST "/api/v1/services", parameters={}
2026-04-13 11:56:17 DEBUG [http-nio-8080-exec-2] o.s.w.s.m.m.a.RequestMappingHandlerMapping - Mapped to com.example.ClinicaDefinitiva.infrastructure.rest.dentalService.controller.ProvidedServiceController#create(CreateServiceRequest, CustomUserDetails)
2026-04-13 11:56:18 DEBUG [http-nio-8080-exec-2] o.s.w.s.m.m.a.RequestResponseBodyMethodProcessor - Read "application/json;charset=UTF-8" to [CreateServiceRequest[name=Profilaxis y Limpieza, categoryId=2, categoryName=PROPHYLAXIS, categoryTyp (truncated)...]
2026-04-13 11:56:19 WARN  [http-nio-8080-exec-2] o.h.e.jdbc.spi.SqlExceptionHelper - SQL Error: 1048, SQLState: 23000
2026-04-13 11:56:19 ERROR [http-nio-8080-exec-2] o.h.e.jdbc.spi.SqlExceptionHelper - Column 'tipo_servicio' cannot be null
2026-04-13 11:56:19 DEBUG [http-nio-8080-exec-2] o.s.w.s.m.m.a.ExceptionHandlerExceptionResolver - Using @ExceptionHandler com.example.ClinicaDefinitiva.infrastructure.advice.GlobalControllerAdvice#handleDataIntegrityViolation(DataIntegrityViolationException)
2026-04-13 11:56:19 WARN  [http-nio-8080-exec-2] c.e.C.i.a.GlobalControllerAdvice - Campo obligatorio nulo [requestId=474b7ca3-e0cd-4913-92d9-9ddec309768d, usuario=admin@test.com, recurso=GENERIC]: Column 'tipo_servicio' cannot be null
2026-04-13 11:56:19 DEBUG [http-nio-8080-exec-2] o.s.w.s.m.m.a.HttpEntityMethodProcessor - Using 'application/json', given [*/*] and supported [application/json, application/*+json]
2026-04-13 11:56:19 DEBUG [http-nio-8080-exec-2] o.s.w.s.m.m.a.HttpEntityMethodProcessor - Writing [com.example.ClinicaDefinitiva.infrastructure.advice.ErrorResponse@5bf317ff]
2026-04-13 11:56:19 DEBUG [http-nio-8080-exec-2] o.s.w.s.m.m.a.ExceptionHandlerExceptionResolver - Resolved [org.springframework.dao.DataIntegrityViolationException: could not execute statement [Column 'tipo_servicio' cannot be null] [insert into servicio_odontologico (tarifa_base,moneda_tarifa_base,categoria,codigo,descripcion,duracion_minutos,nombre,requiere_autorizacion,tipo_servicio,estado) values (?,?,?,?,?,?,?,?,?,?)]; SQL [insert into servicio_odontologico (tarifa_base,moneda_tarifa_base,categoria,codigo,descripcion,duracion_minutos,nombre,requiere_autorizacion,tipo_servicio,estado) values (?,?,?,?,?,?,?,?,?,?)]; constraint [null]]
2026-04-13 11:56:19 DEBUG [http-nio-8080-exec-2] o.s.web.servlet.DispatcherServlet - Completed 400 BAD_REQUEST
2026-04-13 11:56:45 DEBUG [http-nio-8080-exec-3] o.s.security.web.FilterChainProxy - Securing POST /api/v1/services
2026-04-13 11:56:45 TRACE [http-nio-8080-exec-3] o.s.s.w.a.logout.LogoutFilter - Did not match request to Or [Ant [pattern='/logout', GET], Ant [pattern='/logout', POST], Ant [pattern='/logout', PUT], Ant [pattern='/logout', DELETE]]
2026-04-13 11:56:45 TRACE [http-nio-8080-exec-3] o.s.s.w.a.AnonymousAuthenticationFilter - Did not set SecurityContextHolder since already authenticated UsernamePasswordAuthenticationToken [Principal=com.example.ClinicaDefinitiva.infrastructure.security.adapter.CustomUserDetails@69bb943a, Credentials=[PROTECTED], Authenticated=true, Details=null, Granted Authorities=[UPDATE_INFORMATION_PROVIDED_SERVICE, READ_ROLE, UPDATE_COMPANY, UPDATE_INVOICE, CREATE_CUSTOM_ROLE, UPDATE_JOURNAL_ENTRY, REVERSE_JOURNAL_ENTRY, CREATE_CONTRACT, SET_PERMISSIONS_ROLE, READ_USER_IDENTITY, IS_CURRENTLY_ACTIVE_ASSIGNMENT, READ_RATE, READ_APPOINTMENT, DEACTIVATE_PROVIDED_SERVICE, READ_DENTIST, CREATE_COMPANY, ACTIVATE_PROVIDED_SERVICE, DELETE_INVOICE, CREATE_PROVIDED_SERVICE, UPDATE_PAYMENT, CHECK_ROLE, ACTIVATE_USER_IDENTITY, READ_PATIENT, DELETE_ROLE, READ_ADMINISTRATIVE_REPORT, UPDATE_PRICE_PROVIDED_SERVICE, READ_CONTRACT, DELETE_ADMINISTRATIVE_REPORT, DEACTIVATE_USER_IDENTITY, REVERSE_INVOICE, APPROVE_INVOICE, READ_PROVIDED_SERVICE, REVOKE_ASSIGNMENT, DEACTIVATE_ROLE, READ_AVAILABILITY, READ_RECEPTIONIST, DELETE_RATE, SUSPEND_ROLE, UPDATE_PRIMARY_ASSIGNMENT, REMOVE_ROLE, CREATE_USER_IDENTITY, ADD_ROLE, DELETE_CONTRACT, DELETE_PAYMENT, DELETE_ASSIGNMENT, ACTIVATE_ROLE, EXTEND_ASSIGNMENT, READ_COMPANY, UPDATE_ADMINISTRATIVE_REPORT, CREATE_PAYMENT, UPDATE_USER_IDENTITY, READ_GUARDIAN, MARK_DELETED_ROLE, UPDATE_CONTRACT, DELETE_COMPANY, IS_ACTIVE_AT_ASSIGNMENT, READ_ASSIGNMENT, POST_INVOICE, REVOKE_ALL_ASSIGNMENT, CREATE_JOURNAL_ENTRY, CREATE_ADMINISTRATIVE_REPORT, UPDATE_DETAILS_PROVIDED_SERVICE, READ_SHIFT, POST_JOURNAL_ENTRY, ROLE_ADMINISTRATOR, CREATE_TEMPORARY_ASSIGNMENT, READ_PAYMENT, CREATE_RATE, READ_INVOICE, UPDATE_RATE, DELETE_JOURNAL_ENTRY, CLONE_ROLE, READ_JOURNAL_ENTRY, CREATE_PERMANENT_ASSIGNMENT, CREATE_INVOICE, SUSPEND_USER_IDENTITY]]
2026-04-13 11:56:45 TRACE [http-nio-8080-exec-3] o.s.s.w.a.s.CompositeSessionAuthenticationStrategy - Preparing session with ChangeSessionIdAuthenticationStrategy (1/1)
2026-04-13 11:56:45 DEBUG [http-nio-8080-exec-3] o.s.security.web.FilterChainProxy - Secured POST /api/v1/services
2026-04-13 11:56:45 DEBUG [http-nio-8080-exec-3] o.s.web.servlet.DispatcherServlet - POST "/api/v1/services", parameters={}
2026-04-13 11:56:45 DEBUG [http-nio-8080-exec-3] o.s.w.s.m.m.a.RequestMappingHandlerMapping - Mapped to com.example.ClinicaDefinitiva.infrastructure.rest.dentalService.controller.ProvidedServiceController#create(CreateServiceRequest, CustomUserDetails)
2026-04-13 11:56:45 DEBUG [http-nio-8080-exec-3] o.s.w.s.m.m.a.RequestResponseBodyMethodProcessor - Read "application/json;charset=UTF-8" to [CreateServiceRequest[name=Profilaxis y Limpieza, categoryId=2, categoryName=PROPHYLAXIS, categoryTyp (truncated)...]
2026-04-13 11:56:45 WARN  [http-nio-8080-exec-3] o.h.e.jdbc.spi.SqlExceptionHelper - SQL Error: 1048, SQLState: 23000
2026-04-13 11:56:45 ERROR [http-nio-8080-exec-3] o.h.e.jdbc.spi.SqlExceptionHelper - Column 'tipo_servicio' cannot be null
2026-04-13 11:56:45 DEBUG [http-nio-8080-exec-3] o.s.w.s.m.m.a.ExceptionHandlerExceptionResolver - Using @ExceptionHandler com.example.ClinicaDefinitiva.infrastructure.advice.GlobalControllerAdvice#handleDataIntegrityViolation(DataIntegrityViolationException)
2026-04-13 11:56:45 WARN  [http-nio-8080-exec-3] c.e.C.i.a.GlobalControllerAdvice - Campo obligatorio nulo [requestId=401c20aa-b3a9-4938-8173-57930671f094, usuario=admin@test.com, recurso=GENERIC]: Column 'tipo_servicio' cannot be null
2026-04-13 11:56:45 DEBUG [http-nio-8080-exec-3] o.s.w.s.m.m.a.HttpEntityMethodProcessor - Using 'application/json', given [*/*] and supported [application/json, application/*+json]
2026-04-13 11:56:45 DEBUG [http-nio-8080-exec-3] o.s.w.s.m.m.a.HttpEntityMethodProcessor - Writing [com.example.ClinicaDefinitiva.infrastructure.advice.ErrorResponse@7f1928b9]
2026-04-13 11:56:45 DEBUG [http-nio-8080-exec-3] o.s.w.s.m.m.a.ExceptionHandlerExceptionResolver - Resolved [org.springframework.dao.DataIntegrityViolationException: could not execute statement [Column 'tipo_servicio' cannot be null] [insert into servicio_odontologico (tarifa_base,moneda_tarifa_base,categoria,codigo,descripcion,duracion_minutos,nombre,requiere_autorizacion,tipo_servicio,estado) values (?,?,?,?,?,?,?,?,?,?)]; SQL [insert into servicio_odontologico (tarifa_base,moneda_tarifa_base,categoria,codigo,descripcion,duracion_minutos,nombre,requiere_autorizacion,tipo_servicio,estado) values (?,?,?,?,?,?,?,?,?,?)]; constraint [null]]
2026-04-13 11:56:45 DEBUG [http-nio-8080-exec-3] o.s.web.servlet.DispatcherServlet - Completed 400 BAD_REQUEST
2026-04-13 12:28:17 INFO  [background-preinit] o.h.validator.internal.util.Version - HV000001: Hibernate Validator 8.0.2.Final
2026-04-13 12:28:17 DEBUG [background-preinit] o.h.v.i.x.config.ValidationXmlParser - Trying to load META-INF/validation.xml for XML based Validator configuration.
2026-04-13 12:28:17 DEBUG [background-preinit] o.h.v.i.x.c.ResourceLoaderHelper - Trying to load META-INF/validation.xml via TCCL
2026-04-13 12:28:17 DEBUG [background-preinit] o.h.v.i.x.c.ResourceLoaderHelper - Trying to load META-INF/validation.xml via Hibernate Validator's class loader
2026-04-13 12:28:17 DEBUG [background-preinit] o.h.v.i.x.config.ValidationXmlParser - No META-INF/validation.xml found. Using annotation based configuration only.
2026-04-13 12:28:18 DEBUG [background-preinit] o.h.v.i.e.r.TraversableResolvers - Found jakarta.persistence.Persistence on classpath containing 'getPersistenceUtil'. Assuming JPA 2 environment. Trying to instantiate JPA aware TraversableResolver
2026-04-13 12:28:18 DEBUG [background-preinit] o.h.v.i.e.r.TraversableResolvers - Instantiated JPA aware TraversableResolver of type org.hibernate.validator.internal.engine.resolver.JPATraversableResolver.
2026-04-13 12:28:18 DEBUG [background-preinit] o.h.v.m.ResourceBundleMessageInterpolator - Loaded expression factory via original TCCL
2026-04-13 12:28:18 INFO  [main] c.e.C.ClinicaDefinitivaApplication - Starting ClinicaDefinitivaApplication using Java 17.0.10 with PID 12376 (C:\Users\David\OneDrive\Documents\proyectosJava\ClinicaDefinitiva\target\classes started by David in C:\Users\David\OneDrive\Documents\proyectosJava\ClinicaDefinitiva)
2026-04-13 12:28:18 INFO  [main] c.e.C.ClinicaDefinitivaApplication - No active profile set, falling back to 1 default profile: "default"
2026-04-13 12:28:19 DEBUG [background-preinit] o.h.v.i.e.ValidatorFactoryConfigurationHelper - HV000252: Using org.hibernate.validator.internal.engine.DefaultPropertyNodeNameProvider as property node name provider.
2026-04-13 12:28:19 DEBUG [background-preinit] o.h.v.i.e.ValidatorFactoryConfigurationHelper - HV000234: Using org.hibernate.validator.messageinterpolation.ResourceBundleMessageInterpolator as ValidatorFactory-scoped message interpolator.
2026-04-13 12:28:19 DEBUG [background-preinit] o.h.v.i.e.ValidatorFactoryConfigurationHelper - HV000234: Using org.hibernate.validator.internal.engine.resolver.JPATraversableResolver as ValidatorFactory-scoped traversable resolver.
2026-04-13 12:28:19 DEBUG [background-preinit] o.h.v.i.e.ValidatorFactoryConfigurationHelper - HV000234: Using org.hibernate.validator.internal.util.ExecutableParameterNameProvider as ValidatorFactory-scoped parameter name provider.
2026-04-13 12:28:19 DEBUG [background-preinit] o.h.v.i.e.ValidatorFactoryConfigurationHelper - HV000234: Using org.hibernate.validator.internal.engine.DefaultClockProvider as ValidatorFactory-scoped clock provider.
2026-04-13 12:28:19 DEBUG [background-preinit] o.h.v.i.e.ValidatorFactoryConfigurationHelper - HV000234: Using org.hibernate.validator.internal.engine.scripting.DefaultScriptEvaluatorFactory as ValidatorFactory-scoped script evaluator factory.
2026-04-13 12:28:26 INFO  [main] o.s.d.r.c.RepositoryConfigurationDelegate - Bootstrapping Spring Data JPA repositories in DEFAULT mode.
2026-04-13 12:28:28 INFO  [main] o.s.d.r.c.RepositoryConfigurationDelegate - Finished Spring Data repository scanning in 1792 ms. Found 21 JPA repository interfaces.
2026-04-13 12:28:32 INFO  [main] o.s.b.w.e.tomcat.TomcatWebServer - Tomcat initialized with port 8080 (http)
2026-04-13 12:28:32 INFO  [main] o.a.coyote.http11.Http11NioProtocol - Initializing ProtocolHandler ["http-nio-8080"]
2026-04-13 12:28:32 INFO  [main] o.a.catalina.core.StandardService - Starting service [Tomcat]
2026-04-13 12:28:32 INFO  [main] o.a.catalina.core.StandardEngine - Starting Servlet engine: [Apache Tomcat/10.1.41]
2026-04-13 12:28:32 INFO  [main] o.a.c.c.C.[Tomcat].[localhost].[/] - Initializing Spring embedded WebApplicationContext
2026-04-13 12:28:32 INFO  [main] o.s.b.w.s.c.ServletWebServerApplicationContext - Root WebApplicationContext: initialization completed in 14005 ms
2026-04-13 12:28:33 DEBUG [main] o.s.w.f.ServerHttpObservationFilter - Filter 'webMvcObservationFilter' configured for use
2026-04-13 12:28:34 INFO  [main] o.h.jpa.internal.util.LogHelper - HHH000204: Processing PersistenceUnitInfo [name: default]
2026-04-13 12:28:34 INFO  [main] org.hibernate.Version - HHH000412: Hibernate ORM core version 6.6.15.Final
2026-04-13 12:28:35 INFO  [main] o.h.c.i.RegionFactoryInitiator - HHH000026: Second-level cache disabled
2026-04-13 12:28:36 INFO  [main] o.s.o.j.p.SpringPersistenceUnitInfo - No LoadTimeWeaver setup: ignoring JPA class transformer
2026-04-13 12:28:36 INFO  [main] com.zaxxer.hikari.HikariDataSource - HikariPool-1 - Starting...
2026-04-13 12:28:37 INFO  [main] com.zaxxer.hikari.pool.HikariPool - HikariPool-1 - Added connection com.mysql.cj.jdbc.ConnectionImpl@27048db3
2026-04-13 12:28:37 INFO  [main] com.zaxxer.hikari.HikariDataSource - HikariPool-1 - Start completed.
2026-04-13 12:28:38 WARN  [main] org.hibernate.dialect.Dialect - HHH000511: The 5.5.5 version for [org.hibernate.dialect.MySQLDialect] is no longer supported, hence certain features may not work properly. The minimum supported version is 8.0.0. Check the community dialects project for available legacy versions.
2026-04-13 12:28:38 WARN  [main] org.hibernate.orm.deprecation - HHH90000025: MySQLDialect does not need to be specified explicitly using 'hibernate.dialect' (remove the property setting and it will be selected by default)
2026-04-13 12:28:38 INFO  [main] o.hibernate.orm.connections.pooling - HHH10001005: Database info:
	Database JDBC URL [Connecting through datasource 'HikariDataSource (HikariPool-1)']
	Database driver: undefined/unknown
	Database version: 5.5.5
	Autocommit mode: undefined/unknown
	Isolation level: undefined/unknown
	Minimum pool size: undefined/unknown
	Maximum pool size: undefined/unknown
2026-04-13 12:28:40 DEBUG [main] o.h.v.i.x.config.ValidationXmlParser - Trying to load META-INF/validation.xml for XML based Validator configuration.
2026-04-13 12:28:40 DEBUG [main] o.h.v.i.x.c.ResourceLoaderHelper - Trying to load META-INF/validation.xml via TCCL
2026-04-13 12:28:40 DEBUG [main] o.h.v.i.x.c.ResourceLoaderHelper - Trying to load META-INF/validation.xml via Hibernate Validator's class loader
2026-04-13 12:28:40 DEBUG [main] o.h.v.i.x.config.ValidationXmlParser - No META-INF/validation.xml found. Using annotation based configuration only.
2026-04-13 12:28:40 DEBUG [main] o.h.v.i.e.r.TraversableResolvers - Found jakarta.persistence.Persistence on classpath containing 'getPersistenceUtil'. Assuming JPA 2 environment. Trying to instantiate JPA aware TraversableResolver
2026-04-13 12:28:40 DEBUG [main] o.h.v.i.e.r.TraversableResolvers - Instantiated JPA aware TraversableResolver of type org.hibernate.validator.internal.engine.resolver.JPATraversableResolver.
2026-04-13 12:28:40 DEBUG [main] o.h.v.m.ResourceBundleMessageInterpolator - Loaded expression factory via original TCCL
2026-04-13 12:28:40 DEBUG [main] o.h.v.i.e.ValidatorFactoryConfigurationHelper - HV000252: Using org.hibernate.validator.internal.engine.DefaultPropertyNodeNameProvider as property node name provider.
2026-04-13 12:28:40 DEBUG [main] o.h.v.i.e.ValidatorFactoryConfigurationHelper - HV000234: Using org.hibernate.validator.messageinterpolation.ResourceBundleMessageInterpolator as ValidatorFactory-scoped message interpolator.
2026-04-13 12:28:40 DEBUG [main] o.h.v.i.e.ValidatorFactoryConfigurationHelper - HV000234: Using org.hibernate.validator.internal.engine.resolver.JPATraversableResolver as ValidatorFactory-scoped traversable resolver.
2026-04-13 12:28:40 DEBUG [main] o.h.v.i.e.ValidatorFactoryConfigurationHelper - HV000234: Using org.hibernate.validator.internal.util.ExecutableParameterNameProvider as ValidatorFactory-scoped parameter name provider.
2026-04-13 12:28:40 DEBUG [main] o.h.v.i.e.ValidatorFactoryConfigurationHelper - HV000234: Using org.hibernate.validator.internal.engine.DefaultClockProvider as ValidatorFactory-scoped clock provider.
2026-04-13 12:28:40 DEBUG [main] o.h.v.i.e.ValidatorFactoryConfigurationHelper - HV000234: Using org.hibernate.validator.internal.engine.scripting.DefaultScriptEvaluatorFactory as ValidatorFactory-scoped script evaluator factory.
2026-04-13 12:28:45 INFO  [main] o.h.e.t.j.p.i.JtaPlatformInitiator - HHH000489: No JTA platform available (set 'hibernate.transaction.jta.platform' to enable JTA platform integration)
2026-04-13 12:28:46 INFO  [main] o.s.o.j.LocalContainerEntityManagerFactoryBean - Initialized JPA EntityManagerFactory for persistence unit 'default'
2026-04-13 12:28:48 INFO  [main] o.s.d.j.r.query.QueryEnhancerFactory - Hibernate is in classpath; If applicable, HQL parser will be used.
2026-04-13 12:28:59 INFO  [main] c.e.C.i.r.p.s.StripePaymentGateway - ? Stripe payment gateway initialized
2026-04-13 12:28:59 INFO  [main] c.e.C.i.r.p.s.StripePaymentGateway - ? Stripe payment gateway initialized
2026-04-13 12:29:00 INFO  [main] o.s.s.c.a.a.c.InitializeAuthenticationProviderBeanManagerConfigurer$InitializeAuthenticationProviderManagerConfigurer - Global AuthenticationManager configured with AuthenticationProvider bean with name authenticationProvider
2026-04-13 12:29:00 WARN  [main] o.s.s.c.a.a.c.InitializeUserDetailsBeanManagerConfigurer$InitializeUserDetailsManagerConfigurer - Global AuthenticationManager configured with an AuthenticationProvider bean. UserDetailsService beans will not be used by Spring Security for automatically configuring username/password login. Consider removing the AuthenticationProvider bean. Alternatively, consider using the UserDetailsService in a manually instantiated DaoAuthenticationProvider. If the current configuration is intentional, to turn off this warning, increase the logging level of 'org.springframework.security.config.annotation.authentication.configuration.InitializeUserDetailsBeanManagerConfigurer' to ERROR
2026-04-13 12:29:00 INFO  [main] c.e.C.i.r.p.s.StripePaymentGateway - ? Stripe payment gateway initialized
2026-04-13 12:29:00 WARN  [main] o.s.b.a.o.j.JpaBaseConfiguration$JpaWebConfiguration - spring.jpa.open-in-view is enabled by default. Therefore, database queries may be performed during view rendering. Explicitly configure spring.jpa.open-in-view to disable this warning
2026-04-13 12:29:01 DEBUG [main] o.s.w.s.m.m.a.RequestMappingHandlerMapping - 216 mappings in 'requestMappingHandlerMapping'
2026-04-13 12:29:01 DEBUG [main] o.s.w.s.h.SimpleUrlHandlerMapping - Patterns [/webjars/**, /**] in 'resourceHandlerMapping'
2026-04-13 12:29:02 INFO  [main] o.s.b.a.e.web.EndpointLinksResolver - Exposing 1 endpoint beneath base path '/actuator'
2026-04-13 12:29:03 DEBUG [main] o.s.s.web.DefaultSecurityFilterChain - Will secure any request with filters: DisableEncodeUrlFilter, WebAsyncManagerIntegrationFilter, SecurityContextHolderFilter, HeaderWriterFilter, LogoutFilter, JwtAuthenticationFilter, RequestCacheAwareFilter, SecurityContextHolderAwareRequestFilter, AnonymousAuthenticationFilter, SessionManagementFilter, ExceptionTranslationFilter, AuthorizationFilter
2026-04-13 12:29:03 DEBUG [main] o.h.v.m.ResourceBundleMessageInterpolator - Loaded expression factory via original TCCL
2026-04-13 12:29:03 DEBUG [main] o.h.v.i.e.AbstractConfigurationImpl - Setting custom MessageInterpolator of type org.springframework.validation.beanvalidation.LocaleContextMessageInterpolator
2026-04-13 12:29:03 DEBUG [main] o.h.v.i.e.AbstractConfigurationImpl - Setting custom ConstraintValidatorFactory of type org.springframework.validation.beanvalidation.SpringConstraintValidatorFactory
2026-04-13 12:29:03 DEBUG [main] o.h.v.i.x.config.ValidationXmlParser - Trying to load META-INF/validation.xml for XML based Validator configuration.
2026-04-13 12:29:03 DEBUG [main] o.h.v.i.x.c.ResourceLoaderHelper - Trying to load META-INF/validation.xml via user class loader
2026-04-13 12:29:03 DEBUG [main] o.h.v.i.x.c.ResourceLoaderHelper - Trying to load META-INF/validation.xml via TCCL
2026-04-13 12:29:03 DEBUG [main] o.h.v.i.x.c.ResourceLoaderHelper - Trying to load META-INF/validation.xml via Hibernate Validator's class loader
2026-04-13 12:29:03 DEBUG [main] o.h.v.i.x.config.ValidationXmlParser - No META-INF/validation.xml found. Using annotation based configuration only.
2026-04-13 12:29:03 DEBUG [main] o.h.v.i.e.r.TraversableResolvers - Found jakarta.persistence.Persistence on classpath containing 'getPersistenceUtil'. Assuming JPA 2 environment. Trying to instantiate JPA aware TraversableResolver
2026-04-13 12:29:03 DEBUG [main] o.h.v.i.e.r.TraversableResolvers - Instantiated JPA aware TraversableResolver of type org.hibernate.validator.internal.engine.resolver.JPATraversableResolver.
2026-04-13 12:29:03 DEBUG [main] o.h.v.i.e.ValidatorFactoryConfigurationHelper - HV000252: Using org.hibernate.validator.internal.engine.DefaultPropertyNodeNameProvider as property node name provider.
2026-04-13 12:29:03 DEBUG [main] o.h.v.i.e.ValidatorFactoryConfigurationHelper - HV000234: Using org.springframework.validation.beanvalidation.LocaleContextMessageInterpolator as ValidatorFactory-scoped message interpolator.
2026-04-13 12:29:03 DEBUG [main] o.h.v.i.e.ValidatorFactoryConfigurationHelper - HV000234: Using org.hibernate.validator.internal.engine.resolver.JPATraversableResolver as ValidatorFactory-scoped traversable resolver.
2026-04-13 12:29:03 DEBUG [main] o.h.v.i.e.ValidatorFactoryConfigurationHelper - HV000234: Using org.hibernate.validator.internal.util.ExecutableParameterNameProvider as ValidatorFactory-scoped parameter name provider.
2026-04-13 12:29:03 DEBUG [main] o.h.v.i.e.ValidatorFactoryConfigurationHelper - HV000234: Using org.hibernate.validator.internal.engine.DefaultClockProvider as ValidatorFactory-scoped clock provider.
2026-04-13 12:29:03 DEBUG [main] o.h.v.i.e.ValidatorFactoryConfigurationHelper - HV000234: Using org.hibernate.validator.internal.engine.scripting.DefaultScriptEvaluatorFactory as ValidatorFactory-scoped script evaluator factory.
2026-04-13 12:29:03 DEBUG [main] o.s.w.s.m.m.a.RequestMappingHandlerAdapter - ControllerAdvice beans: 0 @ModelAttribute, 0 @InitBinder, 1 RequestBodyAdvice, 1 ResponseBodyAdvice
2026-04-13 12:29:03 DEBUG [main] o.s.w.s.m.m.a.ExceptionHandlerExceptionResolver - ControllerAdvice beans: 1 @ExceptionHandler, 1 ResponseBodyAdvice
2026-04-13 12:29:04 INFO  [main] o.a.coyote.http11.Http11NioProtocol - Starting ProtocolHandler ["http-nio-8080"]
2026-04-13 12:29:05 INFO  [main] o.s.b.w.e.tomcat.TomcatWebServer - Tomcat started on port 8080 (http) with context path '/'
2026-04-13 12:29:05 INFO  [main] c.e.C.ClinicaDefinitivaApplication - Started ClinicaDefinitivaApplication in 49.752 seconds (process running for 51.331)
2026-04-13 12:29:05 INFO  [main] c.e.C.ClinicaDefinitivaApplication - Logger funciona correctamente
2026-04-13 12:29:54 INFO  [http-nio-8080-exec-2] o.a.c.c.C.[Tomcat].[localhost].[/] - Initializing Spring DispatcherServlet 'dispatcherServlet'
2026-04-13 12:29:54 INFO  [http-nio-8080-exec-2] o.s.web.servlet.DispatcherServlet - Initializing Servlet 'dispatcherServlet'
2026-04-13 12:29:54 DEBUG [http-nio-8080-exec-2] o.s.web.servlet.DispatcherServlet - Detected StandardServletMultipartResolver
2026-04-13 12:29:54 DEBUG [http-nio-8080-exec-2] o.s.web.servlet.DispatcherServlet - Detected AcceptHeaderLocaleResolver
2026-04-13 12:29:54 DEBUG [http-nio-8080-exec-2] o.s.web.servlet.DispatcherServlet - Detected FixedThemeResolver
2026-04-13 12:29:54 DEBUG [http-nio-8080-exec-2] o.s.web.servlet.DispatcherServlet - Detected org.springframework.web.servlet.view.DefaultRequestToViewNameTranslator@6152d303
2026-04-13 12:29:54 DEBUG [http-nio-8080-exec-2] o.s.web.servlet.DispatcherServlet - Detected org.springframework.web.servlet.support.SessionFlashMapManager@72ca016e
2026-04-13 12:29:54 DEBUG [http-nio-8080-exec-2] o.s.web.servlet.DispatcherServlet - enableLoggingRequestDetails='false': request parameters and headers will be masked to prevent unsafe logging of potentially sensitive data
2026-04-13 12:29:54 INFO  [http-nio-8080-exec-2] o.s.web.servlet.DispatcherServlet - Completed initialization in 54 ms
2026-04-13 12:29:55 DEBUG [http-nio-8080-exec-2] o.s.security.web.FilterChainProxy - Securing POST /api/v1/services
2026-04-13 12:29:55 TRACE [http-nio-8080-exec-2] o.s.s.w.a.logout.LogoutFilter - Did not match request to Or [Ant [pattern='/logout', GET], Ant [pattern='/logout', POST], Ant [pattern='/logout', PUT], Ant [pattern='/logout', DELETE]]
2026-04-13 12:29:58 TRACE [http-nio-8080-exec-2] o.s.s.w.a.AnonymousAuthenticationFilter - Did not set SecurityContextHolder since already authenticated UsernamePasswordAuthenticationToken [Principal=com.example.ClinicaDefinitiva.infrastructure.security.adapter.CustomUserDetails@1fe923ba, Credentials=[PROTECTED], Authenticated=true, Details=null, Granted Authorities=[UPDATE_INFORMATION_PROVIDED_SERVICE, READ_ROLE, UPDATE_COMPANY, UPDATE_INVOICE, CREATE_CUSTOM_ROLE, UPDATE_JOURNAL_ENTRY, REVERSE_JOURNAL_ENTRY, CREATE_CONTRACT, SET_PERMISSIONS_ROLE, READ_USER_IDENTITY, IS_CURRENTLY_ACTIVE_ASSIGNMENT, READ_RATE, READ_APPOINTMENT, DEACTIVATE_PROVIDED_SERVICE, READ_DENTIST, CREATE_COMPANY, ACTIVATE_PROVIDED_SERVICE, DELETE_INVOICE, CREATE_PROVIDED_SERVICE, UPDATE_PAYMENT, CHECK_ROLE, ACTIVATE_USER_IDENTITY, READ_PATIENT, DELETE_ROLE, READ_ADMINISTRATIVE_REPORT, UPDATE_PRICE_PROVIDED_SERVICE, READ_CONTRACT, DELETE_ADMINISTRATIVE_REPORT, DEACTIVATE_USER_IDENTITY, REVERSE_INVOICE, APPROVE_INVOICE, READ_PROVIDED_SERVICE, REVOKE_ASSIGNMENT, DEACTIVATE_ROLE, READ_AVAILABILITY, READ_RECEPTIONIST, DELETE_RATE, SUSPEND_ROLE, UPDATE_PRIMARY_ASSIGNMENT, REMOVE_ROLE, CREATE_USER_IDENTITY, ADD_ROLE, DELETE_CONTRACT, DELETE_PAYMENT, DELETE_ASSIGNMENT, ACTIVATE_ROLE, EXTEND_ASSIGNMENT, READ_COMPANY, UPDATE_ADMINISTRATIVE_REPORT, CREATE_PAYMENT, UPDATE_USER_IDENTITY, READ_GUARDIAN, MARK_DELETED_ROLE, UPDATE_CONTRACT, DELETE_COMPANY, IS_ACTIVE_AT_ASSIGNMENT, READ_ASSIGNMENT, POST_INVOICE, REVOKE_ALL_ASSIGNMENT, CREATE_JOURNAL_ENTRY, CREATE_ADMINISTRATIVE_REPORT, UPDATE_DETAILS_PROVIDED_SERVICE, READ_SHIFT, POST_JOURNAL_ENTRY, ROLE_ADMINISTRATOR, CREATE_TEMPORARY_ASSIGNMENT, READ_PAYMENT, CREATE_RATE, READ_INVOICE, UPDATE_RATE, DELETE_JOURNAL_ENTRY, CLONE_ROLE, READ_JOURNAL_ENTRY, CREATE_PERMANENT_ASSIGNMENT, CREATE_INVOICE, SUSPEND_USER_IDENTITY]]
2026-04-13 12:29:58 TRACE [http-nio-8080-exec-2] o.s.s.w.a.s.CompositeSessionAuthenticationStrategy - Preparing session with ChangeSessionIdAuthenticationStrategy (1/1)
2026-04-13 12:29:58 DEBUG [http-nio-8080-exec-2] o.s.security.web.FilterChainProxy - Secured POST /api/v1/services
2026-04-13 12:29:58 DEBUG [http-nio-8080-exec-2] o.s.web.servlet.DispatcherServlet - POST "/api/v1/services", parameters={}
2026-04-13 12:29:58 DEBUG [http-nio-8080-exec-2] o.s.w.s.m.m.a.RequestMappingHandlerMapping - Mapped to com.example.ClinicaDefinitiva.infrastructure.rest.dentalService.controller.ProvidedServiceController#create(CreateServiceRequest, CustomUserDetails)
2026-04-13 12:29:59 DEBUG [http-nio-8080-exec-2] o.s.w.s.m.m.a.RequestResponseBodyMethodProcessor - Read "application/json;charset=UTF-8" to [CreateServiceRequest[name=Profilaxis y Limpieza, categoryId=2, categoryName=PROPHYLAXIS, categoryTyp (truncated)...]
2026-04-13 12:30:00 WARN  [http-nio-8080-exec-2] o.h.e.jdbc.spi.SqlExceptionHelper - SQL Error: 1048, SQLState: 23000
2026-04-13 12:30:00 ERROR [http-nio-8080-exec-2] o.h.e.jdbc.spi.SqlExceptionHelper - Column 'tipo_servicio' cannot be null
2026-04-13 12:30:00 DEBUG [http-nio-8080-exec-2] o.s.w.s.m.m.a.ExceptionHandlerExceptionResolver - Using @ExceptionHandler com.example.ClinicaDefinitiva.infrastructure.advice.GlobalControllerAdvice#handleDataIntegrityViolation(DataIntegrityViolationException)
2026-04-13 12:30:00 WARN  [http-nio-8080-exec-2] c.e.C.i.a.GlobalControllerAdvice - Campo obligatorio nulo [requestId=59101e3b-a6af-4b1c-91ce-bf3488d7473a, usuario=admin@test.com, recurso=GENERIC]: Column 'tipo_servicio' cannot be null
2026-04-13 12:30:00 DEBUG [http-nio-8080-exec-2] o.s.w.s.m.m.a.HttpEntityMethodProcessor - Using 'application/json', given [*/*] and supported [application/json, application/*+json]
2026-04-13 12:30:00 DEBUG [http-nio-8080-exec-2] o.s.w.s.m.m.a.HttpEntityMethodProcessor - Writing [com.example.ClinicaDefinitiva.infrastructure.advice.ErrorResponse@1877279b]
2026-04-13 12:30:00 DEBUG [http-nio-8080-exec-2] o.s.w.s.m.m.a.ExceptionHandlerExceptionResolver - Resolved [org.springframework.dao.DataIntegrityViolationException: could not execute statement [Column 'tipo_servicio' cannot be null] [insert into servicio_odontologico (tarifa_base,moneda_tarifa_base,categoria,codigo,descripcion,duracion_minutos,nombre,requiere_autorizacion,tipo_servicio,estado) values (?,?,?,?,?,?,?,?,?,?)]; SQL [insert into servicio_odontologico (tarifa_base,moneda_tarifa_base,categoria,codigo,descripcion,duracion_minutos,nombre,requiere_autorizacion,tipo_servicio,estado) values (?,?,?,?,?,?,?,?,?,?)]; constraint [null]]
2026-04-13 12:30:00 DEBUG [http-nio-8080-exec-2] o.s.web.servlet.DispatcherServlet - Completed 400 BAD_REQUEST
2026-04-13 12:59:28 INFO  [background-preinit] o.h.validator.internal.util.Version - HV000001: Hibernate Validator 8.0.2.Final
2026-04-13 12:59:28 DEBUG [background-preinit] o.h.v.i.x.config.ValidationXmlParser - Trying to load META-INF/validation.xml for XML based Validator configuration.
2026-04-13 12:59:28 DEBUG [background-preinit] o.h.v.i.x.c.ResourceLoaderHelper - Trying to load META-INF/validation.xml via TCCL
2026-04-13 12:59:28 DEBUG [background-preinit] o.h.v.i.x.c.ResourceLoaderHelper - Trying to load META-INF/validation.xml via Hibernate Validator's class loader
2026-04-13 12:59:28 DEBUG [background-preinit] o.h.v.i.x.config.ValidationXmlParser - No META-INF/validation.xml found. Using annotation based configuration only.
2026-04-13 12:59:28 DEBUG [background-preinit] o.h.v.i.e.r.TraversableResolvers - Found jakarta.persistence.Persistence on classpath containing 'getPersistenceUtil'. Assuming JPA 2 environment. Trying to instantiate JPA aware TraversableResolver
2026-04-13 12:59:28 DEBUG [background-preinit] o.h.v.i.e.r.TraversableResolvers - Instantiated JPA aware TraversableResolver of type org.hibernate.validator.internal.engine.resolver.JPATraversableResolver.
2026-04-13 12:59:28 DEBUG [background-preinit] o.h.v.m.ResourceBundleMessageInterpolator - Loaded expression factory via original TCCL
2026-04-13 12:59:28 INFO  [main] c.e.C.ClinicaDefinitivaApplication - Starting ClinicaDefinitivaApplication using Java 17.0.10 with PID 21880 (C:\Users\David\OneDrive\Documents\proyectosJava\ClinicaDefinitiva\target\classes started by David in C:\Users\David\OneDrive\Documents\proyectosJava\ClinicaDefinitiva)
2026-04-13 12:59:28 INFO  [main] c.e.C.ClinicaDefinitivaApplication - No active profile set, falling back to 1 default profile: "default"
2026-04-13 12:59:29 DEBUG [background-preinit] o.h.v.i.e.ValidatorFactoryConfigurationHelper - HV000252: Using org.hibernate.validator.internal.engine.DefaultPropertyNodeNameProvider as property node name provider.
2026-04-13 12:59:29 DEBUG [background-preinit] o.h.v.i.e.ValidatorFactoryConfigurationHelper - HV000234: Using org.hibernate.validator.messageinterpolation.ResourceBundleMessageInterpolator as ValidatorFactory-scoped message interpolator.
2026-04-13 12:59:29 DEBUG [background-preinit] o.h.v.i.e.ValidatorFactoryConfigurationHelper - HV000234: Using org.hibernate.validator.internal.engine.resolver.JPATraversableResolver as ValidatorFactory-scoped traversable resolver.
2026-04-13 12:59:29 DEBUG [background-preinit] o.h.v.i.e.ValidatorFactoryConfigurationHelper - HV000234: Using org.hibernate.validator.internal.util.ExecutableParameterNameProvider as ValidatorFactory-scoped parameter name provider.
2026-04-13 12:59:29 DEBUG [background-preinit] o.h.v.i.e.ValidatorFactoryConfigurationHelper - HV000234: Using org.hibernate.validator.internal.engine.DefaultClockProvider as ValidatorFactory-scoped clock provider.
2026-04-13 12:59:29 DEBUG [background-preinit] o.h.v.i.e.ValidatorFactoryConfigurationHelper - HV000234: Using org.hibernate.validator.internal.engine.scripting.DefaultScriptEvaluatorFactory as ValidatorFactory-scoped script evaluator factory.
2026-04-13 12:59:37 INFO  [main] o.s.d.r.c.RepositoryConfigurationDelegate - Bootstrapping Spring Data JPA repositories in DEFAULT mode.
2026-04-13 12:59:39 INFO  [main] o.s.d.r.c.RepositoryConfigurationDelegate - Finished Spring Data repository scanning in 2263 ms. Found 21 JPA repository interfaces.
2026-04-13 12:59:43 INFO  [main] o.s.b.w.e.tomcat.TomcatWebServer - Tomcat initialized with port 8080 (http)
2026-04-13 12:59:43 INFO  [main] o.a.coyote.http11.Http11NioProtocol - Initializing ProtocolHandler ["http-nio-8080"]
2026-04-13 12:59:43 INFO  [main] o.a.catalina.core.StandardService - Starting service [Tomcat]
2026-04-13 12:59:43 INFO  [main] o.a.catalina.core.StandardEngine - Starting Servlet engine: [Apache Tomcat/10.1.41]
2026-04-13 12:59:43 INFO  [main] o.a.c.c.C.[Tomcat].[localhost].[/] - Initializing Spring embedded WebApplicationContext
2026-04-13 12:59:43 INFO  [main] o.s.b.w.s.c.ServletWebServerApplicationContext - Root WebApplicationContext: initialization completed in 14671 ms
2026-04-13 12:59:44 DEBUG [main] o.s.w.f.ServerHttpObservationFilter - Filter 'webMvcObservationFilter' configured for use
2026-04-13 12:59:45 INFO  [main] o.h.jpa.internal.util.LogHelper - HHH000204: Processing PersistenceUnitInfo [name: default]
2026-04-13 12:59:46 INFO  [main] org.hibernate.Version - HHH000412: Hibernate ORM core version 6.6.15.Final
2026-04-13 12:59:46 INFO  [main] o.h.c.i.RegionFactoryInitiator - HHH000026: Second-level cache disabled
2026-04-13 12:59:47 INFO  [main] o.s.o.j.p.SpringPersistenceUnitInfo - No LoadTimeWeaver setup: ignoring JPA class transformer
2026-04-13 12:59:48 INFO  [main] com.zaxxer.hikari.HikariDataSource - HikariPool-1 - Starting...
2026-04-13 12:59:48 INFO  [main] com.zaxxer.hikari.pool.HikariPool - HikariPool-1 - Added connection com.mysql.cj.jdbc.ConnectionImpl@33b2ba25
2026-04-13 12:59:48 INFO  [main] com.zaxxer.hikari.HikariDataSource - HikariPool-1 - Start completed.
2026-04-13 12:59:49 WARN  [main] org.hibernate.dialect.Dialect - HHH000511: The 5.5.5 version for [org.hibernate.dialect.MySQLDialect] is no longer supported, hence certain features may not work properly. The minimum supported version is 8.0.0. Check the community dialects project for available legacy versions.
2026-04-13 12:59:49 WARN  [main] org.hibernate.orm.deprecation - HHH90000025: MySQLDialect does not need to be specified explicitly using 'hibernate.dialect' (remove the property setting and it will be selected by default)
2026-04-13 12:59:49 INFO  [main] o.hibernate.orm.connections.pooling - HHH10001005: Database info:
	Database JDBC URL [Connecting through datasource 'HikariDataSource (HikariPool-1)']
	Database driver: undefined/unknown
	Database version: 5.5.5
	Autocommit mode: undefined/unknown
	Isolation level: undefined/unknown
	Minimum pool size: undefined/unknown
	Maximum pool size: undefined/unknown
2026-04-13 12:59:51 DEBUG [main] o.h.v.i.x.config.ValidationXmlParser - Trying to load META-INF/validation.xml for XML based Validator configuration.
2026-04-13 12:59:51 DEBUG [main] o.h.v.i.x.c.ResourceLoaderHelper - Trying to load META-INF/validation.xml via TCCL
2026-04-13 12:59:51 DEBUG [main] o.h.v.i.x.c.ResourceLoaderHelper - Trying to load META-INF/validation.xml via Hibernate Validator's class loader
2026-04-13 12:59:51 DEBUG [main] o.h.v.i.x.config.ValidationXmlParser - No META-INF/validation.xml found. Using annotation based configuration only.
2026-04-13 12:59:51 DEBUG [main] o.h.v.i.e.r.TraversableResolvers - Found jakarta.persistence.Persistence on classpath containing 'getPersistenceUtil'. Assuming JPA 2 environment. Trying to instantiate JPA aware TraversableResolver
2026-04-13 12:59:51 DEBUG [main] o.h.v.i.e.r.TraversableResolvers - Instantiated JPA aware TraversableResolver of type org.hibernate.validator.internal.engine.resolver.JPATraversableResolver.
2026-04-13 12:59:51 DEBUG [main] o.h.v.m.ResourceBundleMessageInterpolator - Loaded expression factory via original TCCL
2026-04-13 12:59:51 DEBUG [main] o.h.v.i.e.ValidatorFactoryConfigurationHelper - HV000252: Using org.hibernate.validator.internal.engine.DefaultPropertyNodeNameProvider as property node name provider.
2026-04-13 12:59:51 DEBUG [main] o.h.v.i.e.ValidatorFactoryConfigurationHelper - HV000234: Using org.hibernate.validator.messageinterpolation.ResourceBundleMessageInterpolator as ValidatorFactory-scoped message interpolator.
2026-04-13 12:59:51 DEBUG [main] o.h.v.i.e.ValidatorFactoryConfigurationHelper - HV000234: Using org.hibernate.validator.internal.engine.resolver.JPATraversableResolver as ValidatorFactory-scoped traversable resolver.
2026-04-13 12:59:51 DEBUG [main] o.h.v.i.e.ValidatorFactoryConfigurationHelper - HV000234: Using org.hibernate.validator.internal.util.ExecutableParameterNameProvider as ValidatorFactory-scoped parameter name provider.
2026-04-13 12:59:51 DEBUG [main] o.h.v.i.e.ValidatorFactoryConfigurationHelper - HV000234: Using org.hibernate.validator.internal.engine.DefaultClockProvider as ValidatorFactory-scoped clock provider.
2026-04-13 12:59:51 DEBUG [main] o.h.v.i.e.ValidatorFactoryConfigurationHelper - HV000234: Using org.hibernate.validator.internal.engine.scripting.DefaultScriptEvaluatorFactory as ValidatorFactory-scoped script evaluator factory.
2026-04-13 12:59:56 INFO  [main] o.h.e.t.j.p.i.JtaPlatformInitiator - HHH000489: No JTA platform available (set 'hibernate.transaction.jta.platform' to enable JTA platform integration)
2026-04-13 12:59:58 INFO  [main] o.s.o.j.LocalContainerEntityManagerFactoryBean - Initialized JPA EntityManagerFactory for persistence unit 'default'
2026-04-13 12:59:59 INFO  [main] o.s.d.j.r.query.QueryEnhancerFactory - Hibernate is in classpath; If applicable, HQL parser will be used.
2026-04-13 13:00:12 INFO  [main] c.e.C.i.r.p.s.StripePaymentGateway - ? Stripe payment gateway initialized
2026-04-13 13:00:12 INFO  [main] c.e.C.i.r.p.s.StripePaymentGateway - ? Stripe payment gateway initialized
2026-04-13 13:00:13 INFO  [main] o.s.s.c.a.a.c.InitializeAuthenticationProviderBeanManagerConfigurer$InitializeAuthenticationProviderManagerConfigurer - Global AuthenticationManager configured with AuthenticationProvider bean with name authenticationProvider
2026-04-13 13:00:13 WARN  [main] o.s.s.c.a.a.c.InitializeUserDetailsBeanManagerConfigurer$InitializeUserDetailsManagerConfigurer - Global AuthenticationManager configured with an AuthenticationProvider bean. UserDetailsService beans will not be used by Spring Security for automatically configuring username/password login. Consider removing the AuthenticationProvider bean. Alternatively, consider using the UserDetailsService in a manually instantiated DaoAuthenticationProvider. If the current configuration is intentional, to turn off this warning, increase the logging level of 'org.springframework.security.config.annotation.authentication.configuration.InitializeUserDetailsBeanManagerConfigurer' to ERROR
2026-04-13 13:00:13 INFO  [main] c.e.C.i.r.p.s.StripePaymentGateway - ? Stripe payment gateway initialized
2026-04-13 13:00:13 WARN  [main] o.s.b.a.o.j.JpaBaseConfiguration$JpaWebConfiguration - spring.jpa.open-in-view is enabled by default. Therefore, database queries may be performed during view rendering. Explicitly configure spring.jpa.open-in-view to disable this warning
2026-04-13 13:00:14 DEBUG [main] o.s.w.s.m.m.a.RequestMappingHandlerMapping - 216 mappings in 'requestMappingHandlerMapping'
2026-04-13 13:00:14 DEBUG [main] o.s.w.s.h.SimpleUrlHandlerMapping - Patterns [/webjars/**, /**] in 'resourceHandlerMapping'
2026-04-13 13:00:15 INFO  [main] o.s.b.a.e.web.EndpointLinksResolver - Exposing 1 endpoint beneath base path '/actuator'
2026-04-13 13:00:16 DEBUG [main] o.s.s.web.DefaultSecurityFilterChain - Will secure any request with filters: DisableEncodeUrlFilter, WebAsyncManagerIntegrationFilter, SecurityContextHolderFilter, HeaderWriterFilter, LogoutFilter, JwtAuthenticationFilter, RequestCacheAwareFilter, SecurityContextHolderAwareRequestFilter, AnonymousAuthenticationFilter, SessionManagementFilter, ExceptionTranslationFilter, AuthorizationFilter
2026-04-13 13:00:16 DEBUG [main] o.h.v.m.ResourceBundleMessageInterpolator - Loaded expression factory via original TCCL
2026-04-13 13:00:16 DEBUG [main] o.h.v.i.e.AbstractConfigurationImpl - Setting custom MessageInterpolator of type org.springframework.validation.beanvalidation.LocaleContextMessageInterpolator
2026-04-13 13:00:16 DEBUG [main] o.h.v.i.e.AbstractConfigurationImpl - Setting custom ConstraintValidatorFactory of type org.springframework.validation.beanvalidation.SpringConstraintValidatorFactory
2026-04-13 13:00:16 DEBUG [main] o.h.v.i.x.config.ValidationXmlParser - Trying to load META-INF/validation.xml for XML based Validator configuration.
2026-04-13 13:00:16 DEBUG [main] o.h.v.i.x.c.ResourceLoaderHelper - Trying to load META-INF/validation.xml via user class loader
2026-04-13 13:00:16 DEBUG [main] o.h.v.i.x.c.ResourceLoaderHelper - Trying to load META-INF/validation.xml via TCCL
2026-04-13 13:00:16 DEBUG [main] o.h.v.i.x.c.ResourceLoaderHelper - Trying to load META-INF/validation.xml via Hibernate Validator's class loader
2026-04-13 13:00:16 DEBUG [main] o.h.v.i.x.config.ValidationXmlParser - No META-INF/validation.xml found. Using annotation based configuration only.
2026-04-13 13:00:16 DEBUG [main] o.h.v.i.e.r.TraversableResolvers - Found jakarta.persistence.Persistence on classpath containing 'getPersistenceUtil'. Assuming JPA 2 environment. Trying to instantiate JPA aware TraversableResolver
2026-04-13 13:00:16 DEBUG [main] o.h.v.i.e.r.TraversableResolvers - Instantiated JPA aware TraversableResolver of type org.hibernate.validator.internal.engine.resolver.JPATraversableResolver.
2026-04-13 13:00:16 DEBUG [main] o.h.v.i.e.ValidatorFactoryConfigurationHelper - HV000252: Using org.hibernate.validator.internal.engine.DefaultPropertyNodeNameProvider as property node name provider.
2026-04-13 13:00:16 DEBUG [main] o.h.v.i.e.ValidatorFactoryConfigurationHelper - HV000234: Using org.springframework.validation.beanvalidation.LocaleContextMessageInterpolator as ValidatorFactory-scoped message interpolator.
2026-04-13 13:00:16 DEBUG [main] o.h.v.i.e.ValidatorFactoryConfigurationHelper - HV000234: Using org.hibernate.validator.internal.engine.resolver.JPATraversableResolver as ValidatorFactory-scoped traversable resolver.
2026-04-13 13:00:16 DEBUG [main] o.h.v.i.e.ValidatorFactoryConfigurationHelper - HV000234: Using org.hibernate.validator.internal.util.ExecutableParameterNameProvider as ValidatorFactory-scoped parameter name provider.
2026-04-13 13:00:16 DEBUG [main] o.h.v.i.e.ValidatorFactoryConfigurationHelper - HV000234: Using org.hibernate.validator.internal.engine.DefaultClockProvider as ValidatorFactory-scoped clock provider.
2026-04-13 13:00:16 DEBUG [main] o.h.v.i.e.ValidatorFactoryConfigurationHelper - HV000234: Using org.hibernate.validator.internal.engine.scripting.DefaultScriptEvaluatorFactory as ValidatorFactory-scoped script evaluator factory.
2026-04-13 13:00:16 DEBUG [main] o.s.w.s.m.m.a.RequestMappingHandlerAdapter - ControllerAdvice beans: 0 @ModelAttribute, 0 @InitBinder, 1 RequestBodyAdvice, 1 ResponseBodyAdvice
2026-04-13 13:00:17 DEBUG [main] o.s.w.s.m.m.a.ExceptionHandlerExceptionResolver - ControllerAdvice beans: 1 @ExceptionHandler, 1 ResponseBodyAdvice
2026-04-13 13:00:18 INFO  [main] o.a.coyote.http11.Http11NioProtocol - Starting ProtocolHandler ["http-nio-8080"]
2026-04-13 13:00:18 INFO  [main] o.s.b.w.e.tomcat.TomcatWebServer - Tomcat started on port 8080 (http) with context path '/'
2026-04-13 13:00:18 INFO  [main] c.e.C.ClinicaDefinitivaApplication - Started ClinicaDefinitivaApplication in 53.495 seconds (process running for 56.321)
2026-04-13 13:00:18 INFO  [main] c.e.C.ClinicaDefinitivaApplication - Logger funciona correctamente
2026-04-13 13:00:49 INFO  [http-nio-8080-exec-3] o.a.c.c.C.[Tomcat].[localhost].[/] - Initializing Spring DispatcherServlet 'dispatcherServlet'
2026-04-13 13:00:49 INFO  [http-nio-8080-exec-3] o.s.web.servlet.DispatcherServlet - Initializing Servlet 'dispatcherServlet'
2026-04-13 13:00:49 DEBUG [http-nio-8080-exec-3] o.s.web.servlet.DispatcherServlet - Detected StandardServletMultipartResolver
2026-04-13 13:00:49 DEBUG [http-nio-8080-exec-3] o.s.web.servlet.DispatcherServlet - Detected AcceptHeaderLocaleResolver
2026-04-13 13:00:49 DEBUG [http-nio-8080-exec-3] o.s.web.servlet.DispatcherServlet - Detected FixedThemeResolver
2026-04-13 13:00:49 DEBUG [http-nio-8080-exec-3] o.s.web.servlet.DispatcherServlet - Detected org.springframework.web.servlet.view.DefaultRequestToViewNameTranslator@6e3242e9
2026-04-13 13:00:49 DEBUG [http-nio-8080-exec-3] o.s.web.servlet.DispatcherServlet - Detected org.springframework.web.servlet.support.SessionFlashMapManager@4b3b044f
2026-04-13 13:00:49 DEBUG [http-nio-8080-exec-3] o.s.web.servlet.DispatcherServlet - enableLoggingRequestDetails='false': request parameters and headers will be masked to prevent unsafe logging of potentially sensitive data
2026-04-13 13:00:49 INFO  [http-nio-8080-exec-3] o.s.web.servlet.DispatcherServlet - Completed initialization in 30 ms
2026-04-13 13:00:50 DEBUG [http-nio-8080-exec-3] o.s.security.web.FilterChainProxy - Securing POST /api/v1/services
2026-04-13 13:00:50 TRACE [http-nio-8080-exec-3] o.s.s.w.a.logout.LogoutFilter - Did not match request to Or [Ant [pattern='/logout', GET], Ant [pattern='/logout', POST], Ant [pattern='/logout', PUT], Ant [pattern='/logout', DELETE]]
2026-04-13 13:00:52 TRACE [http-nio-8080-exec-3] o.s.s.w.a.AnonymousAuthenticationFilter - Did not set SecurityContextHolder since already authenticated UsernamePasswordAuthenticationToken [Principal=com.example.ClinicaDefinitiva.infrastructure.security.adapter.CustomUserDetails@b0a7844, Credentials=[PROTECTED], Authenticated=true, Details=null, Granted Authorities=[UPDATE_INFORMATION_PROVIDED_SERVICE, READ_ROLE, UPDATE_COMPANY, UPDATE_INVOICE, CREATE_CUSTOM_ROLE, UPDATE_JOURNAL_ENTRY, REVERSE_JOURNAL_ENTRY, CREATE_CONTRACT, SET_PERMISSIONS_ROLE, READ_USER_IDENTITY, IS_CURRENTLY_ACTIVE_ASSIGNMENT, READ_RATE, READ_APPOINTMENT, DEACTIVATE_PROVIDED_SERVICE, READ_DENTIST, CREATE_COMPANY, ACTIVATE_PROVIDED_SERVICE, DELETE_INVOICE, CREATE_PROVIDED_SERVICE, UPDATE_PAYMENT, CHECK_ROLE, ACTIVATE_USER_IDENTITY, READ_PATIENT, DELETE_ROLE, READ_ADMINISTRATIVE_REPORT, UPDATE_PRICE_PROVIDED_SERVICE, READ_CONTRACT, DELETE_ADMINISTRATIVE_REPORT, DEACTIVATE_USER_IDENTITY, REVERSE_INVOICE, APPROVE_INVOICE, READ_PROVIDED_SERVICE, REVOKE_ASSIGNMENT, DEACTIVATE_ROLE, READ_AVAILABILITY, READ_RECEPTIONIST, DELETE_RATE, SUSPEND_ROLE, UPDATE_PRIMARY_ASSIGNMENT, REMOVE_ROLE, CREATE_USER_IDENTITY, ADD_ROLE, DELETE_CONTRACT, DELETE_PAYMENT, DELETE_ASSIGNMENT, ACTIVATE_ROLE, EXTEND_ASSIGNMENT, READ_COMPANY, UPDATE_ADMINISTRATIVE_REPORT, CREATE_PAYMENT, UPDATE_USER_IDENTITY, READ_GUARDIAN, MARK_DELETED_ROLE, UPDATE_CONTRACT, DELETE_COMPANY, IS_ACTIVE_AT_ASSIGNMENT, READ_ASSIGNMENT, POST_INVOICE, REVOKE_ALL_ASSIGNMENT, CREATE_JOURNAL_ENTRY, CREATE_ADMINISTRATIVE_REPORT, UPDATE_DETAILS_PROVIDED_SERVICE, READ_SHIFT, POST_JOURNAL_ENTRY, ROLE_ADMINISTRATOR, CREATE_TEMPORARY_ASSIGNMENT, READ_PAYMENT, CREATE_RATE, READ_INVOICE, UPDATE_RATE, DELETE_JOURNAL_ENTRY, CLONE_ROLE, READ_JOURNAL_ENTRY, CREATE_PERMANENT_ASSIGNMENT, CREATE_INVOICE, SUSPEND_USER_IDENTITY]]
2026-04-13 13:00:52 TRACE [http-nio-8080-exec-3] o.s.s.w.a.s.CompositeSessionAuthenticationStrategy - Preparing session with ChangeSessionIdAuthenticationStrategy (1/1)
2026-04-13 13:00:52 DEBUG [http-nio-8080-exec-3] o.s.security.web.FilterChainProxy - Secured POST /api/v1/services
2026-04-13 13:00:53 DEBUG [http-nio-8080-exec-3] o.s.web.servlet.DispatcherServlet - POST "/api/v1/services", parameters={}
2026-04-13 13:00:53 DEBUG [http-nio-8080-exec-3] o.s.w.s.m.m.a.RequestMappingHandlerMapping - Mapped to com.example.ClinicaDefinitiva.infrastructure.rest.dentalService.controller.ProvidedServiceController#create(CreateServiceRequest, CustomUserDetails)
2026-04-13 13:00:54 DEBUG [http-nio-8080-exec-3] o.s.w.s.m.m.a.RequestResponseBodyMethodProcessor - Read "application/json;charset=UTF-8" to [CreateServiceRequest[name=Profilaxis y Limpieza, categoryId=2, categoryName=PROPHYLAXIS, categoryTyp (truncated)...]
2026-04-13 13:00:55 DEBUG [http-nio-8080-exec-3] o.s.w.s.m.m.a.HttpEntityMethodProcessor - Using 'application/json', given [*/*] and supported [application/json, application/*+json]
2026-04-13 13:00:55 DEBUG [http-nio-8080-exec-3] o.s.w.s.m.m.a.HttpEntityMethodProcessor - Writing [ReadServiceResponse[id=1, code=GENERAL, name=Profilaxis y Limpieza, description=Eliminación de placa (truncated)...]
2026-04-13 13:00:55 DEBUG [http-nio-8080-exec-3] o.s.web.servlet.DispatcherServlet - Completed 201 CREATED
2026-04-13 13:54:10 DEBUG [http-nio-8080-exec-6] o.s.security.web.FilterChainProxy - Securing POST /api/v1/services
2026-04-13 13:54:10 TRACE [http-nio-8080-exec-6] o.s.s.w.a.logout.LogoutFilter - Did not match request to Or [Ant [pattern='/logout', GET], Ant [pattern='/logout', POST], Ant [pattern='/logout', PUT], Ant [pattern='/logout', DELETE]]
2026-04-13 13:54:10 TRACE [http-nio-8080-exec-6] o.s.s.w.a.AnonymousAuthenticationFilter - Set SecurityContextHolder to AnonymousAuthenticationToken [Principal=anonymousUser, Credentials=[PROTECTED], Authenticated=true, Details=WebAuthenticationDetails [RemoteIpAddress=0:0:0:0:0:0:0:1, SessionId=null], Granted Authorities=[ROLE_ANONYMOUS]]
2026-04-13 13:54:10 DEBUG [http-nio-8080-exec-6] o.s.s.w.a.Http403ForbiddenEntryPoint - Pre-authenticated entry point called. Rejecting access
2026-04-13 13:54:10 DEBUG [http-nio-8080-exec-6] o.s.security.web.FilterChainProxy - Securing POST /error
2026-04-13 13:54:10 TRACE [http-nio-8080-exec-6] o.s.s.w.a.logout.LogoutFilter - Did not match request to Or [Ant [pattern='/logout', GET], Ant [pattern='/logout', POST], Ant [pattern='/logout', PUT], Ant [pattern='/logout', DELETE]]
2026-04-13 13:54:10 TRACE [http-nio-8080-exec-6] o.s.s.w.a.AnonymousAuthenticationFilter - Set SecurityContextHolder to AnonymousAuthenticationToken [Principal=anonymousUser, Credentials=[PROTECTED], Authenticated=true, Details=WebAuthenticationDetails [RemoteIpAddress=0:0:0:0:0:0:0:1, SessionId=null], Granted Authorities=[ROLE_ANONYMOUS]]
2026-04-13 13:54:10 DEBUG [http-nio-8080-exec-6] o.s.s.w.a.Http403ForbiddenEntryPoint - Pre-authenticated entry point called. Rejecting access
2026-04-13 13:54:52 DEBUG [http-nio-8080-exec-7] o.s.security.web.FilterChainProxy - Securing POST /api/v1/auth/login
2026-04-13 13:54:52 TRACE [http-nio-8080-exec-7] o.s.s.w.a.logout.LogoutFilter - Did not match request to Or [Ant [pattern='/logout', GET], Ant [pattern='/logout', POST], Ant [pattern='/logout', PUT], Ant [pattern='/logout', DELETE]]
2026-04-13 13:54:52 TRACE [http-nio-8080-exec-7] o.s.s.w.a.AnonymousAuthenticationFilter - Set SecurityContextHolder to AnonymousAuthenticationToken [Principal=anonymousUser, Credentials=[PROTECTED], Authenticated=true, Details=WebAuthenticationDetails [RemoteIpAddress=0:0:0:0:0:0:0:1, SessionId=null], Granted Authorities=[ROLE_ANONYMOUS]]
2026-04-13 13:54:52 DEBUG [http-nio-8080-exec-7] o.s.security.web.FilterChainProxy - Secured POST /api/v1/auth/login
2026-04-13 13:54:52 DEBUG [http-nio-8080-exec-7] o.s.web.servlet.DispatcherServlet - POST "/api/v1/auth/login", parameters={}
2026-04-13 13:54:52 DEBUG [http-nio-8080-exec-7] o.s.w.s.m.m.a.RequestMappingHandlerMapping - Mapped to com.example.ClinicaDefinitiva.infrastructure.rest.authentication.controller.AuthController#login(LoginRequest)
2026-04-13 13:54:52 DEBUG [http-nio-8080-exec-7] o.s.w.s.m.m.a.RequestResponseBodyMethodProcessor - Read "application/json;charset=UTF-8" to [LoginRequest[email=admin@test.com, password=admin123]]
2026-04-13 13:54:53 DEBUG [http-nio-8080-exec-7] o.s.s.a.d.DaoAuthenticationProvider - Authenticated user
2026-04-13 13:54:53 DEBUG [http-nio-8080-exec-7] o.s.w.s.m.m.a.HttpEntityMethodProcessor - Using 'application/json', given [*/*] and supported [application/json, application/*+json]
2026-04-13 13:54:53 DEBUG [http-nio-8080-exec-7] o.s.w.s.m.m.a.HttpEntityMethodProcessor - Writing [{token=eyJhbGciOiJIUzI1NiJ9.eyJzdWIiOiJhZG1pbkB0ZXN0LmNvbSIsInJvbGVzIjpbIlJPTEVfVVNFUiJdLCJpYXQiOjE3 (truncated)...]
2026-04-13 13:54:53 DEBUG [http-nio-8080-exec-7] o.s.web.servlet.DispatcherServlet - Completed 200 OK
2026-04-13 13:55:42 DEBUG [http-nio-8080-exec-5] o.s.security.web.FilterChainProxy - Securing POST /api/v1/services
2026-04-13 13:55:42 TRACE [http-nio-8080-exec-5] o.s.s.w.a.logout.LogoutFilter - Did not match request to Or [Ant [pattern='/logout', GET], Ant [pattern='/logout', POST], Ant [pattern='/logout', PUT], Ant [pattern='/logout', DELETE]]
2026-04-13 13:55:42 TRACE [http-nio-8080-exec-5] o.s.s.w.a.AnonymousAuthenticationFilter - Did not set SecurityContextHolder since already authenticated UsernamePasswordAuthenticationToken [Principal=com.example.ClinicaDefinitiva.infrastructure.security.adapter.CustomUserDetails@8027a4a, Credentials=[PROTECTED], Authenticated=true, Details=null, Granted Authorities=[UPDATE_INFORMATION_PROVIDED_SERVICE, READ_ROLE, UPDATE_COMPANY, UPDATE_INVOICE, CREATE_CUSTOM_ROLE, UPDATE_JOURNAL_ENTRY, REVERSE_JOURNAL_ENTRY, CREATE_CONTRACT, SET_PERMISSIONS_ROLE, READ_USER_IDENTITY, IS_CURRENTLY_ACTIVE_ASSIGNMENT, READ_RATE, READ_APPOINTMENT, DEACTIVATE_PROVIDED_SERVICE, READ_DENTIST, CREATE_COMPANY, ACTIVATE_PROVIDED_SERVICE, DELETE_INVOICE, CREATE_PROVIDED_SERVICE, UPDATE_PAYMENT, CHECK_ROLE, ACTIVATE_USER_IDENTITY, READ_PATIENT, DELETE_ROLE, READ_ADMINISTRATIVE_REPORT, UPDATE_PRICE_PROVIDED_SERVICE, READ_CONTRACT, DELETE_ADMINISTRATIVE_REPORT, DEACTIVATE_USER_IDENTITY, REVERSE_INVOICE, APPROVE_INVOICE, READ_PROVIDED_SERVICE, REVOKE_ASSIGNMENT, DEACTIVATE_ROLE, READ_AVAILABILITY, READ_RECEPTIONIST, DELETE_RATE, SUSPEND_ROLE, UPDATE_PRIMARY_ASSIGNMENT, REMOVE_ROLE, CREATE_USER_IDENTITY, ADD_ROLE, DELETE_CONTRACT, DELETE_PAYMENT, DELETE_ASSIGNMENT, ACTIVATE_ROLE, EXTEND_ASSIGNMENT, READ_COMPANY, UPDATE_ADMINISTRATIVE_REPORT, CREATE_PAYMENT, UPDATE_USER_IDENTITY, READ_GUARDIAN, MARK_DELETED_ROLE, UPDATE_CONTRACT, DELETE_COMPANY, IS_ACTIVE_AT_ASSIGNMENT, READ_ASSIGNMENT, POST_INVOICE, REVOKE_ALL_ASSIGNMENT, CREATE_JOURNAL_ENTRY, CREATE_ADMINISTRATIVE_REPORT, UPDATE_DETAILS_PROVIDED_SERVICE, READ_SHIFT, POST_JOURNAL_ENTRY, ROLE_ADMINISTRATOR, CREATE_TEMPORARY_ASSIGNMENT, READ_PAYMENT, CREATE_RATE, READ_INVOICE, UPDATE_RATE, DELETE_JOURNAL_ENTRY, CLONE_ROLE, READ_JOURNAL_ENTRY, CREATE_PERMANENT_ASSIGNMENT, CREATE_INVOICE, SUSPEND_USER_IDENTITY]]
2026-04-13 13:55:42 TRACE [http-nio-8080-exec-5] o.s.s.w.a.s.CompositeSessionAuthenticationStrategy - Preparing session with ChangeSessionIdAuthenticationStrategy (1/1)
2026-04-13 13:55:42 DEBUG [http-nio-8080-exec-5] o.s.security.web.FilterChainProxy - Secured POST /api/v1/services
2026-04-13 13:55:42 DEBUG [http-nio-8080-exec-5] o.s.web.servlet.DispatcherServlet - POST "/api/v1/services", parameters={}
2026-04-13 13:55:42 DEBUG [http-nio-8080-exec-5] o.s.w.s.m.m.a.RequestMappingHandlerMapping - Mapped to com.example.ClinicaDefinitiva.infrastructure.rest.dentalService.controller.ProvidedServiceController#create(CreateServiceRequest, CustomUserDetails)
2026-04-13 13:55:42 DEBUG [http-nio-8080-exec-5] o.s.w.s.m.m.a.RequestResponseBodyMethodProcessor - Read "application/json;charset=UTF-8" to [CreateServiceRequest[name=Colocación de Brackets Metálicos, categoryId=3, categoryName=ORTHODONTICS, (truncated)...]
2026-04-13 13:55:42 DEBUG [http-nio-8080-exec-5] o.s.w.s.m.m.a.ExceptionHandlerExceptionResolver - Using @ExceptionHandler com.example.ClinicaDefinitiva.infrastructure.advice.GlobalControllerAdvice#handleValueObjectValidation(ValueObjectValidationException)
2026-04-13 13:55:42 WARN  [http-nio-8080-exec-5] c.e.C.i.a.GlobalControllerAdvice - Validación de Value Object falló [requestId=4e0922d2-6165-40b4-8e2f-6f4496164315, usuario=admin@test.com, código=RN-ORTHODONTIC-001]: El tipo de aparato es obligatorio y no puede estar en blanco
2026-04-13 13:55:42 DEBUG [http-nio-8080-exec-5] o.s.w.s.m.m.a.HttpEntityMethodProcessor - Using 'application/json', given [*/*] and supported [application/json, application/*+json]
2026-04-13 13:55:42 DEBUG [http-nio-8080-exec-5] o.s.w.s.m.m.a.HttpEntityMethodProcessor - Writing [com.example.ClinicaDefinitiva.infrastructure.advice.ErrorResponse@280dab74]
2026-04-13 13:55:42 DEBUG [http-nio-8080-exec-5] o.s.w.s.m.m.a.ExceptionHandlerExceptionResolver - Resolved [com.example.ClinicaDefinitiva.domain.exceptions.ValueObjectValidationException: El tipo de aparato es obligatorio y no puede estar en blanco]
2026-04-13 13:55:42 DEBUG [http-nio-8080-exec-5] o.s.web.servlet.DispatcherServlet - Completed 400 BAD_REQUEST
2026-04-13 14:08:26 DEBUG [http-nio-8080-exec-8] o.s.security.web.FilterChainProxy - Securing POST /api/v1/services
2026-04-13 14:08:26 TRACE [http-nio-8080-exec-8] o.s.s.w.a.logout.LogoutFilter - Did not match request to Or [Ant [pattern='/logout', GET], Ant [pattern='/logout', POST], Ant [pattern='/logout', PUT], Ant [pattern='/logout', DELETE]]
2026-04-13 14:08:27 TRACE [http-nio-8080-exec-8] o.s.s.w.a.AnonymousAuthenticationFilter - Did not set SecurityContextHolder since already authenticated UsernamePasswordAuthenticationToken [Principal=com.example.ClinicaDefinitiva.infrastructure.security.adapter.CustomUserDetails@112d3255, Credentials=[PROTECTED], Authenticated=true, Details=null, Granted Authorities=[UPDATE_INFORMATION_PROVIDED_SERVICE, READ_ROLE, UPDATE_COMPANY, UPDATE_INVOICE, CREATE_CUSTOM_ROLE, UPDATE_JOURNAL_ENTRY, REVERSE_JOURNAL_ENTRY, CREATE_CONTRACT, SET_PERMISSIONS_ROLE, READ_USER_IDENTITY, IS_CURRENTLY_ACTIVE_ASSIGNMENT, READ_RATE, READ_APPOINTMENT, DEACTIVATE_PROVIDED_SERVICE, READ_DENTIST, CREATE_COMPANY, ACTIVATE_PROVIDED_SERVICE, DELETE_INVOICE, CREATE_PROVIDED_SERVICE, UPDATE_PAYMENT, CHECK_ROLE, ACTIVATE_USER_IDENTITY, READ_PATIENT, DELETE_ROLE, READ_ADMINISTRATIVE_REPORT, UPDATE_PRICE_PROVIDED_SERVICE, READ_CONTRACT, DELETE_ADMINISTRATIVE_REPORT, DEACTIVATE_USER_IDENTITY, REVERSE_INVOICE, APPROVE_INVOICE, READ_PROVIDED_SERVICE, REVOKE_ASSIGNMENT, DEACTIVATE_ROLE, READ_AVAILABILITY, READ_RECEPTIONIST, DELETE_RATE, SUSPEND_ROLE, UPDATE_PRIMARY_ASSIGNMENT, REMOVE_ROLE, CREATE_USER_IDENTITY, ADD_ROLE, DELETE_CONTRACT, DELETE_PAYMENT, DELETE_ASSIGNMENT, ACTIVATE_ROLE, EXTEND_ASSIGNMENT, READ_COMPANY, UPDATE_ADMINISTRATIVE_REPORT, CREATE_PAYMENT, UPDATE_USER_IDENTITY, READ_GUARDIAN, MARK_DELETED_ROLE, UPDATE_CONTRACT, DELETE_COMPANY, IS_ACTIVE_AT_ASSIGNMENT, READ_ASSIGNMENT, POST_INVOICE, REVOKE_ALL_ASSIGNMENT, CREATE_JOURNAL_ENTRY, CREATE_ADMINISTRATIVE_REPORT, UPDATE_DETAILS_PROVIDED_SERVICE, READ_SHIFT, POST_JOURNAL_ENTRY, ROLE_ADMINISTRATOR, CREATE_TEMPORARY_ASSIGNMENT, READ_PAYMENT, CREATE_RATE, READ_INVOICE, UPDATE_RATE, DELETE_JOURNAL_ENTRY, CLONE_ROLE, READ_JOURNAL_ENTRY, CREATE_PERMANENT_ASSIGNMENT, CREATE_INVOICE, SUSPEND_USER_IDENTITY]]
2026-04-13 14:08:27 TRACE [http-nio-8080-exec-8] o.s.s.w.a.s.CompositeSessionAuthenticationStrategy - Preparing session with ChangeSessionIdAuthenticationStrategy (1/1)
2026-04-13 14:08:27 DEBUG [http-nio-8080-exec-8] o.s.security.web.FilterChainProxy - Secured POST /api/v1/services
2026-04-13 14:08:27 DEBUG [http-nio-8080-exec-8] o.s.web.servlet.DispatcherServlet - POST "/api/v1/services", parameters={}
2026-04-13 14:08:27 DEBUG [http-nio-8080-exec-8] o.s.w.s.m.m.a.RequestMappingHandlerMapping - Mapped to com.example.ClinicaDefinitiva.infrastructure.rest.dentalService.controller.ProvidedServiceController#create(CreateServiceRequest, CustomUserDetails)
2026-04-13 14:08:27 DEBUG [http-nio-8080-exec-8] o.s.w.s.m.m.a.RequestResponseBodyMethodProcessor - Read "application/json;charset=UTF-8" to [CreateServiceRequest[name=Ortodoncia con Brackets Metálicos, categoryId=3, categoryName=Ortodoncia,  (truncated)...]
2026-04-13 14:08:27 DEBUG [http-nio-8080-exec-8] o.s.w.s.m.m.a.ExceptionHandlerExceptionResolver - Using @ExceptionHandler com.example.ClinicaDefinitiva.infrastructure.advice.GlobalControllerAdvice#handleValueObjectValidation(ValueObjectValidationException)
2026-04-13 14:08:27 WARN  [http-nio-8080-exec-8] c.e.C.i.a.GlobalControllerAdvice - Validación de Value Object falló [requestId=1d6f94ec-0649-4247-aee4-0be3c34a8015, usuario=admin@test.com, código=RN-ORTHODONTIC-001]: El tipo de aparato es obligatorio y no puede estar en blanco
2026-04-13 14:08:27 DEBUG [http-nio-8080-exec-8] o.s.w.s.m.m.a.HttpEntityMethodProcessor - Using 'application/json', given [*/*] and supported [application/json, application/*+json]
2026-04-13 14:08:27 DEBUG [http-nio-8080-exec-8] o.s.w.s.m.m.a.HttpEntityMethodProcessor - Writing [com.example.ClinicaDefinitiva.infrastructure.advice.ErrorResponse@1bc96480]
2026-04-13 14:08:27 DEBUG [http-nio-8080-exec-8] o.s.w.s.m.m.a.ExceptionHandlerExceptionResolver - Resolved [com.example.ClinicaDefinitiva.domain.exceptions.ValueObjectValidationException: El tipo de aparato es obligatorio y no puede estar en blanco]
2026-04-13 14:08:27 DEBUG [http-nio-8080-exec-8] o.s.web.servlet.DispatcherServlet - Completed 400 BAD_REQUEST
2026-04-13 14:12:37 DEBUG [http-nio-8080-exec-10] o.s.security.web.FilterChainProxy - Securing POST /api/v1/services
2026-04-13 14:12:37 TRACE [http-nio-8080-exec-10] o.s.s.w.a.logout.LogoutFilter - Did not match request to Or [Ant [pattern='/logout', GET], Ant [pattern='/logout', POST], Ant [pattern='/logout', PUT], Ant [pattern='/logout', DELETE]]
2026-04-13 14:12:37 TRACE [http-nio-8080-exec-10] o.s.s.w.a.AnonymousAuthenticationFilter - Did not set SecurityContextHolder since already authenticated UsernamePasswordAuthenticationToken [Principal=com.example.ClinicaDefinitiva.infrastructure.security.adapter.CustomUserDetails@2c92ef32, Credentials=[PROTECTED], Authenticated=true, Details=null, Granted Authorities=[UPDATE_INFORMATION_PROVIDED_SERVICE, READ_ROLE, UPDATE_COMPANY, UPDATE_INVOICE, CREATE_CUSTOM_ROLE, UPDATE_JOURNAL_ENTRY, REVERSE_JOURNAL_ENTRY, CREATE_CONTRACT, SET_PERMISSIONS_ROLE, READ_USER_IDENTITY, IS_CURRENTLY_ACTIVE_ASSIGNMENT, READ_RATE, READ_APPOINTMENT, DEACTIVATE_PROVIDED_SERVICE, READ_DENTIST, CREATE_COMPANY, ACTIVATE_PROVIDED_SERVICE, DELETE_INVOICE, CREATE_PROVIDED_SERVICE, UPDATE_PAYMENT, CHECK_ROLE, ACTIVATE_USER_IDENTITY, READ_PATIENT, DELETE_ROLE, READ_ADMINISTRATIVE_REPORT, UPDATE_PRICE_PROVIDED_SERVICE, READ_CONTRACT, DELETE_ADMINISTRATIVE_REPORT, DEACTIVATE_USER_IDENTITY, REVERSE_INVOICE, APPROVE_INVOICE, READ_PROVIDED_SERVICE, REVOKE_ASSIGNMENT, DEACTIVATE_ROLE, READ_AVAILABILITY, READ_RECEPTIONIST, DELETE_RATE, SUSPEND_ROLE, UPDATE_PRIMARY_ASSIGNMENT, REMOVE_ROLE, CREATE_USER_IDENTITY, ADD_ROLE, DELETE_CONTRACT, DELETE_PAYMENT, DELETE_ASSIGNMENT, ACTIVATE_ROLE, EXTEND_ASSIGNMENT, READ_COMPANY, UPDATE_ADMINISTRATIVE_REPORT, CREATE_PAYMENT, UPDATE_USER_IDENTITY, READ_GUARDIAN, MARK_DELETED_ROLE, UPDATE_CONTRACT, DELETE_COMPANY, IS_ACTIVE_AT_ASSIGNMENT, READ_ASSIGNMENT, POST_INVOICE, REVOKE_ALL_ASSIGNMENT, CREATE_JOURNAL_ENTRY, CREATE_ADMINISTRATIVE_REPORT, UPDATE_DETAILS_PROVIDED_SERVICE, READ_SHIFT, POST_JOURNAL_ENTRY, ROLE_ADMINISTRATOR, CREATE_TEMPORARY_ASSIGNMENT, READ_PAYMENT, CREATE_RATE, READ_INVOICE, UPDATE_RATE, DELETE_JOURNAL_ENTRY, CLONE_ROLE, READ_JOURNAL_ENTRY, CREATE_PERMANENT_ASSIGNMENT, CREATE_INVOICE, SUSPEND_USER_IDENTITY]]
2026-04-13 14:12:37 TRACE [http-nio-8080-exec-10] o.s.s.w.a.s.CompositeSessionAuthenticationStrategy - Preparing session with ChangeSessionIdAuthenticationStrategy (1/1)
2026-04-13 14:12:37 DEBUG [http-nio-8080-exec-10] o.s.security.web.FilterChainProxy - Secured POST /api/v1/services
2026-04-13 14:12:37 DEBUG [http-nio-8080-exec-10] o.s.web.servlet.DispatcherServlet - POST "/api/v1/services", parameters={}
2026-04-13 14:12:37 DEBUG [http-nio-8080-exec-10] o.s.w.s.m.m.a.RequestMappingHandlerMapping - Mapped to com.example.ClinicaDefinitiva.infrastructure.rest.dentalService.controller.ProvidedServiceController#create(CreateServiceRequest, CustomUserDetails)
2026-04-13 14:12:37 DEBUG [http-nio-8080-exec-10] o.s.w.s.m.m.a.RequestResponseBodyMethodProcessor - Read "application/json;charset=UTF-8" to [CreateServiceRequest[name=Ortodoncia con Brackets Metálicos, categoryId=3, categoryName=Ortodoncia,  (truncated)...]
2026-04-13 14:12:37 DEBUG [http-nio-8080-exec-10] o.s.w.s.m.m.a.HttpEntityMethodProcessor - Using 'application/json', given [*/*] and supported [application/json, application/*+json]
2026-04-13 14:12:37 DEBUG [http-nio-8080-exec-10] o.s.w.s.m.m.a.HttpEntityMethodProcessor - Writing [ReadServiceResponse[id=2, code=ORTHODONTIC, name=Ortodoncia con Brackets Metálicos, description=Trat (truncated)...]
2026-04-13 14:12:37 DEBUG [http-nio-8080-exec-10] o.s.web.servlet.DispatcherServlet - Completed 201 CREATED
2026-04-13 15:02:54 WARN  [HikariPool-1:housekeeper] com.zaxxer.hikari.pool.HikariPool - HikariPool-1 - Thread starvation or clock leap detected (housekeeper delta=18m35s125ms680µs700ns).
2026-04-13 15:26:41 DEBUG [http-nio-8080-exec-2] o.s.security.web.FilterChainProxy - Securing POST /api/v1/services
2026-04-13 15:26:41 TRACE [http-nio-8080-exec-2] o.s.s.w.a.logout.LogoutFilter - Did not match request to Or [Ant [pattern='/logout', GET], Ant [pattern='/logout', POST], Ant [pattern='/logout', PUT], Ant [pattern='/logout', DELETE]]
2026-04-13 15:26:42 TRACE [http-nio-8080-exec-2] o.s.s.w.a.AnonymousAuthenticationFilter - Did not set SecurityContextHolder since already authenticated UsernamePasswordAuthenticationToken [Principal=com.example.ClinicaDefinitiva.infrastructure.security.adapter.CustomUserDetails@458acf5d, Credentials=[PROTECTED], Authenticated=true, Details=null, Granted Authorities=[UPDATE_INFORMATION_PROVIDED_SERVICE, READ_ROLE, UPDATE_COMPANY, UPDATE_INVOICE, CREATE_CUSTOM_ROLE, UPDATE_JOURNAL_ENTRY, REVERSE_JOURNAL_ENTRY, CREATE_CONTRACT, SET_PERMISSIONS_ROLE, READ_USER_IDENTITY, IS_CURRENTLY_ACTIVE_ASSIGNMENT, READ_RATE, READ_APPOINTMENT, DEACTIVATE_PROVIDED_SERVICE, READ_DENTIST, CREATE_COMPANY, ACTIVATE_PROVIDED_SERVICE, DELETE_INVOICE, CREATE_PROVIDED_SERVICE, UPDATE_PAYMENT, CHECK_ROLE, ACTIVATE_USER_IDENTITY, READ_PATIENT, DELETE_ROLE, READ_ADMINISTRATIVE_REPORT, UPDATE_PRICE_PROVIDED_SERVICE, READ_CONTRACT, DELETE_ADMINISTRATIVE_REPORT, DEACTIVATE_USER_IDENTITY, REVERSE_INVOICE, APPROVE_INVOICE, READ_PROVIDED_SERVICE, REVOKE_ASSIGNMENT, DEACTIVATE_ROLE, READ_AVAILABILITY, READ_RECEPTIONIST, DELETE_RATE, SUSPEND_ROLE, UPDATE_PRIMARY_ASSIGNMENT, REMOVE_ROLE, CREATE_USER_IDENTITY, ADD_ROLE, DELETE_CONTRACT, DELETE_PAYMENT, DELETE_ASSIGNMENT, ACTIVATE_ROLE, EXTEND_ASSIGNMENT, READ_COMPANY, UPDATE_ADMINISTRATIVE_REPORT, CREATE_PAYMENT, UPDATE_USER_IDENTITY, READ_GUARDIAN, MARK_DELETED_ROLE, UPDATE_CONTRACT, DELETE_COMPANY, IS_ACTIVE_AT_ASSIGNMENT, READ_ASSIGNMENT, POST_INVOICE, REVOKE_ALL_ASSIGNMENT, CREATE_JOURNAL_ENTRY, CREATE_ADMINISTRATIVE_REPORT, UPDATE_DETAILS_PROVIDED_SERVICE, READ_SHIFT, POST_JOURNAL_ENTRY, ROLE_ADMINISTRATOR, CREATE_TEMPORARY_ASSIGNMENT, READ_PAYMENT, CREATE_RATE, READ_INVOICE, UPDATE_RATE, DELETE_JOURNAL_ENTRY, CLONE_ROLE, READ_JOURNAL_ENTRY, CREATE_PERMANENT_ASSIGNMENT, CREATE_INVOICE, SUSPEND_USER_IDENTITY]]
2026-04-13 15:26:42 TRACE [http-nio-8080-exec-2] o.s.s.w.a.s.CompositeSessionAuthenticationStrategy - Preparing session with ChangeSessionIdAuthenticationStrategy (1/1)
2026-04-13 15:26:42 DEBUG [http-nio-8080-exec-2] o.s.security.web.FilterChainProxy - Secured POST /api/v1/services
2026-04-13 15:26:42 DEBUG [http-nio-8080-exec-2] o.s.web.servlet.DispatcherServlet - POST "/api/v1/services", parameters={}
2026-04-13 15:26:42 DEBUG [http-nio-8080-exec-2] o.s.w.s.m.m.a.RequestMappingHandlerMapping - Mapped to com.example.ClinicaDefinitiva.infrastructure.rest.dentalService.controller.ProvidedServiceController#create(CreateServiceRequest, CustomUserDetails)
2026-04-13 15:26:42 DEBUG [http-nio-8080-exec-2] o.s.w.s.m.m.a.RequestResponseBodyMethodProcessor - Read "application/json;charset=UTF-8" to [CreateServiceRequest[name=Extracción de Muela del Juicio, categoryId=5, categoryName=SURGERY, catego (truncated)...]
2026-04-13 15:26:42 DEBUG [http-nio-8080-exec-2] o.s.w.s.m.m.a.ExceptionHandlerExceptionResolver - Using @ExceptionHandler com.example.ClinicaDefinitiva.infrastructure.advice.GlobalControllerAdvice#handleBusinessRuleViolation(BusinessRuleViolationException)
2026-04-13 15:26:42 WARN  [http-nio-8080-exec-2] c.e.C.i.a.GlobalControllerAdvice - Regla de negocio violada [requestId=f5245be2-e443-428c-b293-810e53a1d4a7, usuario=admin@test.com, código=RN-SERVICE-002, contexto=SER18]: La categoría del servicio no coincide con el tipo de detalles
2026-04-13 15:26:42 DEBUG [http-nio-8080-exec-2] o.s.w.s.m.m.a.HttpEntityMethodProcessor - Using 'application/json', given [*/*] and supported [application/json, application/*+json]
2026-04-13 15:26:42 DEBUG [http-nio-8080-exec-2] o.s.w.s.m.m.a.HttpEntityMethodProcessor - Writing [com.example.ClinicaDefinitiva.infrastructure.advice.ErrorResponse@47494b14]
2026-04-13 15:26:42 DEBUG [http-nio-8080-exec-2] o.s.w.s.m.m.a.ExceptionHandlerExceptionResolver - Resolved [com.example.ClinicaDefinitiva.domain.exceptions.BusinessRuleViolationException: La categoría del servicio no coincide con el tipo de detalles]
2026-04-13 15:26:42 DEBUG [http-nio-8080-exec-2] o.s.web.servlet.DispatcherServlet - Completed 422 UNPROCESSABLE_ENTITY
2026-04-13 15:30:43 DEBUG [http-nio-8080-exec-5] o.s.security.web.FilterChainProxy - Securing POST /api/v1/services
2026-04-13 15:30:43 TRACE [http-nio-8080-exec-5] o.s.s.w.a.logout.LogoutFilter - Did not match request to Or [Ant [pattern='/logout', GET], Ant [pattern='/logout', POST], Ant [pattern='/logout', PUT], Ant [pattern='/logout', DELETE]]
2026-04-13 15:30:43 TRACE [http-nio-8080-exec-5] o.s.s.w.a.AnonymousAuthenticationFilter - Did not set SecurityContextHolder since already authenticated UsernamePasswordAuthenticationToken [Principal=com.example.ClinicaDefinitiva.infrastructure.security.adapter.CustomUserDetails@2fe3082b, Credentials=[PROTECTED], Authenticated=true, Details=null, Granted Authorities=[UPDATE_INFORMATION_PROVIDED_SERVICE, READ_ROLE, UPDATE_COMPANY, UPDATE_INVOICE, CREATE_CUSTOM_ROLE, UPDATE_JOURNAL_ENTRY, REVERSE_JOURNAL_ENTRY, CREATE_CONTRACT, SET_PERMISSIONS_ROLE, READ_USER_IDENTITY, IS_CURRENTLY_ACTIVE_ASSIGNMENT, READ_RATE, READ_APPOINTMENT, DEACTIVATE_PROVIDED_SERVICE, READ_DENTIST, CREATE_COMPANY, ACTIVATE_PROVIDED_SERVICE, DELETE_INVOICE, CREATE_PROVIDED_SERVICE, UPDATE_PAYMENT, CHECK_ROLE, ACTIVATE_USER_IDENTITY, READ_PATIENT, DELETE_ROLE, READ_ADMINISTRATIVE_REPORT, UPDATE_PRICE_PROVIDED_SERVICE, READ_CONTRACT, DELETE_ADMINISTRATIVE_REPORT, DEACTIVATE_USER_IDENTITY, REVERSE_INVOICE, APPROVE_INVOICE, READ_PROVIDED_SERVICE, REVOKE_ASSIGNMENT, DEACTIVATE_ROLE, READ_AVAILABILITY, READ_RECEPTIONIST, DELETE_RATE, SUSPEND_ROLE, UPDATE_PRIMARY_ASSIGNMENT, REMOVE_ROLE, CREATE_USER_IDENTITY, ADD_ROLE, DELETE_CONTRACT, DELETE_PAYMENT, DELETE_ASSIGNMENT, ACTIVATE_ROLE, EXTEND_ASSIGNMENT, READ_COMPANY, UPDATE_ADMINISTRATIVE_REPORT, CREATE_PAYMENT, UPDATE_USER_IDENTITY, READ_GUARDIAN, MARK_DELETED_ROLE, UPDATE_CONTRACT, DELETE_COMPANY, IS_ACTIVE_AT_ASSIGNMENT, READ_ASSIGNMENT, POST_INVOICE, REVOKE_ALL_ASSIGNMENT, CREATE_JOURNAL_ENTRY, CREATE_ADMINISTRATIVE_REPORT, UPDATE_DETAILS_PROVIDED_SERVICE, READ_SHIFT, POST_JOURNAL_ENTRY, ROLE_ADMINISTRATOR, CREATE_TEMPORARY_ASSIGNMENT, READ_PAYMENT, CREATE_RATE, READ_INVOICE, UPDATE_RATE, DELETE_JOURNAL_ENTRY, CLONE_ROLE, READ_JOURNAL_ENTRY, CREATE_PERMANENT_ASSIGNMENT, CREATE_INVOICE, SUSPEND_USER_IDENTITY]]
2026-04-13 15:30:43 TRACE [http-nio-8080-exec-5] o.s.s.w.a.s.CompositeSessionAuthenticationStrategy - Preparing session with ChangeSessionIdAuthenticationStrategy (1/1)
2026-04-13 15:30:43 DEBUG [http-nio-8080-exec-5] o.s.security.web.FilterChainProxy - Secured POST /api/v1/services
2026-04-13 15:30:43 DEBUG [http-nio-8080-exec-5] o.s.web.servlet.DispatcherServlet - POST "/api/v1/services", parameters={}
2026-04-13 15:30:43 DEBUG [http-nio-8080-exec-5] o.s.w.s.m.m.a.RequestMappingHandlerMapping - Mapped to com.example.ClinicaDefinitiva.infrastructure.rest.dentalService.controller.ProvidedServiceController#create(CreateServiceRequest, CustomUserDetails)
2026-04-13 15:30:43 DEBUG [http-nio-8080-exec-5] o.s.w.s.m.m.a.RequestResponseBodyMethodProcessor - Read "application/json;charset=UTF-8" to [CreateServiceRequest[name=Extracción de Muela del Juicio, categoryId=5, categoryName=Cirugía Oral, c (truncated)...]
2026-04-13 15:30:43 DEBUG [http-nio-8080-exec-5] o.s.w.s.m.m.a.HttpEntityMethodProcessor - Using 'application/json', given [*/*] and supported [application/json, application/*+json]
2026-04-13 15:30:43 DEBUG [http-nio-8080-exec-5] o.s.w.s.m.m.a.HttpEntityMethodProcessor - Writing [ReadServiceResponse[id=3, code=SURGERY, name=Extracción de Muela del Juicio, description=Extracción  (truncated)...]
2026-04-13 15:30:43 DEBUG [http-nio-8080-exec-5] o.s.web.servlet.DispatcherServlet - Completed 201 CREATED
2026-04-13 15:31:26 DEBUG [http-nio-8080-exec-9] o.s.security.web.FilterChainProxy - Securing POST /api/v1/services
2026-04-13 15:31:26 TRACE [http-nio-8080-exec-9] o.s.s.w.a.logout.LogoutFilter - Did not match request to Or [Ant [pattern='/logout', GET], Ant [pattern='/logout', POST], Ant [pattern='/logout', PUT], Ant [pattern='/logout', DELETE]]
2026-04-13 15:31:26 TRACE [http-nio-8080-exec-9] o.s.s.w.a.AnonymousAuthenticationFilter - Did not set SecurityContextHolder since already authenticated UsernamePasswordAuthenticationToken [Principal=com.example.ClinicaDefinitiva.infrastructure.security.adapter.CustomUserDetails@7a73c9b7, Credentials=[PROTECTED], Authenticated=true, Details=null, Granted Authorities=[UPDATE_INFORMATION_PROVIDED_SERVICE, READ_ROLE, UPDATE_COMPANY, UPDATE_INVOICE, CREATE_CUSTOM_ROLE, UPDATE_JOURNAL_ENTRY, REVERSE_JOURNAL_ENTRY, CREATE_CONTRACT, SET_PERMISSIONS_ROLE, READ_USER_IDENTITY, IS_CURRENTLY_ACTIVE_ASSIGNMENT, READ_RATE, READ_APPOINTMENT, DEACTIVATE_PROVIDED_SERVICE, READ_DENTIST, CREATE_COMPANY, ACTIVATE_PROVIDED_SERVICE, DELETE_INVOICE, CREATE_PROVIDED_SERVICE, UPDATE_PAYMENT, CHECK_ROLE, ACTIVATE_USER_IDENTITY, READ_PATIENT, DELETE_ROLE, READ_ADMINISTRATIVE_REPORT, UPDATE_PRICE_PROVIDED_SERVICE, READ_CONTRACT, DELETE_ADMINISTRATIVE_REPORT, DEACTIVATE_USER_IDENTITY, REVERSE_INVOICE, APPROVE_INVOICE, READ_PROVIDED_SERVICE, REVOKE_ASSIGNMENT, DEACTIVATE_ROLE, READ_AVAILABILITY, READ_RECEPTIONIST, DELETE_RATE, SUSPEND_ROLE, UPDATE_PRIMARY_ASSIGNMENT, REMOVE_ROLE, CREATE_USER_IDENTITY, ADD_ROLE, DELETE_CONTRACT, DELETE_PAYMENT, DELETE_ASSIGNMENT, ACTIVATE_ROLE, EXTEND_ASSIGNMENT, READ_COMPANY, UPDATE_ADMINISTRATIVE_REPORT, CREATE_PAYMENT, UPDATE_USER_IDENTITY, READ_GUARDIAN, MARK_DELETED_ROLE, UPDATE_CONTRACT, DELETE_COMPANY, IS_ACTIVE_AT_ASSIGNMENT, READ_ASSIGNMENT, POST_INVOICE, REVOKE_ALL_ASSIGNMENT, CREATE_JOURNAL_ENTRY, CREATE_ADMINISTRATIVE_REPORT, UPDATE_DETAILS_PROVIDED_SERVICE, READ_SHIFT, POST_JOURNAL_ENTRY, ROLE_ADMINISTRATOR, CREATE_TEMPORARY_ASSIGNMENT, READ_PAYMENT, CREATE_RATE, READ_INVOICE, UPDATE_RATE, DELETE_JOURNAL_ENTRY, CLONE_ROLE, READ_JOURNAL_ENTRY, CREATE_PERMANENT_ASSIGNMENT, CREATE_INVOICE, SUSPEND_USER_IDENTITY]]
2026-04-13 15:31:26 TRACE [http-nio-8080-exec-9] o.s.s.w.a.s.CompositeSessionAuthenticationStrategy - Preparing session with ChangeSessionIdAuthenticationStrategy (1/1)
2026-04-13 15:31:26 DEBUG [http-nio-8080-exec-9] o.s.security.web.FilterChainProxy - Secured POST /api/v1/services
2026-04-13 15:31:26 DEBUG [http-nio-8080-exec-9] o.s.web.servlet.DispatcherServlet - POST "/api/v1/services", parameters={}
2026-04-13 15:31:26 DEBUG [http-nio-8080-exec-9] o.s.w.s.m.m.a.RequestMappingHandlerMapping - Mapped to com.example.ClinicaDefinitiva.infrastructure.rest.dentalService.controller.ProvidedServiceController#create(CreateServiceRequest, CustomUserDetails)
2026-04-13 15:31:26 DEBUG [http-nio-8080-exec-9] o.s.w.s.m.m.a.RequestResponseBodyMethodProcessor - Read "application/json;charset=UTF-8" to [CreateServiceRequest[name=Blanqueamiento Dental, categoryId=9, categoryName=Estética, categoryType=A (truncated)...]
2026-04-13 15:31:26 DEBUG [http-nio-8080-exec-9] o.s.w.s.m.m.a.HttpEntityMethodProcessor - Using 'application/json', given [*/*] and supported [application/json, application/*+json]
2026-04-13 15:31:26 DEBUG [http-nio-8080-exec-9] o.s.w.s.m.m.a.HttpEntityMethodProcessor - Writing [ReadServiceResponse[id=4, code=AESTHETICS, name=Blanqueamiento Dental, description=Blanqueamiento de (truncated)...]
2026-04-13 15:31:26 DEBUG [http-nio-8080-exec-9] o.s.web.servlet.DispatcherServlet - Completed 201 CREATED
2026-04-13 15:31:57 DEBUG [http-nio-8080-exec-8] o.s.security.web.FilterChainProxy - Securing POST /api/v1/services
2026-04-13 15:31:57 TRACE [http-nio-8080-exec-8] o.s.s.w.a.logout.LogoutFilter - Did not match request to Or [Ant [pattern='/logout', GET], Ant [pattern='/logout', POST], Ant [pattern='/logout', PUT], Ant [pattern='/logout', DELETE]]
2026-04-13 15:31:58 TRACE [http-nio-8080-exec-8] o.s.s.w.a.AnonymousAuthenticationFilter - Did not set SecurityContextHolder since already authenticated UsernamePasswordAuthenticationToken [Principal=com.example.ClinicaDefinitiva.infrastructure.security.adapter.CustomUserDetails@339bbeee, Credentials=[PROTECTED], Authenticated=true, Details=null, Granted Authorities=[UPDATE_INFORMATION_PROVIDED_SERVICE, READ_ROLE, UPDATE_COMPANY, UPDATE_INVOICE, CREATE_CUSTOM_ROLE, UPDATE_JOURNAL_ENTRY, REVERSE_JOURNAL_ENTRY, CREATE_CONTRACT, SET_PERMISSIONS_ROLE, READ_USER_IDENTITY, IS_CURRENTLY_ACTIVE_ASSIGNMENT, READ_RATE, READ_APPOINTMENT, DEACTIVATE_PROVIDED_SERVICE, READ_DENTIST, CREATE_COMPANY, ACTIVATE_PROVIDED_SERVICE, DELETE_INVOICE, CREATE_PROVIDED_SERVICE, UPDATE_PAYMENT, CHECK_ROLE, ACTIVATE_USER_IDENTITY, READ_PATIENT, DELETE_ROLE, READ_ADMINISTRATIVE_REPORT, UPDATE_PRICE_PROVIDED_SERVICE, READ_CONTRACT, DELETE_ADMINISTRATIVE_REPORT, DEACTIVATE_USER_IDENTITY, REVERSE_INVOICE, APPROVE_INVOICE, READ_PROVIDED_SERVICE, REVOKE_ASSIGNMENT, DEACTIVATE_ROLE, READ_AVAILABILITY, READ_RECEPTIONIST, DELETE_RATE, SUSPEND_ROLE, UPDATE_PRIMARY_ASSIGNMENT, REMOVE_ROLE, CREATE_USER_IDENTITY, ADD_ROLE, DELETE_CONTRACT, DELETE_PAYMENT, DELETE_ASSIGNMENT, ACTIVATE_ROLE, EXTEND_ASSIGNMENT, READ_COMPANY, UPDATE_ADMINISTRATIVE_REPORT, CREATE_PAYMENT, UPDATE_USER_IDENTITY, READ_GUARDIAN, MARK_DELETED_ROLE, UPDATE_CONTRACT, DELETE_COMPANY, IS_ACTIVE_AT_ASSIGNMENT, READ_ASSIGNMENT, POST_INVOICE, REVOKE_ALL_ASSIGNMENT, CREATE_JOURNAL_ENTRY, CREATE_ADMINISTRATIVE_REPORT, UPDATE_DETAILS_PROVIDED_SERVICE, READ_SHIFT, POST_JOURNAL_ENTRY, ROLE_ADMINISTRATOR, CREATE_TEMPORARY_ASSIGNMENT, READ_PAYMENT, CREATE_RATE, READ_INVOICE, UPDATE_RATE, DELETE_JOURNAL_ENTRY, CLONE_ROLE, READ_JOURNAL_ENTRY, CREATE_PERMANENT_ASSIGNMENT, CREATE_INVOICE, SUSPEND_USER_IDENTITY]]
2026-04-13 15:31:58 TRACE [http-nio-8080-exec-8] o.s.s.w.a.s.CompositeSessionAuthenticationStrategy - Preparing session with ChangeSessionIdAuthenticationStrategy (1/1)
2026-04-13 15:31:58 DEBUG [http-nio-8080-exec-8] o.s.security.web.FilterChainProxy - Secured POST /api/v1/services
2026-04-13 15:31:58 DEBUG [http-nio-8080-exec-8] o.s.web.servlet.DispatcherServlet - POST "/api/v1/services", parameters={}
2026-04-13 15:31:58 DEBUG [http-nio-8080-exec-8] o.s.w.s.m.m.a.RequestMappingHandlerMapping - Mapped to com.example.ClinicaDefinitiva.infrastructure.rest.dentalService.controller.ProvidedServiceController#create(CreateServiceRequest, CustomUserDetails)
2026-04-13 15:31:58 DEBUG [http-nio-8080-exec-8] o.s.w.s.m.m.a.RequestResponseBodyMethodProcessor - Read "application/json;charset=UTF-8" to [CreateServiceRequest[name=Implante Dental Unitario, categoryId=11, categoryName=Implantología, categ (truncated)...]
2026-04-13 15:31:59 DEBUG [http-nio-8080-exec-8] o.s.w.s.m.m.a.ExceptionHandlerExceptionResolver - Using @ExceptionHandler com.example.ClinicaDefinitiva.infrastructure.advice.GlobalControllerAdvice#handleBusinessRuleViolation(BusinessRuleViolationException)
2026-04-13 15:31:59 WARN  [http-nio-8080-exec-8] c.e.C.i.a.GlobalControllerAdvice - Regla de negocio violada [requestId=530cdb8b-26d7-4167-87e4-e169141b8684, usuario=admin@test.com, código=RN-SERVICE-002, contexto=SER18]: La categoría del servicio no coincide con el tipo de detalles
2026-04-13 15:31:59 DEBUG [http-nio-8080-exec-8] o.s.w.s.m.m.a.HttpEntityMethodProcessor - Using 'application/json', given [*/*] and supported [application/json, application/*+json]
2026-04-13 15:31:59 DEBUG [http-nio-8080-exec-8] o.s.w.s.m.m.a.HttpEntityMethodProcessor - Writing [com.example.ClinicaDefinitiva.infrastructure.advice.ErrorResponse@65b00e87]
2026-04-13 15:31:59 DEBUG [http-nio-8080-exec-8] o.s.w.s.m.m.a.ExceptionHandlerExceptionResolver - Resolved [com.example.ClinicaDefinitiva.domain.exceptions.BusinessRuleViolationException: La categoría del servicio no coincide con el tipo de detalles]
2026-04-13 15:31:59 DEBUG [http-nio-8080-exec-8] o.s.web.servlet.DispatcherServlet - Completed 422 UNPROCESSABLE_ENTITY
2026-04-13 15:35:05 DEBUG [http-nio-8080-exec-3] o.s.security.web.FilterChainProxy - Securing POST /api/v1/services
2026-04-13 15:35:05 TRACE [http-nio-8080-exec-3] o.s.s.w.a.logout.LogoutFilter - Did not match request to Or [Ant [pattern='/logout', GET], Ant [pattern='/logout', POST], Ant [pattern='/logout', PUT], Ant [pattern='/logout', DELETE]]
2026-04-13 15:35:05 TRACE [http-nio-8080-exec-3] o.s.s.w.a.AnonymousAuthenticationFilter - Did not set SecurityContextHolder since already authenticated UsernamePasswordAuthenticationToken [Principal=com.example.ClinicaDefinitiva.infrastructure.security.adapter.CustomUserDetails@1e9b641c, Credentials=[PROTECTED], Authenticated=true, Details=null, Granted Authorities=[UPDATE_INFORMATION_PROVIDED_SERVICE, READ_ROLE, UPDATE_COMPANY, UPDATE_INVOICE, CREATE_CUSTOM_ROLE, UPDATE_JOURNAL_ENTRY, REVERSE_JOURNAL_ENTRY, CREATE_CONTRACT, SET_PERMISSIONS_ROLE, READ_USER_IDENTITY, IS_CURRENTLY_ACTIVE_ASSIGNMENT, READ_RATE, READ_APPOINTMENT, DEACTIVATE_PROVIDED_SERVICE, READ_DENTIST, CREATE_COMPANY, ACTIVATE_PROVIDED_SERVICE, DELETE_INVOICE, CREATE_PROVIDED_SERVICE, UPDATE_PAYMENT, CHECK_ROLE, ACTIVATE_USER_IDENTITY, READ_PATIENT, DELETE_ROLE, READ_ADMINISTRATIVE_REPORT, UPDATE_PRICE_PROVIDED_SERVICE, READ_CONTRACT, DELETE_ADMINISTRATIVE_REPORT, DEACTIVATE_USER_IDENTITY, REVERSE_INVOICE, APPROVE_INVOICE, READ_PROVIDED_SERVICE, REVOKE_ASSIGNMENT, DEACTIVATE_ROLE, READ_AVAILABILITY, READ_RECEPTIONIST, DELETE_RATE, SUSPEND_ROLE, UPDATE_PRIMARY_ASSIGNMENT, REMOVE_ROLE, CREATE_USER_IDENTITY, ADD_ROLE, DELETE_CONTRACT, DELETE_PAYMENT, DELETE_ASSIGNMENT, ACTIVATE_ROLE, EXTEND_ASSIGNMENT, READ_COMPANY, UPDATE_ADMINISTRATIVE_REPORT, CREATE_PAYMENT, UPDATE_USER_IDENTITY, READ_GUARDIAN, MARK_DELETED_ROLE, UPDATE_CONTRACT, DELETE_COMPANY, IS_ACTIVE_AT_ASSIGNMENT, READ_ASSIGNMENT, POST_INVOICE, REVOKE_ALL_ASSIGNMENT, CREATE_JOURNAL_ENTRY, CREATE_ADMINISTRATIVE_REPORT, UPDATE_DETAILS_PROVIDED_SERVICE, READ_SHIFT, POST_JOURNAL_ENTRY, ROLE_ADMINISTRATOR, CREATE_TEMPORARY_ASSIGNMENT, READ_PAYMENT, CREATE_RATE, READ_INVOICE, UPDATE_RATE, DELETE_JOURNAL_ENTRY, CLONE_ROLE, READ_JOURNAL_ENTRY, CREATE_PERMANENT_ASSIGNMENT, CREATE_INVOICE, SUSPEND_USER_IDENTITY]]
2026-04-13 15:35:05 TRACE [http-nio-8080-exec-3] o.s.s.w.a.s.CompositeSessionAuthenticationStrategy - Preparing session with ChangeSessionIdAuthenticationStrategy (1/1)
2026-04-13 15:35:05 DEBUG [http-nio-8080-exec-3] o.s.security.web.FilterChainProxy - Secured POST /api/v1/services
2026-04-13 15:35:05 DEBUG [http-nio-8080-exec-3] o.s.web.servlet.DispatcherServlet - POST "/api/v1/services", parameters={}
2026-04-13 15:35:05 DEBUG [http-nio-8080-exec-3] o.s.w.s.m.m.a.RequestMappingHandlerMapping - Mapped to com.example.ClinicaDefinitiva.infrastructure.rest.dentalService.controller.ProvidedServiceController#create(CreateServiceRequest, CustomUserDetails)
2026-04-13 15:35:05 DEBUG [http-nio-8080-exec-3] o.s.w.s.m.m.a.RequestResponseBodyMethodProcessor - Read "application/json;charset=UTF-8" to [CreateServiceRequest[name=Implante Dental Unitario, categoryId=11, categoryName=Implantología, categ (truncated)...]
2026-04-13 15:35:05 DEBUG [http-nio-8080-exec-3] o.s.w.s.m.m.a.ExceptionHandlerExceptionResolver - Using @ExceptionHandler com.example.ClinicaDefinitiva.infrastructure.advice.GlobalControllerAdvice#handleBusinessRuleViolation(BusinessRuleViolationException)
2026-04-13 15:35:05 WARN  [http-nio-8080-exec-3] c.e.C.i.a.GlobalControllerAdvice - Regla de negocio violada [requestId=e89119d9-044d-4f95-bc15-2d86b4346af7, usuario=admin@test.com, código=RN-SERVICE-002, contexto=SER18]: La categoría del servicio no coincide con el tipo de detalles
2026-04-13 15:35:05 DEBUG [http-nio-8080-exec-3] o.s.w.s.m.m.a.HttpEntityMethodProcessor - Using 'application/json', given [*/*] and supported [application/json, application/*+json]
2026-04-13 15:35:05 DEBUG [http-nio-8080-exec-3] o.s.w.s.m.m.a.HttpEntityMethodProcessor - Writing [com.example.ClinicaDefinitiva.infrastructure.advice.ErrorResponse@6623a418]
2026-04-13 15:35:05 DEBUG [http-nio-8080-exec-3] o.s.w.s.m.m.a.ExceptionHandlerExceptionResolver - Resolved [com.example.ClinicaDefinitiva.domain.exceptions.BusinessRuleViolationException: La categoría del servicio no coincide con el tipo de detalles]
2026-04-13 15:35:05 DEBUG [http-nio-8080-exec-3] o.s.web.servlet.DispatcherServlet - Completed 422 UNPROCESSABLE_ENTITY
2026-04-13 16:11:10 WARN  [HikariPool-1:housekeeper] com.zaxxer.hikari.pool.HikariPool - HikariPool-1 - Thread starvation or clock leap detected (housekeeper delta=8m43s953ms214µs200ns).
2026-04-13 16:34:18 INFO  [background-preinit] o.h.validator.internal.util.Version - HV000001: Hibernate Validator 8.0.2.Final
2026-04-13 16:34:18 DEBUG [background-preinit] o.h.v.i.x.config.ValidationXmlParser - Trying to load META-INF/validation.xml for XML based Validator configuration.
2026-04-13 16:34:18 DEBUG [background-preinit] o.h.v.i.x.c.ResourceLoaderHelper - Trying to load META-INF/validation.xml via TCCL
2026-04-13 16:34:18 DEBUG [background-preinit] o.h.v.i.x.c.ResourceLoaderHelper - Trying to load META-INF/validation.xml via Hibernate Validator's class loader
2026-04-13 16:34:18 DEBUG [background-preinit] o.h.v.i.x.config.ValidationXmlParser - No META-INF/validation.xml found. Using annotation based configuration only.
2026-04-13 16:34:18 DEBUG [background-preinit] o.h.v.i.e.r.TraversableResolvers - Found jakarta.persistence.Persistence on classpath containing 'getPersistenceUtil'. Assuming JPA 2 environment. Trying to instantiate JPA aware TraversableResolver
2026-04-13 16:34:18 DEBUG [background-preinit] o.h.v.i.e.r.TraversableResolvers - Instantiated JPA aware TraversableResolver of type org.hibernate.validator.internal.engine.resolver.JPATraversableResolver.
2026-04-13 16:34:19 DEBUG [background-preinit] o.h.v.m.ResourceBundleMessageInterpolator - Loaded expression factory via original TCCL
2026-04-13 16:34:19 INFO  [main] c.e.C.ClinicaDefinitivaApplication - Starting ClinicaDefinitivaApplication using Java 17.0.10 with PID 25696 (C:\Users\David\OneDrive\Documents\proyectosJava\ClinicaDefinitiva\target\classes started by David in C:\Users\David\OneDrive\Documents\proyectosJava\ClinicaDefinitiva)
2026-04-13 16:34:19 INFO  [main] c.e.C.ClinicaDefinitivaApplication - No active profile set, falling back to 1 default profile: "default"
2026-04-13 16:34:19 DEBUG [background-preinit] o.h.v.i.e.ValidatorFactoryConfigurationHelper - HV000252: Using org.hibernate.validator.internal.engine.DefaultPropertyNodeNameProvider as property node name provider.
2026-04-13 16:34:19 DEBUG [background-preinit] o.h.v.i.e.ValidatorFactoryConfigurationHelper - HV000234: Using org.hibernate.validator.messageinterpolation.ResourceBundleMessageInterpolator as ValidatorFactory-scoped message interpolator.
2026-04-13 16:34:19 DEBUG [background-preinit] o.h.v.i.e.ValidatorFactoryConfigurationHelper - HV000234: Using org.hibernate.validator.internal.engine.resolver.JPATraversableResolver as ValidatorFactory-scoped traversable resolver.
2026-04-13 16:34:19 DEBUG [background-preinit] o.h.v.i.e.ValidatorFactoryConfigurationHelper - HV000234: Using org.hibernate.validator.internal.util.ExecutableParameterNameProvider as ValidatorFactory-scoped parameter name provider.
2026-04-13 16:34:19 DEBUG [background-preinit] o.h.v.i.e.ValidatorFactoryConfigurationHelper - HV000234: Using org.hibernate.validator.internal.engine.DefaultClockProvider as ValidatorFactory-scoped clock provider.
2026-04-13 16:34:19 DEBUG [background-preinit] o.h.v.i.e.ValidatorFactoryConfigurationHelper - HV000234: Using org.hibernate.validator.internal.engine.scripting.DefaultScriptEvaluatorFactory as ValidatorFactory-scoped script evaluator factory.
2026-04-13 16:34:27 INFO  [main] o.s.d.r.c.RepositoryConfigurationDelegate - Bootstrapping Spring Data JPA repositories in DEFAULT mode.
2026-04-13 16:34:29 INFO  [main] o.s.d.r.c.RepositoryConfigurationDelegate - Finished Spring Data repository scanning in 2201 ms. Found 21 JPA repository interfaces.
2026-04-13 16:34:32 INFO  [main] o.s.b.w.e.tomcat.TomcatWebServer - Tomcat initialized with port 8080 (http)
2026-04-13 16:34:32 INFO  [main] o.a.coyote.http11.Http11NioProtocol - Initializing ProtocolHandler ["http-nio-8080"]
2026-04-13 16:34:32 INFO  [main] o.a.catalina.core.StandardService - Starting service [Tomcat]
2026-04-13 16:34:32 INFO  [main] o.a.catalina.core.StandardEngine - Starting Servlet engine: [Apache Tomcat/10.1.41]
2026-04-13 16:34:33 INFO  [main] o.a.c.c.C.[Tomcat].[localhost].[/] - Initializing Spring embedded WebApplicationContext
2026-04-13 16:34:33 INFO  [main] o.s.b.w.s.c.ServletWebServerApplicationContext - Root WebApplicationContext: initialization completed in 13911 ms
2026-04-13 16:34:33 DEBUG [main] o.s.w.f.ServerHttpObservationFilter - Filter 'webMvcObservationFilter' configured for use
2026-04-13 16:34:35 INFO  [main] o.h.jpa.internal.util.LogHelper - HHH000204: Processing PersistenceUnitInfo [name: default]
2026-04-13 16:34:36 INFO  [main] org.hibernate.Version - HHH000412: Hibernate ORM core version 6.6.15.Final
2026-04-13 16:34:36 INFO  [main] o.h.c.i.RegionFactoryInitiator - HHH000026: Second-level cache disabled
2026-04-13 16:34:37 INFO  [main] o.s.o.j.p.SpringPersistenceUnitInfo - No LoadTimeWeaver setup: ignoring JPA class transformer
2026-04-13 16:34:37 INFO  [main] com.zaxxer.hikari.HikariDataSource - HikariPool-1 - Starting...
2026-04-13 16:34:38 INFO  [main] com.zaxxer.hikari.pool.HikariPool - HikariPool-1 - Added connection com.mysql.cj.jdbc.ConnectionImpl@40277077
2026-04-13 16:34:38 INFO  [main] com.zaxxer.hikari.HikariDataSource - HikariPool-1 - Start completed.
2026-04-13 16:34:38 WARN  [main] org.hibernate.dialect.Dialect - HHH000511: The 5.5.5 version for [org.hibernate.dialect.MySQLDialect] is no longer supported, hence certain features may not work properly. The minimum supported version is 8.0.0. Check the community dialects project for available legacy versions.
2026-04-13 16:34:38 WARN  [main] org.hibernate.orm.deprecation - HHH90000025: MySQLDialect does not need to be specified explicitly using 'hibernate.dialect' (remove the property setting and it will be selected by default)
2026-04-13 16:34:38 INFO  [main] o.hibernate.orm.connections.pooling - HHH10001005: Database info:
	Database JDBC URL [Connecting through datasource 'HikariDataSource (HikariPool-1)']
	Database driver: undefined/unknown
	Database version: 5.5.5
	Autocommit mode: undefined/unknown
	Isolation level: undefined/unknown
	Minimum pool size: undefined/unknown
	Maximum pool size: undefined/unknown
2026-04-13 16:34:41 DEBUG [main] o.h.v.i.x.config.ValidationXmlParser - Trying to load META-INF/validation.xml for XML based Validator configuration.
2026-04-13 16:34:41 DEBUG [main] o.h.v.i.x.c.ResourceLoaderHelper - Trying to load META-INF/validation.xml via TCCL
2026-04-13 16:34:41 DEBUG [main] o.h.v.i.x.c.ResourceLoaderHelper - Trying to load META-INF/validation.xml via Hibernate Validator's class loader
2026-04-13 16:34:41 DEBUG [main] o.h.v.i.x.config.ValidationXmlParser - No META-INF/validation.xml found. Using annotation based configuration only.
2026-04-13 16:34:41 DEBUG [main] o.h.v.i.e.r.TraversableResolvers - Found jakarta.persistence.Persistence on classpath containing 'getPersistenceUtil'. Assuming JPA 2 environment. Trying to instantiate JPA aware TraversableResolver
2026-04-13 16:34:41 DEBUG [main] o.h.v.i.e.r.TraversableResolvers - Instantiated JPA aware TraversableResolver of type org.hibernate.validator.internal.engine.resolver.JPATraversableResolver.
2026-04-13 16:34:41 DEBUG [main] o.h.v.m.ResourceBundleMessageInterpolator - Loaded expression factory via original TCCL
2026-04-13 16:34:41 DEBUG [main] o.h.v.i.e.ValidatorFactoryConfigurationHelper - HV000252: Using org.hibernate.validator.internal.engine.DefaultPropertyNodeNameProvider as property node name provider.
2026-04-13 16:34:41 DEBUG [main] o.h.v.i.e.ValidatorFactoryConfigurationHelper - HV000234: Using org.hibernate.validator.messageinterpolation.ResourceBundleMessageInterpolator as ValidatorFactory-scoped message interpolator.
2026-04-13 16:34:41 DEBUG [main] o.h.v.i.e.ValidatorFactoryConfigurationHelper - HV000234: Using org.hibernate.validator.internal.engine.resolver.JPATraversableResolver as ValidatorFactory-scoped traversable resolver.
2026-04-13 16:34:41 DEBUG [main] o.h.v.i.e.ValidatorFactoryConfigurationHelper - HV000234: Using org.hibernate.validator.internal.util.ExecutableParameterNameProvider as ValidatorFactory-scoped parameter name provider.
2026-04-13 16:34:41 DEBUG [main] o.h.v.i.e.ValidatorFactoryConfigurationHelper - HV000234: Using org.hibernate.validator.internal.engine.DefaultClockProvider as ValidatorFactory-scoped clock provider.
2026-04-13 16:34:41 DEBUG [main] o.h.v.i.e.ValidatorFactoryConfigurationHelper - HV000234: Using org.hibernate.validator.internal.engine.scripting.DefaultScriptEvaluatorFactory as ValidatorFactory-scoped script evaluator factory.
2026-04-13 16:34:46 INFO  [main] o.h.e.t.j.p.i.JtaPlatformInitiator - HHH000489: No JTA platform available (set 'hibernate.transaction.jta.platform' to enable JTA platform integration)
2026-04-13 16:34:48 INFO  [main] o.s.o.j.LocalContainerEntityManagerFactoryBean - Initialized JPA EntityManagerFactory for persistence unit 'default'
2026-04-13 16:34:50 INFO  [main] o.s.d.j.r.query.QueryEnhancerFactory - Hibernate is in classpath; If applicable, HQL parser will be used.
2026-04-13 16:35:02 INFO  [main] c.e.C.i.r.p.s.StripePaymentGateway - ? Stripe payment gateway initialized
2026-04-13 16:35:02 INFO  [main] c.e.C.i.r.p.s.StripePaymentGateway - ? Stripe payment gateway initialized
2026-04-13 16:35:03 INFO  [main] o.s.s.c.a.a.c.InitializeAuthenticationProviderBeanManagerConfigurer$InitializeAuthenticationProviderManagerConfigurer - Global AuthenticationManager configured with AuthenticationProvider bean with name authenticationProvider
2026-04-13 16:35:03 WARN  [main] o.s.s.c.a.a.c.InitializeUserDetailsBeanManagerConfigurer$InitializeUserDetailsManagerConfigurer - Global AuthenticationManager configured with an AuthenticationProvider bean. UserDetailsService beans will not be used by Spring Security for automatically configuring username/password login. Consider removing the AuthenticationProvider bean. Alternatively, consider using the UserDetailsService in a manually instantiated DaoAuthenticationProvider. If the current configuration is intentional, to turn off this warning, increase the logging level of 'org.springframework.security.config.annotation.authentication.configuration.InitializeUserDetailsBeanManagerConfigurer' to ERROR
2026-04-13 16:35:03 INFO  [main] c.e.C.i.r.p.s.StripePaymentGateway - ? Stripe payment gateway initialized
2026-04-13 16:35:03 WARN  [main] o.s.b.a.o.j.JpaBaseConfiguration$JpaWebConfiguration - spring.jpa.open-in-view is enabled by default. Therefore, database queries may be performed during view rendering. Explicitly configure spring.jpa.open-in-view to disable this warning
2026-04-13 16:35:04 DEBUG [main] o.s.w.s.m.m.a.RequestMappingHandlerMapping - 215 mappings in 'requestMappingHandlerMapping'
2026-04-13 16:35:04 DEBUG [main] o.s.w.s.h.SimpleUrlHandlerMapping - Patterns [/webjars/**, /**] in 'resourceHandlerMapping'
2026-04-13 16:35:05 INFO  [main] o.s.b.a.e.web.EndpointLinksResolver - Exposing 1 endpoint beneath base path '/actuator'
2026-04-13 16:35:06 DEBUG [main] o.s.s.web.DefaultSecurityFilterChain - Will secure any request with filters: DisableEncodeUrlFilter, WebAsyncManagerIntegrationFilter, SecurityContextHolderFilter, HeaderWriterFilter, LogoutFilter, JwtAuthenticationFilter, RequestCacheAwareFilter, SecurityContextHolderAwareRequestFilter, AnonymousAuthenticationFilter, SessionManagementFilter, ExceptionTranslationFilter, AuthorizationFilter
2026-04-13 16:35:06 DEBUG [main] o.h.v.m.ResourceBundleMessageInterpolator - Loaded expression factory via original TCCL
2026-04-13 16:35:06 DEBUG [main] o.h.v.i.e.AbstractConfigurationImpl - Setting custom MessageInterpolator of type org.springframework.validation.beanvalidation.LocaleContextMessageInterpolator
2026-04-13 16:35:06 DEBUG [main] o.h.v.i.e.AbstractConfigurationImpl - Setting custom ConstraintValidatorFactory of type org.springframework.validation.beanvalidation.SpringConstraintValidatorFactory
2026-04-13 16:35:06 DEBUG [main] o.h.v.i.x.config.ValidationXmlParser - Trying to load META-INF/validation.xml for XML based Validator configuration.
2026-04-13 16:35:06 DEBUG [main] o.h.v.i.x.c.ResourceLoaderHelper - Trying to load META-INF/validation.xml via user class loader
2026-04-13 16:35:06 DEBUG [main] o.h.v.i.x.c.ResourceLoaderHelper - Trying to load META-INF/validation.xml via TCCL
2026-04-13 16:35:06 DEBUG [main] o.h.v.i.x.c.ResourceLoaderHelper - Trying to load META-INF/validation.xml via Hibernate Validator's class loader
2026-04-13 16:35:06 DEBUG [main] o.h.v.i.x.config.ValidationXmlParser - No META-INF/validation.xml found. Using annotation based configuration only.
2026-04-13 16:35:06 DEBUG [main] o.h.v.i.e.r.TraversableResolvers - Found jakarta.persistence.Persistence on classpath containing 'getPersistenceUtil'. Assuming JPA 2 environment. Trying to instantiate JPA aware TraversableResolver
2026-04-13 16:35:06 DEBUG [main] o.h.v.i.e.r.TraversableResolvers - Instantiated JPA aware TraversableResolver of type org.hibernate.validator.internal.engine.resolver.JPATraversableResolver.
2026-04-13 16:35:06 DEBUG [main] o.h.v.i.e.ValidatorFactoryConfigurationHelper - HV000252: Using org.hibernate.validator.internal.engine.DefaultPropertyNodeNameProvider as property node name provider.
2026-04-13 16:35:06 DEBUG [main] o.h.v.i.e.ValidatorFactoryConfigurationHelper - HV000234: Using org.springframework.validation.beanvalidation.LocaleContextMessageInterpolator as ValidatorFactory-scoped message interpolator.
2026-04-13 16:35:06 DEBUG [main] o.h.v.i.e.ValidatorFactoryConfigurationHelper - HV000234: Using org.hibernate.validator.internal.engine.resolver.JPATraversableResolver as ValidatorFactory-scoped traversable resolver.
2026-04-13 16:35:06 DEBUG [main] o.h.v.i.e.ValidatorFactoryConfigurationHelper - HV000234: Using org.hibernate.validator.internal.util.ExecutableParameterNameProvider as ValidatorFactory-scoped parameter name provider.
2026-04-13 16:35:06 DEBUG [main] o.h.v.i.e.ValidatorFactoryConfigurationHelper - HV000234: Using org.hibernate.validator.internal.engine.DefaultClockProvider as ValidatorFactory-scoped clock provider.
2026-04-13 16:35:06 DEBUG [main] o.h.v.i.e.ValidatorFactoryConfigurationHelper - HV000234: Using org.hibernate.validator.internal.engine.scripting.DefaultScriptEvaluatorFactory as ValidatorFactory-scoped script evaluator factory.
2026-04-13 16:35:07 DEBUG [main] o.s.w.s.m.m.a.RequestMappingHandlerAdapter - ControllerAdvice beans: 0 @ModelAttribute, 0 @InitBinder, 1 RequestBodyAdvice, 1 ResponseBodyAdvice
2026-04-13 16:35:07 DEBUG [main] o.s.w.s.m.m.a.ExceptionHandlerExceptionResolver - ControllerAdvice beans: 1 @ExceptionHandler, 1 ResponseBodyAdvice
2026-04-13 16:35:09 INFO  [main] o.a.coyote.http11.Http11NioProtocol - Starting ProtocolHandler ["http-nio-8080"]
2026-04-13 16:35:09 INFO  [main] o.s.b.w.e.tomcat.TomcatWebServer - Tomcat started on port 8080 (http) with context path '/'
2026-04-13 16:35:09 INFO  [main] c.e.C.ClinicaDefinitivaApplication - Started ClinicaDefinitivaApplication in 53.364 seconds (process running for 55.477)
2026-04-13 16:35:09 INFO  [main] c.e.C.ClinicaDefinitivaApplication - Logger funciona correctamente
2026-04-13 16:40:39 INFO  [http-nio-8080-exec-2] o.a.c.c.C.[Tomcat].[localhost].[/] - Initializing Spring DispatcherServlet 'dispatcherServlet'
2026-04-13 16:40:39 INFO  [http-nio-8080-exec-2] o.s.web.servlet.DispatcherServlet - Initializing Servlet 'dispatcherServlet'
2026-04-13 16:40:39 DEBUG [http-nio-8080-exec-2] o.s.web.servlet.DispatcherServlet - Detected StandardServletMultipartResolver
2026-04-13 16:40:39 DEBUG [http-nio-8080-exec-2] o.s.web.servlet.DispatcherServlet - Detected AcceptHeaderLocaleResolver
2026-04-13 16:40:39 DEBUG [http-nio-8080-exec-2] o.s.web.servlet.DispatcherServlet - Detected FixedThemeResolver
2026-04-13 16:40:39 DEBUG [http-nio-8080-exec-2] o.s.web.servlet.DispatcherServlet - Detected org.springframework.web.servlet.view.DefaultRequestToViewNameTranslator@6d881fec
2026-04-13 16:40:39 DEBUG [http-nio-8080-exec-2] o.s.web.servlet.DispatcherServlet - Detected org.springframework.web.servlet.support.SessionFlashMapManager@5bd9bb05
2026-04-13 16:40:39 DEBUG [http-nio-8080-exec-2] o.s.web.servlet.DispatcherServlet - enableLoggingRequestDetails='false': request parameters and headers will be masked to prevent unsafe logging of potentially sensitive data
2026-04-13 16:40:39 INFO  [http-nio-8080-exec-2] o.s.web.servlet.DispatcherServlet - Completed initialization in 30 ms
2026-04-13 16:40:39 DEBUG [http-nio-8080-exec-2] o.s.security.web.FilterChainProxy - Securing POST /api/v1/services
2026-04-13 16:40:39 TRACE [http-nio-8080-exec-2] o.s.s.w.a.logout.LogoutFilter - Did not match request to Or [Ant [pattern='/logout', GET], Ant [pattern='/logout', POST], Ant [pattern='/logout', PUT], Ant [pattern='/logout', DELETE]]
2026-04-13 16:40:40 TRACE [http-nio-8080-exec-2] o.s.s.w.a.AnonymousAuthenticationFilter - Set SecurityContextHolder to AnonymousAuthenticationToken [Principal=anonymousUser, Credentials=[PROTECTED], Authenticated=true, Details=WebAuthenticationDetails [RemoteIpAddress=0:0:0:0:0:0:0:1, SessionId=null], Granted Authorities=[ROLE_ANONYMOUS]]
2026-04-13 16:40:40 DEBUG [http-nio-8080-exec-2] o.s.s.w.a.Http403ForbiddenEntryPoint - Pre-authenticated entry point called. Rejecting access
2026-04-13 16:40:40 DEBUG [http-nio-8080-exec-2] o.s.security.web.FilterChainProxy - Securing POST /error
2026-04-13 16:40:40 TRACE [http-nio-8080-exec-2] o.s.s.w.a.logout.LogoutFilter - Did not match request to Or [Ant [pattern='/logout', GET], Ant [pattern='/logout', POST], Ant [pattern='/logout', PUT], Ant [pattern='/logout', DELETE]]
2026-04-13 16:40:40 TRACE [http-nio-8080-exec-2] o.s.s.w.a.AnonymousAuthenticationFilter - Set SecurityContextHolder to AnonymousAuthenticationToken [Principal=anonymousUser, Credentials=[PROTECTED], Authenticated=true, Details=WebAuthenticationDetails [RemoteIpAddress=0:0:0:0:0:0:0:1, SessionId=null], Granted Authorities=[ROLE_ANONYMOUS]]
2026-04-13 16:40:40 DEBUG [http-nio-8080-exec-2] o.s.s.w.a.Http403ForbiddenEntryPoint - Pre-authenticated entry point called. Rejecting access
2026-04-13 16:40:59 DEBUG [http-nio-8080-exec-3] o.s.security.web.FilterChainProxy - Securing POST /api/v1/auth/login
2026-04-13 16:40:59 TRACE [http-nio-8080-exec-3] o.s.s.w.a.logout.LogoutFilter - Did not match request to Or [Ant [pattern='/logout', GET], Ant [pattern='/logout', POST], Ant [pattern='/logout', PUT], Ant [pattern='/logout', DELETE]]
2026-04-13 16:40:59 TRACE [http-nio-8080-exec-3] o.s.s.w.a.AnonymousAuthenticationFilter - Set SecurityContextHolder to AnonymousAuthenticationToken [Principal=anonymousUser, Credentials=[PROTECTED], Authenticated=true, Details=WebAuthenticationDetails [RemoteIpAddress=0:0:0:0:0:0:0:1, SessionId=null], Granted Authorities=[ROLE_ANONYMOUS]]
2026-04-13 16:40:59 DEBUG [http-nio-8080-exec-3] o.s.security.web.FilterChainProxy - Secured POST /api/v1/auth/login
2026-04-13 16:40:59 DEBUG [http-nio-8080-exec-3] o.s.web.servlet.DispatcherServlet - POST "/api/v1/auth/login", parameters={}
2026-04-13 16:40:59 DEBUG [http-nio-8080-exec-3] o.s.w.s.m.m.a.RequestMappingHandlerMapping - Mapped to com.example.ClinicaDefinitiva.infrastructure.rest.authentication.controller.AuthController#login(LoginRequest)
2026-04-13 16:40:59 DEBUG [http-nio-8080-exec-3] o.s.w.s.m.m.a.RequestResponseBodyMethodProcessor - Read "application/json;charset=UTF-8" to [LoginRequest[email=admin@test.com, password=admin123]]
2026-04-13 16:41:01 DEBUG [http-nio-8080-exec-3] o.s.s.a.d.DaoAuthenticationProvider - Authenticated user
2026-04-13 16:41:01 DEBUG [http-nio-8080-exec-3] o.s.w.s.m.m.a.HttpEntityMethodProcessor - Using 'application/json', given [*/*] and supported [application/json, application/*+json]
2026-04-13 16:41:01 DEBUG [http-nio-8080-exec-3] o.s.w.s.m.m.a.HttpEntityMethodProcessor - Writing [{token=eyJhbGciOiJIUzI1NiJ9.eyJzdWIiOiJhZG1pbkB0ZXN0LmNvbSIsInJvbGVzIjpbIlJPTEVfVVNFUiJdLCJpYXQiOjE3 (truncated)...]
2026-04-13 16:41:01 DEBUG [http-nio-8080-exec-3] o.s.web.servlet.DispatcherServlet - Completed 200 OK
2026-04-13 16:41:26 DEBUG [http-nio-8080-exec-4] o.s.security.web.FilterChainProxy - Securing POST /api/v1/services
2026-04-13 16:41:26 TRACE [http-nio-8080-exec-4] o.s.s.w.a.logout.LogoutFilter - Did not match request to Or [Ant [pattern='/logout', GET], Ant [pattern='/logout', POST], Ant [pattern='/logout', PUT], Ant [pattern='/logout', DELETE]]
2026-04-13 16:41:26 TRACE [http-nio-8080-exec-4] o.s.s.w.a.AnonymousAuthenticationFilter - Did not set SecurityContextHolder since already authenticated UsernamePasswordAuthenticationToken [Principal=com.example.ClinicaDefinitiva.infrastructure.security.adapter.CustomUserDetails@77b6de7b, Credentials=[PROTECTED], Authenticated=true, Details=null, Granted Authorities=[UPDATE_INFORMATION_PROVIDED_SERVICE, READ_ROLE, UPDATE_COMPANY, UPDATE_INVOICE, CREATE_CUSTOM_ROLE, UPDATE_JOURNAL_ENTRY, REVERSE_JOURNAL_ENTRY, CREATE_CONTRACT, SET_PERMISSIONS_ROLE, READ_USER_IDENTITY, IS_CURRENTLY_ACTIVE_ASSIGNMENT, READ_RATE, READ_APPOINTMENT, DEACTIVATE_PROVIDED_SERVICE, READ_DENTIST, CREATE_COMPANY, ACTIVATE_PROVIDED_SERVICE, DELETE_INVOICE, CREATE_PROVIDED_SERVICE, UPDATE_PAYMENT, CHECK_ROLE, ACTIVATE_USER_IDENTITY, READ_PATIENT, DELETE_ROLE, READ_ADMINISTRATIVE_REPORT, UPDATE_PRICE_PROVIDED_SERVICE, READ_CONTRACT, DELETE_ADMINISTRATIVE_REPORT, DEACTIVATE_USER_IDENTITY, REVERSE_INVOICE, APPROVE_INVOICE, READ_PROVIDED_SERVICE, REVOKE_ASSIGNMENT, DEACTIVATE_ROLE, READ_AVAILABILITY, READ_RECEPTIONIST, DELETE_RATE, SUSPEND_ROLE, UPDATE_PRIMARY_ASSIGNMENT, REMOVE_ROLE, CREATE_USER_IDENTITY, ADD_ROLE, DELETE_CONTRACT, DELETE_PAYMENT, DELETE_ASSIGNMENT, ACTIVATE_ROLE, EXTEND_ASSIGNMENT, READ_COMPANY, UPDATE_ADMINISTRATIVE_REPORT, CREATE_PAYMENT, UPDATE_USER_IDENTITY, READ_GUARDIAN, MARK_DELETED_ROLE, UPDATE_CONTRACT, DELETE_COMPANY, IS_ACTIVE_AT_ASSIGNMENT, READ_ASSIGNMENT, POST_INVOICE, REVOKE_ALL_ASSIGNMENT, CREATE_JOURNAL_ENTRY, CREATE_ADMINISTRATIVE_REPORT, UPDATE_DETAILS_PROVIDED_SERVICE, READ_SHIFT, POST_JOURNAL_ENTRY, ROLE_ADMINISTRATOR, CREATE_TEMPORARY_ASSIGNMENT, READ_PAYMENT, CREATE_RATE, READ_INVOICE, UPDATE_RATE, DELETE_JOURNAL_ENTRY, CLONE_ROLE, READ_JOURNAL_ENTRY, CREATE_PERMANENT_ASSIGNMENT, CREATE_INVOICE, SUSPEND_USER_IDENTITY]]
2026-04-13 16:41:26 TRACE [http-nio-8080-exec-4] o.s.s.w.a.s.CompositeSessionAuthenticationStrategy - Preparing session with ChangeSessionIdAuthenticationStrategy (1/1)
2026-04-13 16:41:26 DEBUG [http-nio-8080-exec-4] o.s.security.web.FilterChainProxy - Secured POST /api/v1/services
2026-04-13 16:41:26 DEBUG [http-nio-8080-exec-4] o.s.web.servlet.DispatcherServlet - POST "/api/v1/services", parameters={}
2026-04-13 16:41:26 DEBUG [http-nio-8080-exec-4] o.s.w.s.m.m.a.RequestMappingHandlerMapping - Mapped to com.example.ClinicaDefinitiva.infrastructure.rest.dentalService.controller.ProvidedServiceController#create(CreateServiceRequest, CustomUserDetails)
2026-04-13 16:41:26 DEBUG [http-nio-8080-exec-4] o.s.w.s.m.m.a.RequestResponseBodyMethodProcessor - Read "application/json;charset=UTF-8" to [CreateServiceRequest[name=Implante Dental Unitario, categoryId=11, categoryName=Implantología, categ (truncated)...]
2026-04-13 16:41:28 DEBUG [http-nio-8080-exec-4] o.s.w.s.m.m.a.HttpEntityMethodProcessor - Using 'application/json', given [*/*] and supported [application/json, application/*+json]
2026-04-13 16:41:28 DEBUG [http-nio-8080-exec-4] o.s.w.s.m.m.a.HttpEntityMethodProcessor - Writing [ReadServiceResponse[id=5, code=IMPLANTOLOGY, name=Implante Dental Unitario, description=Colocación d (truncated)...]
2026-04-13 16:41:28 DEBUG [http-nio-8080-exec-4] o.s.web.servlet.DispatcherServlet - Completed 201 CREATED
2026-04-13 16:42:16 DEBUG [http-nio-8080-exec-5] o.s.security.web.FilterChainProxy - Securing GET /api/v1/services/1
2026-04-13 16:42:16 TRACE [http-nio-8080-exec-5] o.s.s.w.a.logout.LogoutFilter - Did not match request to Or [Ant [pattern='/logout', GET], Ant [pattern='/logout', POST], Ant [pattern='/logout', PUT], Ant [pattern='/logout', DELETE]]
2026-04-13 16:42:17 TRACE [http-nio-8080-exec-5] o.s.s.w.a.AnonymousAuthenticationFilter - Did not set SecurityContextHolder since already authenticated UsernamePasswordAuthenticationToken [Principal=com.example.ClinicaDefinitiva.infrastructure.security.adapter.CustomUserDetails@61213b28, Credentials=[PROTECTED], Authenticated=true, Details=null, Granted Authorities=[UPDATE_INFORMATION_PROVIDED_SERVICE, READ_ROLE, UPDATE_COMPANY, UPDATE_INVOICE, CREATE_CUSTOM_ROLE, UPDATE_JOURNAL_ENTRY, REVERSE_JOURNAL_ENTRY, CREATE_CONTRACT, SET_PERMISSIONS_ROLE, READ_USER_IDENTITY, IS_CURRENTLY_ACTIVE_ASSIGNMENT, READ_RATE, READ_APPOINTMENT, DEACTIVATE_PROVIDED_SERVICE, READ_DENTIST, CREATE_COMPANY, ACTIVATE_PROVIDED_SERVICE, DELETE_INVOICE, CREATE_PROVIDED_SERVICE, UPDATE_PAYMENT, CHECK_ROLE, ACTIVATE_USER_IDENTITY, READ_PATIENT, DELETE_ROLE, READ_ADMINISTRATIVE_REPORT, UPDATE_PRICE_PROVIDED_SERVICE, READ_CONTRACT, DELETE_ADMINISTRATIVE_REPORT, DEACTIVATE_USER_IDENTITY, REVERSE_INVOICE, APPROVE_INVOICE, READ_PROVIDED_SERVICE, REVOKE_ASSIGNMENT, DEACTIVATE_ROLE, READ_AVAILABILITY, READ_RECEPTIONIST, DELETE_RATE, SUSPEND_ROLE, UPDATE_PRIMARY_ASSIGNMENT, REMOVE_ROLE, CREATE_USER_IDENTITY, ADD_ROLE, DELETE_CONTRACT, DELETE_PAYMENT, DELETE_ASSIGNMENT, ACTIVATE_ROLE, EXTEND_ASSIGNMENT, READ_COMPANY, UPDATE_ADMINISTRATIVE_REPORT, CREATE_PAYMENT, UPDATE_USER_IDENTITY, READ_GUARDIAN, MARK_DELETED_ROLE, UPDATE_CONTRACT, DELETE_COMPANY, IS_ACTIVE_AT_ASSIGNMENT, READ_ASSIGNMENT, POST_INVOICE, REVOKE_ALL_ASSIGNMENT, CREATE_JOURNAL_ENTRY, CREATE_ADMINISTRATIVE_REPORT, UPDATE_DETAILS_PROVIDED_SERVICE, READ_SHIFT, POST_JOURNAL_ENTRY, ROLE_ADMINISTRATOR, CREATE_TEMPORARY_ASSIGNMENT, READ_PAYMENT, CREATE_RATE, READ_INVOICE, UPDATE_RATE, DELETE_JOURNAL_ENTRY, CLONE_ROLE, READ_JOURNAL_ENTRY, CREATE_PERMANENT_ASSIGNMENT, CREATE_INVOICE, SUSPEND_USER_IDENTITY]]
2026-04-13 16:42:17 TRACE [http-nio-8080-exec-5] o.s.s.w.a.s.CompositeSessionAuthenticationStrategy - Preparing session with ChangeSessionIdAuthenticationStrategy (1/1)
2026-04-13 16:42:17 DEBUG [http-nio-8080-exec-5] o.s.security.web.FilterChainProxy - Secured GET /api/v1/services/1
2026-04-13 16:42:17 DEBUG [http-nio-8080-exec-5] o.s.web.servlet.DispatcherServlet - GET "/api/v1/services/1", parameters={}
2026-04-13 16:42:17 DEBUG [http-nio-8080-exec-5] o.s.w.s.m.m.a.RequestMappingHandlerMapping - Mapped to com.example.ClinicaDefinitiva.infrastructure.rest.dentalService.controller.ProvidedServiceController#findById(Long, CustomUserDetails)
2026-04-13 16:42:18 DEBUG [http-nio-8080-exec-5] o.s.w.s.m.m.a.HttpEntityMethodProcessor - Using 'application/json', given [*/*] and supported [application/json, application/*+json]
2026-04-13 16:42:18 DEBUG [http-nio-8080-exec-5] o.s.w.s.m.m.a.HttpEntityMethodProcessor - Writing [ReadServiceResponse[id=1, code=GENERAL, name=Profilaxis y Limpieza, description=Eliminación de placa (truncated)...]
2026-04-13 16:42:18 DEBUG [http-nio-8080-exec-5] o.s.web.servlet.DispatcherServlet - Completed 200 OK
2026-04-13 16:43:15 DEBUG [http-nio-8080-exec-6] o.s.security.web.FilterChainProxy - Securing GET /api/v1/services
2026-04-13 16:43:15 TRACE [http-nio-8080-exec-6] o.s.s.w.a.logout.LogoutFilter - Did not match request to Or [Ant [pattern='/logout', GET], Ant [pattern='/logout', POST], Ant [pattern='/logout', PUT], Ant [pattern='/logout', DELETE]]
2026-04-13 16:43:15 TRACE [http-nio-8080-exec-6] o.s.s.w.a.AnonymousAuthenticationFilter - Did not set SecurityContextHolder since already authenticated UsernamePasswordAuthenticationToken [Principal=com.example.ClinicaDefinitiva.infrastructure.security.adapter.CustomUserDetails@2c11a488, Credentials=[PROTECTED], Authenticated=true, Details=null, Granted Authorities=[UPDATE_INFORMATION_PROVIDED_SERVICE, READ_ROLE, UPDATE_COMPANY, UPDATE_INVOICE, CREATE_CUSTOM_ROLE, UPDATE_JOURNAL_ENTRY, REVERSE_JOURNAL_ENTRY, CREATE_CONTRACT, SET_PERMISSIONS_ROLE, READ_USER_IDENTITY, IS_CURRENTLY_ACTIVE_ASSIGNMENT, READ_RATE, READ_APPOINTMENT, DEACTIVATE_PROVIDED_SERVICE, READ_DENTIST, CREATE_COMPANY, ACTIVATE_PROVIDED_SERVICE, DELETE_INVOICE, CREATE_PROVIDED_SERVICE, UPDATE_PAYMENT, CHECK_ROLE, ACTIVATE_USER_IDENTITY, READ_PATIENT, DELETE_ROLE, READ_ADMINISTRATIVE_REPORT, UPDATE_PRICE_PROVIDED_SERVICE, READ_CONTRACT, DELETE_ADMINISTRATIVE_REPORT, DEACTIVATE_USER_IDENTITY, REVERSE_INVOICE, APPROVE_INVOICE, READ_PROVIDED_SERVICE, REVOKE_ASSIGNMENT, DEACTIVATE_ROLE, READ_AVAILABILITY, READ_RECEPTIONIST, DELETE_RATE, SUSPEND_ROLE, UPDATE_PRIMARY_ASSIGNMENT, REMOVE_ROLE, CREATE_USER_IDENTITY, ADD_ROLE, DELETE_CONTRACT, DELETE_PAYMENT, DELETE_ASSIGNMENT, ACTIVATE_ROLE, EXTEND_ASSIGNMENT, READ_COMPANY, UPDATE_ADMINISTRATIVE_REPORT, CREATE_PAYMENT, UPDATE_USER_IDENTITY, READ_GUARDIAN, MARK_DELETED_ROLE, UPDATE_CONTRACT, DELETE_COMPANY, IS_ACTIVE_AT_ASSIGNMENT, READ_ASSIGNMENT, POST_INVOICE, REVOKE_ALL_ASSIGNMENT, CREATE_JOURNAL_ENTRY, CREATE_ADMINISTRATIVE_REPORT, UPDATE_DETAILS_PROVIDED_SERVICE, READ_SHIFT, POST_JOURNAL_ENTRY, ROLE_ADMINISTRATOR, CREATE_TEMPORARY_ASSIGNMENT, READ_PAYMENT, CREATE_RATE, READ_INVOICE, UPDATE_RATE, DELETE_JOURNAL_ENTRY, CLONE_ROLE, READ_JOURNAL_ENTRY, CREATE_PERMANENT_ASSIGNMENT, CREATE_INVOICE, SUSPEND_USER_IDENTITY]]
2026-04-13 16:43:15 TRACE [http-nio-8080-exec-6] o.s.s.w.a.s.CompositeSessionAuthenticationStrategy - Preparing session with ChangeSessionIdAuthenticationStrategy (1/1)
2026-04-13 16:43:15 DEBUG [http-nio-8080-exec-6] o.s.security.web.FilterChainProxy - Secured GET /api/v1/services
2026-04-13 16:43:15 DEBUG [http-nio-8080-exec-6] o.s.web.servlet.DispatcherServlet - GET "/api/v1/services", parameters={}
2026-04-13 16:43:15 DEBUG [http-nio-8080-exec-6] o.s.w.s.m.m.a.RequestMappingHandlerMapping - Mapped to com.example.ClinicaDefinitiva.infrastructure.rest.dentalService.controller.ProvidedServiceController#findAll(Pageable, CustomUserDetails)
2026-04-13 16:43:15 WARN  [http-nio-8080-exec-6] o.s.d.w.c.SpringDataJacksonConfiguration$PageModule$WarningLoggingModifier - Serializing PageImpl instances as-is is not supported, meaning that there is no guarantee about the stability of the resulting JSON structure!
	For a stable JSON structure, please use Spring Data's PagedModel (globally via @EnableSpringDataWebSupport(pageSerializationMode = VIA_DTO))
	or Spring HATEOAS and Spring Data's PagedResourcesAssembler as documented in https://docs.spring.io/spring-data/commons/reference/repositories/core-extensions.html#core.web.pageables.

2026-04-13 16:43:15 DEBUG [http-nio-8080-exec-6] o.s.w.s.m.m.a.HttpEntityMethodProcessor - Using 'application/json', given [*/*] and supported [application/json, application/*+json]
2026-04-13 16:43:15 DEBUG [http-nio-8080-exec-6] o.s.w.s.m.m.a.HttpEntityMethodProcessor - Writing [Page 1 of 1 containing com.example.ClinicaDefinitiva.infrastructure.rest.dentalService.dto.PageServi (truncated)...]
2026-04-13 16:43:15 DEBUG [http-nio-8080-exec-6] o.s.web.servlet.DispatcherServlet - Completed 200 OK
2026-04-13 16:43:59 DEBUG [http-nio-8080-exec-7] o.s.security.web.FilterChainProxy - Securing GET /api/v1/services/status/ACTIVE
2026-04-13 16:43:59 TRACE [http-nio-8080-exec-7] o.s.s.w.a.logout.LogoutFilter - Did not match request to Or [Ant [pattern='/logout', GET], Ant [pattern='/logout', POST], Ant [pattern='/logout', PUT], Ant [pattern='/logout', DELETE]]
2026-04-13 16:44:00 TRACE [http-nio-8080-exec-7] o.s.s.w.a.AnonymousAuthenticationFilter - Did not set SecurityContextHolder since already authenticated UsernamePasswordAuthenticationToken [Principal=com.example.ClinicaDefinitiva.infrastructure.security.adapter.CustomUserDetails@6e7adc6c, Credentials=[PROTECTED], Authenticated=true, Details=null, Granted Authorities=[UPDATE_INFORMATION_PROVIDED_SERVICE, READ_ROLE, UPDATE_COMPANY, UPDATE_INVOICE, CREATE_CUSTOM_ROLE, UPDATE_JOURNAL_ENTRY, REVERSE_JOURNAL_ENTRY, CREATE_CONTRACT, SET_PERMISSIONS_ROLE, READ_USER_IDENTITY, IS_CURRENTLY_ACTIVE_ASSIGNMENT, READ_RATE, READ_APPOINTMENT, DEACTIVATE_PROVIDED_SERVICE, READ_DENTIST, CREATE_COMPANY, ACTIVATE_PROVIDED_SERVICE, DELETE_INVOICE, CREATE_PROVIDED_SERVICE, UPDATE_PAYMENT, CHECK_ROLE, ACTIVATE_USER_IDENTITY, READ_PATIENT, DELETE_ROLE, READ_ADMINISTRATIVE_REPORT, UPDATE_PRICE_PROVIDED_SERVICE, READ_CONTRACT, DELETE_ADMINISTRATIVE_REPORT, DEACTIVATE_USER_IDENTITY, REVERSE_INVOICE, APPROVE_INVOICE, READ_PROVIDED_SERVICE, REVOKE_ASSIGNMENT, DEACTIVATE_ROLE, READ_AVAILABILITY, READ_RECEPTIONIST, DELETE_RATE, SUSPEND_ROLE, UPDATE_PRIMARY_ASSIGNMENT, REMOVE_ROLE, CREATE_USER_IDENTITY, ADD_ROLE, DELETE_CONTRACT, DELETE_PAYMENT, DELETE_ASSIGNMENT, ACTIVATE_ROLE, EXTEND_ASSIGNMENT, READ_COMPANY, UPDATE_ADMINISTRATIVE_REPORT, CREATE_PAYMENT, UPDATE_USER_IDENTITY, READ_GUARDIAN, MARK_DELETED_ROLE, UPDATE_CONTRACT, DELETE_COMPANY, IS_ACTIVE_AT_ASSIGNMENT, READ_ASSIGNMENT, POST_INVOICE, REVOKE_ALL_ASSIGNMENT, CREATE_JOURNAL_ENTRY, CREATE_ADMINISTRATIVE_REPORT, UPDATE_DETAILS_PROVIDED_SERVICE, READ_SHIFT, POST_JOURNAL_ENTRY, ROLE_ADMINISTRATOR, CREATE_TEMPORARY_ASSIGNMENT, READ_PAYMENT, CREATE_RATE, READ_INVOICE, UPDATE_RATE, DELETE_JOURNAL_ENTRY, CLONE_ROLE, READ_JOURNAL_ENTRY, CREATE_PERMANENT_ASSIGNMENT, CREATE_INVOICE, SUSPEND_USER_IDENTITY]]
2026-04-13 16:44:00 TRACE [http-nio-8080-exec-7] o.s.s.w.a.s.CompositeSessionAuthenticationStrategy - Preparing session with ChangeSessionIdAuthenticationStrategy (1/1)
2026-04-13 16:44:00 DEBUG [http-nio-8080-exec-7] o.s.security.web.FilterChainProxy - Secured GET /api/v1/services/status/ACTIVE
2026-04-13 16:44:00 DEBUG [http-nio-8080-exec-7] o.s.web.servlet.DispatcherServlet - GET "/api/v1/services/status/ACTIVE", parameters={}
2026-04-13 16:44:00 DEBUG [http-nio-8080-exec-7] o.s.w.s.m.m.a.RequestMappingHandlerMapping - Mapped to com.example.ClinicaDefinitiva.infrastructure.rest.dentalService.controller.ProvidedServiceController#findByStatus(String, Pageable, CustomUserDetails)
2026-04-13 16:44:01 DEBUG [http-nio-8080-exec-7] o.s.w.s.m.m.a.HttpEntityMethodProcessor - Using 'application/json', given [*/*] and supported [application/json, application/*+json]
2026-04-13 16:44:01 DEBUG [http-nio-8080-exec-7] o.s.w.s.m.m.a.HttpEntityMethodProcessor - Writing [Page 1 of 1 containing com.example.ClinicaDefinitiva.infrastructure.rest.dentalService.dto.PageServi (truncated)...]
2026-04-13 16:44:01 DEBUG [http-nio-8080-exec-7] o.s.web.servlet.DispatcherServlet - Completed 200 OK
2026-04-13 16:44:37 DEBUG [http-nio-8080-exec-8] o.s.security.web.FilterChainProxy - Securing GET /api/v1/services/category/PREVENTIVO
2026-04-13 16:44:37 TRACE [http-nio-8080-exec-8] o.s.s.w.a.logout.LogoutFilter - Did not match request to Or [Ant [pattern='/logout', GET], Ant [pattern='/logout', POST], Ant [pattern='/logout', PUT], Ant [pattern='/logout', DELETE]]
2026-04-13 16:44:37 TRACE [http-nio-8080-exec-8] o.s.s.w.a.AnonymousAuthenticationFilter - Did not set SecurityContextHolder since already authenticated UsernamePasswordAuthenticationToken [Principal=com.example.ClinicaDefinitiva.infrastructure.security.adapter.CustomUserDetails@76d68b81, Credentials=[PROTECTED], Authenticated=true, Details=null, Granted Authorities=[UPDATE_INFORMATION_PROVIDED_SERVICE, READ_ROLE, UPDATE_COMPANY, UPDATE_INVOICE, CREATE_CUSTOM_ROLE, UPDATE_JOURNAL_ENTRY, REVERSE_JOURNAL_ENTRY, CREATE_CONTRACT, SET_PERMISSIONS_ROLE, READ_USER_IDENTITY, IS_CURRENTLY_ACTIVE_ASSIGNMENT, READ_RATE, READ_APPOINTMENT, DEACTIVATE_PROVIDED_SERVICE, READ_DENTIST, CREATE_COMPANY, ACTIVATE_PROVIDED_SERVICE, DELETE_INVOICE, CREATE_PROVIDED_SERVICE, UPDATE_PAYMENT, CHECK_ROLE, ACTIVATE_USER_IDENTITY, READ_PATIENT, DELETE_ROLE, READ_ADMINISTRATIVE_REPORT, UPDATE_PRICE_PROVIDED_SERVICE, READ_CONTRACT, DELETE_ADMINISTRATIVE_REPORT, DEACTIVATE_USER_IDENTITY, REVERSE_INVOICE, APPROVE_INVOICE, READ_PROVIDED_SERVICE, REVOKE_ASSIGNMENT, DEACTIVATE_ROLE, READ_AVAILABILITY, READ_RECEPTIONIST, DELETE_RATE, SUSPEND_ROLE, UPDATE_PRIMARY_ASSIGNMENT, REMOVE_ROLE, CREATE_USER_IDENTITY, ADD_ROLE, DELETE_CONTRACT, DELETE_PAYMENT, DELETE_ASSIGNMENT, ACTIVATE_ROLE, EXTEND_ASSIGNMENT, READ_COMPANY, UPDATE_ADMINISTRATIVE_REPORT, CREATE_PAYMENT, UPDATE_USER_IDENTITY, READ_GUARDIAN, MARK_DELETED_ROLE, UPDATE_CONTRACT, DELETE_COMPANY, IS_ACTIVE_AT_ASSIGNMENT, READ_ASSIGNMENT, POST_INVOICE, REVOKE_ALL_ASSIGNMENT, CREATE_JOURNAL_ENTRY, CREATE_ADMINISTRATIVE_REPORT, UPDATE_DETAILS_PROVIDED_SERVICE, READ_SHIFT, POST_JOURNAL_ENTRY, ROLE_ADMINISTRATOR, CREATE_TEMPORARY_ASSIGNMENT, READ_PAYMENT, CREATE_RATE, READ_INVOICE, UPDATE_RATE, DELETE_JOURNAL_ENTRY, CLONE_ROLE, READ_JOURNAL_ENTRY, CREATE_PERMANENT_ASSIGNMENT, CREATE_INVOICE, SUSPEND_USER_IDENTITY]]
2026-04-13 16:44:37 TRACE [http-nio-8080-exec-8] o.s.s.w.a.s.CompositeSessionAuthenticationStrategy - Preparing session with ChangeSessionIdAuthenticationStrategy (1/1)
2026-04-13 16:44:37 DEBUG [http-nio-8080-exec-8] o.s.security.web.FilterChainProxy - Secured GET /api/v1/services/category/PREVENTIVO
2026-04-13 16:44:37 DEBUG [http-nio-8080-exec-8] o.s.web.servlet.DispatcherServlet - GET "/api/v1/services/category/PREVENTIVO", parameters={}
2026-04-13 16:44:37 DEBUG [http-nio-8080-exec-8] o.s.w.s.m.m.a.RequestMappingHandlerMapping - Mapped to com.example.ClinicaDefinitiva.infrastructure.rest.dentalService.controller.ProvidedServiceController#findByCategory(String, Pageable, CustomUserDetails)
2026-04-13 16:44:37 DEBUG [http-nio-8080-exec-8] o.s.w.s.m.m.a.HttpEntityMethodProcessor - Using 'application/json', given [*/*] and supported [application/json, application/*+json]
2026-04-13 16:44:37 DEBUG [http-nio-8080-exec-8] o.s.w.s.m.m.a.HttpEntityMethodProcessor - Writing [Page 1 of 1 containing com.example.ClinicaDefinitiva.infrastructure.rest.dentalService.dto.PageServi (truncated)...]
2026-04-13 16:44:37 DEBUG [http-nio-8080-exec-8] o.s.web.servlet.DispatcherServlet - Completed 200 OK
2026-04-13 16:45:19 DEBUG [http-nio-8080-exec-9] o.s.security.web.FilterChainProxy - Securing GET /api/v1/services/type/GENERAL
2026-04-13 16:45:19 TRACE [http-nio-8080-exec-9] o.s.s.w.a.logout.LogoutFilter - Did not match request to Or [Ant [pattern='/logout', GET], Ant [pattern='/logout', POST], Ant [pattern='/logout', PUT], Ant [pattern='/logout', DELETE]]
2026-04-13 16:45:19 TRACE [http-nio-8080-exec-9] o.s.s.w.a.AnonymousAuthenticationFilter - Did not set SecurityContextHolder since already authenticated UsernamePasswordAuthenticationToken [Principal=com.example.ClinicaDefinitiva.infrastructure.security.adapter.CustomUserDetails@4cf4b255, Credentials=[PROTECTED], Authenticated=true, Details=null, Granted Authorities=[UPDATE_INFORMATION_PROVIDED_SERVICE, READ_ROLE, UPDATE_COMPANY, UPDATE_INVOICE, CREATE_CUSTOM_ROLE, UPDATE_JOURNAL_ENTRY, REVERSE_JOURNAL_ENTRY, CREATE_CONTRACT, SET_PERMISSIONS_ROLE, READ_USER_IDENTITY, IS_CURRENTLY_ACTIVE_ASSIGNMENT, READ_RATE, READ_APPOINTMENT, DEACTIVATE_PROVIDED_SERVICE, READ_DENTIST, CREATE_COMPANY, ACTIVATE_PROVIDED_SERVICE, DELETE_INVOICE, CREATE_PROVIDED_SERVICE, UPDATE_PAYMENT, CHECK_ROLE, ACTIVATE_USER_IDENTITY, READ_PATIENT, DELETE_ROLE, READ_ADMINISTRATIVE_REPORT, UPDATE_PRICE_PROVIDED_SERVICE, READ_CONTRACT, DELETE_ADMINISTRATIVE_REPORT, DEACTIVATE_USER_IDENTITY, REVERSE_INVOICE, APPROVE_INVOICE, READ_PROVIDED_SERVICE, REVOKE_ASSIGNMENT, DEACTIVATE_ROLE, READ_AVAILABILITY, READ_RECEPTIONIST, DELETE_RATE, SUSPEND_ROLE, UPDATE_PRIMARY_ASSIGNMENT, REMOVE_ROLE, CREATE_USER_IDENTITY, ADD_ROLE, DELETE_CONTRACT, DELETE_PAYMENT, DELETE_ASSIGNMENT, ACTIVATE_ROLE, EXTEND_ASSIGNMENT, READ_COMPANY, UPDATE_ADMINISTRATIVE_REPORT, CREATE_PAYMENT, UPDATE_USER_IDENTITY, READ_GUARDIAN, MARK_DELETED_ROLE, UPDATE_CONTRACT, DELETE_COMPANY, IS_ACTIVE_AT_ASSIGNMENT, READ_ASSIGNMENT, POST_INVOICE, REVOKE_ALL_ASSIGNMENT, CREATE_JOURNAL_ENTRY, CREATE_ADMINISTRATIVE_REPORT, UPDATE_DETAILS_PROVIDED_SERVICE, READ_SHIFT, POST_JOURNAL_ENTRY, ROLE_ADMINISTRATOR, CREATE_TEMPORARY_ASSIGNMENT, READ_PAYMENT, CREATE_RATE, READ_INVOICE, UPDATE_RATE, DELETE_JOURNAL_ENTRY, CLONE_ROLE, READ_JOURNAL_ENTRY, CREATE_PERMANENT_ASSIGNMENT, CREATE_INVOICE, SUSPEND_USER_IDENTITY]]
2026-04-13 16:45:19 TRACE [http-nio-8080-exec-9] o.s.s.w.a.s.CompositeSessionAuthenticationStrategy - Preparing session with ChangeSessionIdAuthenticationStrategy (1/1)
2026-04-13 16:45:19 DEBUG [http-nio-8080-exec-9] o.s.security.web.FilterChainProxy - Secured GET /api/v1/services/type/GENERAL
2026-04-13 16:45:19 DEBUG [http-nio-8080-exec-9] o.s.web.servlet.DispatcherServlet - GET "/api/v1/services/type/GENERAL", parameters={}
2026-04-13 16:45:19 DEBUG [http-nio-8080-exec-9] o.s.w.s.m.m.a.RequestMappingHandlerMapping - Mapped to com.example.ClinicaDefinitiva.infrastructure.rest.dentalService.controller.ProvidedServiceController#findByType(String, Pageable, CustomUserDetails)
2026-04-13 16:45:19 DEBUG [http-nio-8080-exec-9] o.s.w.s.m.m.a.HttpEntityMethodProcessor - Using 'application/json', given [*/*] and supported [application/json, application/*+json]
2026-04-13 16:45:19 DEBUG [http-nio-8080-exec-9] o.s.w.s.m.m.a.HttpEntityMethodProcessor - Writing [Page 1 of 1 containing com.example.ClinicaDefinitiva.infrastructure.rest.dentalService.dto.PageServi (truncated)...]
2026-04-13 16:45:19 DEBUG [http-nio-8080-exec-9] o.s.web.servlet.DispatcherServlet - Completed 200 OK
2026-04-13 16:48:04 DEBUG [http-nio-8080-exec-1] o.s.security.web.FilterChainProxy - Securing PATCH /api/v1/services/1/rate
2026-04-13 16:48:04 TRACE [http-nio-8080-exec-1] o.s.s.w.a.logout.LogoutFilter - Did not match request to Or [Ant [pattern='/logout', GET], Ant [pattern='/logout', POST], Ant [pattern='/logout', PUT], Ant [pattern='/logout', DELETE]]
2026-04-13 16:48:04 TRACE [http-nio-8080-exec-1] o.s.s.w.a.AnonymousAuthenticationFilter - Did not set SecurityContextHolder since already authenticated UsernamePasswordAuthenticationToken [Principal=com.example.ClinicaDefinitiva.infrastructure.security.adapter.CustomUserDetails@1932e015, Credentials=[PROTECTED], Authenticated=true, Details=null, Granted Authorities=[UPDATE_INFORMATION_PROVIDED_SERVICE, READ_ROLE, UPDATE_COMPANY, UPDATE_INVOICE, CREATE_CUSTOM_ROLE, UPDATE_JOURNAL_ENTRY, REVERSE_JOURNAL_ENTRY, CREATE_CONTRACT, SET_PERMISSIONS_ROLE, READ_USER_IDENTITY, IS_CURRENTLY_ACTIVE_ASSIGNMENT, READ_RATE, READ_APPOINTMENT, DEACTIVATE_PROVIDED_SERVICE, READ_DENTIST, CREATE_COMPANY, ACTIVATE_PROVIDED_SERVICE, DELETE_INVOICE, CREATE_PROVIDED_SERVICE, UPDATE_PAYMENT, CHECK_ROLE, ACTIVATE_USER_IDENTITY, READ_PATIENT, DELETE_ROLE, READ_ADMINISTRATIVE_REPORT, UPDATE_PRICE_PROVIDED_SERVICE, READ_CONTRACT, DELETE_ADMINISTRATIVE_REPORT, DEACTIVATE_USER_IDENTITY, REVERSE_INVOICE, APPROVE_INVOICE, READ_PROVIDED_SERVICE, REVOKE_ASSIGNMENT, DEACTIVATE_ROLE, READ_AVAILABILITY, READ_RECEPTIONIST, DELETE_RATE, SUSPEND_ROLE, UPDATE_PRIMARY_ASSIGNMENT, REMOVE_ROLE, CREATE_USER_IDENTITY, ADD_ROLE, DELETE_CONTRACT, DELETE_PAYMENT, DELETE_ASSIGNMENT, ACTIVATE_ROLE, EXTEND_ASSIGNMENT, READ_COMPANY, UPDATE_ADMINISTRATIVE_REPORT, CREATE_PAYMENT, UPDATE_USER_IDENTITY, READ_GUARDIAN, MARK_DELETED_ROLE, UPDATE_CONTRACT, DELETE_COMPANY, IS_ACTIVE_AT_ASSIGNMENT, READ_ASSIGNMENT, POST_INVOICE, REVOKE_ALL_ASSIGNMENT, CREATE_JOURNAL_ENTRY, CREATE_ADMINISTRATIVE_REPORT, UPDATE_DETAILS_PROVIDED_SERVICE, READ_SHIFT, POST_JOURNAL_ENTRY, ROLE_ADMINISTRATOR, CREATE_TEMPORARY_ASSIGNMENT, READ_PAYMENT, CREATE_RATE, READ_INVOICE, UPDATE_RATE, DELETE_JOURNAL_ENTRY, CLONE_ROLE, READ_JOURNAL_ENTRY, CREATE_PERMANENT_ASSIGNMENT, CREATE_INVOICE, SUSPEND_USER_IDENTITY]]
2026-04-13 16:48:04 TRACE [http-nio-8080-exec-1] o.s.s.w.a.s.CompositeSessionAuthenticationStrategy - Preparing session with ChangeSessionIdAuthenticationStrategy (1/1)
2026-04-13 16:48:04 DEBUG [http-nio-8080-exec-1] o.s.security.web.FilterChainProxy - Secured PATCH /api/v1/services/1/rate
2026-04-13 16:48:04 DEBUG [http-nio-8080-exec-1] o.s.web.servlet.DispatcherServlet - PATCH "/api/v1/services/1/rate", parameters={}
2026-04-13 16:48:04 DEBUG [http-nio-8080-exec-1] o.s.w.s.m.m.a.RequestMappingHandlerMapping - Mapped to com.example.ClinicaDefinitiva.infrastructure.rest.dentalService.controller.ProvidedServiceController#updateRate(Long, UpdateServiceRateRequest, CustomUserDetails)
2026-04-13 16:48:04 DEBUG [http-nio-8080-exec-1] o.s.w.s.m.m.a.RequestResponseBodyMethodProcessor - Read "application/json;charset=UTF-8" to [UpdateServiceRateRequest[newRate=150.00, currency=COP, justification=Ajuste por costo de insumos y a (truncated)...]
2026-04-13 16:48:05 DEBUG [http-nio-8080-exec-1] o.s.w.s.m.m.a.ExceptionHandlerExceptionResolver - Using @ExceptionHandler com.example.ClinicaDefinitiva.infrastructure.advice.GlobalControllerAdvice#handleBusinessRuleViolation(BusinessRuleViolationException)
2026-04-13 16:48:05 WARN  [http-nio-8080-exec-1] c.e.C.i.a.GlobalControllerAdvice - Regla de negocio violada [requestId=1648ab95-433d-4fd2-a095-01d7c677183e, usuario=admin@test.com, código=RN-SERVICE-008, contexto=SER18]: El cambio de tarifa debe estar dentro del rango razonable (50%-300% del valor actual)
2026-04-13 16:48:05 DEBUG [http-nio-8080-exec-1] o.s.w.s.m.m.a.HttpEntityMethodProcessor - Using 'application/json', given [*/*] and supported [application/json, application/*+json]
2026-04-13 16:48:05 DEBUG [http-nio-8080-exec-1] o.s.w.s.m.m.a.HttpEntityMethodProcessor - Writing [com.example.ClinicaDefinitiva.infrastructure.advice.ErrorResponse@18beafdb]
2026-04-13 16:48:05 DEBUG [http-nio-8080-exec-1] o.s.w.s.m.m.a.ExceptionHandlerExceptionResolver - Resolved [com.example.ClinicaDefinitiva.domain.exceptions.BusinessRuleViolationException: El cambio de tarifa debe estar dentro del rango razonable (50%-300% del valor actual)]
2026-04-13 16:48:05 DEBUG [http-nio-8080-exec-1] o.s.web.servlet.DispatcherServlet - Completed 422 UNPROCESSABLE_ENTITY
2026-04-13 16:59:38 DEBUG [http-nio-8080-exec-4] o.s.security.web.FilterChainProxy - Securing PATCH /api/v1/services/1/rate
2026-04-13 16:59:38 TRACE [http-nio-8080-exec-4] o.s.s.w.a.logout.LogoutFilter - Did not match request to Or [Ant [pattern='/logout', GET], Ant [pattern='/logout', POST], Ant [pattern='/logout', PUT], Ant [pattern='/logout', DELETE]]
2026-04-13 16:59:38 TRACE [http-nio-8080-exec-4] o.s.s.w.a.AnonymousAuthenticationFilter - Did not set SecurityContextHolder since already authenticated UsernamePasswordAuthenticationToken [Principal=com.example.ClinicaDefinitiva.infrastructure.security.adapter.CustomUserDetails@566fece6, Credentials=[PROTECTED], Authenticated=true, Details=null, Granted Authorities=[UPDATE_INFORMATION_PROVIDED_SERVICE, READ_ROLE, UPDATE_COMPANY, UPDATE_INVOICE, CREATE_CUSTOM_ROLE, UPDATE_JOURNAL_ENTRY, REVERSE_JOURNAL_ENTRY, CREATE_CONTRACT, SET_PERMISSIONS_ROLE, READ_USER_IDENTITY, IS_CURRENTLY_ACTIVE_ASSIGNMENT, READ_RATE, READ_APPOINTMENT, DEACTIVATE_PROVIDED_SERVICE, READ_DENTIST, CREATE_COMPANY, ACTIVATE_PROVIDED_SERVICE, DELETE_INVOICE, CREATE_PROVIDED_SERVICE, UPDATE_PAYMENT, CHECK_ROLE, ACTIVATE_USER_IDENTITY, READ_PATIENT, DELETE_ROLE, READ_ADMINISTRATIVE_REPORT, UPDATE_PRICE_PROVIDED_SERVICE, READ_CONTRACT, DELETE_ADMINISTRATIVE_REPORT, DEACTIVATE_USER_IDENTITY, REVERSE_INVOICE, APPROVE_INVOICE, READ_PROVIDED_SERVICE, REVOKE_ASSIGNMENT, DEACTIVATE_ROLE, READ_AVAILABILITY, READ_RECEPTIONIST, DELETE_RATE, SUSPEND_ROLE, UPDATE_PRIMARY_ASSIGNMENT, REMOVE_ROLE, CREATE_USER_IDENTITY, ADD_ROLE, DELETE_CONTRACT, DELETE_PAYMENT, DELETE_ASSIGNMENT, ACTIVATE_ROLE, EXTEND_ASSIGNMENT, READ_COMPANY, UPDATE_ADMINISTRATIVE_REPORT, CREATE_PAYMENT, UPDATE_USER_IDENTITY, READ_GUARDIAN, MARK_DELETED_ROLE, UPDATE_CONTRACT, DELETE_COMPANY, IS_ACTIVE_AT_ASSIGNMENT, READ_ASSIGNMENT, POST_INVOICE, REVOKE_ALL_ASSIGNMENT, CREATE_JOURNAL_ENTRY, CREATE_ADMINISTRATIVE_REPORT, UPDATE_DETAILS_PROVIDED_SERVICE, READ_SHIFT, POST_JOURNAL_ENTRY, ROLE_ADMINISTRATOR, CREATE_TEMPORARY_ASSIGNMENT, READ_PAYMENT, CREATE_RATE, READ_INVOICE, UPDATE_RATE, DELETE_JOURNAL_ENTRY, CLONE_ROLE, READ_JOURNAL_ENTRY, CREATE_PERMANENT_ASSIGNMENT, CREATE_INVOICE, SUSPEND_USER_IDENTITY]]
2026-04-13 16:59:38 TRACE [http-nio-8080-exec-4] o.s.s.w.a.s.CompositeSessionAuthenticationStrategy - Preparing session with ChangeSessionIdAuthenticationStrategy (1/1)
2026-04-13 16:59:38 DEBUG [http-nio-8080-exec-4] o.s.security.web.FilterChainProxy - Secured PATCH /api/v1/services/1/rate
2026-04-13 16:59:38 DEBUG [http-nio-8080-exec-4] o.s.web.servlet.DispatcherServlet - PATCH "/api/v1/services/1/rate", parameters={}
2026-04-13 16:59:38 DEBUG [http-nio-8080-exec-4] o.s.w.s.m.m.a.RequestMappingHandlerMapping - Mapped to com.example.ClinicaDefinitiva.infrastructure.rest.dentalService.controller.ProvidedServiceController#updateRate(Long, UpdateServiceRateRequest, CustomUserDetails)
2026-04-13 16:59:38 DEBUG [http-nio-8080-exec-4] o.s.w.s.m.m.a.RequestResponseBodyMethodProcessor - Read "application/json;charset=UTF-8" to [UpdateServiceRateRequest[newRate=100.00, currency=COP, justification=Ajuste por costo de insumos y a (truncated)...]
2026-04-13 16:59:38 DEBUG [http-nio-8080-exec-4] o.s.w.s.m.m.a.ExceptionHandlerExceptionResolver - Using @ExceptionHandler com.example.ClinicaDefinitiva.infrastructure.advice.GlobalControllerAdvice#handleBusinessRuleViolation(BusinessRuleViolationException)
2026-04-13 16:59:38 WARN  [http-nio-8080-exec-4] c.e.C.i.a.GlobalControllerAdvice - Regla de negocio violada [requestId=b51aaba9-3083-4f7c-9926-b7197bed5afa, usuario=admin@test.com, código=RN-SERVICE-008, contexto=SER18]: El cambio de tarifa debe estar dentro del rango razonable (50%-300% del valor actual)
2026-04-13 16:59:38 DEBUG [http-nio-8080-exec-4] o.s.w.s.m.m.a.HttpEntityMethodProcessor - Using 'application/json', given [*/*] and supported [application/json, application/*+json]
2026-04-13 16:59:38 DEBUG [http-nio-8080-exec-4] o.s.w.s.m.m.a.HttpEntityMethodProcessor - Writing [com.example.ClinicaDefinitiva.infrastructure.advice.ErrorResponse@40e4807e]
2026-04-13 16:59:38 DEBUG [http-nio-8080-exec-4] o.s.w.s.m.m.a.ExceptionHandlerExceptionResolver - Resolved [com.example.ClinicaDefinitiva.domain.exceptions.BusinessRuleViolationException: El cambio de tarifa debe estar dentro del rango razonable (50%-300% del valor actual)]
2026-04-13 16:59:38 DEBUG [http-nio-8080-exec-4] o.s.web.servlet.DispatcherServlet - Completed 422 UNPROCESSABLE_ENTITY
2026-04-13 17:00:00 DEBUG [http-nio-8080-exec-6] o.s.security.web.FilterChainProxy - Securing PATCH /api/v1/services/1/rate
2026-04-13 17:00:00 TRACE [http-nio-8080-exec-6] o.s.s.w.a.logout.LogoutFilter - Did not match request to Or [Ant [pattern='/logout', GET], Ant [pattern='/logout', POST], Ant [pattern='/logout', PUT], Ant [pattern='/logout', DELETE]]
2026-04-13 17:00:00 TRACE [http-nio-8080-exec-6] o.s.s.w.a.AnonymousAuthenticationFilter - Did not set SecurityContextHolder since already authenticated UsernamePasswordAuthenticationToken [Principal=com.example.ClinicaDefinitiva.infrastructure.security.adapter.CustomUserDetails@28c95eaa, Credentials=[PROTECTED], Authenticated=true, Details=null, Granted Authorities=[UPDATE_INFORMATION_PROVIDED_SERVICE, READ_ROLE, UPDATE_COMPANY, UPDATE_INVOICE, CREATE_CUSTOM_ROLE, UPDATE_JOURNAL_ENTRY, REVERSE_JOURNAL_ENTRY, CREATE_CONTRACT, SET_PERMISSIONS_ROLE, READ_USER_IDENTITY, IS_CURRENTLY_ACTIVE_ASSIGNMENT, READ_RATE, READ_APPOINTMENT, DEACTIVATE_PROVIDED_SERVICE, READ_DENTIST, CREATE_COMPANY, ACTIVATE_PROVIDED_SERVICE, DELETE_INVOICE, CREATE_PROVIDED_SERVICE, UPDATE_PAYMENT, CHECK_ROLE, ACTIVATE_USER_IDENTITY, READ_PATIENT, DELETE_ROLE, READ_ADMINISTRATIVE_REPORT, UPDATE_PRICE_PROVIDED_SERVICE, READ_CONTRACT, DELETE_ADMINISTRATIVE_REPORT, DEACTIVATE_USER_IDENTITY, REVERSE_INVOICE, APPROVE_INVOICE, READ_PROVIDED_SERVICE, REVOKE_ASSIGNMENT, DEACTIVATE_ROLE, READ_AVAILABILITY, READ_RECEPTIONIST, DELETE_RATE, SUSPEND_ROLE, UPDATE_PRIMARY_ASSIGNMENT, REMOVE_ROLE, CREATE_USER_IDENTITY, ADD_ROLE, DELETE_CONTRACT, DELETE_PAYMENT, DELETE_ASSIGNMENT, ACTIVATE_ROLE, EXTEND_ASSIGNMENT, READ_COMPANY, UPDATE_ADMINISTRATIVE_REPORT, CREATE_PAYMENT, UPDATE_USER_IDENTITY, READ_GUARDIAN, MARK_DELETED_ROLE, UPDATE_CONTRACT, DELETE_COMPANY, IS_ACTIVE_AT_ASSIGNMENT, READ_ASSIGNMENT, POST_INVOICE, REVOKE_ALL_ASSIGNMENT, CREATE_JOURNAL_ENTRY, CREATE_ADMINISTRATIVE_REPORT, UPDATE_DETAILS_PROVIDED_SERVICE, READ_SHIFT, POST_JOURNAL_ENTRY, ROLE_ADMINISTRATOR, CREATE_TEMPORARY_ASSIGNMENT, READ_PAYMENT, CREATE_RATE, READ_INVOICE, UPDATE_RATE, DELETE_JOURNAL_ENTRY, CLONE_ROLE, READ_JOURNAL_ENTRY, CREATE_PERMANENT_ASSIGNMENT, CREATE_INVOICE, SUSPEND_USER_IDENTITY]]
2026-04-13 17:00:00 TRACE [http-nio-8080-exec-6] o.s.s.w.a.s.CompositeSessionAuthenticationStrategy - Preparing session with ChangeSessionIdAuthenticationStrategy (1/1)
2026-04-13 17:00:00 DEBUG [http-nio-8080-exec-6] o.s.security.web.FilterChainProxy - Secured PATCH /api/v1/services/1/rate
2026-04-13 17:00:00 DEBUG [http-nio-8080-exec-6] o.s.web.servlet.DispatcherServlet - PATCH "/api/v1/services/1/rate", parameters={}
2026-04-13 17:00:00 DEBUG [http-nio-8080-exec-6] o.s.w.s.m.m.a.RequestMappingHandlerMapping - Mapped to com.example.ClinicaDefinitiva.infrastructure.rest.dentalService.controller.ProvidedServiceController#updateRate(Long, UpdateServiceRateRequest, CustomUserDetails)
2026-04-13 17:00:00 DEBUG [http-nio-8080-exec-6] o.s.w.s.m.m.a.RequestResponseBodyMethodProcessor - Read "application/json;charset=UTF-8" to [UpdateServiceRateRequest[newRate=90.00, currency=COP, justification=Ajuste por costo de insumos y ac (truncated)...]
2026-04-13 17:00:01 DEBUG [http-nio-8080-exec-6] o.s.w.s.m.m.a.HttpEntityMethodProcessor - Using 'application/json', given [*/*] and supported [application/json, application/*+json]
2026-04-13 17:00:01 DEBUG [http-nio-8080-exec-6] o.s.w.s.m.m.a.HttpEntityMethodProcessor - Writing [ReadServiceResponse[id=1, code=GENERAL, name=Profilaxis y Limpieza, description=Eliminación de placa (truncated)...]
2026-04-13 17:00:01 DEBUG [http-nio-8080-exec-6] o.s.web.servlet.DispatcherServlet - Completed 200 OK
2026-04-13 17:01:40 DEBUG [http-nio-8080-exec-8] o.s.security.web.FilterChainProxy - Securing PATCH /api/v1/services/5/deactivate?reason=Descontinuaci%C3%B3n%20temporal
2026-04-13 17:01:40 TRACE [http-nio-8080-exec-8] o.s.s.w.a.logout.LogoutFilter - Did not match request to Or [Ant [pattern='/logout', GET], Ant [pattern='/logout', POST], Ant [pattern='/logout', PUT], Ant [pattern='/logout', DELETE]]
2026-04-13 17:01:40 TRACE [http-nio-8080-exec-8] o.s.s.w.a.AnonymousAuthenticationFilter - Did not set SecurityContextHolder since already authenticated UsernamePasswordAuthenticationToken [Principal=com.example.ClinicaDefinitiva.infrastructure.security.adapter.CustomUserDetails@579a1694, Credentials=[PROTECTED], Authenticated=true, Details=null, Granted Authorities=[UPDATE_INFORMATION_PROVIDED_SERVICE, READ_ROLE, UPDATE_COMPANY, UPDATE_INVOICE, CREATE_CUSTOM_ROLE, UPDATE_JOURNAL_ENTRY, REVERSE_JOURNAL_ENTRY, CREATE_CONTRACT, SET_PERMISSIONS_ROLE, READ_USER_IDENTITY, IS_CURRENTLY_ACTIVE_ASSIGNMENT, READ_RATE, READ_APPOINTMENT, DEACTIVATE_PROVIDED_SERVICE, READ_DENTIST, CREATE_COMPANY, ACTIVATE_PROVIDED_SERVICE, DELETE_INVOICE, CREATE_PROVIDED_SERVICE, UPDATE_PAYMENT, CHECK_ROLE, ACTIVATE_USER_IDENTITY, READ_PATIENT, DELETE_ROLE, READ_ADMINISTRATIVE_REPORT, UPDATE_PRICE_PROVIDED_SERVICE, READ_CONTRACT, DELETE_ADMINISTRATIVE_REPORT, DEACTIVATE_USER_IDENTITY, REVERSE_INVOICE, APPROVE_INVOICE, READ_PROVIDED_SERVICE, REVOKE_ASSIGNMENT, DEACTIVATE_ROLE, READ_AVAILABILITY, READ_RECEPTIONIST, DELETE_RATE, SUSPEND_ROLE, UPDATE_PRIMARY_ASSIGNMENT, REMOVE_ROLE, CREATE_USER_IDENTITY, ADD_ROLE, DELETE_CONTRACT, DELETE_PAYMENT, DELETE_ASSIGNMENT, ACTIVATE_ROLE, EXTEND_ASSIGNMENT, READ_COMPANY, UPDATE_ADMINISTRATIVE_REPORT, CREATE_PAYMENT, UPDATE_USER_IDENTITY, READ_GUARDIAN, MARK_DELETED_ROLE, UPDATE_CONTRACT, DELETE_COMPANY, IS_ACTIVE_AT_ASSIGNMENT, READ_ASSIGNMENT, POST_INVOICE, REVOKE_ALL_ASSIGNMENT, CREATE_JOURNAL_ENTRY, CREATE_ADMINISTRATIVE_REPORT, UPDATE_DETAILS_PROVIDED_SERVICE, READ_SHIFT, POST_JOURNAL_ENTRY, ROLE_ADMINISTRATOR, CREATE_TEMPORARY_ASSIGNMENT, READ_PAYMENT, CREATE_RATE, READ_INVOICE, UPDATE_RATE, DELETE_JOURNAL_ENTRY, CLONE_ROLE, READ_JOURNAL_ENTRY, CREATE_PERMANENT_ASSIGNMENT, CREATE_INVOICE, SUSPEND_USER_IDENTITY]]
2026-04-13 17:01:40 TRACE [http-nio-8080-exec-8] o.s.s.w.a.s.CompositeSessionAuthenticationStrategy - Preparing session with ChangeSessionIdAuthenticationStrategy (1/1)
2026-04-13 17:01:40 DEBUG [http-nio-8080-exec-8] o.s.security.web.FilterChainProxy - Secured PATCH /api/v1/services/5/deactivate?reason=Descontinuaci%C3%B3n%20temporal
2026-04-13 17:01:40 DEBUG [http-nio-8080-exec-8] o.s.web.servlet.DispatcherServlet - PATCH "/api/v1/services/5/deactivate?reason=Descontinuaci%C3%B3n%20temporal", parameters={masked}
2026-04-13 17:01:40 DEBUG [http-nio-8080-exec-8] o.s.w.s.m.m.a.RequestMappingHandlerMapping - Mapped to com.example.ClinicaDefinitiva.infrastructure.rest.dentalService.controller.ProvidedServiceController#deactivate(Long, String, CustomUserDetails)
2026-04-13 17:01:41 DEBUG [http-nio-8080-exec-8] o.s.w.s.m.m.a.ExceptionHandlerExceptionResolver - Using @ExceptionHandler com.example.ClinicaDefinitiva.infrastructure.advice.GlobalControllerAdvice#handleDataIntegrityViolation(DataIntegrityViolationException)
2026-04-13 17:01:41 ERROR [http-nio-8080-exec-8] c.e.C.i.a.GlobalControllerAdvice - Violación de integridad no clasificada [requestId=aefa296c-6b6d-4660-8952-bbd32adbce76, usuario=admin@test.com]: A different object with the same identifier value was already associated with the session: [com.example.ClinicaDefinitiva.infrastructure.persistence.dentalService.entity.ImplantologyDetailEntity#5]
2026-04-13 17:01:41 DEBUG [http-nio-8080-exec-8] o.s.w.s.m.m.a.HttpEntityMethodProcessor - Using 'application/json', given [*/*] and supported [application/json, application/*+json]
2026-04-13 17:01:41 DEBUG [http-nio-8080-exec-8] o.s.w.s.m.m.a.HttpEntityMethodProcessor - Writing [com.example.ClinicaDefinitiva.infrastructure.advice.ErrorResponse@715f5ae5]
2026-04-13 17:01:41 DEBUG [http-nio-8080-exec-8] o.s.w.s.m.m.a.ExceptionHandlerExceptionResolver - Resolved [org.springframework.dao.DuplicateKeyException: A different object with the same identifier value was already associated with the session: [com.example.ClinicaDefinitiva.infrastructure.persistence.dentalService.entity.ImplantologyDetailEntity#5]]
2026-04-13 17:01:41 DEBUG [http-nio-8080-exec-8] o.s.web.servlet.DispatcherServlet - Completed 409 CONFLICT
2026-04-13 17:59:31 INFO  [background-preinit] o.h.validator.internal.util.Version - HV000001: Hibernate Validator 8.0.2.Final
2026-04-13 17:59:31 DEBUG [background-preinit] o.h.v.i.x.config.ValidationXmlParser - Trying to load META-INF/validation.xml for XML based Validator configuration.
2026-04-13 17:59:31 DEBUG [background-preinit] o.h.v.i.x.c.ResourceLoaderHelper - Trying to load META-INF/validation.xml via TCCL
2026-04-13 17:59:31 DEBUG [background-preinit] o.h.v.i.x.c.ResourceLoaderHelper - Trying to load META-INF/validation.xml via Hibernate Validator's class loader
2026-04-13 17:59:31 DEBUG [background-preinit] o.h.v.i.x.config.ValidationXmlParser - No META-INF/validation.xml found. Using annotation based configuration only.
2026-04-13 17:59:31 DEBUG [background-preinit] o.h.v.i.e.r.TraversableResolvers - Found jakarta.persistence.Persistence on classpath containing 'getPersistenceUtil'. Assuming JPA 2 environment. Trying to instantiate JPA aware TraversableResolver
2026-04-13 17:59:31 DEBUG [background-preinit] o.h.v.i.e.r.TraversableResolvers - Instantiated JPA aware TraversableResolver of type org.hibernate.validator.internal.engine.resolver.JPATraversableResolver.
2026-04-13 17:59:31 DEBUG [background-preinit] o.h.v.m.ResourceBundleMessageInterpolator - Loaded expression factory via original TCCL
2026-04-13 17:59:31 INFO  [main] c.e.C.ClinicaDefinitivaApplication - Starting ClinicaDefinitivaApplication using Java 17.0.10 with PID 14924 (C:\Users\David\OneDrive\Documents\proyectosJava\ClinicaDefinitiva\target\classes started by David in C:\Users\David\OneDrive\Documents\proyectosJava\ClinicaDefinitiva)
2026-04-13 17:59:31 INFO  [main] c.e.C.ClinicaDefinitivaApplication - No active profile set, falling back to 1 default profile: "default"
2026-04-13 17:59:32 DEBUG [background-preinit] o.h.v.i.e.ValidatorFactoryConfigurationHelper - HV000252: Using org.hibernate.validator.internal.engine.DefaultPropertyNodeNameProvider as property node name provider.
2026-04-13 17:59:32 DEBUG [background-preinit] o.h.v.i.e.ValidatorFactoryConfigurationHelper - HV000234: Using org.hibernate.validator.messageinterpolation.ResourceBundleMessageInterpolator as ValidatorFactory-scoped message interpolator.
2026-04-13 17:59:32 DEBUG [background-preinit] o.h.v.i.e.ValidatorFactoryConfigurationHelper - HV000234: Using org.hibernate.validator.internal.engine.resolver.JPATraversableResolver as ValidatorFactory-scoped traversable resolver.
2026-04-13 17:59:32 DEBUG [background-preinit] o.h.v.i.e.ValidatorFactoryConfigurationHelper - HV000234: Using org.hibernate.validator.internal.util.ExecutableParameterNameProvider as ValidatorFactory-scoped parameter name provider.
2026-04-13 17:59:32 DEBUG [background-preinit] o.h.v.i.e.ValidatorFactoryConfigurationHelper - HV000234: Using org.hibernate.validator.internal.engine.DefaultClockProvider as ValidatorFactory-scoped clock provider.
2026-04-13 17:59:32 DEBUG [background-preinit] o.h.v.i.e.ValidatorFactoryConfigurationHelper - HV000234: Using org.hibernate.validator.internal.engine.scripting.DefaultScriptEvaluatorFactory as ValidatorFactory-scoped script evaluator factory.
2026-04-13 17:59:45 INFO  [main] o.s.d.r.c.RepositoryConfigurationDelegate - Bootstrapping Spring Data JPA repositories in DEFAULT mode.
2026-04-13 17:59:48 INFO  [main] o.s.d.r.c.RepositoryConfigurationDelegate - Finished Spring Data repository scanning in 2588 ms. Found 21 JPA repository interfaces.
2026-04-13 17:59:54 INFO  [main] o.s.b.w.e.tomcat.TomcatWebServer - Tomcat initialized with port 8080 (http)
2026-04-13 17:59:54 INFO  [main] o.a.coyote.http11.Http11NioProtocol - Initializing ProtocolHandler ["http-nio-8080"]
2026-04-13 17:59:54 INFO  [main] o.a.catalina.core.StandardService - Starting service [Tomcat]
2026-04-13 17:59:54 INFO  [main] o.a.catalina.core.StandardEngine - Starting Servlet engine: [Apache Tomcat/10.1.41]
2026-04-13 17:59:55 INFO  [main] o.a.c.c.C.[Tomcat].[localhost].[/] - Initializing Spring embedded WebApplicationContext
2026-04-13 17:59:55 INFO  [main] o.s.b.w.s.c.ServletWebServerApplicationContext - Root WebApplicationContext: initialization completed in 23059 ms
2026-04-13 17:59:56 DEBUG [main] o.s.w.f.ServerHttpObservationFilter - Filter 'webMvcObservationFilter' configured for use
2026-04-13 17:59:59 INFO  [main] o.h.jpa.internal.util.LogHelper - HHH000204: Processing PersistenceUnitInfo [name: default]
2026-04-13 17:59:59 INFO  [main] org.hibernate.Version - HHH000412: Hibernate ORM core version 6.6.15.Final
2026-04-13 17:59:59 INFO  [main] o.h.c.i.RegionFactoryInitiator - HHH000026: Second-level cache disabled
2026-04-13 18:00:02 INFO  [main] o.s.o.j.p.SpringPersistenceUnitInfo - No LoadTimeWeaver setup: ignoring JPA class transformer
2026-04-13 18:00:02 INFO  [main] com.zaxxer.hikari.HikariDataSource - HikariPool-1 - Starting...
2026-04-13 18:00:04 INFO  [main] com.zaxxer.hikari.pool.HikariPool - HikariPool-1 - Added connection com.mysql.cj.jdbc.ConnectionImpl@f6cde7e
2026-04-13 18:00:04 INFO  [main] com.zaxxer.hikari.HikariDataSource - HikariPool-1 - Start completed.
2026-04-13 18:00:04 WARN  [main] org.hibernate.dialect.Dialect - HHH000511: The 5.5.5 version for [org.hibernate.dialect.MySQLDialect] is no longer supported, hence certain features may not work properly. The minimum supported version is 8.0.0. Check the community dialects project for available legacy versions.
2026-04-13 18:00:04 WARN  [main] org.hibernate.orm.deprecation - HHH90000025: MySQLDialect does not need to be specified explicitly using 'hibernate.dialect' (remove the property setting and it will be selected by default)
2026-04-13 18:00:04 INFO  [main] o.hibernate.orm.connections.pooling - HHH10001005: Database info:
	Database JDBC URL [Connecting through datasource 'HikariDataSource (HikariPool-1)']
	Database driver: undefined/unknown
	Database version: 5.5.5
	Autocommit mode: undefined/unknown
	Isolation level: undefined/unknown
	Minimum pool size: undefined/unknown
	Maximum pool size: undefined/unknown
2026-04-13 18:00:08 DEBUG [main] o.h.v.i.x.config.ValidationXmlParser - Trying to load META-INF/validation.xml for XML based Validator configuration.
2026-04-13 18:00:08 DEBUG [main] o.h.v.i.x.c.ResourceLoaderHelper - Trying to load META-INF/validation.xml via TCCL
2026-04-13 18:00:08 DEBUG [main] o.h.v.i.x.c.ResourceLoaderHelper - Trying to load META-INF/validation.xml via Hibernate Validator's class loader
2026-04-13 18:00:08 DEBUG [main] o.h.v.i.x.config.ValidationXmlParser - No META-INF/validation.xml found. Using annotation based configuration only.
2026-04-13 18:00:08 DEBUG [main] o.h.v.i.e.r.TraversableResolvers - Found jakarta.persistence.Persistence on classpath containing 'getPersistenceUtil'. Assuming JPA 2 environment. Trying to instantiate JPA aware TraversableResolver
2026-04-13 18:00:08 DEBUG [main] o.h.v.i.e.r.TraversableResolvers - Instantiated JPA aware TraversableResolver of type org.hibernate.validator.internal.engine.resolver.JPATraversableResolver.
2026-04-13 18:00:08 DEBUG [main] o.h.v.m.ResourceBundleMessageInterpolator - Loaded expression factory via original TCCL
2026-04-13 18:00:08 DEBUG [main] o.h.v.i.e.ValidatorFactoryConfigurationHelper - HV000252: Using org.hibernate.validator.internal.engine.DefaultPropertyNodeNameProvider as property node name provider.
2026-04-13 18:00:08 DEBUG [main] o.h.v.i.e.ValidatorFactoryConfigurationHelper - HV000234: Using org.hibernate.validator.messageinterpolation.ResourceBundleMessageInterpolator as ValidatorFactory-scoped message interpolator.
2026-04-13 18:00:08 DEBUG [main] o.h.v.i.e.ValidatorFactoryConfigurationHelper - HV000234: Using org.hibernate.validator.internal.engine.resolver.JPATraversableResolver as ValidatorFactory-scoped traversable resolver.
2026-04-13 18:00:08 DEBUG [main] o.h.v.i.e.ValidatorFactoryConfigurationHelper - HV000234: Using org.hibernate.validator.internal.util.ExecutableParameterNameProvider as ValidatorFactory-scoped parameter name provider.
2026-04-13 18:00:08 DEBUG [main] o.h.v.i.e.ValidatorFactoryConfigurationHelper - HV000234: Using org.hibernate.validator.internal.engine.DefaultClockProvider as ValidatorFactory-scoped clock provider.
2026-04-13 18:00:08 DEBUG [main] o.h.v.i.e.ValidatorFactoryConfigurationHelper - HV000234: Using org.hibernate.validator.internal.engine.scripting.DefaultScriptEvaluatorFactory as ValidatorFactory-scoped script evaluator factory.
2026-04-13 18:00:17 INFO  [main] o.h.e.t.j.p.i.JtaPlatformInitiator - HHH000489: No JTA platform available (set 'hibernate.transaction.jta.platform' to enable JTA platform integration)
2026-04-13 18:00:20 INFO  [main] o.s.o.j.LocalContainerEntityManagerFactoryBean - Initialized JPA EntityManagerFactory for persistence unit 'default'
2026-04-13 18:00:22 INFO  [main] o.s.d.j.r.query.QueryEnhancerFactory - Hibernate is in classpath; If applicable, HQL parser will be used.
2026-04-13 18:00:43 INFO  [main] c.e.C.i.r.p.s.StripePaymentGateway - ? Stripe payment gateway initialized
2026-04-13 18:00:43 INFO  [main] c.e.C.i.r.p.s.StripePaymentGateway - ? Stripe payment gateway initialized
2026-04-13 18:00:45 INFO  [main] o.s.s.c.a.a.c.InitializeAuthenticationProviderBeanManagerConfigurer$InitializeAuthenticationProviderManagerConfigurer - Global AuthenticationManager configured with AuthenticationProvider bean with name authenticationProvider
2026-04-13 18:00:45 WARN  [main] o.s.s.c.a.a.c.InitializeUserDetailsBeanManagerConfigurer$InitializeUserDetailsManagerConfigurer - Global AuthenticationManager configured with an AuthenticationProvider bean. UserDetailsService beans will not be used by Spring Security for automatically configuring username/password login. Consider removing the AuthenticationProvider bean. Alternatively, consider using the UserDetailsService in a manually instantiated DaoAuthenticationProvider. If the current configuration is intentional, to turn off this warning, increase the logging level of 'org.springframework.security.config.annotation.authentication.configuration.InitializeUserDetailsBeanManagerConfigurer' to ERROR
2026-04-13 18:00:46 INFO  [main] c.e.C.i.r.p.s.StripePaymentGateway - ? Stripe payment gateway initialized
2026-04-13 18:00:47 WARN  [main] o.s.b.a.o.j.JpaBaseConfiguration$JpaWebConfiguration - spring.jpa.open-in-view is enabled by default. Therefore, database queries may be performed during view rendering. Explicitly configure spring.jpa.open-in-view to disable this warning
2026-04-13 18:00:48 DEBUG [main] o.s.w.s.m.m.a.RequestMappingHandlerMapping - 215 mappings in 'requestMappingHandlerMapping'
2026-04-13 18:00:49 DEBUG [main] o.s.w.s.h.SimpleUrlHandlerMapping - Patterns [/webjars/**, /**] in 'resourceHandlerMapping'
2026-04-13 18:00:50 INFO  [main] o.s.b.a.e.web.EndpointLinksResolver - Exposing 1 endpoint beneath base path '/actuator'
2026-04-13 18:00:51 DEBUG [main] o.s.s.web.DefaultSecurityFilterChain - Will secure any request with filters: DisableEncodeUrlFilter, WebAsyncManagerIntegrationFilter, SecurityContextHolderFilter, HeaderWriterFilter, LogoutFilter, JwtAuthenticationFilter, RequestCacheAwareFilter, SecurityContextHolderAwareRequestFilter, AnonymousAuthenticationFilter, SessionManagementFilter, ExceptionTranslationFilter, AuthorizationFilter
2026-04-13 18:00:51 DEBUG [main] o.h.v.m.ResourceBundleMessageInterpolator - Loaded expression factory via original TCCL
2026-04-13 18:00:51 DEBUG [main] o.h.v.i.e.AbstractConfigurationImpl - Setting custom MessageInterpolator of type org.springframework.validation.beanvalidation.LocaleContextMessageInterpolator
2026-04-13 18:00:51 DEBUG [main] o.h.v.i.e.AbstractConfigurationImpl - Setting custom ConstraintValidatorFactory of type org.springframework.validation.beanvalidation.SpringConstraintValidatorFactory
2026-04-13 18:00:51 DEBUG [main] o.h.v.i.x.config.ValidationXmlParser - Trying to load META-INF/validation.xml for XML based Validator configuration.
2026-04-13 18:00:51 DEBUG [main] o.h.v.i.x.c.ResourceLoaderHelper - Trying to load META-INF/validation.xml via user class loader
2026-04-13 18:00:51 DEBUG [main] o.h.v.i.x.c.ResourceLoaderHelper - Trying to load META-INF/validation.xml via TCCL
2026-04-13 18:00:51 DEBUG [main] o.h.v.i.x.c.ResourceLoaderHelper - Trying to load META-INF/validation.xml via Hibernate Validator's class loader
2026-04-13 18:00:51 DEBUG [main] o.h.v.i.x.config.ValidationXmlParser - No META-INF/validation.xml found. Using annotation based configuration only.
2026-04-13 18:00:51 DEBUG [main] o.h.v.i.e.r.TraversableResolvers - Found jakarta.persistence.Persistence on classpath containing 'getPersistenceUtil'. Assuming JPA 2 environment. Trying to instantiate JPA aware TraversableResolver
2026-04-13 18:00:51 DEBUG [main] o.h.v.i.e.r.TraversableResolvers - Instantiated JPA aware TraversableResolver of type org.hibernate.validator.internal.engine.resolver.JPATraversableResolver.
2026-04-13 18:00:51 DEBUG [main] o.h.v.i.e.ValidatorFactoryConfigurationHelper - HV000252: Using org.hibernate.validator.internal.engine.DefaultPropertyNodeNameProvider as property node name provider.
2026-04-13 18:00:51 DEBUG [main] o.h.v.i.e.ValidatorFactoryConfigurationHelper - HV000234: Using org.springframework.validation.beanvalidation.LocaleContextMessageInterpolator as ValidatorFactory-scoped message interpolator.
2026-04-13 18:00:51 DEBUG [main] o.h.v.i.e.ValidatorFactoryConfigurationHelper - HV000234: Using org.hibernate.validator.internal.engine.resolver.JPATraversableResolver as ValidatorFactory-scoped traversable resolver.
2026-04-13 18:00:51 DEBUG [main] o.h.v.i.e.ValidatorFactoryConfigurationHelper - HV000234: Using org.hibernate.validator.internal.util.ExecutableParameterNameProvider as ValidatorFactory-scoped parameter name provider.
2026-04-13 18:00:51 DEBUG [main] o.h.v.i.e.ValidatorFactoryConfigurationHelper - HV000234: Using org.hibernate.validator.internal.engine.DefaultClockProvider as ValidatorFactory-scoped clock provider.
2026-04-13 18:00:51 DEBUG [main] o.h.v.i.e.ValidatorFactoryConfigurationHelper - HV000234: Using org.hibernate.validator.internal.engine.scripting.DefaultScriptEvaluatorFactory as ValidatorFactory-scoped script evaluator factory.
2026-04-13 18:00:51 DEBUG [main] o.s.w.s.m.m.a.RequestMappingHandlerAdapter - ControllerAdvice beans: 0 @ModelAttribute, 0 @InitBinder, 1 RequestBodyAdvice, 1 ResponseBodyAdvice
2026-04-13 18:00:52 DEBUG [main] o.s.w.s.m.m.a.ExceptionHandlerExceptionResolver - ControllerAdvice beans: 1 @ExceptionHandler, 1 ResponseBodyAdvice
2026-04-13 18:00:54 INFO  [main] o.a.coyote.http11.Http11NioProtocol - Starting ProtocolHandler ["http-nio-8080"]
2026-04-13 18:00:55 INFO  [main] o.s.b.w.e.tomcat.TomcatWebServer - Tomcat started on port 8080 (http) with context path '/'
2026-04-13 18:00:55 INFO  [main] c.e.C.ClinicaDefinitivaApplication - Started ClinicaDefinitivaApplication in 89.124 seconds (process running for 91.741)
2026-04-13 18:00:55 INFO  [main] c.e.C.ClinicaDefinitivaApplication - Logger funciona correctamente
2026-04-13 18:01:22 INFO  [http-nio-8080-exec-1] o.a.c.c.C.[Tomcat].[localhost].[/] - Initializing Spring DispatcherServlet 'dispatcherServlet'
2026-04-13 18:01:22 INFO  [http-nio-8080-exec-1] o.s.web.servlet.DispatcherServlet - Initializing Servlet 'dispatcherServlet'
2026-04-13 18:01:22 DEBUG [http-nio-8080-exec-1] o.s.web.servlet.DispatcherServlet - Detected StandardServletMultipartResolver
2026-04-13 18:01:22 DEBUG [http-nio-8080-exec-1] o.s.web.servlet.DispatcherServlet - Detected AcceptHeaderLocaleResolver
2026-04-13 18:01:22 DEBUG [http-nio-8080-exec-1] o.s.web.servlet.DispatcherServlet - Detected FixedThemeResolver
2026-04-13 18:01:22 DEBUG [http-nio-8080-exec-1] o.s.web.servlet.DispatcherServlet - Detected org.springframework.web.servlet.view.DefaultRequestToViewNameTranslator@20d9ea6
2026-04-13 18:01:22 DEBUG [http-nio-8080-exec-1] o.s.web.servlet.DispatcherServlet - Detected org.springframework.web.servlet.support.SessionFlashMapManager@517b8342
2026-04-13 18:01:22 DEBUG [http-nio-8080-exec-1] o.s.web.servlet.DispatcherServlet - enableLoggingRequestDetails='false': request parameters and headers will be masked to prevent unsafe logging of potentially sensitive data
2026-04-13 18:01:22 INFO  [http-nio-8080-exec-1] o.s.web.servlet.DispatcherServlet - Completed initialization in 34 ms
2026-04-13 18:01:23 DEBUG [http-nio-8080-exec-1] o.s.security.web.FilterChainProxy - Securing PATCH /api/v1/services/5/deactivate?reason=Descontinuaci%C3%B3n%20temporal
2026-04-13 18:01:23 TRACE [http-nio-8080-exec-1] o.s.s.w.a.logout.LogoutFilter - Did not match request to Or [Ant [pattern='/logout', GET], Ant [pattern='/logout', POST], Ant [pattern='/logout', PUT], Ant [pattern='/logout', DELETE]]
2026-04-13 18:01:29 TRACE [http-nio-8080-exec-1] o.s.s.w.a.AnonymousAuthenticationFilter - Did not set SecurityContextHolder since already authenticated UsernamePasswordAuthenticationToken [Principal=com.example.ClinicaDefinitiva.infrastructure.security.adapter.CustomUserDetails@b10f980, Credentials=[PROTECTED], Authenticated=true, Details=null, Granted Authorities=[UPDATE_INFORMATION_PROVIDED_SERVICE, READ_ROLE, UPDATE_COMPANY, UPDATE_INVOICE, CREATE_CUSTOM_ROLE, UPDATE_JOURNAL_ENTRY, REVERSE_JOURNAL_ENTRY, CREATE_CONTRACT, SET_PERMISSIONS_ROLE, READ_USER_IDENTITY, IS_CURRENTLY_ACTIVE_ASSIGNMENT, READ_RATE, READ_APPOINTMENT, DEACTIVATE_PROVIDED_SERVICE, READ_DENTIST, CREATE_COMPANY, ACTIVATE_PROVIDED_SERVICE, DELETE_INVOICE, CREATE_PROVIDED_SERVICE, UPDATE_PAYMENT, CHECK_ROLE, ACTIVATE_USER_IDENTITY, READ_PATIENT, DELETE_ROLE, READ_ADMINISTRATIVE_REPORT, UPDATE_PRICE_PROVIDED_SERVICE, READ_CONTRACT, DELETE_ADMINISTRATIVE_REPORT, DEACTIVATE_USER_IDENTITY, REVERSE_INVOICE, APPROVE_INVOICE, READ_PROVIDED_SERVICE, REVOKE_ASSIGNMENT, DEACTIVATE_ROLE, READ_AVAILABILITY, READ_RECEPTIONIST, DELETE_RATE, SUSPEND_ROLE, UPDATE_PRIMARY_ASSIGNMENT, REMOVE_ROLE, CREATE_USER_IDENTITY, ADD_ROLE, DELETE_CONTRACT, DELETE_PAYMENT, DELETE_ASSIGNMENT, ACTIVATE_ROLE, EXTEND_ASSIGNMENT, READ_COMPANY, UPDATE_ADMINISTRATIVE_REPORT, CREATE_PAYMENT, UPDATE_USER_IDENTITY, READ_GUARDIAN, MARK_DELETED_ROLE, UPDATE_CONTRACT, DELETE_COMPANY, IS_ACTIVE_AT_ASSIGNMENT, READ_ASSIGNMENT, POST_INVOICE, REVOKE_ALL_ASSIGNMENT, CREATE_JOURNAL_ENTRY, CREATE_ADMINISTRATIVE_REPORT, UPDATE_DETAILS_PROVIDED_SERVICE, READ_SHIFT, POST_JOURNAL_ENTRY, ROLE_ADMINISTRATOR, CREATE_TEMPORARY_ASSIGNMENT, READ_PAYMENT, CREATE_RATE, READ_INVOICE, UPDATE_RATE, DELETE_JOURNAL_ENTRY, CLONE_ROLE, READ_JOURNAL_ENTRY, CREATE_PERMANENT_ASSIGNMENT, CREATE_INVOICE, SUSPEND_USER_IDENTITY]]
2026-04-13 18:01:29 TRACE [http-nio-8080-exec-1] o.s.s.w.a.s.CompositeSessionAuthenticationStrategy - Preparing session with ChangeSessionIdAuthenticationStrategy (1/1)
2026-04-13 18:01:29 DEBUG [http-nio-8080-exec-1] o.s.security.web.FilterChainProxy - Secured PATCH /api/v1/services/5/deactivate?reason=Descontinuaci%C3%B3n%20temporal
2026-04-13 18:01:29 DEBUG [http-nio-8080-exec-1] o.s.web.servlet.DispatcherServlet - PATCH "/api/v1/services/5/deactivate?reason=Descontinuaci%C3%B3n%20temporal", parameters={masked}
2026-04-13 18:01:29 DEBUG [http-nio-8080-exec-1] o.s.w.s.m.m.a.RequestMappingHandlerMapping - Mapped to com.example.ClinicaDefinitiva.infrastructure.rest.dentalService.controller.ProvidedServiceController#deactivate(Long, String, CustomUserDetails)
2026-04-13 18:01:31 DEBUG [http-nio-8080-exec-1] o.s.web.servlet.DispatcherServlet - Completed 204 NO_CONTENT
2026-04-13 18:05:44 DEBUG [http-nio-8080-exec-5] o.s.security.web.FilterChainProxy - Securing PATCH /api/v1/services/5/reactivate
2026-04-13 18:05:44 TRACE [http-nio-8080-exec-5] o.s.s.w.a.logout.LogoutFilter - Did not match request to Or [Ant [pattern='/logout', GET], Ant [pattern='/logout', POST], Ant [pattern='/logout', PUT], Ant [pattern='/logout', DELETE]]
2026-04-13 18:05:44 TRACE [http-nio-8080-exec-5] o.s.s.w.a.AnonymousAuthenticationFilter - Did not set SecurityContextHolder since already authenticated UsernamePasswordAuthenticationToken [Principal=com.example.ClinicaDefinitiva.infrastructure.security.adapter.CustomUserDetails@21fb376c, Credentials=[PROTECTED], Authenticated=true, Details=null, Granted Authorities=[UPDATE_INFORMATION_PROVIDED_SERVICE, READ_ROLE, UPDATE_COMPANY, UPDATE_INVOICE, CREATE_CUSTOM_ROLE, UPDATE_JOURNAL_ENTRY, REVERSE_JOURNAL_ENTRY, CREATE_CONTRACT, SET_PERMISSIONS_ROLE, READ_USER_IDENTITY, IS_CURRENTLY_ACTIVE_ASSIGNMENT, READ_RATE, READ_APPOINTMENT, DEACTIVATE_PROVIDED_SERVICE, READ_DENTIST, CREATE_COMPANY, ACTIVATE_PROVIDED_SERVICE, DELETE_INVOICE, CREATE_PROVIDED_SERVICE, UPDATE_PAYMENT, CHECK_ROLE, ACTIVATE_USER_IDENTITY, READ_PATIENT, DELETE_ROLE, READ_ADMINISTRATIVE_REPORT, UPDATE_PRICE_PROVIDED_SERVICE, READ_CONTRACT, DELETE_ADMINISTRATIVE_REPORT, DEACTIVATE_USER_IDENTITY, REVERSE_INVOICE, APPROVE_INVOICE, READ_PROVIDED_SERVICE, REVOKE_ASSIGNMENT, DEACTIVATE_ROLE, READ_AVAILABILITY, READ_RECEPTIONIST, DELETE_RATE, SUSPEND_ROLE, UPDATE_PRIMARY_ASSIGNMENT, REMOVE_ROLE, CREATE_USER_IDENTITY, ADD_ROLE, DELETE_CONTRACT, DELETE_PAYMENT, DELETE_ASSIGNMENT, ACTIVATE_ROLE, EXTEND_ASSIGNMENT, READ_COMPANY, UPDATE_ADMINISTRATIVE_REPORT, CREATE_PAYMENT, UPDATE_USER_IDENTITY, READ_GUARDIAN, MARK_DELETED_ROLE, UPDATE_CONTRACT, DELETE_COMPANY, IS_ACTIVE_AT_ASSIGNMENT, READ_ASSIGNMENT, POST_INVOICE, REVOKE_ALL_ASSIGNMENT, CREATE_JOURNAL_ENTRY, CREATE_ADMINISTRATIVE_REPORT, UPDATE_DETAILS_PROVIDED_SERVICE, READ_SHIFT, POST_JOURNAL_ENTRY, ROLE_ADMINISTRATOR, CREATE_TEMPORARY_ASSIGNMENT, READ_PAYMENT, CREATE_RATE, READ_INVOICE, UPDATE_RATE, DELETE_JOURNAL_ENTRY, CLONE_ROLE, READ_JOURNAL_ENTRY, CREATE_PERMANENT_ASSIGNMENT, CREATE_INVOICE, SUSPEND_USER_IDENTITY]]
2026-04-13 18:05:44 TRACE [http-nio-8080-exec-5] o.s.s.w.a.s.CompositeSessionAuthenticationStrategy - Preparing session with ChangeSessionIdAuthenticationStrategy (1/1)
2026-04-13 18:05:44 DEBUG [http-nio-8080-exec-5] o.s.security.web.FilterChainProxy - Secured PATCH /api/v1/services/5/reactivate
2026-04-13 18:05:44 DEBUG [http-nio-8080-exec-5] o.s.web.servlet.DispatcherServlet - PATCH "/api/v1/services/5/reactivate", parameters={}
2026-04-13 18:05:44 DEBUG [http-nio-8080-exec-5] o.s.w.s.m.m.a.RequestMappingHandlerMapping - Mapped to com.example.ClinicaDefinitiva.infrastructure.rest.dentalService.controller.ProvidedServiceController#reactivate(Long, CustomUserDetails)
2026-04-13 18:05:45 DEBUG [http-nio-8080-exec-5] o.s.w.s.m.m.a.HttpEntityMethodProcessor - Using 'application/json', given [*/*] and supported [application/json, application/*+json]
2026-04-13 18:05:45 DEBUG [http-nio-8080-exec-5] o.s.w.s.m.m.a.HttpEntityMethodProcessor - Writing [ReadServiceResponse[id=5, code=IMPLANTOLOGY, name=Implante Dental Unitario, description=Colocación d (truncated)...]
2026-04-13 18:05:46 DEBUG [http-nio-8080-exec-5] o.s.web.servlet.DispatcherServlet - Completed 200 OK
2026-04-13 18:09:48 DEBUG [http-nio-8080-exec-8] o.s.security.web.FilterChainProxy - Securing PUT /api/v1/services/1/details
2026-04-13 18:09:49 TRACE [http-nio-8080-exec-8] o.s.s.w.a.logout.LogoutFilter - Did not match request to Or [Ant [pattern='/logout', GET], Ant [pattern='/logout', POST], Ant [pattern='/logout', PUT], Ant [pattern='/logout', DELETE]]
2026-04-13 18:09:50 TRACE [http-nio-8080-exec-8] o.s.s.w.a.AnonymousAuthenticationFilter - Did not set SecurityContextHolder since already authenticated UsernamePasswordAuthenticationToken [Principal=com.example.ClinicaDefinitiva.infrastructure.security.adapter.CustomUserDetails@76e98674, Credentials=[PROTECTED], Authenticated=true, Details=null, Granted Authorities=[UPDATE_INFORMATION_PROVIDED_SERVICE, READ_ROLE, UPDATE_COMPANY, UPDATE_INVOICE, CREATE_CUSTOM_ROLE, UPDATE_JOURNAL_ENTRY, REVERSE_JOURNAL_ENTRY, CREATE_CONTRACT, SET_PERMISSIONS_ROLE, READ_USER_IDENTITY, IS_CURRENTLY_ACTIVE_ASSIGNMENT, READ_RATE, READ_APPOINTMENT, DEACTIVATE_PROVIDED_SERVICE, READ_DENTIST, CREATE_COMPANY, ACTIVATE_PROVIDED_SERVICE, DELETE_INVOICE, CREATE_PROVIDED_SERVICE, UPDATE_PAYMENT, CHECK_ROLE, ACTIVATE_USER_IDENTITY, READ_PATIENT, DELETE_ROLE, READ_ADMINISTRATIVE_REPORT, UPDATE_PRICE_PROVIDED_SERVICE, READ_CONTRACT, DELETE_ADMINISTRATIVE_REPORT, DEACTIVATE_USER_IDENTITY, REVERSE_INVOICE, APPROVE_INVOICE, READ_PROVIDED_SERVICE, REVOKE_ASSIGNMENT, DEACTIVATE_ROLE, READ_AVAILABILITY, READ_RECEPTIONIST, DELETE_RATE, SUSPEND_ROLE, UPDATE_PRIMARY_ASSIGNMENT, REMOVE_ROLE, CREATE_USER_IDENTITY, ADD_ROLE, DELETE_CONTRACT, DELETE_PAYMENT, DELETE_ASSIGNMENT, ACTIVATE_ROLE, EXTEND_ASSIGNMENT, READ_COMPANY, UPDATE_ADMINISTRATIVE_REPORT, CREATE_PAYMENT, UPDATE_USER_IDENTITY, READ_GUARDIAN, MARK_DELETED_ROLE, UPDATE_CONTRACT, DELETE_COMPANY, IS_ACTIVE_AT_ASSIGNMENT, READ_ASSIGNMENT, POST_INVOICE, REVOKE_ALL_ASSIGNMENT, CREATE_JOURNAL_ENTRY, CREATE_ADMINISTRATIVE_REPORT, UPDATE_DETAILS_PROVIDED_SERVICE, READ_SHIFT, POST_JOURNAL_ENTRY, ROLE_ADMINISTRATOR, CREATE_TEMPORARY_ASSIGNMENT, READ_PAYMENT, CREATE_RATE, READ_INVOICE, UPDATE_RATE, DELETE_JOURNAL_ENTRY, CLONE_ROLE, READ_JOURNAL_ENTRY, CREATE_PERMANENT_ASSIGNMENT, CREATE_INVOICE, SUSPEND_USER_IDENTITY]]
2026-04-13 18:09:50 TRACE [http-nio-8080-exec-8] o.s.s.w.a.s.CompositeSessionAuthenticationStrategy - Preparing session with ChangeSessionIdAuthenticationStrategy (1/1)
2026-04-13 18:09:50 DEBUG [http-nio-8080-exec-8] o.s.security.web.FilterChainProxy - Secured PUT /api/v1/services/1/details
2026-04-13 18:09:50 DEBUG [http-nio-8080-exec-8] o.s.web.servlet.DispatcherServlet - PUT "/api/v1/services/1/details", parameters={}
2026-04-13 18:09:50 DEBUG [http-nio-8080-exec-8] o.s.w.s.m.m.a.RequestMappingHandlerMapping - Mapped to com.example.ClinicaDefinitiva.infrastructure.rest.dentalService.controller.ProvidedServiceController#updateDetails(Long, UpdateServiceDetailsRequest, CustomUserDetails)
2026-04-13 18:09:50 DEBUG [http-nio-8080-exec-8] o.s.w.s.m.m.a.RequestResponseBodyMethodProcessor - Read "application/json;charset=UTF-8" to [UpdateServiceDetailsRequest[serviceDetails=null, additionalDetails=null]]
2026-04-13 18:09:51 DEBUG [http-nio-8080-exec-8] o.s.w.s.m.m.a.HttpEntityMethodProcessor - Using 'application/json', given [*/*] and supported [application/json, application/*+json]
2026-04-13 18:09:51 DEBUG [http-nio-8080-exec-8] o.s.w.s.m.m.a.HttpEntityMethodProcessor - Writing [ReadServiceResponse[id=1, code=GENERAL, name=Profilaxis y Limpieza, description=Eliminación de placa (truncated)...]
2026-04-13 18:09:51 DEBUG [http-nio-8080-exec-8] o.s.web.servlet.DispatcherServlet - Completed 200 OK
2026-04-13 18:12:14 DEBUG [http-nio-8080-exec-2] o.s.security.web.FilterChainProxy - Securing PUT /api/v1/services/1/information
2026-04-13 18:12:14 TRACE [http-nio-8080-exec-2] o.s.s.w.a.logout.LogoutFilter - Did not match request to Or [Ant [pattern='/logout', GET], Ant [pattern='/logout', POST], Ant [pattern='/logout', PUT], Ant [pattern='/logout', DELETE]]
2026-04-13 18:12:14 TRACE [http-nio-8080-exec-2] o.s.s.w.a.AnonymousAuthenticationFilter - Set SecurityContextHolder to AnonymousAuthenticationToken [Principal=anonymousUser, Credentials=[PROTECTED], Authenticated=true, Details=WebAuthenticationDetails [RemoteIpAddress=0:0:0:0:0:0:0:1, SessionId=null], Granted Authorities=[ROLE_ANONYMOUS]]
2026-04-13 18:12:14 DEBUG [http-nio-8080-exec-2] o.s.s.w.a.Http403ForbiddenEntryPoint - Pre-authenticated entry point called. Rejecting access
2026-04-13 18:12:14 DEBUG [http-nio-8080-exec-2] o.s.security.web.FilterChainProxy - Securing PUT /error
2026-04-13 18:12:14 TRACE [http-nio-8080-exec-2] o.s.s.w.a.logout.LogoutFilter - Did not match request to Or [Ant [pattern='/logout', GET], Ant [pattern='/logout', POST], Ant [pattern='/logout', PUT], Ant [pattern='/logout', DELETE]]
2026-04-13 18:12:14 TRACE [http-nio-8080-exec-2] o.s.s.w.a.AnonymousAuthenticationFilter - Set SecurityContextHolder to AnonymousAuthenticationToken [Principal=anonymousUser, Credentials=[PROTECTED], Authenticated=true, Details=WebAuthenticationDetails [RemoteIpAddress=0:0:0:0:0:0:0:1, SessionId=null], Granted Authorities=[ROLE_ANONYMOUS]]
2026-04-13 18:12:14 DEBUG [http-nio-8080-exec-2] o.s.s.w.a.Http403ForbiddenEntryPoint - Pre-authenticated entry point called. Rejecting access
2026-04-13 18:12:33 DEBUG [http-nio-8080-exec-1] o.s.security.web.FilterChainProxy - Securing PUT /api/v1/services/1/information
2026-04-13 18:12:33 TRACE [http-nio-8080-exec-1] o.s.s.w.a.logout.LogoutFilter - Did not match request to Or [Ant [pattern='/logout', GET], Ant [pattern='/logout', POST], Ant [pattern='/logout', PUT], Ant [pattern='/logout', DELETE]]
2026-04-13 18:12:33 TRACE [http-nio-8080-exec-1] o.s.s.w.a.AnonymousAuthenticationFilter - Did not set SecurityContextHolder since already authenticated UsernamePasswordAuthenticationToken [Principal=com.example.ClinicaDefinitiva.infrastructure.security.adapter.CustomUserDetails@2c96b48f, Credentials=[PROTECTED], Authenticated=true, Details=null, Granted Authorities=[UPDATE_INFORMATION_PROVIDED_SERVICE, READ_ROLE, UPDATE_COMPANY, UPDATE_INVOICE, CREATE_CUSTOM_ROLE, UPDATE_JOURNAL_ENTRY, REVERSE_JOURNAL_ENTRY, CREATE_CONTRACT, SET_PERMISSIONS_ROLE, READ_USER_IDENTITY, IS_CURRENTLY_ACTIVE_ASSIGNMENT, READ_RATE, READ_APPOINTMENT, DEACTIVATE_PROVIDED_SERVICE, READ_DENTIST, CREATE_COMPANY, ACTIVATE_PROVIDED_SERVICE, DELETE_INVOICE, CREATE_PROVIDED_SERVICE, UPDATE_PAYMENT, CHECK_ROLE, ACTIVATE_USER_IDENTITY, READ_PATIENT, DELETE_ROLE, READ_ADMINISTRATIVE_REPORT, UPDATE_PRICE_PROVIDED_SERVICE, READ_CONTRACT, DELETE_ADMINISTRATIVE_REPORT, DEACTIVATE_USER_IDENTITY, REVERSE_INVOICE, APPROVE_INVOICE, READ_PROVIDED_SERVICE, REVOKE_ASSIGNMENT, DEACTIVATE_ROLE, READ_AVAILABILITY, READ_RECEPTIONIST, DELETE_RATE, SUSPEND_ROLE, UPDATE_PRIMARY_ASSIGNMENT, REMOVE_ROLE, CREATE_USER_IDENTITY, ADD_ROLE, DELETE_CONTRACT, DELETE_PAYMENT, DELETE_ASSIGNMENT, ACTIVATE_ROLE, EXTEND_ASSIGNMENT, READ_COMPANY, UPDATE_ADMINISTRATIVE_REPORT, CREATE_PAYMENT, UPDATE_USER_IDENTITY, READ_GUARDIAN, MARK_DELETED_ROLE, UPDATE_CONTRACT, DELETE_COMPANY, IS_ACTIVE_AT_ASSIGNMENT, READ_ASSIGNMENT, POST_INVOICE, REVOKE_ALL_ASSIGNMENT, CREATE_JOURNAL_ENTRY, CREATE_ADMINISTRATIVE_REPORT, UPDATE_DETAILS_PROVIDED_SERVICE, READ_SHIFT, POST_JOURNAL_ENTRY, ROLE_ADMINISTRATOR, CREATE_TEMPORARY_ASSIGNMENT, READ_PAYMENT, CREATE_RATE, READ_INVOICE, UPDATE_RATE, DELETE_JOURNAL_ENTRY, CLONE_ROLE, READ_JOURNAL_ENTRY, CREATE_PERMANENT_ASSIGNMENT, CREATE_INVOICE, SUSPEND_USER_IDENTITY]]
2026-04-13 18:12:33 TRACE [http-nio-8080-exec-1] o.s.s.w.a.s.CompositeSessionAuthenticationStrategy - Preparing session with ChangeSessionIdAuthenticationStrategy (1/1)
2026-04-13 18:12:33 DEBUG [http-nio-8080-exec-1] o.s.security.web.FilterChainProxy - Secured PUT /api/v1/services/1/information
2026-04-13 18:12:33 DEBUG [http-nio-8080-exec-1] o.s.web.servlet.DispatcherServlet - PUT "/api/v1/services/1/information", parameters={}
2026-04-13 18:12:33 DEBUG [http-nio-8080-exec-1] o.s.w.s.m.m.a.RequestMappingHandlerMapping - Mapped to com.example.ClinicaDefinitiva.infrastructure.rest.dentalService.controller.ProvidedServiceController#updateInformation(Long, UpdateServiceInfoRequest, CustomUserDetails)
2026-04-13 18:12:33 DEBUG [http-nio-8080-exec-1] o.s.w.s.m.m.a.RequestResponseBodyMethodProcessor - Read "application/json;charset=UTF-8" to [UpdateServiceInfoRequest[name=Limpieza dental avanzada, categoryId=null, categoryName=null, category (truncated)...]
2026-04-13 18:12:35 DEBUG [http-nio-8080-exec-1] o.s.w.s.m.m.a.ExceptionHandlerExceptionResolver - Using @ExceptionHandler com.example.ClinicaDefinitiva.infrastructure.advice.GlobalControllerAdvice#handleGenericException(Exception)
2026-04-13 18:12:35 ERROR [http-nio-8080-exec-1] c.e.C.i.a.GlobalControllerAdvice - Error interno no manejado [requestId=677bc439-fddd-4a40-a0f8-682c7f9913b8, usuario=admin@test.com]
java.lang.IllegalArgumentException: No enum constant com.example.ClinicaDefinitiva.domain.dentalService.vo.ServiceName.DentalServiceName.Limpieza dental avanzada
	at java.base/java.lang.Enum.valueOf(Enum.java:273)
	at com.example.ClinicaDefinitiva.domain.dentalService.vo.ServiceName$DentalServiceName.valueOf(ServiceName.java:15)
	at com.example.ClinicaDefinitiva.application.dentalService.mapper.ProvidedServiceWriteMapper.toServiceName(ProvidedServiceWriteMapper.java:68)
	at com.example.ClinicaDefinitiva.application.dentalService.service.ProvidedServiceApplicationService.updateInformation(ProvidedServiceApplicationService.java:235)
	at java.base/jdk.internal.reflect.NativeMethodAccessorImpl.invoke0(Native Method)
	at java.base/jdk.internal.reflect.NativeMethodAccessorImpl.invoke(NativeMethodAccessorImpl.java:77)
	at java.base/jdk.internal.reflect.DelegatingMethodAccessorImpl.invoke(DelegatingMethodAccessorImpl.java:43)
	at java.base/java.lang.reflect.Method.invoke(Method.java:568)
	at org.springframework.aop.support.AopUtils.invokeJoinpointUsingReflection(AopUtils.java:359)
	at org.springframework.aop.framework.ReflectiveMethodInvocation.invokeJoinpoint(ReflectiveMethodInvocation.java:196)
	at org.springframework.aop.framework.ReflectiveMethodInvocation.proceed(ReflectiveMethodInvocation.java:163)
	at org.springframework.aop.aspectj.MethodInvocationProceedingJoinPoint.proceed(MethodInvocationProceedingJoinPoint.java:89)
	at com.example.ClinicaDefinitiva.infrastructure.security.config.AuthorizationAspect.checkPermission(AuthorizationAspect.java:76)
	at java.base/jdk.internal.reflect.NativeMethodAccessorImpl.invoke0(Native Method)
	at java.base/jdk.internal.reflect.NativeMethodAccessorImpl.invoke(NativeMethodAccessorImpl.java:77)
	at java.base/jdk.internal.reflect.DelegatingMethodAccessorImpl.invoke(DelegatingMethodAccessorImpl.java:43)
	at java.base/java.lang.reflect.Method.invoke(Method.java:568)
	at org.springframework.aop.aspectj.AbstractAspectJAdvice.invokeAdviceMethodWithGivenArgs(AbstractAspectJAdvice.java:642)
	at org.springframework.aop.aspectj.AbstractAspectJAdvice.invokeAdviceMethod(AbstractAspectJAdvice.java:632)
	at org.springframework.aop.aspectj.AspectJAroundAdvice.invoke(AspectJAroundAdvice.java:71)
	at org.springframework.aop.framework.ReflectiveMethodInvocation.proceed(ReflectiveMethodInvocation.java:173)
	at org.springframework.transaction.interceptor.TransactionAspectSupport.invokeWithinTransaction(TransactionAspectSupport.java:380)
	at org.springframework.transaction.interceptor.TransactionInterceptor.invoke(TransactionInterceptor.java:119)
	at org.springframework.aop.framework.ReflectiveMethodInvocation.proceed(ReflectiveMethodInvocation.java:184)
	at org.springframework.aop.interceptor.ExposeInvocationInterceptor.invoke(ExposeInvocationInterceptor.java:97)
	at org.springframework.aop.framework.ReflectiveMethodInvocation.proceed(ReflectiveMethodInvocation.java:184)
	at org.springframework.aop.framework.CglibAopProxy$DynamicAdvisedInterceptor.intercept(CglibAopProxy.java:728)
	at com.example.ClinicaDefinitiva.application.dentalService.service.ProvidedServiceApplicationService$$SpringCGLIB$$0.updateInformation(<generated>)
	at com.example.ClinicaDefinitiva.infrastructure.rest.dentalService.controller.ProvidedServiceController.updateInformation(ProvidedServiceController.java:168)
	at java.base/jdk.internal.reflect.NativeMethodAccessorImpl.invoke0(Native Method)
	at java.base/jdk.internal.reflect.NativeMethodAccessorImpl.invoke(NativeMethodAccessorImpl.java:77)
	at java.base/jdk.internal.reflect.DelegatingMethodAccessorImpl.invoke(DelegatingMethodAccessorImpl.java:43)
	at java.base/java.lang.reflect.Method.invoke(Method.java:568)
	at org.springframework.aop.support.AopUtils.invokeJoinpointUsingReflection(AopUtils.java:359)
	at org.springframework.aop.framework.ReflectiveMethodInvocation.invokeJoinpoint(ReflectiveMethodInvocation.java:196)
	at org.springframework.aop.framework.ReflectiveMethodInvocation.proceed(ReflectiveMethodInvocation.java:163)
	at org.springframework.validation.beanvalidation.MethodValidationInterceptor.invoke(MethodValidationInterceptor.java:174)
	at org.springframework.aop.framework.ReflectiveMethodInvocation.proceed(ReflectiveMethodInvocation.java:184)
	at org.springframework.aop.framework.CglibAopProxy$DynamicAdvisedInterceptor.intercept(CglibAopProxy.java:728)
	at com.example.ClinicaDefinitiva.infrastructure.rest.dentalService.controller.ProvidedServiceController$$SpringCGLIB$$0.updateInformation(<generated>)
	at java.base/jdk.internal.reflect.NativeMethodAccessorImpl.invoke0(Native Method)
	at java.base/jdk.internal.reflect.NativeMethodAccessorImpl.invoke(NativeMethodAccessorImpl.java:77)
	at java.base/jdk.internal.reflect.DelegatingMethodAccessorImpl.invoke(DelegatingMethodAccessorImpl.java:43)
	at java.base/java.lang.reflect.Method.invoke(Method.java:568)
	at org.springframework.web.method.support.InvocableHandlerMethod.doInvoke(InvocableHandlerMethod.java:258)
	at org.springframework.web.method.support.InvocableHandlerMethod.invokeForRequest(InvocableHandlerMethod.java:191)
	at org.springframework.web.servlet.mvc.method.annotation.ServletInvocableHandlerMethod.invokeAndHandle(ServletInvocableHandlerMethod.java:118)
	at org.springframework.web.servlet.mvc.method.annotation.RequestMappingHandlerAdapter.invokeHandlerMethod(RequestMappingHandlerAdapter.java:986)
	at org.springframework.web.servlet.mvc.method.annotation.RequestMappingHandlerAdapter.handleInternal(RequestMappingHandlerAdapter.java:891)
	at org.springframework.web.servlet.mvc.method.AbstractHandlerMethodAdapter.handle(AbstractHandlerMethodAdapter.java:87)
	at org.springframework.web.servlet.DispatcherServlet.doDispatch(DispatcherServlet.java:1089)
	at org.springframework.web.servlet.DispatcherServlet.doService(DispatcherServlet.java:979)
	at org.springframework.web.servlet.FrameworkServlet.processRequest(FrameworkServlet.java:1014)
	at org.springframework.web.servlet.FrameworkServlet.doPut(FrameworkServlet.java:925)
	at jakarta.servlet.http.HttpServlet.service(HttpServlet.java:593)
	at org.springframework.web.servlet.FrameworkServlet.service(FrameworkServlet.java:885)
	at jakarta.servlet.http.HttpServlet.service(HttpServlet.java:658)
	at org.apache.catalina.core.ApplicationFilterChain.internalDoFilter(ApplicationFilterChain.java:195)
	at org.apache.catalina.core.ApplicationFilterChain.doFilter(ApplicationFilterChain.java:140)
	at org.apache.tomcat.websocket.server.WsFilter.doFilter(WsFilter.java:51)
	at org.apache.catalina.core.ApplicationFilterChain.internalDoFilter(ApplicationFilterChain.java:164)
	at org.apache.catalina.core.ApplicationFilterChain.doFilter(ApplicationFilterChain.java:140)
	at com.example.ClinicaDefinitiva.util.RequestIdFilter.doFilterInternal(RequestIdFilter.java:76)
	at org.springframework.web.filter.OncePerRequestFilter.doFilter(OncePerRequestFilter.java:116)
	at org.apache.catalina.core.ApplicationFilterChain.internalDoFilter(ApplicationFilterChain.java:164)
	at org.apache.catalina.core.ApplicationFilterChain.doFilter(ApplicationFilterChain.java:140)
	at org.springframework.web.filter.CompositeFilter$VirtualFilterChain.doFilter(CompositeFilter.java:108)
	at org.springframework.web.filter.CompositeFilter$VirtualFilterChain.doFilter(CompositeFilter.java:108)
	at org.springframework.security.web.FilterChainProxy.lambda$doFilterInternal$3(FilterChainProxy.java:231)
	at org.springframework.security.web.ObservationFilterChainDecorator$FilterObservation$SimpleFilterObservation.lambda$wrap$1(ObservationFilterChainDecorator.java:479)
	at org.springframework.security.web.ObservationFilterChainDecorator$AroundFilterObservation$SimpleAroundFilterObservation.lambda$wrap$1(ObservationFilterChainDecorator.java:340)
	at org.springframework.security.web.ObservationFilterChainDecorator.lambda$wrapSecured$0(ObservationFilterChainDecorator.java:82)
	at org.springframework.security.web.ObservationFilterChainDecorator$VirtualFilterChain.doFilter(ObservationFilterChainDecorator.java:128)
	at org.springframework.security.web.access.intercept.AuthorizationFilter.doFilter(AuthorizationFilter.java:101)
	at org.springframework.security.web.ObservationFilterChainDecorator$ObservationFilter.wrapFilter(ObservationFilterChainDecorator.java:240)
	at org.springframework.security.web.ObservationFilterChainDecorator$ObservationFilter.doFilter(ObservationFilterChainDecorator.java:227)
	at org.springframework.security.web.ObservationFilterChainDecorator$VirtualFilterChain.doFilter(ObservationFilterChainDecorator.java:137)
	at org.springframework.security.web.access.ExceptionTranslationFilter.doFilter(ExceptionTranslationFilter.java:125)
	at org.springframework.security.web.access.ExceptionTranslationFilter.doFilter(ExceptionTranslationFilter.java:119)
	at org.springframework.security.web.ObservationFilterChainDecorator$ObservationFilter.wrapFilter(ObservationFilterChainDecorator.java:240)
	at org.springframework.security.web.ObservationFilterChainDecorator$ObservationFilter.doFilter(ObservationFilterChainDecorator.java:227)
	at org.springframework.security.web.ObservationFilterChainDecorator$VirtualFilterChain.doFilter(ObservationFilterChainDecorator.java:137)
	at org.springframework.security.web.session.SessionManagementFilter.doFilter(SessionManagementFilter.java:131)
	at org.springframework.security.web.session.SessionManagementFilter.doFilter(SessionManagementFilter.java:85)
	at org.springframework.security.web.ObservationFilterChainDecorator$ObservationFilter.wrapFilter(ObservationFilterChainDecorator.java:240)
	at org.springframework.security.web.ObservationFilterChainDecorator$ObservationFilter.doFilter(ObservationFilterChainDecorator.java:227)
	at org.springframework.security.web.ObservationFilterChainDecorator$VirtualFilterChain.doFilter(ObservationFilterChainDecorator.java:137)
	at org.springframework.security.web.authentication.AnonymousAuthenticationFilter.doFilter(AnonymousAuthenticationFilter.java:100)
	at org.springframework.security.web.ObservationFilterChainDecorator$ObservationFilter.wrapFilter(ObservationFilterChainDecorator.java:240)
	at org.springframework.security.web.ObservationFilterChainDecorator$ObservationFilter.doFilter(ObservationFilterChainDecorator.java:227)
	at org.springframework.security.web.ObservationFilterChainDecorator$VirtualFilterChain.doFilter(ObservationFilterChainDecorator.java:137)
	at org.springframework.security.web.servletapi.SecurityContextHolderAwareRequestFilter.doFilter(SecurityContextHolderAwareRequestFilter.java:179)
	at org.springframework.security.web.ObservationFilterChainDecorator$ObservationFilter.wrapFilter(ObservationFilterChainDecorator.java:240)
	at org.springframework.security.web.ObservationFilterChainDecorator$ObservationFilter.doFilter(ObservationFilterChainDecorator.java:227)
	at org.springframework.security.web.ObservationFilterChainDecorator$VirtualFilterChain.doFilter(ObservationFilterChainDecorator.java:137)
	at org.springframework.security.web.savedrequest.RequestCacheAwareFilter.doFilter(RequestCacheAwareFilter.java:63)
	at org.springframework.security.web.ObservationFilterChainDecorator$ObservationFilter.wrapFilter(ObservationFilterChainDecorator.java:240)
	at org.springframework.security.web.ObservationFilterChainDecorator$ObservationFilter.doFilter(ObservationFilterChainDecorator.java:227)
	at org.springframework.security.web.ObservationFilterChainDecorator$VirtualFilterChain.doFilter(ObservationFilterChainDecorator.java:137)
	at com.example.ClinicaDefinitiva.infrastructure.security.filter.JwtAuthenticationFilter.doFilterInternal(JwtAuthenticationFilter.java:40)
	at org.springframework.web.filter.OncePerRequestFilter.doFilter(OncePerRequestFilter.java:116)
	at org.springframework.security.web.ObservationFilterChainDecorator$ObservationFilter.wrapFilter(ObservationFilterChainDecorator.java:240)
	at org.springframework.security.web.ObservationFilterChainDecorator$ObservationFilter.doFilter(ObservationFilterChainDecorator.java:227)
	at org.springframework.security.web.ObservationFilterChainDecorator$VirtualFilterChain.doFilter(ObservationFilterChainDecorator.java:137)
	at org.springframework.security.web.authentication.logout.LogoutFilter.doFilter(LogoutFilter.java:107)
	at org.springframework.security.web.authentication.logout.LogoutFilter.doFilter(LogoutFilter.java:93)
	at org.springframework.security.web.ObservationFilterChainDecorator$ObservationFilter.wrapFilter(ObservationFilterChainDecorator.java:240)
	at org.springframework.security.web.ObservationFilterChainDecorator$ObservationFilter.doFilter(ObservationFilterChainDecorator.java:227)
	at org.springframework.security.web.ObservationFilterChainDecorator$VirtualFilterChain.doFilter(ObservationFilterChainDecorator.java:137)
	at org.springframework.security.web.header.HeaderWriterFilter.doHeadersAfter(HeaderWriterFilter.java:90)
	at org.springframework.security.web.header.HeaderWriterFilter.doFilterInternal(HeaderWriterFilter.java:75)
	at org.springframework.web.filter.OncePerRequestFilter.doFilter(OncePerRequestFilter.java:116)
	at org.springframework.security.web.ObservationFilterChainDecorator$ObservationFilter.wrapFilter(ObservationFilterChainDecorator.java:240)
	at org.springframework.security.web.ObservationFilterChainDecorator$ObservationFilter.doFilter(ObservationFilterChainDecorator.java:227)
	at org.springframework.security.web.ObservationFilterChainDecorator$VirtualFilterChain.doFilter(ObservationFilterChainDecorator.java:137)
	at org.springframework.security.web.context.SecurityContextHolderFilter.doFilter(SecurityContextHolderFilter.java:82)
	at org.springframework.security.web.context.SecurityContextHolderFilter.doFilter(SecurityContextHolderFilter.java:69)
	at org.springframework.security.web.ObservationFilterChainDecorator$ObservationFilter.wrapFilter(ObservationFilterChainDecorator.java:240)
	at org.springframework.security.web.ObservationFilterChainDecorator$ObservationFilter.doFilter(ObservationFilterChainDecorator.java:227)
	at org.springframework.security.web.ObservationFilterChainDecorator$VirtualFilterChain.doFilter(ObservationFilterChainDecorator.java:137)
	at org.springframework.security.web.context.request.async.WebAsyncManagerIntegrationFilter.doFilterInternal(WebAsyncManagerIntegrationFilter.java:62)
	at org.springframework.web.filter.OncePerRequestFilter.doFilter(OncePerRequestFilter.java:116)
	at org.springframework.security.web.ObservationFilterChainDecorator$ObservationFilter.wrapFilter(ObservationFilterChainDecorator.java:240)
	at org.springframework.security.web.ObservationFilterChainDecorator$ObservationFilter.doFilter(ObservationFilterChainDecorator.java:227)
	at org.springframework.security.web.ObservationFilterChainDecorator$VirtualFilterChain.doFilter(ObservationFilterChainDecorator.java:137)
	at org.springframework.security.web.session.DisableEncodeUrlFilter.doFilterInternal(DisableEncodeUrlFilter.java:42)
	at org.springframework.web.filter.OncePerRequestFilter.doFilter(OncePerRequestFilter.java:116)
	at org.springframework.security.web.ObservationFilterChainDecorator$ObservationFilter.wrapFilter(ObservationFilterChainDecorator.java:240)
	at org.springframework.security.web.ObservationFilterChainDecorator$AroundFilterObservation$SimpleAroundFilterObservation.lambda$wrap$0(ObservationFilterChainDecorator.java:323)
	at org.springframework.security.web.ObservationFilterChainDecorator$ObservationFilter.doFilter(ObservationFilterChainDecorator.java:224)
	at org.springframework.security.web.ObservationFilterChainDecorator$VirtualFilterChain.doFilter(ObservationFilterChainDecorator.java:137)
	at org.springframework.security.web.FilterChainProxy.doFilterInternal(FilterChainProxy.java:233)
	at org.springframework.security.web.FilterChainProxy.doFilter(FilterChainProxy.java:191)
	at org.springframework.web.filter.CompositeFilter$VirtualFilterChain.doFilter(CompositeFilter.java:113)
	at org.springframework.web.filter.ServletRequestPathFilter.doFilter(ServletRequestPathFilter.java:52)
	at org.springframework.web.filter.CompositeFilter$VirtualFilterChain.doFilter(CompositeFilter.java:113)
	at org.springframework.web.filter.CompositeFilter.doFilter(CompositeFilter.java:74)
	at org.springframework.security.config.annotation.web.configuration.WebSecurityConfiguration$CompositeFilterChainProxy.doFilter(WebSecurityConfiguration.java:319)
	at org.springframework.web.filter.CompositeFilter$VirtualFilterChain.doFilter(CompositeFilter.java:113)
	at org.springframework.web.servlet.handler.HandlerMappingIntrospector.lambda$createCacheFilter$3(HandlerMappingIntrospector.java:243)
	at org.springframework.web.filter.CompositeFilter$VirtualFilterChain.doFilter(CompositeFilter.java:113)
	at org.springframework.web.filter.CompositeFilter.doFilter(CompositeFilter.java:74)
	at org.springframework.security.config.annotation.web.configuration.WebMvcSecurityConfiguration$CompositeFilterChainProxy.doFilter(WebMvcSecurityConfiguration.java:240)
	at org.springframework.web.filter.DelegatingFilterProxy.invokeDelegate(DelegatingFilterProxy.java:362)
	at org.springframework.web.filter.DelegatingFilterProxy.doFilter(DelegatingFilterProxy.java:278)
	at org.apache.catalina.core.ApplicationFilterChain.internalDoFilter(ApplicationFilterChain.java:164)
	at org.apache.catalina.core.ApplicationFilterChain.doFilter(ApplicationFilterChain.java:140)
	at org.springframework.web.filter.RequestContextFilter.doFilterInternal(RequestContextFilter.java:100)
	at org.springframework.web.filter.OncePerRequestFilter.doFilter(OncePerRequestFilter.java:116)
	at org.apache.catalina.core.ApplicationFilterChain.internalDoFilter(ApplicationFilterChain.java:164)
	at org.apache.catalina.core.ApplicationFilterChain.doFilter(ApplicationFilterChain.java:140)
	at org.springframework.web.filter.FormContentFilter.doFilterInternal(FormContentFilter.java:93)
	at org.springframework.web.filter.OncePerRequestFilter.doFilter(OncePerRequestFilter.java:116)
	at org.apache.catalina.core.ApplicationFilterChain.internalDoFilter(ApplicationFilterChain.java:164)
	at org.apache.catalina.core.ApplicationFilterChain.doFilter(ApplicationFilterChain.java:140)
	at org.springframework.web.filter.ServerHttpObservationFilter.doFilterInternal(ServerHttpObservationFilter.java:114)
	at org.springframework.web.filter.OncePerRequestFilter.doFilter(OncePerRequestFilter.java:116)
	at org.apache.catalina.core.ApplicationFilterChain.internalDoFilter(ApplicationFilterChain.java:164)
	at org.apache.catalina.core.ApplicationFilterChain.doFilter(ApplicationFilterChain.java:140)
	at org.springframework.web.filter.CharacterEncodingFilter.doFilterInternal(CharacterEncodingFilter.java:201)
	at org.springframework.web.filter.OncePerRequestFilter.doFilter(OncePerRequestFilter.java:116)
	at org.apache.catalina.core.ApplicationFilterChain.internalDoFilter(ApplicationFilterChain.java:164)
	at org.apache.catalina.core.ApplicationFilterChain.doFilter(ApplicationFilterChain.java:140)
	at org.apache.catalina.core.StandardWrapperValve.invoke(StandardWrapperValve.java:167)
	at org.apache.catalina.core.StandardContextValve.invoke(StandardContextValve.java:90)
	at org.apache.catalina.authenticator.AuthenticatorBase.invoke(AuthenticatorBase.java:483)
	at org.apache.catalina.core.StandardHostValve.invoke(StandardHostValve.java:116)
	at org.apache.catalina.valves.ErrorReportValve.invoke(ErrorReportValve.java:93)
	at org.apache.catalina.core.StandardEngineValve.invoke(StandardEngineValve.java:74)
	at org.apache.catalina.connector.CoyoteAdapter.service(CoyoteAdapter.java:344)
	at org.apache.coyote.http11.Http11Processor.service(Http11Processor.java:398)
	at org.apache.coyote.AbstractProcessorLight.process(AbstractProcessorLight.java:63)
	at org.apache.coyote.AbstractProtocol$ConnectionHandler.process(AbstractProtocol.java:903)
	at org.apache.tomcat.util.net.NioEndpoint$SocketProcessor.doRun(NioEndpoint.java:1740)
	at org.apache.tomcat.util.net.SocketProcessorBase.run(SocketProcessorBase.java:52)
	at org.apache.tomcat.util.threads.ThreadPoolExecutor.runWorker(ThreadPoolExecutor.java:1189)
	at org.apache.tomcat.util.threads.ThreadPoolExecutor$Worker.run(ThreadPoolExecutor.java:658)
	at org.apache.tomcat.util.threads.TaskThread$WrappingRunnable.run(TaskThread.java:63)
	at java.base/java.lang.Thread.run(Thread.java:842)
2026-04-13 18:12:42 DEBUG [http-nio-8080-exec-1] o.s.w.s.m.m.a.HttpEntityMethodProcessor - Using 'application/json', given [*/*] and supported [application/json, application/*+json]
2026-04-13 18:12:42 DEBUG [http-nio-8080-exec-1] o.s.w.s.m.m.a.HttpEntityMethodProcessor - Writing [com.example.ClinicaDefinitiva.infrastructure.advice.ErrorResponse@4f5611ec]
2026-04-13 18:12:43 DEBUG [http-nio-8080-exec-1] o.s.w.s.m.m.a.ExceptionHandlerExceptionResolver - Resolved [java.lang.IllegalArgumentException: No enum constant com.example.ClinicaDefinitiva.domain.dentalService.vo.ServiceName.DentalServiceName.Limpieza dental avanzada]
2026-04-13 18:12:43 DEBUG [http-nio-8080-exec-1] o.s.web.servlet.DispatcherServlet - Completed 500 INTERNAL_SERVER_ERROR
2026-04-13 18:24:00 DEBUG [http-nio-8080-exec-4] o.s.security.web.FilterChainProxy - Securing PUT /api/v1/services/1/information
2026-04-13 18:24:00 TRACE [http-nio-8080-exec-4] o.s.s.w.a.logout.LogoutFilter - Did not match request to Or [Ant [pattern='/logout', GET], Ant [pattern='/logout', POST], Ant [pattern='/logout', PUT], Ant [pattern='/logout', DELETE]]
2026-04-13 18:24:00 TRACE [http-nio-8080-exec-4] o.s.s.w.a.AnonymousAuthenticationFilter - Did not set SecurityContextHolder since already authenticated UsernamePasswordAuthenticationToken [Principal=com.example.ClinicaDefinitiva.infrastructure.security.adapter.CustomUserDetails@6cd1f35a, Credentials=[PROTECTED], Authenticated=true, Details=null, Granted Authorities=[UPDATE_INFORMATION_PROVIDED_SERVICE, READ_ROLE, UPDATE_COMPANY, UPDATE_INVOICE, CREATE_CUSTOM_ROLE, UPDATE_JOURNAL_ENTRY, REVERSE_JOURNAL_ENTRY, CREATE_CONTRACT, SET_PERMISSIONS_ROLE, READ_USER_IDENTITY, IS_CURRENTLY_ACTIVE_ASSIGNMENT, READ_RATE, READ_APPOINTMENT, DEACTIVATE_PROVIDED_SERVICE, READ_DENTIST, CREATE_COMPANY, ACTIVATE_PROVIDED_SERVICE, DELETE_INVOICE, CREATE_PROVIDED_SERVICE, UPDATE_PAYMENT, CHECK_ROLE, ACTIVATE_USER_IDENTITY, READ_PATIENT, DELETE_ROLE, READ_ADMINISTRATIVE_REPORT, UPDATE_PRICE_PROVIDED_SERVICE, READ_CONTRACT, DELETE_ADMINISTRATIVE_REPORT, DEACTIVATE_USER_IDENTITY, REVERSE_INVOICE, APPROVE_INVOICE, READ_PROVIDED_SERVICE, REVOKE_ASSIGNMENT, DEACTIVATE_ROLE, READ_AVAILABILITY, READ_RECEPTIONIST, DELETE_RATE, SUSPEND_ROLE, UPDATE_PRIMARY_ASSIGNMENT, REMOVE_ROLE, CREATE_USER_IDENTITY, ADD_ROLE, DELETE_CONTRACT, DELETE_PAYMENT, DELETE_ASSIGNMENT, ACTIVATE_ROLE, EXTEND_ASSIGNMENT, READ_COMPANY, UPDATE_ADMINISTRATIVE_REPORT, CREATE_PAYMENT, UPDATE_USER_IDENTITY, READ_GUARDIAN, MARK_DELETED_ROLE, UPDATE_CONTRACT, DELETE_COMPANY, IS_ACTIVE_AT_ASSIGNMENT, READ_ASSIGNMENT, POST_INVOICE, REVOKE_ALL_ASSIGNMENT, CREATE_JOURNAL_ENTRY, CREATE_ADMINISTRATIVE_REPORT, UPDATE_DETAILS_PROVIDED_SERVICE, READ_SHIFT, POST_JOURNAL_ENTRY, ROLE_ADMINISTRATOR, CREATE_TEMPORARY_ASSIGNMENT, READ_PAYMENT, CREATE_RATE, READ_INVOICE, UPDATE_RATE, DELETE_JOURNAL_ENTRY, CLONE_ROLE, READ_JOURNAL_ENTRY, CREATE_PERMANENT_ASSIGNMENT, CREATE_INVOICE, SUSPEND_USER_IDENTITY]]
2026-04-13 18:24:00 TRACE [http-nio-8080-exec-4] o.s.s.w.a.s.CompositeSessionAuthenticationStrategy - Preparing session with ChangeSessionIdAuthenticationStrategy (1/1)
2026-04-13 18:24:00 DEBUG [http-nio-8080-exec-4] o.s.security.web.FilterChainProxy - Secured PUT /api/v1/services/1/information
2026-04-13 18:24:00 DEBUG [http-nio-8080-exec-4] o.s.web.servlet.DispatcherServlet - PUT "/api/v1/services/1/information", parameters={}
2026-04-13 18:24:00 DEBUG [http-nio-8080-exec-4] o.s.w.s.m.m.a.RequestMappingHandlerMapping - Mapped to com.example.ClinicaDefinitiva.infrastructure.rest.dentalService.controller.ProvidedServiceController#updateInformation(Long, UpdateServiceInfoRequest, CustomUserDetails)
2026-04-13 18:24:00 DEBUG [http-nio-8080-exec-4] o.s.w.s.m.m.a.RequestResponseBodyMethodProcessor - Read "application/json;charset=UTF-8" to [UpdateServiceInfoRequest[name=CLEANING, categoryId=null, categoryName=null, categoryType=null, durat (truncated)...]
2026-04-13 18:24:01 DEBUG [http-nio-8080-exec-4] o.s.w.s.m.m.a.HttpEntityMethodProcessor - Using 'application/json', given [*/*] and supported [application/json, application/*+json]
2026-04-13 18:24:01 DEBUG [http-nio-8080-exec-4] o.s.w.s.m.m.a.HttpEntityMethodProcessor - Writing [ReadServiceResponse[id=1, code=GENERAL, name=CLEANING, description=Incluye aplicación de flúor y sel (truncated)...]
2026-04-13 18:24:01 DEBUG [http-nio-8080-exec-4] o.s.web.servlet.DispatcherServlet - Completed 200 OK
2026-04-13 19:42:57 WARN  [HikariPool-1:housekeeper] com.zaxxer.hikari.pool.HikariPool - HikariPool-1 - Thread starvation or clock leap detected (housekeeper delta=44m22s294ms726µs200ns).
2026-04-13 21:22:49 WARN  [HikariPool-1:housekeeper] com.zaxxer.hikari.pool.HikariPool - HikariPool-1 - Thread starvation or clock leap detected (housekeeper delta=37m51s672ms705µs700ns).
