2026-03-22 12:13:41 INFO  [background-preinit] o.h.validator.internal.util.Version - HV000001: Hibernate Validator 8.0.2.Final
2026-03-22 12:13:41 DEBUG [background-preinit] o.h.v.i.x.config.ValidationXmlParser - Trying to load META-INF/validation.xml for XML based Validator configuration.
2026-03-22 12:13:41 DEBUG [background-preinit] o.h.v.i.x.c.ResourceLoaderHelper - Trying to load META-INF/validation.xml via TCCL
2026-03-22 12:13:41 DEBUG [background-preinit] o.h.v.i.x.c.ResourceLoaderHelper - Trying to load META-INF/validation.xml via Hibernate Validator's class loader
2026-03-22 12:13:41 DEBUG [background-preinit] o.h.v.i.x.config.ValidationXmlParser - No META-INF/validation.xml found. Using annotation based configuration only.
2026-03-22 12:13:41 DEBUG [background-preinit] o.h.v.i.e.r.TraversableResolvers - Found jakarta.persistence.Persistence on classpath containing 'getPersistenceUtil'. Assuming JPA 2 environment. Trying to instantiate JPA aware TraversableResolver
2026-03-22 12:13:41 DEBUG [background-preinit] o.h.v.i.e.r.TraversableResolvers - Instantiated JPA aware TraversableResolver of type org.hibernate.validator.internal.engine.resolver.JPATraversableResolver.
2026-03-22 12:13:41 INFO  [main] c.e.C.ClinicaDefinitivaApplicationTests - Starting ClinicaDefinitivaApplicationTests using Java 17.0.10 with PID 31096 (started by David in C:\Users\David\OneDrive\Documents\proyectosJava\ClinicaDefinitiva)
2026-03-22 12:13:41 INFO  [main] c.e.C.ClinicaDefinitivaApplicationTests - The following 1 profile is active: "test"
2026-03-22 12:13:42 DEBUG [background-preinit] o.h.v.m.ResourceBundleMessageInterpolator - Loaded expression factory via original TCCL
2026-03-22 12:13:42 DEBUG [main] o.s.w.c.s.GenericWebApplicationContext - Refreshing org.springframework.web.context.support.GenericWebApplicationContext@55421b8d
2026-03-22 12:13:42 DEBUG [background-preinit] o.h.v.i.e.ValidatorFactoryConfigurationHelper - HV000252: Using org.hibernate.validator.internal.engine.DefaultPropertyNodeNameProvider as property node name provider.
2026-03-22 12:13:43 DEBUG [background-preinit] o.h.v.i.e.ValidatorFactoryConfigurationHelper - HV000234: Using org.hibernate.validator.messageinterpolation.ResourceBundleMessageInterpolator as ValidatorFactory-scoped message interpolator.
2026-03-22 12:13:43 DEBUG [background-preinit] o.h.v.i.e.ValidatorFactoryConfigurationHelper - HV000234: Using org.hibernate.validator.internal.engine.resolver.JPATraversableResolver as ValidatorFactory-scoped traversable resolver.
2026-03-22 12:13:43 DEBUG [background-preinit] o.h.v.i.e.ValidatorFactoryConfigurationHelper - HV000234: Using org.hibernate.validator.internal.util.ExecutableParameterNameProvider as ValidatorFactory-scoped parameter name provider.
2026-03-22 12:13:43 DEBUG [background-preinit] o.h.v.i.e.ValidatorFactoryConfigurationHelper - HV000234: Using org.hibernate.validator.internal.engine.DefaultClockProvider as ValidatorFactory-scoped clock provider.
2026-03-22 12:13:43 DEBUG [background-preinit] o.h.v.i.e.ValidatorFactoryConfigurationHelper - HV000234: Using org.hibernate.validator.internal.engine.scripting.DefaultScriptEvaluatorFactory as ValidatorFactory-scoped script evaluator factory.
2026-03-22 12:13:51 INFO  [main] o.s.d.r.c.RepositoryConfigurationDelegate - Bootstrapping Spring Data JPA repositories in DEFAULT mode.
2026-03-22 12:13:52 INFO  [main] o.s.d.r.c.RepositoryConfigurationDelegate - Finished Spring Data repository scanning in 1445 ms. Found 21 JPA repository interfaces.
2026-03-22 12:13:56 INFO  [main] o.h.jpa.internal.util.LogHelper - HHH000204: Processing PersistenceUnitInfo [name: default]
2026-03-22 12:13:57 INFO  [main] org.hibernate.Version - HHH000412: Hibernate ORM core version 6.6.15.Final
2026-03-22 12:13:57 INFO  [main] o.h.c.i.RegionFactoryInitiator - HHH000026: Second-level cache disabled
2026-03-22 12:13:59 INFO  [main] o.s.o.j.p.SpringPersistenceUnitInfo - No LoadTimeWeaver setup: ignoring JPA class transformer
2026-03-22 12:13:59 INFO  [main] com.zaxxer.hikari.HikariDataSource - HikariPool-1 - Starting...
2026-03-22 12:14:01 INFO  [main] com.zaxxer.hikari.pool.HikariPool - HikariPool-1 - Added connection conn0: url=jdbc:h2:mem:testdb user=SA
2026-03-22 12:14:01 INFO  [main] com.zaxxer.hikari.HikariDataSource - HikariPool-1 - Start completed.
2026-03-22 12:14:01 WARN  [main] org.hibernate.orm.deprecation - HHH90000025: H2Dialect does not need to be specified explicitly using 'hibernate.dialect' (remove the property setting and it will be selected by default)
2026-03-22 12:14:01 INFO  [main] o.hibernate.orm.connections.pooling - HHH10001005: Database info:
	Database JDBC URL [Connecting through datasource 'HikariDataSource (HikariPool-1)']
	Database driver: undefined/unknown
	Database version: 2.3.232
	Autocommit mode: undefined/unknown
	Isolation level: undefined/unknown
	Minimum pool size: undefined/unknown
	Maximum pool size: undefined/unknown
2026-03-22 12:14:03 ERROR [main] o.s.o.j.LocalContainerEntityManagerFactoryBean - Failed to initialize JPA EntityManagerFactory: Entity classes [com.example.ClinicaDefinitiva.infrastructure.persistence.entity.payment.PaymentEntity] and [com.example.ClinicaDefinitiva.infrastructure.persistence.payment.PaymentEntity] share the entity name 'PaymentEntity' (entity names must be distinct)
2026-03-22 12:14:03 WARN  [main] o.s.w.c.s.GenericWebApplicationContext - Exception encountered during context initialization - cancelling refresh attempt: org.springframework.beans.factory.BeanCreationException: Error creating bean with name 'entityManagerFactory' defined in class path resource [org/springframework/boot/autoconfigure/orm/jpa/HibernateJpaConfiguration.class]: Entity classes [com.example.ClinicaDefinitiva.infrastructure.persistence.entity.payment.PaymentEntity] and [com.example.ClinicaDefinitiva.infrastructure.persistence.payment.PaymentEntity] share the entity name 'PaymentEntity' (entity names must be distinct)
2026-03-22 12:14:03 INFO  [main] com.zaxxer.hikari.HikariDataSource - HikariPool-1 - Shutdown initiated...
2026-03-22 12:14:03 INFO  [main] com.zaxxer.hikari.HikariDataSource - HikariPool-1 - Shutdown completed.
2026-03-22 12:14:03 INFO  [main] o.s.b.a.l.ConditionEvaluationReportLogger - 

Error starting ApplicationContext. To display the condition evaluation report re-run your application with 'debug' enabled.
2026-03-22 12:14:03 ERROR [main] o.s.boot.SpringApplication - Application run failed
org.springframework.beans.factory.BeanCreationException: Error creating bean with name 'entityManagerFactory' defined in class path resource [org/springframework/boot/autoconfigure/orm/jpa/HibernateJpaConfiguration.class]: Entity classes [com.example.ClinicaDefinitiva.infrastructure.persistence.entity.payment.PaymentEntity] and [com.example.ClinicaDefinitiva.infrastructure.persistence.payment.PaymentEntity] share the entity name 'PaymentEntity' (entity names must be distinct)
	at org.springframework.beans.factory.support.AbstractAutowireCapableBeanFactory.initializeBean(AbstractAutowireCapableBeanFactory.java:1826)
	at org.springframework.beans.factory.support.AbstractAutowireCapableBeanFactory.doCreateBean(AbstractAutowireCapableBeanFactory.java:607)
	at org.springframework.beans.factory.support.AbstractAutowireCapableBeanFactory.createBean(AbstractAutowireCapableBeanFactory.java:529)
	at org.springframework.beans.factory.support.AbstractBeanFactory.lambda$doGetBean$0(AbstractBeanFactory.java:339)
	at org.springframework.beans.factory.support.DefaultSingletonBeanRegistry.getSingleton(DefaultSingletonBeanRegistry.java:373)
	at org.springframework.beans.factory.support.AbstractBeanFactory.doGetBean(AbstractBeanFactory.java:337)
	at org.springframework.beans.factory.support.AbstractBeanFactory.getBean(AbstractBeanFactory.java:207)
	at org.springframework.context.support.AbstractApplicationContext.finishBeanFactoryInitialization(AbstractApplicationContext.java:970)
	at org.springframework.context.support.AbstractApplicationContext.refresh(AbstractApplicationContext.java:627)
	at org.springframework.boot.SpringApplication.refresh(SpringApplication.java:753)
	at org.springframework.boot.SpringApplication.refreshContext(SpringApplication.java:439)
	at org.springframework.boot.SpringApplication.run(SpringApplication.java:318)
	at org.springframework.boot.test.context.SpringBootContextLoader.lambda$loadContext$3(SpringBootContextLoader.java:144)
	at org.springframework.util.function.ThrowingSupplier.get(ThrowingSupplier.java:58)
	at org.springframework.util.function.ThrowingSupplier.get(ThrowingSupplier.java:46)
	at org.springframework.boot.SpringApplication.withHook(SpringApplication.java:1462)
	at org.springframework.boot.test.context.SpringBootContextLoader$ContextLoaderHook.run(SpringBootContextLoader.java:563)
	at org.springframework.boot.test.context.SpringBootContextLoader.loadContext(SpringBootContextLoader.java:144)
	at org.springframework.boot.test.context.SpringBootContextLoader.loadContext(SpringBootContextLoader.java:110)
	at org.springframework.test.context.cache.DefaultCacheAwareContextLoaderDelegate.loadContextInternal(DefaultCacheAwareContextLoaderDelegate.java:225)
	at org.springframework.test.context.cache.DefaultCacheAwareContextLoaderDelegate.loadContext(DefaultCacheAwareContextLoaderDelegate.java:152)
	at org.springframework.test.context.support.DefaultTestContext.getApplicationContext(DefaultTestContext.java:130)
	at org.springframework.test.context.web.ServletTestExecutionListener.setUpRequestContextIfNecessary(ServletTestExecutionListener.java:200)
	at org.springframework.test.context.web.ServletTestExecutionListener.prepareTestInstance(ServletTestExecutionListener.java:139)
	at org.springframework.test.context.TestContextManager.prepareTestInstance(TestContextManager.java:260)
	at org.springframework.test.context.junit.jupiter.SpringExtension.postProcessTestInstance(SpringExtension.java:159)
	at org.junit.jupiter.engine.descriptor.ClassBasedTestDescriptor.lambda$invokeTestInstancePostProcessors$10(ClassBasedTestDescriptor.java:383)
	at org.junit.jupiter.engine.descriptor.ClassBasedTestDescriptor.executeAndMaskThrowable(ClassBasedTestDescriptor.java:388)
	at org.junit.jupiter.engine.descriptor.ClassBasedTestDescriptor.lambda$invokeTestInstancePostProcessors$11(ClassBasedTestDescriptor.java:382)
	at java.base/java.util.stream.ForEachOps$ForEachOp$OfRef.accept(ForEachOps.java:183)
	at java.base/java.util.stream.ReferencePipeline$3$1.accept(ReferencePipeline.java:197)
	at java.base/java.util.stream.ReferencePipeline$2$1.accept(ReferencePipeline.java:179)
	at java.base/java.util.stream.ReferencePipeline$3$1.accept(ReferencePipeline.java:197)
	at java.base/java.util.ArrayList$ArrayListSpliterator.forEachRemaining(ArrayList.java:1625)
	at java.base/java.util.stream.AbstractPipeline.copyInto(AbstractPipeline.java:509)
	at java.base/java.util.stream.AbstractPipeline.wrapAndCopyInto(AbstractPipeline.java:499)
	at java.base/java.util.stream.ForEachOps$ForEachOp.evaluateSequential(ForEachOps.java:150)
	at java.base/java.util.stream.ForEachOps$ForEachOp$OfRef.evaluateSequential(ForEachOps.java:173)
	at java.base/java.util.stream.AbstractPipeline.evaluate(AbstractPipeline.java:234)
	at java.base/java.util.stream.ReferencePipeline.forEach(ReferencePipeline.java:596)
	at org.junit.jupiter.engine.descriptor.ClassBasedTestDescriptor.invokeTestInstancePostProcessors(ClassBasedTestDescriptor.java:382)
	at org.junit.jupiter.engine.descriptor.ClassBasedTestDescriptor.lambda$instantiateAndPostProcessTestInstance$6(ClassBasedTestDescriptor.java:293)
	at org.junit.platform.engine.support.hierarchical.ThrowableCollector.execute(ThrowableCollector.java:73)
	at org.junit.jupiter.engine.descriptor.ClassBasedTestDescriptor.instantiateAndPostProcessTestInstance(ClassBasedTestDescriptor.java:292)
	at org.junit.jupiter.engine.descriptor.ClassBasedTestDescriptor.lambda$testInstancesProvider$4(ClassBasedTestDescriptor.java:281)
	at java.base/java.util.Optional.orElseGet(Optional.java:364)
	at org.junit.jupiter.engine.descriptor.ClassBasedTestDescriptor.lambda$testInstancesProvider$5(ClassBasedTestDescriptor.java:280)
	at org.junit.jupiter.engine.execution.TestInstancesProvider.getTestInstances(TestInstancesProvider.java:27)
	at org.junit.jupiter.engine.descriptor.TestMethodTestDescriptor.lambda$prepare$0(TestMethodTestDescriptor.java:112)
	at org.junit.platform.engine.support.hierarchical.ThrowableCollector.execute(ThrowableCollector.java:73)
	at org.junit.jupiter.engine.descriptor.TestMethodTestDescriptor.prepare(TestMethodTestDescriptor.java:111)
	at org.junit.jupiter.engine.descriptor.TestMethodTestDescriptor.prepare(TestMethodTestDescriptor.java:69)
	at org.junit.platform.engine.support.hierarchical.NodeTestTask.lambda$prepare$2(NodeTestTask.java:128)
	at org.junit.platform.engine.support.hierarchical.ThrowableCollector.execute(ThrowableCollector.java:73)
	at org.junit.platform.engine.support.hierarchical.NodeTestTask.prepare(NodeTestTask.java:128)
	at org.junit.platform.engine.support.hierarchical.NodeTestTask.execute(NodeTestTask.java:95)
	at java.base/java.util.ArrayList.forEach(ArrayList.java:1511)
	at org.junit.platform.engine.support.hierarchical.SameThreadHierarchicalTestExecutorService.invokeAll(SameThreadHierarchicalTestExecutorService.java:41)
	at org.junit.platform.engine.support.hierarchical.NodeTestTask.lambda$executeRecursively$6(NodeTestTask.java:160)
	at org.junit.platform.engine.support.hierarchical.ThrowableCollector.execute(ThrowableCollector.java:73)
	at org.junit.platform.engine.support.hierarchical.NodeTestTask.lambda$executeRecursively$8(NodeTestTask.java:146)
	at org.junit.platform.engine.support.hierarchical.Node.around(Node.java:137)
	at org.junit.platform.engine.support.hierarchical.NodeTestTask.lambda$executeRecursively$9(NodeTestTask.java:144)
	at org.junit.platform.engine.support.hierarchical.ThrowableCollector.execute(ThrowableCollector.java:73)
	at org.junit.platform.engine.support.hierarchical.NodeTestTask.executeRecursively(NodeTestTask.java:143)
	at org.junit.platform.engine.support.hierarchical.NodeTestTask.execute(NodeTestTask.java:100)
	at java.base/java.util.ArrayList.forEach(ArrayList.java:1511)
	at org.junit.platform.engine.support.hierarchical.SameThreadHierarchicalTestExecutorService.invokeAll(SameThreadHierarchicalTestExecutorService.java:41)
	at org.junit.platform.engine.support.hierarchical.NodeTestTask.lambda$executeRecursively$6(NodeTestTask.java:160)
	at org.junit.platform.engine.support.hierarchical.ThrowableCollector.execute(ThrowableCollector.java:73)
	at org.junit.platform.engine.support.hierarchical.NodeTestTask.lambda$executeRecursively$8(NodeTestTask.java:146)
	at org.junit.platform.engine.support.hierarchical.Node.around(Node.java:137)
	at org.junit.platform.engine.support.hierarchical.NodeTestTask.lambda$executeRecursively$9(NodeTestTask.java:144)
	at org.junit.platform.engine.support.hierarchical.ThrowableCollector.execute(ThrowableCollector.java:73)
	at org.junit.platform.engine.support.hierarchical.NodeTestTask.executeRecursively(NodeTestTask.java:143)
	at org.junit.platform.engine.support.hierarchical.NodeTestTask.execute(NodeTestTask.java:100)
	at org.junit.platform.engine.support.hierarchical.SameThreadHierarchicalTestExecutorService.submit(SameThreadHierarchicalTestExecutorService.java:35)
	at org.junit.platform.engine.support.hierarchical.HierarchicalTestExecutor.execute(HierarchicalTestExecutor.java:57)
	at org.junit.platform.engine.support.hierarchical.HierarchicalTestEngine.execute(HierarchicalTestEngine.java:54)
	at org.junit.platform.launcher.core.EngineExecutionOrchestrator.execute(EngineExecutionOrchestrator.java:201)
	at org.junit.platform.launcher.core.EngineExecutionOrchestrator.execute(EngineExecutionOrchestrator.java:170)
	at org.junit.platform.launcher.core.EngineExecutionOrchestrator.execute(EngineExecutionOrchestrator.java:94)
	at org.junit.platform.launcher.core.EngineExecutionOrchestrator.lambda$execute$0(EngineExecutionOrchestrator.java:59)
	at org.junit.platform.launcher.core.EngineExecutionOrchestrator.withInterceptedStreams(EngineExecutionOrchestrator.java:142)
	at org.junit.platform.launcher.core.EngineExecutionOrchestrator.execute(EngineExecutionOrchestrator.java:58)
	at org.junit.platform.launcher.core.DefaultLauncher.execute(DefaultLauncher.java:103)
	at org.junit.platform.launcher.core.DefaultLauncher.execute(DefaultLauncher.java:85)
	at org.junit.platform.launcher.core.DelegatingLauncher.execute(DelegatingLauncher.java:47)
	at org.junit.platform.launcher.core.InterceptingLauncher.lambda$execute$1(InterceptingLauncher.java:39)
	at org.junit.platform.launcher.core.ClasspathAlignmentCheckingLauncherInterceptor.intercept(ClasspathAlignmentCheckingLauncherInterceptor.java:25)
	at org.junit.platform.launcher.core.InterceptingLauncher.execute(InterceptingLauncher.java:38)
	at org.junit.platform.launcher.core.DelegatingLauncher.execute(DelegatingLauncher.java:47)
	at org.apache.maven.surefire.junitplatform.LazyLauncher.execute(LazyLauncher.java:56)
	at org.apache.maven.surefire.junitplatform.JUnitPlatformProvider.execute(JUnitPlatformProvider.java:194)
	at org.apache.maven.surefire.junitplatform.JUnitPlatformProvider.invokeAllTests(JUnitPlatformProvider.java:150)
	at org.apache.maven.surefire.junitplatform.JUnitPlatformProvider.invoke(JUnitPlatformProvider.java:124)
	at org.apache.maven.surefire.booter.ForkedBooter.runSuitesInProcess(ForkedBooter.java:385)
	at org.apache.maven.surefire.booter.ForkedBooter.execute(ForkedBooter.java:162)
	at org.apache.maven.surefire.booter.ForkedBooter.run(ForkedBooter.java:507)
	at org.apache.maven.surefire.booter.ForkedBooter.main(ForkedBooter.java:495)
Caused by: org.hibernate.DuplicateMappingException: Entity classes [com.example.ClinicaDefinitiva.infrastructure.persistence.entity.payment.PaymentEntity] and [com.example.ClinicaDefinitiva.infrastructure.persistence.payment.PaymentEntity] share the entity name 'PaymentEntity' (entity names must be distinct)
	at org.hibernate.boot.internal.InFlightMetadataCollectorImpl.addEntityBinding(InFlightMetadataCollectorImpl.java:360)
	at org.hibernate.boot.model.internal.EntityBinder.bindEntityClass(EntityBinder.java:262)
	at org.hibernate.boot.model.internal.AnnotationBinder.bindClass(AnnotationBinder.java:404)
	at org.hibernate.boot.model.source.internal.annotations.AnnotationMetadataSourceProcessorImpl.processEntityHierarchies(AnnotationMetadataSourceProcessorImpl.java:266)
	at org.hibernate.boot.model.process.spi.MetadataBuildingProcess$1.processEntityHierarchies(MetadataBuildingProcess.java:281)
	at org.hibernate.boot.model.process.spi.MetadataBuildingProcess.complete(MetadataBuildingProcess.java:324)
	at org.hibernate.jpa.boot.internal.EntityManagerFactoryBuilderImpl.metadata(EntityManagerFactoryBuilderImpl.java:1442)
	at org.hibernate.jpa.boot.internal.EntityManagerFactoryBuilderImpl.build(EntityManagerFactoryBuilderImpl.java:1513)
	at org.springframework.orm.jpa.vendor.SpringHibernateJpaPersistenceProvider.createContainerEntityManagerFactory(SpringHibernateJpaPersistenceProvider.java:66)
	at org.springframework.orm.jpa.LocalContainerEntityManagerFactoryBean.createNativeEntityManagerFactory(LocalContainerEntityManagerFactoryBean.java:390)
	at org.springframework.orm.jpa.AbstractEntityManagerFactoryBean.buildNativeEntityManagerFactory(AbstractEntityManagerFactoryBean.java:419)
	at org.springframework.orm.jpa.AbstractEntityManagerFactoryBean.afterPropertiesSet(AbstractEntityManagerFactoryBean.java:400)
	at org.springframework.orm.jpa.LocalContainerEntityManagerFactoryBean.afterPropertiesSet(LocalContainerEntityManagerFactoryBean.java:366)
	at org.springframework.beans.factory.support.AbstractAutowireCapableBeanFactory.invokeInitMethods(AbstractAutowireCapableBeanFactory.java:1873)
	at org.springframework.beans.factory.support.AbstractAutowireCapableBeanFactory.initializeBean(AbstractAutowireCapableBeanFactory.java:1822)
	... 99 common frames omitted
2026-03-22 12:14:03 WARN  [main] o.s.test.context.TestContextManager - Caught exception while allowing TestExecutionListener [org.springframework.test.context.web.ServletTestExecutionListener] to prepare test instance [com.example.ClinicaDefinitiva.ClinicaDefinitivaApplicationTests@32ef9eb]
java.lang.IllegalStateException: Failed to load ApplicationContext for [WebMergedContextConfiguration@5eed2701 testClass = com.example.ClinicaDefinitiva.ClinicaDefinitivaApplicationTests, locations = [], classes = [com.example.ClinicaDefinitiva.ClinicaDefinitivaApplication], contextInitializerClasses = [], activeProfiles = ["test"], propertySourceDescriptors = [], propertySourceProperties = ["org.springframework.boot.test.context.SpringBootTestContextBootstrapper=true"], contextCustomizers = [org.springframework.boot.test.context.filter.ExcludeFilterContextCustomizer@75f2099, org.springframework.boot.test.json.DuplicateJsonObjectContextCustomizerFactory$DuplicateJsonObjectContextCustomizer@68e62ca4, org.springframework.boot.test.mock.mockito.MockitoContextCustomizer@0, org.springframework.boot.test.web.client.TestRestTemplateContextCustomizer@4482469c, org.springframework.boot.test.web.reactor.netty.DisableReactorResourceFactoryGlobalResourcesContextCustomizerFactory$DisableReactorResourceFactoryGlobalResourcesContextCustomizerCustomizer@1869f114, org.springframework.boot.test.autoconfigure.OnFailureConditionReportContextCustomizerFactory$OnFailureConditionReportContextCustomizer@37a64f9d, org.springframework.boot.test.autoconfigure.actuate.observability.ObservabilityContextCustomizerFactory$DisableObservabilityContextCustomizer@1f, org.springframework.boot.test.autoconfigure.properties.PropertyMappingContextCustomizer@0, org.springframework.boot.test.autoconfigure.web.servlet.WebDriverContextCustomizer@4650a407, org.springframework.test.context.support.DynamicPropertiesContextCustomizer@0, org.springframework.boot.test.context.SpringBootTestAnnotation@35bb5740], resourceBasePath = "src/main/webapp", contextLoader = org.springframework.boot.test.context.SpringBootContextLoader, parent = null]
	at org.springframework.test.context.cache.DefaultCacheAwareContextLoaderDelegate.loadContext(DefaultCacheAwareContextLoaderDelegate.java:180)
	at org.springframework.test.context.support.DefaultTestContext.getApplicationContext(DefaultTestContext.java:130)
	at org.springframework.test.context.web.ServletTestExecutionListener.setUpRequestContextIfNecessary(ServletTestExecutionListener.java:200)
	at org.springframework.test.context.web.ServletTestExecutionListener.prepareTestInstance(ServletTestExecutionListener.java:139)
	at org.springframework.test.context.TestContextManager.prepareTestInstance(TestContextManager.java:260)
	at org.springframework.test.context.junit.jupiter.SpringExtension.postProcessTestInstance(SpringExtension.java:159)
	at org.junit.jupiter.engine.descriptor.ClassBasedTestDescriptor.lambda$invokeTestInstancePostProcessors$10(ClassBasedTestDescriptor.java:383)
	at org.junit.jupiter.engine.descriptor.ClassBasedTestDescriptor.executeAndMaskThrowable(ClassBasedTestDescriptor.java:388)
	at org.junit.jupiter.engine.descriptor.ClassBasedTestDescriptor.lambda$invokeTestInstancePostProcessors$11(ClassBasedTestDescriptor.java:382)
	at java.base/java.util.stream.ForEachOps$ForEachOp$OfRef.accept(ForEachOps.java:183)
	at java.base/java.util.stream.ReferencePipeline$3$1.accept(ReferencePipeline.java:197)
	at java.base/java.util.stream.ReferencePipeline$2$1.accept(ReferencePipeline.java:179)
	at java.base/java.util.stream.ReferencePipeline$3$1.accept(ReferencePipeline.java:197)
	at java.base/java.util.ArrayList$ArrayListSpliterator.forEachRemaining(ArrayList.java:1625)
	at java.base/java.util.stream.AbstractPipeline.copyInto(AbstractPipeline.java:509)
	at java.base/java.util.stream.AbstractPipeline.wrapAndCopyInto(AbstractPipeline.java:499)
	at java.base/java.util.stream.ForEachOps$ForEachOp.evaluateSequential(ForEachOps.java:150)
	at java.base/java.util.stream.ForEachOps$ForEachOp$OfRef.evaluateSequential(ForEachOps.java:173)
	at java.base/java.util.stream.AbstractPipeline.evaluate(AbstractPipeline.java:234)
	at java.base/java.util.stream.ReferencePipeline.forEach(ReferencePipeline.java:596)
	at org.junit.jupiter.engine.descriptor.ClassBasedTestDescriptor.invokeTestInstancePostProcessors(ClassBasedTestDescriptor.java:382)
	at org.junit.jupiter.engine.descriptor.ClassBasedTestDescriptor.lambda$instantiateAndPostProcessTestInstance$6(ClassBasedTestDescriptor.java:293)
	at org.junit.platform.engine.support.hierarchical.ThrowableCollector.execute(ThrowableCollector.java:73)
	at org.junit.jupiter.engine.descriptor.ClassBasedTestDescriptor.instantiateAndPostProcessTestInstance(ClassBasedTestDescriptor.java:292)
	at org.junit.jupiter.engine.descriptor.ClassBasedTestDescriptor.lambda$testInstancesProvider$4(ClassBasedTestDescriptor.java:281)
	at java.base/java.util.Optional.orElseGet(Optional.java:364)
	at org.junit.jupiter.engine.descriptor.ClassBasedTestDescriptor.lambda$testInstancesProvider$5(ClassBasedTestDescriptor.java:280)
	at org.junit.jupiter.engine.execution.TestInstancesProvider.getTestInstances(TestInstancesProvider.java:27)
	at org.junit.jupiter.engine.descriptor.TestMethodTestDescriptor.lambda$prepare$0(TestMethodTestDescriptor.java:112)
	at org.junit.platform.engine.support.hierarchical.ThrowableCollector.execute(ThrowableCollector.java:73)
	at org.junit.jupiter.engine.descriptor.TestMethodTestDescriptor.prepare(TestMethodTestDescriptor.java:111)
	at org.junit.jupiter.engine.descriptor.TestMethodTestDescriptor.prepare(TestMethodTestDescriptor.java:69)
	at org.junit.platform.engine.support.hierarchical.NodeTestTask.lambda$prepare$2(NodeTestTask.java:128)
	at org.junit.platform.engine.support.hierarchical.ThrowableCollector.execute(ThrowableCollector.java:73)
	at org.junit.platform.engine.support.hierarchical.NodeTestTask.prepare(NodeTestTask.java:128)
	at org.junit.platform.engine.support.hierarchical.NodeTestTask.execute(NodeTestTask.java:95)
	at java.base/java.util.ArrayList.forEach(ArrayList.java:1511)
	at org.junit.platform.engine.support.hierarchical.SameThreadHierarchicalTestExecutorService.invokeAll(SameThreadHierarchicalTestExecutorService.java:41)
	at org.junit.platform.engine.support.hierarchical.NodeTestTask.lambda$executeRecursively$6(NodeTestTask.java:160)
	at org.junit.platform.engine.support.hierarchical.ThrowableCollector.execute(ThrowableCollector.java:73)
	at org.junit.platform.engine.support.hierarchical.NodeTestTask.lambda$executeRecursively$8(NodeTestTask.java:146)
	at org.junit.platform.engine.support.hierarchical.Node.around(Node.java:137)
	at org.junit.platform.engine.support.hierarchical.NodeTestTask.lambda$executeRecursively$9(NodeTestTask.java:144)
	at org.junit.platform.engine.support.hierarchical.ThrowableCollector.execute(ThrowableCollector.java:73)
	at org.junit.platform.engine.support.hierarchical.NodeTestTask.executeRecursively(NodeTestTask.java:143)
	at org.junit.platform.engine.support.hierarchical.NodeTestTask.execute(NodeTestTask.java:100)
	at java.base/java.util.ArrayList.forEach(ArrayList.java:1511)
	at org.junit.platform.engine.support.hierarchical.SameThreadHierarchicalTestExecutorService.invokeAll(SameThreadHierarchicalTestExecutorService.java:41)
	at org.junit.platform.engine.support.hierarchical.NodeTestTask.lambda$executeRecursively$6(NodeTestTask.java:160)
	at org.junit.platform.engine.support.hierarchical.ThrowableCollector.execute(ThrowableCollector.java:73)
	at org.junit.platform.engine.support.hierarchical.NodeTestTask.lambda$executeRecursively$8(NodeTestTask.java:146)
	at org.junit.platform.engine.support.hierarchical.Node.around(Node.java:137)
	at org.junit.platform.engine.support.hierarchical.NodeTestTask.lambda$executeRecursively$9(NodeTestTask.java:144)
	at org.junit.platform.engine.support.hierarchical.ThrowableCollector.execute(ThrowableCollector.java:73)
	at org.junit.platform.engine.support.hierarchical.NodeTestTask.executeRecursively(NodeTestTask.java:143)
	at org.junit.platform.engine.support.hierarchical.NodeTestTask.execute(NodeTestTask.java:100)
	at org.junit.platform.engine.support.hierarchical.SameThreadHierarchicalTestExecutorService.submit(SameThreadHierarchicalTestExecutorService.java:35)
	at org.junit.platform.engine.support.hierarchical.HierarchicalTestExecutor.execute(HierarchicalTestExecutor.java:57)
	at org.junit.platform.engine.support.hierarchical.HierarchicalTestEngine.execute(HierarchicalTestEngine.java:54)
	at org.junit.platform.launcher.core.EngineExecutionOrchestrator.execute(EngineExecutionOrchestrator.java:201)
	at org.junit.platform.launcher.core.EngineExecutionOrchestrator.execute(EngineExecutionOrchestrator.java:170)
	at org.junit.platform.launcher.core.EngineExecutionOrchestrator.execute(EngineExecutionOrchestrator.java:94)
	at org.junit.platform.launcher.core.EngineExecutionOrchestrator.lambda$execute$0(EngineExecutionOrchestrator.java:59)
	at org.junit.platform.launcher.core.EngineExecutionOrchestrator.withInterceptedStreams(EngineExecutionOrchestrator.java:142)
	at org.junit.platform.launcher.core.EngineExecutionOrchestrator.execute(EngineExecutionOrchestrator.java:58)
	at org.junit.platform.launcher.core.DefaultLauncher.execute(DefaultLauncher.java:103)
	at org.junit.platform.launcher.core.DefaultLauncher.execute(DefaultLauncher.java:85)
	at org.junit.platform.launcher.core.DelegatingLauncher.execute(DelegatingLauncher.java:47)
	at org.junit.platform.launcher.core.InterceptingLauncher.lambda$execute$1(InterceptingLauncher.java:39)
	at org.junit.platform.launcher.core.ClasspathAlignmentCheckingLauncherInterceptor.intercept(ClasspathAlignmentCheckingLauncherInterceptor.java:25)
	at org.junit.platform.launcher.core.InterceptingLauncher.execute(InterceptingLauncher.java:38)
	at org.junit.platform.launcher.core.DelegatingLauncher.execute(DelegatingLauncher.java:47)
	at org.apache.maven.surefire.junitplatform.LazyLauncher.execute(LazyLauncher.java:56)
	at org.apache.maven.surefire.junitplatform.JUnitPlatformProvider.execute(JUnitPlatformProvider.java:194)
	at org.apache.maven.surefire.junitplatform.JUnitPlatformProvider.invokeAllTests(JUnitPlatformProvider.java:150)
	at org.apache.maven.surefire.junitplatform.JUnitPlatformProvider.invoke(JUnitPlatformProvider.java:124)
	at org.apache.maven.surefire.booter.ForkedBooter.runSuitesInProcess(ForkedBooter.java:385)
	at org.apache.maven.surefire.booter.ForkedBooter.execute(ForkedBooter.java:162)
	at org.apache.maven.surefire.booter.ForkedBooter.run(ForkedBooter.java:507)
	at org.apache.maven.surefire.booter.ForkedBooter.main(ForkedBooter.java:495)
Caused by: org.springframework.beans.factory.BeanCreationException: Error creating bean with name 'entityManagerFactory' defined in class path resource [org/springframework/boot/autoconfigure/orm/jpa/HibernateJpaConfiguration.class]: Entity classes [com.example.ClinicaDefinitiva.infrastructure.persistence.entity.payment.PaymentEntity] and [com.example.ClinicaDefinitiva.infrastructure.persistence.payment.PaymentEntity] share the entity name 'PaymentEntity' (entity names must be distinct)
	at org.springframework.beans.factory.support.AbstractAutowireCapableBeanFactory.initializeBean(AbstractAutowireCapableBeanFactory.java:1826)
	at org.springframework.beans.factory.support.AbstractAutowireCapableBeanFactory.doCreateBean(AbstractAutowireCapableBeanFactory.java:607)
	at org.springframework.beans.factory.support.AbstractAutowireCapableBeanFactory.createBean(AbstractAutowireCapableBeanFactory.java:529)
	at org.springframework.beans.factory.support.AbstractBeanFactory.lambda$doGetBean$0(AbstractBeanFactory.java:339)
	at org.springframework.beans.factory.support.DefaultSingletonBeanRegistry.getSingleton(DefaultSingletonBeanRegistry.java:373)
	at org.springframework.beans.factory.support.AbstractBeanFactory.doGetBean(AbstractBeanFactory.java:337)
	at org.springframework.beans.factory.support.AbstractBeanFactory.getBean(AbstractBeanFactory.java:207)
	at org.springframework.context.support.AbstractApplicationContext.finishBeanFactoryInitialization(AbstractApplicationContext.java:970)
	at org.springframework.context.support.AbstractApplicationContext.refresh(AbstractApplicationContext.java:627)
	at org.springframework.boot.SpringApplication.refresh(SpringApplication.java:753)
	at org.springframework.boot.SpringApplication.refreshContext(SpringApplication.java:439)
	at org.springframework.boot.SpringApplication.run(SpringApplication.java:318)
	at org.springframework.boot.test.context.SpringBootContextLoader.lambda$loadContext$3(SpringBootContextLoader.java:144)
	at org.springframework.util.function.ThrowingSupplier.get(ThrowingSupplier.java:58)
	at org.springframework.util.function.ThrowingSupplier.get(ThrowingSupplier.java:46)
	at org.springframework.boot.SpringApplication.withHook(SpringApplication.java:1462)
	at org.springframework.boot.test.context.SpringBootContextLoader$ContextLoaderHook.run(SpringBootContextLoader.java:563)
	at org.springframework.boot.test.context.SpringBootContextLoader.loadContext(SpringBootContextLoader.java:144)
	at org.springframework.boot.test.context.SpringBootContextLoader.loadContext(SpringBootContextLoader.java:110)
	at org.springframework.test.context.cache.DefaultCacheAwareContextLoaderDelegate.loadContextInternal(DefaultCacheAwareContextLoaderDelegate.java:225)
	at org.springframework.test.context.cache.DefaultCacheAwareContextLoaderDelegate.loadContext(DefaultCacheAwareContextLoaderDelegate.java:152)
	... 79 common frames omitted
Caused by: org.hibernate.DuplicateMappingException: Entity classes [com.example.ClinicaDefinitiva.infrastructure.persistence.entity.payment.PaymentEntity] and [com.example.ClinicaDefinitiva.infrastructure.persistence.payment.PaymentEntity] share the entity name 'PaymentEntity' (entity names must be distinct)
	at org.hibernate.boot.internal.InFlightMetadataCollectorImpl.addEntityBinding(InFlightMetadataCollectorImpl.java:360)
	at org.hibernate.boot.model.internal.EntityBinder.bindEntityClass(EntityBinder.java:262)
	at org.hibernate.boot.model.internal.AnnotationBinder.bindClass(AnnotationBinder.java:404)
	at org.hibernate.boot.model.source.internal.annotations.AnnotationMetadataSourceProcessorImpl.processEntityHierarchies(AnnotationMetadataSourceProcessorImpl.java:266)
	at org.hibernate.boot.model.process.spi.MetadataBuildingProcess$1.processEntityHierarchies(MetadataBuildingProcess.java:281)
	at org.hibernate.boot.model.process.spi.MetadataBuildingProcess.complete(MetadataBuildingProcess.java:324)
	at org.hibernate.jpa.boot.internal.EntityManagerFactoryBuilderImpl.metadata(EntityManagerFactoryBuilderImpl.java:1442)
	at org.hibernate.jpa.boot.internal.EntityManagerFactoryBuilderImpl.build(EntityManagerFactoryBuilderImpl.java:1513)
	at org.springframework.orm.jpa.vendor.SpringHibernateJpaPersistenceProvider.createContainerEntityManagerFactory(SpringHibernateJpaPersistenceProvider.java:66)
	at org.springframework.orm.jpa.LocalContainerEntityManagerFactoryBean.createNativeEntityManagerFactory(LocalContainerEntityManagerFactoryBean.java:390)
	at org.springframework.orm.jpa.AbstractEntityManagerFactoryBean.buildNativeEntityManagerFactory(AbstractEntityManagerFactoryBean.java:419)
	at org.springframework.orm.jpa.AbstractEntityManagerFactoryBean.afterPropertiesSet(AbstractEntityManagerFactoryBean.java:400)
	at org.springframework.orm.jpa.LocalContainerEntityManagerFactoryBean.afterPropertiesSet(LocalContainerEntityManagerFactoryBean.java:366)
	at org.springframework.beans.factory.support.AbstractAutowireCapableBeanFactory.invokeInitMethods(AbstractAutowireCapableBeanFactory.java:1873)
	at org.springframework.beans.factory.support.AbstractAutowireCapableBeanFactory.initializeBean(AbstractAutowireCapableBeanFactory.java:1822)
	... 99 common frames omitted
2026-03-22 15:56:21 INFO  [background-preinit] o.h.validator.internal.util.Version - HV000001: Hibernate Validator 8.0.2.Final
2026-03-22 15:56:21 DEBUG [background-preinit] o.h.v.i.x.config.ValidationXmlParser - Trying to load META-INF/validation.xml for XML based Validator configuration.
2026-03-22 15:56:21 DEBUG [background-preinit] o.h.v.i.x.c.ResourceLoaderHelper - Trying to load META-INF/validation.xml via TCCL
2026-03-22 15:56:21 DEBUG [background-preinit] o.h.v.i.x.c.ResourceLoaderHelper - Trying to load META-INF/validation.xml via Hibernate Validator's class loader
2026-03-22 15:56:21 DEBUG [background-preinit] o.h.v.i.x.config.ValidationXmlParser - No META-INF/validation.xml found. Using annotation based configuration only.
2026-03-22 15:56:21 DEBUG [background-preinit] o.h.v.i.e.r.TraversableResolvers - Found jakarta.persistence.Persistence on classpath containing 'getPersistenceUtil'. Assuming JPA 2 environment. Trying to instantiate JPA aware TraversableResolver
2026-03-22 15:56:21 DEBUG [background-preinit] o.h.v.i.e.r.TraversableResolvers - Instantiated JPA aware TraversableResolver of type org.hibernate.validator.internal.engine.resolver.JPATraversableResolver.
2026-03-22 15:56:22 INFO  [main] c.e.C.ClinicaDefinitivaApplicationTests - Starting ClinicaDefinitivaApplicationTests using Java 17.0.10 with PID 30332 (started by David in C:\Users\David\OneDrive\Documents\proyectosJava\ClinicaDefinitiva)
2026-03-22 15:56:22 INFO  [main] c.e.C.ClinicaDefinitivaApplicationTests - The following 1 profile is active: "test"
2026-03-22 15:56:22 DEBUG [background-preinit] o.h.v.m.ResourceBundleMessageInterpolator - Loaded expression factory via original TCCL
2026-03-22 15:56:22 DEBUG [main] o.s.w.c.s.GenericWebApplicationContext - Refreshing org.springframework.web.context.support.GenericWebApplicationContext@55421b8d
2026-03-22 15:56:23 DEBUG [background-preinit] o.h.v.i.e.ValidatorFactoryConfigurationHelper - HV000252: Using org.hibernate.validator.internal.engine.DefaultPropertyNodeNameProvider as property node name provider.
2026-03-22 15:56:23 DEBUG [background-preinit] o.h.v.i.e.ValidatorFactoryConfigurationHelper - HV000234: Using org.hibernate.validator.messageinterpolation.ResourceBundleMessageInterpolator as ValidatorFactory-scoped message interpolator.
2026-03-22 15:56:23 DEBUG [background-preinit] o.h.v.i.e.ValidatorFactoryConfigurationHelper - HV000234: Using org.hibernate.validator.internal.engine.resolver.JPATraversableResolver as ValidatorFactory-scoped traversable resolver.
2026-03-22 15:56:23 DEBUG [background-preinit] o.h.v.i.e.ValidatorFactoryConfigurationHelper - HV000234: Using org.hibernate.validator.internal.util.ExecutableParameterNameProvider as ValidatorFactory-scoped parameter name provider.
2026-03-22 15:56:23 DEBUG [background-preinit] o.h.v.i.e.ValidatorFactoryConfigurationHelper - HV000234: Using org.hibernate.validator.internal.engine.DefaultClockProvider as ValidatorFactory-scoped clock provider.
2026-03-22 15:56:23 DEBUG [background-preinit] o.h.v.i.e.ValidatorFactoryConfigurationHelper - HV000234: Using org.hibernate.validator.internal.engine.scripting.DefaultScriptEvaluatorFactory as ValidatorFactory-scoped script evaluator factory.
2026-03-22 15:56:37 INFO  [main] o.s.d.r.c.RepositoryConfigurationDelegate - Bootstrapping Spring Data JPA repositories in DEFAULT mode.
2026-03-22 15:56:39 INFO  [main] o.s.d.r.c.RepositoryConfigurationDelegate - Finished Spring Data repository scanning in 1502 ms. Found 21 JPA repository interfaces.
2026-03-22 15:56:45 INFO  [main] o.h.jpa.internal.util.LogHelper - HHH000204: Processing PersistenceUnitInfo [name: default]
2026-03-22 15:56:45 INFO  [main] org.hibernate.Version - HHH000412: Hibernate ORM core version 6.6.15.Final
2026-03-22 15:56:46 INFO  [main] o.h.c.i.RegionFactoryInitiator - HHH000026: Second-level cache disabled
2026-03-22 15:56:49 INFO  [main] o.s.o.j.p.SpringPersistenceUnitInfo - No LoadTimeWeaver setup: ignoring JPA class transformer
2026-03-22 15:56:49 INFO  [main] com.zaxxer.hikari.HikariDataSource - HikariPool-1 - Starting...
2026-03-22 15:56:51 INFO  [main] com.zaxxer.hikari.pool.HikariPool - HikariPool-1 - Added connection conn0: url=jdbc:h2:mem:testdb user=SA
2026-03-22 15:56:51 INFO  [main] com.zaxxer.hikari.HikariDataSource - HikariPool-1 - Start completed.
2026-03-22 15:56:51 WARN  [main] org.hibernate.orm.deprecation - HHH90000025: H2Dialect does not need to be specified explicitly using 'hibernate.dialect' (remove the property setting and it will be selected by default)
2026-03-22 15:56:51 INFO  [main] o.hibernate.orm.connections.pooling - HHH10001005: Database info:
	Database JDBC URL [Connecting through datasource 'HikariDataSource (HikariPool-1)']
	Database driver: undefined/unknown
	Database version: 2.3.232
	Autocommit mode: undefined/unknown
	Isolation level: undefined/unknown
	Minimum pool size: undefined/unknown
	Maximum pool size: undefined/unknown
2026-03-22 15:56:54 DEBUG [main] o.h.v.i.x.config.ValidationXmlParser - Trying to load META-INF/validation.xml for XML based Validator configuration.
2026-03-22 15:56:54 DEBUG [main] o.h.v.i.x.c.ResourceLoaderHelper - Trying to load META-INF/validation.xml via TCCL
2026-03-22 15:56:54 DEBUG [main] o.h.v.i.x.c.ResourceLoaderHelper - Trying to load META-INF/validation.xml via Hibernate Validator's class loader
2026-03-22 15:56:54 DEBUG [main] o.h.v.i.x.config.ValidationXmlParser - No META-INF/validation.xml found. Using annotation based configuration only.
2026-03-22 15:56:54 DEBUG [main] o.h.v.i.e.r.TraversableResolvers - Found jakarta.persistence.Persistence on classpath containing 'getPersistenceUtil'. Assuming JPA 2 environment. Trying to instantiate JPA aware TraversableResolver
2026-03-22 15:56:54 DEBUG [main] o.h.v.i.e.r.TraversableResolvers - Instantiated JPA aware TraversableResolver of type org.hibernate.validator.internal.engine.resolver.JPATraversableResolver.
2026-03-22 15:56:54 DEBUG [main] o.h.v.m.ResourceBundleMessageInterpolator - Loaded expression factory via original TCCL
2026-03-22 15:56:54 DEBUG [main] o.h.v.i.e.ValidatorFactoryConfigurationHelper - HV000252: Using org.hibernate.validator.internal.engine.DefaultPropertyNodeNameProvider as property node name provider.
2026-03-22 15:56:54 DEBUG [main] o.h.v.i.e.ValidatorFactoryConfigurationHelper - HV000234: Using org.hibernate.validator.messageinterpolation.ResourceBundleMessageInterpolator as ValidatorFactory-scoped message interpolator.
2026-03-22 15:56:54 DEBUG [main] o.h.v.i.e.ValidatorFactoryConfigurationHelper - HV000234: Using org.hibernate.validator.internal.engine.resolver.JPATraversableResolver as ValidatorFactory-scoped traversable resolver.
2026-03-22 15:56:54 DEBUG [main] o.h.v.i.e.ValidatorFactoryConfigurationHelper - HV000234: Using org.hibernate.validator.internal.util.ExecutableParameterNameProvider as ValidatorFactory-scoped parameter name provider.
2026-03-22 15:56:54 DEBUG [main] o.h.v.i.e.ValidatorFactoryConfigurationHelper - HV000234: Using org.hibernate.validator.internal.engine.DefaultClockProvider as ValidatorFactory-scoped clock provider.
2026-03-22 15:56:54 DEBUG [main] o.h.v.i.e.ValidatorFactoryConfigurationHelper - HV000234: Using org.hibernate.validator.internal.engine.scripting.DefaultScriptEvaluatorFactory as ValidatorFactory-scoped script evaluator factory.
2026-03-22 15:57:05 INFO  [main] o.h.e.t.j.p.i.JtaPlatformInitiator - HHH000489: No JTA platform available (set 'hibernate.transaction.jta.platform' to enable JTA platform integration)
2026-03-22 15:57:09 INFO  [main] o.s.o.j.LocalContainerEntityManagerFactoryBean - Initialized JPA EntityManagerFactory for persistence unit 'default'
2026-03-22 15:57:21 INFO  [main] o.s.d.j.r.query.QueryEnhancerFactory - Hibernate is in classpath; If applicable, HQL parser will be used.
2026-03-22 15:57:50 INFO  [main] c.e.C.i.p.s.StripePaymentGateway - ? Stripe payment gateway initialized
2026-03-22 15:57:50 INFO  [main] c.e.C.i.p.s.StripePaymentGateway - ? Stripe payment gateway initialized
2026-03-22 15:57:50 WARN  [main] o.s.w.c.s.GenericWebApplicationContext - Exception encountered during context initialization - cancelling refresh attempt: org.springframework.beans.factory.UnsatisfiedDependencyException: Error creating bean with name 'paymentApplicationService' defined in file [C:\Users\David\OneDrive\Documents\proyectosJava\ClinicaDefinitiva\target\classes\com\example\ClinicaDefinitiva\application\service\payment\PaymentApplicationService.class]: Unsatisfied dependency expressed through constructor parameter 0: Error creating bean with name 'paymentProcessingService' defined in file [C:\Users\David\OneDrive\Documents\proyectosJava\ClinicaDefinitiva\target\classes\com\example\ClinicaDefinitiva\domain\payment\service\PaymentProcessingService.class]: Unsatisfied dependency expressed through constructor parameter 1: Error creating bean with name 'paymentAdapter' defined in file [C:\Users\David\OneDrive\Documents\proyectosJava\ClinicaDefinitiva\target\classes\com\example\ClinicaDefinitiva\infrastructure\persistence\payment\PaymentAdapter.class]: Unsatisfied dependency expressed through constructor parameter 0: Error creating bean with name 'springDataPaymentRepository' defined in com.example.ClinicaDefinitiva.infrastructure.persistence.payment.SpringDataPaymentRepository defined in @EnableJpaRepositories declared on JpaRepositoriesRegistrar.EnableJpaRepositoriesConfiguration: Could not create query for public abstract java.util.List com.example.ClinicaDefinitiva.infrastructure.persistence.payment.SpringDataPaymentRepository.findConfirmedPaymentsByInvoice(java.lang.Long); Reason: Validation failed for query for method public abstract java.util.List com.example.ClinicaDefinitiva.infrastructure.persistence.payment.SpringDataPaymentRepository.findConfirmedPaymentsByInvoice(java.lang.Long)
2026-03-22 15:57:51 INFO  [main] o.s.o.j.LocalContainerEntityManagerFactoryBean - Closing JPA EntityManagerFactory for persistence unit 'default'
2026-03-22 15:57:51 INFO  [main] com.zaxxer.hikari.HikariDataSource - HikariPool-1 - Shutdown initiated...
2026-03-22 15:57:51 INFO  [main] com.zaxxer.hikari.HikariDataSource - HikariPool-1 - Shutdown completed.
2026-03-22 15:57:51 INFO  [main] o.s.b.a.l.ConditionEvaluationReportLogger - 

Error starting ApplicationContext. To display the condition evaluation report re-run your application with 'debug' enabled.
2026-03-22 15:57:52 ERROR [main] o.s.boot.SpringApplication - Application run failed
org.springframework.beans.factory.UnsatisfiedDependencyException: Error creating bean with name 'paymentApplicationService' defined in file [C:\Users\David\OneDrive\Documents\proyectosJava\ClinicaDefinitiva\target\classes\com\example\ClinicaDefinitiva\application\service\payment\PaymentApplicationService.class]: Unsatisfied dependency expressed through constructor parameter 0: Error creating bean with name 'paymentProcessingService' defined in file [C:\Users\David\OneDrive\Documents\proyectosJava\ClinicaDefinitiva\target\classes\com\example\ClinicaDefinitiva\domain\payment\service\PaymentProcessingService.class]: Unsatisfied dependency expressed through constructor parameter 1: Error creating bean with name 'paymentAdapter' defined in file [C:\Users\David\OneDrive\Documents\proyectosJava\ClinicaDefinitiva\target\classes\com\example\ClinicaDefinitiva\infrastructure\persistence\payment\PaymentAdapter.class]: Unsatisfied dependency expressed through constructor parameter 0: Error creating bean with name 'springDataPaymentRepository' defined in com.example.ClinicaDefinitiva.infrastructure.persistence.payment.SpringDataPaymentRepository defined in @EnableJpaRepositories declared on JpaRepositoriesRegistrar.EnableJpaRepositoriesConfiguration: Could not create query for public abstract java.util.List com.example.ClinicaDefinitiva.infrastructure.persistence.payment.SpringDataPaymentRepository.findConfirmedPaymentsByInvoice(java.lang.Long); Reason: Validation failed for query for method public abstract java.util.List com.example.ClinicaDefinitiva.infrastructure.persistence.payment.SpringDataPaymentRepository.findConfirmedPaymentsByInvoice(java.lang.Long)
	at org.springframework.beans.factory.support.ConstructorResolver.createArgumentArray(ConstructorResolver.java:804)
	at org.springframework.beans.factory.support.ConstructorResolver.autowireConstructor(ConstructorResolver.java:240)
	at org.springframework.beans.factory.support.AbstractAutowireCapableBeanFactory.autowireConstructor(AbstractAutowireCapableBeanFactory.java:1395)
	at org.springframework.beans.factory.support.AbstractAutowireCapableBeanFactory.createBeanInstance(AbstractAutowireCapableBeanFactory.java:1232)
	at org.springframework.beans.factory.support.AbstractAutowireCapableBeanFactory.doCreateBean(AbstractAutowireCapableBeanFactory.java:569)
	at org.springframework.beans.factory.support.AbstractAutowireCapableBeanFactory.createBean(AbstractAutowireCapableBeanFactory.java:529)
	at org.springframework.beans.factory.support.AbstractBeanFactory.lambda$doGetBean$0(AbstractBeanFactory.java:339)
	at org.springframework.beans.factory.support.DefaultSingletonBeanRegistry.getSingleton(DefaultSingletonBeanRegistry.java:373)
	at org.springframework.beans.factory.support.AbstractBeanFactory.doGetBean(AbstractBeanFactory.java:337)
	at org.springframework.beans.factory.support.AbstractBeanFactory.getBean(AbstractBeanFactory.java:202)
	at org.springframework.beans.factory.support.DefaultListableBeanFactory.instantiateSingleton(DefaultListableBeanFactory.java:1222)
	at org.springframework.beans.factory.support.DefaultListableBeanFactory.preInstantiateSingleton(DefaultListableBeanFactory.java:1188)
	at org.springframework.beans.factory.support.DefaultListableBeanFactory.preInstantiateSingletons(DefaultListableBeanFactory.java:1123)
	at org.springframework.context.support.AbstractApplicationContext.finishBeanFactoryInitialization(AbstractApplicationContext.java:987)
	at org.springframework.context.support.AbstractApplicationContext.refresh(AbstractApplicationContext.java:627)
	at org.springframework.boot.SpringApplication.refresh(SpringApplication.java:753)
	at org.springframework.boot.SpringApplication.refreshContext(SpringApplication.java:439)
	at org.springframework.boot.SpringApplication.run(SpringApplication.java:318)
	at org.springframework.boot.test.context.SpringBootContextLoader.lambda$loadContext$3(SpringBootContextLoader.java:144)
	at org.springframework.util.function.ThrowingSupplier.get(ThrowingSupplier.java:58)
	at org.springframework.util.function.ThrowingSupplier.get(ThrowingSupplier.java:46)
	at org.springframework.boot.SpringApplication.withHook(SpringApplication.java:1462)
	at org.springframework.boot.test.context.SpringBootContextLoader$ContextLoaderHook.run(SpringBootContextLoader.java:563)
	at org.springframework.boot.test.context.SpringBootContextLoader.loadContext(SpringBootContextLoader.java:144)
	at org.springframework.boot.test.context.SpringBootContextLoader.loadContext(SpringBootContextLoader.java:110)
	at org.springframework.test.context.cache.DefaultCacheAwareContextLoaderDelegate.loadContextInternal(DefaultCacheAwareContextLoaderDelegate.java:225)
	at org.springframework.test.context.cache.DefaultCacheAwareContextLoaderDelegate.loadContext(DefaultCacheAwareContextLoaderDelegate.java:152)
	at org.springframework.test.context.support.DefaultTestContext.getApplicationContext(DefaultTestContext.java:130)
	at org.springframework.test.context.web.ServletTestExecutionListener.setUpRequestContextIfNecessary(ServletTestExecutionListener.java:200)
	at org.springframework.test.context.web.ServletTestExecutionListener.prepareTestInstance(ServletTestExecutionListener.java:139)
	at org.springframework.test.context.TestContextManager.prepareTestInstance(TestContextManager.java:260)
	at org.springframework.test.context.junit.jupiter.SpringExtension.postProcessTestInstance(SpringExtension.java:159)
	at org.junit.jupiter.engine.descriptor.ClassBasedTestDescriptor.lambda$invokeTestInstancePostProcessors$10(ClassBasedTestDescriptor.java:383)
	at org.junit.jupiter.engine.descriptor.ClassBasedTestDescriptor.executeAndMaskThrowable(ClassBasedTestDescriptor.java:388)
	at org.junit.jupiter.engine.descriptor.ClassBasedTestDescriptor.lambda$invokeTestInstancePostProcessors$11(ClassBasedTestDescriptor.java:382)
	at java.base/java.util.stream.ForEachOps$ForEachOp$OfRef.accept(ForEachOps.java:183)
	at java.base/java.util.stream.ReferencePipeline$3$1.accept(ReferencePipeline.java:197)
	at java.base/java.util.stream.ReferencePipeline$2$1.accept(ReferencePipeline.java:179)
	at java.base/java.util.stream.ReferencePipeline$3$1.accept(ReferencePipeline.java:197)
	at java.base/java.util.ArrayList$ArrayListSpliterator.forEachRemaining(ArrayList.java:1625)
	at java.base/java.util.stream.AbstractPipeline.copyInto(AbstractPipeline.java:509)
	at java.base/java.util.stream.AbstractPipeline.wrapAndCopyInto(AbstractPipeline.java:499)
	at java.base/java.util.stream.ForEachOps$ForEachOp.evaluateSequential(ForEachOps.java:150)
	at java.base/java.util.stream.ForEachOps$ForEachOp$OfRef.evaluateSequential(ForEachOps.java:173)
	at java.base/java.util.stream.AbstractPipeline.evaluate(AbstractPipeline.java:234)
	at java.base/java.util.stream.ReferencePipeline.forEach(ReferencePipeline.java:596)
	at org.junit.jupiter.engine.descriptor.ClassBasedTestDescriptor.invokeTestInstancePostProcessors(ClassBasedTestDescriptor.java:382)
	at org.junit.jupiter.engine.descriptor.ClassBasedTestDescriptor.lambda$instantiateAndPostProcessTestInstance$6(ClassBasedTestDescriptor.java:293)
	at org.junit.platform.engine.support.hierarchical.ThrowableCollector.execute(ThrowableCollector.java:73)
	at org.junit.jupiter.engine.descriptor.ClassBasedTestDescriptor.instantiateAndPostProcessTestInstance(ClassBasedTestDescriptor.java:292)
	at org.junit.jupiter.engine.descriptor.ClassBasedTestDescriptor.lambda$testInstancesProvider$4(ClassBasedTestDescriptor.java:281)
	at java.base/java.util.Optional.orElseGet(Optional.java:364)
	at org.junit.jupiter.engine.descriptor.ClassBasedTestDescriptor.lambda$testInstancesProvider$5(ClassBasedTestDescriptor.java:280)
	at org.junit.jupiter.engine.execution.TestInstancesProvider.getTestInstances(TestInstancesProvider.java:27)
	at org.junit.jupiter.engine.descriptor.TestMethodTestDescriptor.lambda$prepare$0(TestMethodTestDescriptor.java:112)
	at org.junit.platform.engine.support.hierarchical.ThrowableCollector.execute(ThrowableCollector.java:73)
	at org.junit.jupiter.engine.descriptor.TestMethodTestDescriptor.prepare(TestMethodTestDescriptor.java:111)
	at org.junit.jupiter.engine.descriptor.TestMethodTestDescriptor.prepare(TestMethodTestDescriptor.java:69)
	at org.junit.platform.engine.support.hierarchical.NodeTestTask.lambda$prepare$2(NodeTestTask.java:128)
	at org.junit.platform.engine.support.hierarchical.ThrowableCollector.execute(ThrowableCollector.java:73)
	at org.junit.platform.engine.support.hierarchical.NodeTestTask.prepare(NodeTestTask.java:128)
	at org.junit.platform.engine.support.hierarchical.NodeTestTask.execute(NodeTestTask.java:95)
	at java.base/java.util.ArrayList.forEach(ArrayList.java:1511)
	at org.junit.platform.engine.support.hierarchical.SameThreadHierarchicalTestExecutorService.invokeAll(SameThreadHierarchicalTestExecutorService.java:41)
	at org.junit.platform.engine.support.hierarchical.NodeTestTask.lambda$executeRecursively$6(NodeTestTask.java:160)
	at org.junit.platform.engine.support.hierarchical.ThrowableCollector.execute(ThrowableCollector.java:73)
	at org.junit.platform.engine.support.hierarchical.NodeTestTask.lambda$executeRecursively$8(NodeTestTask.java:146)
	at org.junit.platform.engine.support.hierarchical.Node.around(Node.java:137)
	at org.junit.platform.engine.support.hierarchical.NodeTestTask.lambda$executeRecursively$9(NodeTestTask.java:144)
	at org.junit.platform.engine.support.hierarchical.ThrowableCollector.execute(ThrowableCollector.java:73)
	at org.junit.platform.engine.support.hierarchical.NodeTestTask.executeRecursively(NodeTestTask.java:143)
	at org.junit.platform.engine.support.hierarchical.NodeTestTask.execute(NodeTestTask.java:100)
	at java.base/java.util.ArrayList.forEach(ArrayList.java:1511)
	at org.junit.platform.engine.support.hierarchical.SameThreadHierarchicalTestExecutorService.invokeAll(SameThreadHierarchicalTestExecutorService.java:41)
	at org.junit.platform.engine.support.hierarchical.NodeTestTask.lambda$executeRecursively$6(NodeTestTask.java:160)
	at org.junit.platform.engine.support.hierarchical.ThrowableCollector.execute(ThrowableCollector.java:73)
	at org.junit.platform.engine.support.hierarchical.NodeTestTask.lambda$executeRecursively$8(NodeTestTask.java:146)
	at org.junit.platform.engine.support.hierarchical.Node.around(Node.java:137)
	at org.junit.platform.engine.support.hierarchical.NodeTestTask.lambda$executeRecursively$9(NodeTestTask.java:144)
	at org.junit.platform.engine.support.hierarchical.ThrowableCollector.execute(ThrowableCollector.java:73)
	at org.junit.platform.engine.support.hierarchical.NodeTestTask.executeRecursively(NodeTestTask.java:143)
	at org.junit.platform.engine.support.hierarchical.NodeTestTask.execute(NodeTestTask.java:100)
	at org.junit.platform.engine.support.hierarchical.SameThreadHierarchicalTestExecutorService.submit(SameThreadHierarchicalTestExecutorService.java:35)
	at org.junit.platform.engine.support.hierarchical.HierarchicalTestExecutor.execute(HierarchicalTestExecutor.java:57)
	at org.junit.platform.engine.support.hierarchical.HierarchicalTestEngine.execute(HierarchicalTestEngine.java:54)
	at org.junit.platform.launcher.core.EngineExecutionOrchestrator.execute(EngineExecutionOrchestrator.java:201)
	at org.junit.platform.launcher.core.EngineExecutionOrchestrator.execute(EngineExecutionOrchestrator.java:170)
	at org.junit.platform.launcher.core.EngineExecutionOrchestrator.execute(EngineExecutionOrchestrator.java:94)
	at org.junit.platform.launcher.core.EngineExecutionOrchestrator.lambda$execute$0(EngineExecutionOrchestrator.java:59)
	at org.junit.platform.launcher.core.EngineExecutionOrchestrator.withInterceptedStreams(EngineExecutionOrchestrator.java:142)
	at org.junit.platform.launcher.core.EngineExecutionOrchestrator.execute(EngineExecutionOrchestrator.java:58)
	at org.junit.platform.launcher.core.DefaultLauncher.execute(DefaultLauncher.java:103)
	at org.junit.platform.launcher.core.DefaultLauncher.execute(DefaultLauncher.java:85)
	at org.junit.platform.launcher.core.DelegatingLauncher.execute(DelegatingLauncher.java:47)
	at org.junit.platform.launcher.core.InterceptingLauncher.lambda$execute$1(InterceptingLauncher.java:39)
	at org.junit.platform.launcher.core.ClasspathAlignmentCheckingLauncherInterceptor.intercept(ClasspathAlignmentCheckingLauncherInterceptor.java:25)
	at org.junit.platform.launcher.core.InterceptingLauncher.execute(InterceptingLauncher.java:38)
	at org.junit.platform.launcher.core.DelegatingLauncher.execute(DelegatingLauncher.java:47)
	at org.apache.maven.surefire.junitplatform.LazyLauncher.execute(LazyLauncher.java:56)
	at org.apache.maven.surefire.junitplatform.JUnitPlatformProvider.execute(JUnitPlatformProvider.java:194)
	at org.apache.maven.surefire.junitplatform.JUnitPlatformProvider.invokeAllTests(JUnitPlatformProvider.java:150)
	at org.apache.maven.surefire.junitplatform.JUnitPlatformProvider.invoke(JUnitPlatformProvider.java:124)
	at org.apache.maven.surefire.booter.ForkedBooter.runSuitesInProcess(ForkedBooter.java:385)
	at org.apache.maven.surefire.booter.ForkedBooter.execute(ForkedBooter.java:162)
	at org.apache.maven.surefire.booter.ForkedBooter.run(ForkedBooter.java:507)
	at org.apache.maven.surefire.booter.ForkedBooter.main(ForkedBooter.java:495)
Caused by: org.springframework.beans.factory.UnsatisfiedDependencyException: Error creating bean with name 'paymentProcessingService' defined in file [C:\Users\David\OneDrive\Documents\proyectosJava\ClinicaDefinitiva\target\classes\com\example\ClinicaDefinitiva\domain\payment\service\PaymentProcessingService.class]: Unsatisfied dependency expressed through constructor parameter 1: Error creating bean with name 'paymentAdapter' defined in file [C:\Users\David\OneDrive\Documents\proyectosJava\ClinicaDefinitiva\target\classes\com\example\ClinicaDefinitiva\infrastructure\persistence\payment\PaymentAdapter.class]: Unsatisfied dependency expressed through constructor parameter 0: Error creating bean with name 'springDataPaymentRepository' defined in com.example.ClinicaDefinitiva.infrastructure.persistence.payment.SpringDataPaymentRepository defined in @EnableJpaRepositories declared on JpaRepositoriesRegistrar.EnableJpaRepositoriesConfiguration: Could not create query for public abstract java.util.List com.example.ClinicaDefinitiva.infrastructure.persistence.payment.SpringDataPaymentRepository.findConfirmedPaymentsByInvoice(java.lang.Long); Reason: Validation failed for query for method public abstract java.util.List com.example.ClinicaDefinitiva.infrastructure.persistence.payment.SpringDataPaymentRepository.findConfirmedPaymentsByInvoice(java.lang.Long)
	at org.springframework.beans.factory.support.ConstructorResolver.createArgumentArray(ConstructorResolver.java:804)
	at org.springframework.beans.factory.support.ConstructorResolver.autowireConstructor(ConstructorResolver.java:240)
	at org.springframework.beans.factory.support.AbstractAutowireCapableBeanFactory.autowireConstructor(AbstractAutowireCapableBeanFactory.java:1395)
	at org.springframework.beans.factory.support.AbstractAutowireCapableBeanFactory.createBeanInstance(AbstractAutowireCapableBeanFactory.java:1232)
	at org.springframework.beans.factory.support.AbstractAutowireCapableBeanFactory.doCreateBean(AbstractAutowireCapableBeanFactory.java:569)
	at org.springframework.beans.factory.support.AbstractAutowireCapableBeanFactory.createBean(AbstractAutowireCapableBeanFactory.java:529)
	at org.springframework.beans.factory.support.AbstractBeanFactory.lambda$doGetBean$0(AbstractBeanFactory.java:339)
	at org.springframework.beans.factory.support.DefaultSingletonBeanRegistry.getSingleton(DefaultSingletonBeanRegistry.java:373)
	at org.springframework.beans.factory.support.AbstractBeanFactory.doGetBean(AbstractBeanFactory.java:337)
	at org.springframework.beans.factory.support.AbstractBeanFactory.getBean(AbstractBeanFactory.java:202)
	at org.springframework.beans.factory.support.DefaultListableBeanFactory.doResolveDependency(DefaultListableBeanFactory.java:1682)
	at org.springframework.beans.factory.support.DefaultListableBeanFactory.resolveDependency(DefaultListableBeanFactory.java:1628)
	at org.springframework.beans.factory.support.ConstructorResolver.resolveAutowiredArgument(ConstructorResolver.java:913)
	at org.springframework.beans.factory.support.ConstructorResolver.createArgumentArray(ConstructorResolver.java:791)
	... 105 common frames omitted
Caused by: org.springframework.beans.factory.UnsatisfiedDependencyException: Error creating bean with name 'paymentAdapter' defined in file [C:\Users\David\OneDrive\Documents\proyectosJava\ClinicaDefinitiva\target\classes\com\example\ClinicaDefinitiva\infrastructure\persistence\payment\PaymentAdapter.class]: Unsatisfied dependency expressed through constructor parameter 0: Error creating bean with name 'springDataPaymentRepository' defined in com.example.ClinicaDefinitiva.infrastructure.persistence.payment.SpringDataPaymentRepository defined in @EnableJpaRepositories declared on JpaRepositoriesRegistrar.EnableJpaRepositoriesConfiguration: Could not create query for public abstract java.util.List com.example.ClinicaDefinitiva.infrastructure.persistence.payment.SpringDataPaymentRepository.findConfirmedPaymentsByInvoice(java.lang.Long); Reason: Validation failed for query for method public abstract java.util.List com.example.ClinicaDefinitiva.infrastructure.persistence.payment.SpringDataPaymentRepository.findConfirmedPaymentsByInvoice(java.lang.Long)
	at org.springframework.beans.factory.support.ConstructorResolver.createArgumentArray(ConstructorResolver.java:804)
	at org.springframework.beans.factory.support.ConstructorResolver.autowireConstructor(ConstructorResolver.java:240)
	at org.springframework.beans.factory.support.AbstractAutowireCapableBeanFactory.autowireConstructor(AbstractAutowireCapableBeanFactory.java:1395)
	at org.springframework.beans.factory.support.AbstractAutowireCapableBeanFactory.createBeanInstance(AbstractAutowireCapableBeanFactory.java:1232)
	at org.springframework.beans.factory.support.AbstractAutowireCapableBeanFactory.doCreateBean(AbstractAutowireCapableBeanFactory.java:569)
	at org.springframework.beans.factory.support.AbstractAutowireCapableBeanFactory.createBean(AbstractAutowireCapableBeanFactory.java:529)
	at org.springframework.beans.factory.support.AbstractBeanFactory.lambda$doGetBean$0(AbstractBeanFactory.java:339)
	at org.springframework.beans.factory.support.DefaultSingletonBeanRegistry.getSingleton(DefaultSingletonBeanRegistry.java:373)
	at org.springframework.beans.factory.support.AbstractBeanFactory.doGetBean(AbstractBeanFactory.java:337)
	at org.springframework.beans.factory.support.AbstractBeanFactory.getBean(AbstractBeanFactory.java:202)
	at org.springframework.beans.factory.config.DependencyDescriptor.resolveCandidate(DependencyDescriptor.java:254)
	at org.springframework.beans.factory.support.DefaultListableBeanFactory.doResolveDependency(DefaultListableBeanFactory.java:1740)
	at org.springframework.beans.factory.support.DefaultListableBeanFactory.resolveDependency(DefaultListableBeanFactory.java:1628)
	at org.springframework.beans.factory.support.ConstructorResolver.resolveAutowiredArgument(ConstructorResolver.java:913)
	at org.springframework.beans.factory.support.ConstructorResolver.createArgumentArray(ConstructorResolver.java:791)
	... 118 common frames omitted
Caused by: org.springframework.beans.factory.BeanCreationException: Error creating bean with name 'springDataPaymentRepository' defined in com.example.ClinicaDefinitiva.infrastructure.persistence.payment.SpringDataPaymentRepository defined in @EnableJpaRepositories declared on JpaRepositoriesRegistrar.EnableJpaRepositoriesConfiguration: Could not create query for public abstract java.util.List com.example.ClinicaDefinitiva.infrastructure.persistence.payment.SpringDataPaymentRepository.findConfirmedPaymentsByInvoice(java.lang.Long); Reason: Validation failed for query for method public abstract java.util.List com.example.ClinicaDefinitiva.infrastructure.persistence.payment.SpringDataPaymentRepository.findConfirmedPaymentsByInvoice(java.lang.Long)
	at org.springframework.beans.factory.support.AbstractAutowireCapableBeanFactory.initializeBean(AbstractAutowireCapableBeanFactory.java:1826)
	at org.springframework.beans.factory.support.AbstractAutowireCapableBeanFactory.doCreateBean(AbstractAutowireCapableBeanFactory.java:607)
	at org.springframework.beans.factory.support.AbstractAutowireCapableBeanFactory.createBean(AbstractAutowireCapableBeanFactory.java:529)
	at org.springframework.beans.factory.support.AbstractBeanFactory.lambda$doGetBean$0(AbstractBeanFactory.java:339)
	at org.springframework.beans.factory.support.DefaultSingletonBeanRegistry.getSingleton(DefaultSingletonBeanRegistry.java:373)
	at org.springframework.beans.factory.support.AbstractBeanFactory.doGetBean(AbstractBeanFactory.java:337)
	at org.springframework.beans.factory.support.AbstractBeanFactory.getBean(AbstractBeanFactory.java:202)
	at org.springframework.beans.factory.config.DependencyDescriptor.resolveCandidate(DependencyDescriptor.java:254)
	at org.springframework.beans.factory.support.DefaultListableBeanFactory.doResolveDependency(DefaultListableBeanFactory.java:1740)
	at org.springframework.beans.factory.support.DefaultListableBeanFactory.resolveDependency(DefaultListableBeanFactory.java:1628)
	at org.springframework.beans.factory.support.ConstructorResolver.resolveAutowiredArgument(ConstructorResolver.java:913)
	at org.springframework.beans.factory.support.ConstructorResolver.createArgumentArray(ConstructorResolver.java:791)
	... 132 common frames omitted
Caused by: org.springframework.data.repository.query.QueryCreationException: Could not create query for public abstract java.util.List com.example.ClinicaDefinitiva.infrastructure.persistence.payment.SpringDataPaymentRepository.findConfirmedPaymentsByInvoice(java.lang.Long); Reason: Validation failed for query for method public abstract java.util.List com.example.ClinicaDefinitiva.infrastructure.persistence.payment.SpringDataPaymentRepository.findConfirmedPaymentsByInvoice(java.lang.Long)
	at org.springframework.data.repository.query.QueryCreationException.create(QueryCreationException.java:101)
	at org.springframework.data.repository.core.support.QueryExecutorMethodInterceptor.lookupQuery(QueryExecutorMethodInterceptor.java:120)
	at org.springframework.data.repository.core.support.QueryExecutorMethodInterceptor.mapMethodsToQuery(QueryExecutorMethodInterceptor.java:104)
	at org.springframework.data.repository.core.support.QueryExecutorMethodInterceptor.lambda$new$0(QueryExecutorMethodInterceptor.java:92)
	at java.base/java.util.Optional.map(Optional.java:260)
	at org.springframework.data.repository.core.support.QueryExecutorMethodInterceptor.<init>(QueryExecutorMethodInterceptor.java:92)
	at org.springframework.data.repository.core.support.RepositoryFactorySupport.getRepository(RepositoryFactorySupport.java:434)
	at org.springframework.data.repository.core.support.RepositoryFactoryBeanSupport.lambda$afterPropertiesSet$4(RepositoryFactoryBeanSupport.java:350)
	at org.springframework.data.util.Lazy.getNullable(Lazy.java:135)
	at org.springframework.data.util.Lazy.get(Lazy.java:113)
	at org.springframework.data.repository.core.support.RepositoryFactoryBeanSupport.afterPropertiesSet(RepositoryFactoryBeanSupport.java:356)
	at org.springframework.data.jpa.repository.support.JpaRepositoryFactoryBean.afterPropertiesSet(JpaRepositoryFactoryBean.java:132)
	at org.springframework.beans.factory.support.AbstractAutowireCapableBeanFactory.invokeInitMethods(AbstractAutowireCapableBeanFactory.java:1873)
	at org.springframework.beans.factory.support.AbstractAutowireCapableBeanFactory.initializeBean(AbstractAutowireCapableBeanFactory.java:1822)
	... 143 common frames omitted
Caused by: java.lang.IllegalArgumentException: Validation failed for query for method public abstract java.util.List com.example.ClinicaDefinitiva.infrastructure.persistence.payment.SpringDataPaymentRepository.findConfirmedPaymentsByInvoice(java.lang.Long)
	at org.springframework.data.jpa.repository.query.SimpleJpaQuery.validateQuery(SimpleJpaQuery.java:97)
	at org.springframework.data.jpa.repository.query.SimpleJpaQuery.<init>(SimpleJpaQuery.java:67)
	at org.springframework.data.jpa.repository.query.JpaQueryFactory.fromMethodWithQueryString(JpaQueryFactory.java:49)
	at org.springframework.data.jpa.repository.query.JpaQueryLookupStrategy$DeclaredQueryLookupStrategy.resolveQuery(JpaQueryLookupStrategy.java:174)
	at org.springframework.data.jpa.repository.query.JpaQueryLookupStrategy$CreateIfNotFoundQueryLookupStrategy.resolveQuery(JpaQueryLookupStrategy.java:254)
	at org.springframework.data.jpa.repository.query.JpaQueryLookupStrategy$AbstractQueryLookupStrategy.resolveQuery(JpaQueryLookupStrategy.java:99)
	at org.springframework.data.repository.core.support.QueryExecutorMethodInterceptor.lookupQuery(QueryExecutorMethodInterceptor.java:116)
	... 155 common frames omitted
Caused by: java.lang.IllegalArgumentException: org.hibernate.query.sqm.UnknownPathException: Could not resolve attribute 'invoiceId' of 'com.example.ClinicaDefinitiva.infrastructure.persistence.entity.payment.PaymentEntity' [SELECT p FROM PaymentEntity p WHERE p.invoiceId = :invoiceId AND p.status = 'CONFIRMED']
	at org.hibernate.internal.ExceptionConverterImpl.convert(ExceptionConverterImpl.java:143)
	at org.hibernate.internal.ExceptionConverterImpl.convert(ExceptionConverterImpl.java:167)
	at org.hibernate.internal.ExceptionConverterImpl.convert(ExceptionConverterImpl.java:173)
	at org.hibernate.internal.AbstractSharedSessionContract.createQuery(AbstractSharedSessionContract.java:886)
	at org.hibernate.internal.AbstractSharedSessionContract.createQuery(AbstractSharedSessionContract.java:796)
	at org.hibernate.internal.AbstractSharedSessionContract.createQuery(AbstractSharedSessionContract.java:143)
	at jdk.internal.reflect.GeneratedMethodAccessor33.invoke(Unknown Source)
	at java.base/jdk.internal.reflect.DelegatingMethodAccessorImpl.invoke(DelegatingMethodAccessorImpl.java:43)
	at java.base/java.lang.reflect.Method.invoke(Method.java:568)
	at org.springframework.orm.jpa.ExtendedEntityManagerCreator$ExtendedEntityManagerInvocationHandler.invoke(ExtendedEntityManagerCreator.java:364)
	at jdk.proxy2/jdk.proxy2.$Proxy166.createQuery(Unknown Source)
	at org.springframework.data.jpa.repository.query.SimpleJpaQuery.validateQuery(SimpleJpaQuery.java:91)
	... 161 common frames omitted
Caused by: org.hibernate.query.sqm.UnknownPathException: Could not resolve attribute 'invoiceId' of 'com.example.ClinicaDefinitiva.infrastructure.persistence.entity.payment.PaymentEntity' [SELECT p FROM PaymentEntity p WHERE p.invoiceId = :invoiceId AND p.status = 'CONFIRMED']
	at org.hibernate.query.hql.internal.StandardHqlTranslator.translate(StandardHqlTranslator.java:88)
	at org.hibernate.query.internal.QueryInterpretationCacheStandardImpl.createHqlInterpretation(QueryInterpretationCacheStandardImpl.java:145)
	at org.hibernate.query.internal.QueryInterpretationCacheStandardImpl.resolveHqlInterpretation(QueryInterpretationCacheStandardImpl.java:132)
	at org.hibernate.query.spi.QueryEngine.interpretHql(QueryEngine.java:54)
	at org.hibernate.internal.AbstractSharedSessionContract.interpretHql(AbstractSharedSessionContract.java:832)
	at org.hibernate.internal.AbstractSharedSessionContract.createQuery(AbstractSharedSessionContract.java:878)
	... 169 common frames omitted
Caused by: org.hibernate.query.sqm.PathElementException: Could not resolve attribute 'invoiceId' of 'com.example.ClinicaDefinitiva.infrastructure.persistence.entity.payment.PaymentEntity'
	at org.hibernate.query.sqm.SqmPathSource.getSubPathSource(SqmPathSource.java:95)
	at org.hibernate.query.sqm.tree.domain.AbstractSqmPath.get(AbstractSqmPath.java:198)
	at org.hibernate.query.sqm.tree.domain.AbstractSqmFrom.resolvePathPart(AbstractSqmFrom.java:198)
	at org.hibernate.query.hql.internal.DomainPathPart.resolvePathPart(DomainPathPart.java:42)
	at org.hibernate.query.hql.internal.BasicDotIdentifierConsumer.consumeIdentifier(BasicDotIdentifierConsumer.java:92)
	at org.hibernate.query.hql.internal.SemanticQueryBuilder.visitSimplePath(SemanticQueryBuilder.java:5465)
	at org.hibernate.query.hql.internal.SemanticQueryBuilder.visitGeneralPathFragment(SemanticQueryBuilder.java:5298)
	at org.hibernate.query.hql.internal.SemanticQueryBuilder.visitGeneralPathExpression(SemanticQueryBuilder.java:1891)
	at org.hibernate.grammars.hql.HqlParser$GeneralPathExpressionContext.accept(HqlParser.java:8268)
	at org.antlr.v4.runtime.tree.AbstractParseTreeVisitor.visitChildren(AbstractParseTreeVisitor.java:46)
	at org.hibernate.grammars.hql.HqlParserBaseVisitor.visitBarePrimaryExpression(HqlParserBaseVisitor.java:812)
	at org.hibernate.grammars.hql.HqlParser$BarePrimaryExpressionContext.accept(HqlParser.java:7726)
	at org.hibernate.query.hql.internal.SemanticQueryBuilder.createComparisonPredicate(SemanticQueryBuilder.java:2548)
	at org.hibernate.query.hql.internal.SemanticQueryBuilder.visitComparisonPredicate(SemanticQueryBuilder.java:2509)
	at org.hibernate.query.hql.internal.SemanticQueryBuilder.visitComparisonPredicate(SemanticQueryBuilder.java:277)
	at org.hibernate.grammars.hql.HqlParser$ComparisonPredicateContext.accept(HqlParser.java:6611)
	at org.hibernate.query.hql.internal.SemanticQueryBuilder.visitAndPredicate(SemanticQueryBuilder.java:2378)
	at org.hibernate.query.hql.internal.SemanticQueryBuilder.visitAndPredicate(SemanticQueryBuilder.java:277)
	at org.hibernate.grammars.hql.HqlParser$AndPredicateContext.accept(HqlParser.java:6461)
	at org.hibernate.query.hql.internal.SemanticQueryBuilder.visitWhereClause(SemanticQueryBuilder.java:2361)
	at org.hibernate.query.hql.internal.SemanticQueryBuilder.visitWhereClause(SemanticQueryBuilder.java:277)
	at org.hibernate.grammars.hql.HqlParser$WhereClauseContext.accept(HqlParser.java:6302)
	at org.hibernate.query.hql.internal.SemanticQueryBuilder.visitQuery(SemanticQueryBuilder.java:1259)
	at org.hibernate.query.hql.internal.SemanticQueryBuilder.visitQuerySpecExpression(SemanticQueryBuilder.java:1040)
	at org.hibernate.query.hql.internal.SemanticQueryBuilder.visitQuerySpecExpression(SemanticQueryBuilder.java:277)
	at org.hibernate.grammars.hql.HqlParser$QuerySpecExpressionContext.accept(HqlParser.java:2134)
	at org.hibernate.query.hql.internal.SemanticQueryBuilder.visitSimpleQueryGroup(SemanticQueryBuilder.java:1025)
	at org.hibernate.query.hql.internal.SemanticQueryBuilder.visitSimpleQueryGroup(SemanticQueryBuilder.java:277)
	at org.hibernate.grammars.hql.HqlParser$SimpleQueryGroupContext.accept(HqlParser.java:2005)
	at org.hibernate.query.hql.internal.SemanticQueryBuilder.visitSelectStatement(SemanticQueryBuilder.java:492)
	at org.hibernate.query.hql.internal.SemanticQueryBuilder.visitStatement(SemanticQueryBuilder.java:451)
	at org.hibernate.query.hql.internal.SemanticQueryBuilder.buildSemanticModel(SemanticQueryBuilder.java:324)
	at org.hibernate.query.hql.internal.StandardHqlTranslator.translate(StandardHqlTranslator.java:71)
	... 174 common frames omitted
2026-03-22 15:57:52 WARN  [main] o.s.test.context.TestContextManager - Caught exception while allowing TestExecutionListener [org.springframework.test.context.web.ServletTestExecutionListener] to prepare test instance [com.example.ClinicaDefinitiva.ClinicaDefinitivaApplicationTests@6e56e744]
java.lang.IllegalStateException: Failed to load ApplicationContext for [WebMergedContextConfiguration@4e13ac96 testClass = com.example.ClinicaDefinitiva.ClinicaDefinitivaApplicationTests, locations = [], classes = [com.example.ClinicaDefinitiva.ClinicaDefinitivaApplication], contextInitializerClasses = [], activeProfiles = ["test"], propertySourceDescriptors = [], propertySourceProperties = ["org.springframework.boot.test.context.SpringBootTestContextBootstrapper=true"], contextCustomizers = [org.springframework.boot.test.context.filter.ExcludeFilterContextCustomizer@75f2099, org.springframework.boot.test.json.DuplicateJsonObjectContextCustomizerFactory$DuplicateJsonObjectContextCustomizer@68e62ca4, org.springframework.boot.test.mock.mockito.MockitoContextCustomizer@0, org.springframework.boot.test.web.client.TestRestTemplateContextCustomizer@4482469c, org.springframework.boot.test.web.reactor.netty.DisableReactorResourceFactoryGlobalResourcesContextCustomizerFactory$DisableReactorResourceFactoryGlobalResourcesContextCustomizerCustomizer@1869f114, org.springframework.boot.test.autoconfigure.OnFailureConditionReportContextCustomizerFactory$OnFailureConditionReportContextCustomizer@37a64f9d, org.springframework.boot.test.autoconfigure.actuate.observability.ObservabilityContextCustomizerFactory$DisableObservabilityContextCustomizer@1f, org.springframework.boot.test.autoconfigure.properties.PropertyMappingContextCustomizer@0, org.springframework.boot.test.autoconfigure.web.servlet.WebDriverContextCustomizer@4650a407, org.springframework.test.context.support.DynamicPropertiesContextCustomizer@0, org.springframework.boot.test.context.SpringBootTestAnnotation@35bb5740], resourceBasePath = "src/main/webapp", contextLoader = org.springframework.boot.test.context.SpringBootContextLoader, parent = null]
	at org.springframework.test.context.cache.DefaultCacheAwareContextLoaderDelegate.loadContext(DefaultCacheAwareContextLoaderDelegate.java:180)
	at org.springframework.test.context.support.DefaultTestContext.getApplicationContext(DefaultTestContext.java:130)
	at org.springframework.test.context.web.ServletTestExecutionListener.setUpRequestContextIfNecessary(ServletTestExecutionListener.java:200)
	at org.springframework.test.context.web.ServletTestExecutionListener.prepareTestInstance(ServletTestExecutionListener.java:139)
	at org.springframework.test.context.TestContextManager.prepareTestInstance(TestContextManager.java:260)
	at org.springframework.test.context.junit.jupiter.SpringExtension.postProcessTestInstance(SpringExtension.java:159)
	at org.junit.jupiter.engine.descriptor.ClassBasedTestDescriptor.lambda$invokeTestInstancePostProcessors$10(ClassBasedTestDescriptor.java:383)
	at org.junit.jupiter.engine.descriptor.ClassBasedTestDescriptor.executeAndMaskThrowable(ClassBasedTestDescriptor.java:388)
	at org.junit.jupiter.engine.descriptor.ClassBasedTestDescriptor.lambda$invokeTestInstancePostProcessors$11(ClassBasedTestDescriptor.java:382)
	at java.base/java.util.stream.ForEachOps$ForEachOp$OfRef.accept(ForEachOps.java:183)
	at java.base/java.util.stream.ReferencePipeline$3$1.accept(ReferencePipeline.java:197)
	at java.base/java.util.stream.ReferencePipeline$2$1.accept(ReferencePipeline.java:179)
	at java.base/java.util.stream.ReferencePipeline$3$1.accept(ReferencePipeline.java:197)
	at java.base/java.util.ArrayList$ArrayListSpliterator.forEachRemaining(ArrayList.java:1625)
	at java.base/java.util.stream.AbstractPipeline.copyInto(AbstractPipeline.java:509)
	at java.base/java.util.stream.AbstractPipeline.wrapAndCopyInto(AbstractPipeline.java:499)
	at java.base/java.util.stream.ForEachOps$ForEachOp.evaluateSequential(ForEachOps.java:150)
	at java.base/java.util.stream.ForEachOps$ForEachOp$OfRef.evaluateSequential(ForEachOps.java:173)
	at java.base/java.util.stream.AbstractPipeline.evaluate(AbstractPipeline.java:234)
	at java.base/java.util.stream.ReferencePipeline.forEach(ReferencePipeline.java:596)
	at org.junit.jupiter.engine.descriptor.ClassBasedTestDescriptor.invokeTestInstancePostProcessors(ClassBasedTestDescriptor.java:382)
	at org.junit.jupiter.engine.descriptor.ClassBasedTestDescriptor.lambda$instantiateAndPostProcessTestInstance$6(ClassBasedTestDescriptor.java:293)
	at org.junit.platform.engine.support.hierarchical.ThrowableCollector.execute(ThrowableCollector.java:73)
	at org.junit.jupiter.engine.descriptor.ClassBasedTestDescriptor.instantiateAndPostProcessTestInstance(ClassBasedTestDescriptor.java:292)
	at org.junit.jupiter.engine.descriptor.ClassBasedTestDescriptor.lambda$testInstancesProvider$4(ClassBasedTestDescriptor.java:281)
	at java.base/java.util.Optional.orElseGet(Optional.java:364)
	at org.junit.jupiter.engine.descriptor.ClassBasedTestDescriptor.lambda$testInstancesProvider$5(ClassBasedTestDescriptor.java:280)
	at org.junit.jupiter.engine.execution.TestInstancesProvider.getTestInstances(TestInstancesProvider.java:27)
	at org.junit.jupiter.engine.descriptor.TestMethodTestDescriptor.lambda$prepare$0(TestMethodTestDescriptor.java:112)
	at org.junit.platform.engine.support.hierarchical.ThrowableCollector.execute(ThrowableCollector.java:73)
	at org.junit.jupiter.engine.descriptor.TestMethodTestDescriptor.prepare(TestMethodTestDescriptor.java:111)
	at org.junit.jupiter.engine.descriptor.TestMethodTestDescriptor.prepare(TestMethodTestDescriptor.java:69)
	at org.junit.platform.engine.support.hierarchical.NodeTestTask.lambda$prepare$2(NodeTestTask.java:128)
	at org.junit.platform.engine.support.hierarchical.ThrowableCollector.execute(ThrowableCollector.java:73)
	at org.junit.platform.engine.support.hierarchical.NodeTestTask.prepare(NodeTestTask.java:128)
	at org.junit.platform.engine.support.hierarchical.NodeTestTask.execute(NodeTestTask.java:95)
	at java.base/java.util.ArrayList.forEach(ArrayList.java:1511)
	at org.junit.platform.engine.support.hierarchical.SameThreadHierarchicalTestExecutorService.invokeAll(SameThreadHierarchicalTestExecutorService.java:41)
	at org.junit.platform.engine.support.hierarchical.NodeTestTask.lambda$executeRecursively$6(NodeTestTask.java:160)
	at org.junit.platform.engine.support.hierarchical.ThrowableCollector.execute(ThrowableCollector.java:73)
	at org.junit.platform.engine.support.hierarchical.NodeTestTask.lambda$executeRecursively$8(NodeTestTask.java:146)
	at org.junit.platform.engine.support.hierarchical.Node.around(Node.java:137)
	at org.junit.platform.engine.support.hierarchical.NodeTestTask.lambda$executeRecursively$9(NodeTestTask.java:144)
	at org.junit.platform.engine.support.hierarchical.ThrowableCollector.execute(ThrowableCollector.java:73)
	at org.junit.platform.engine.support.hierarchical.NodeTestTask.executeRecursively(NodeTestTask.java:143)
	at org.junit.platform.engine.support.hierarchical.NodeTestTask.execute(NodeTestTask.java:100)
	at java.base/java.util.ArrayList.forEach(ArrayList.java:1511)
	at org.junit.platform.engine.support.hierarchical.SameThreadHierarchicalTestExecutorService.invokeAll(SameThreadHierarchicalTestExecutorService.java:41)
	at org.junit.platform.engine.support.hierarchical.NodeTestTask.lambda$executeRecursively$6(NodeTestTask.java:160)
	at org.junit.platform.engine.support.hierarchical.ThrowableCollector.execute(ThrowableCollector.java:73)
	at org.junit.platform.engine.support.hierarchical.NodeTestTask.lambda$executeRecursively$8(NodeTestTask.java:146)
	at org.junit.platform.engine.support.hierarchical.Node.around(Node.java:137)
	at org.junit.platform.engine.support.hierarchical.NodeTestTask.lambda$executeRecursively$9(NodeTestTask.java:144)
	at org.junit.platform.engine.support.hierarchical.ThrowableCollector.execute(ThrowableCollector.java:73)
	at org.junit.platform.engine.support.hierarchical.NodeTestTask.executeRecursively(NodeTestTask.java:143)
	at org.junit.platform.engine.support.hierarchical.NodeTestTask.execute(NodeTestTask.java:100)
	at org.junit.platform.engine.support.hierarchical.SameThreadHierarchicalTestExecutorService.submit(SameThreadHierarchicalTestExecutorService.java:35)
	at org.junit.platform.engine.support.hierarchical.HierarchicalTestExecutor.execute(HierarchicalTestExecutor.java:57)
	at org.junit.platform.engine.support.hierarchical.HierarchicalTestEngine.execute(HierarchicalTestEngine.java:54)
	at org.junit.platform.launcher.core.EngineExecutionOrchestrator.execute(EngineExecutionOrchestrator.java:201)
	at org.junit.platform.launcher.core.EngineExecutionOrchestrator.execute(EngineExecutionOrchestrator.java:170)
	at org.junit.platform.launcher.core.EngineExecutionOrchestrator.execute(EngineExecutionOrchestrator.java:94)
	at org.junit.platform.launcher.core.EngineExecutionOrchestrator.lambda$execute$0(EngineExecutionOrchestrator.java:59)
	at org.junit.platform.launcher.core.EngineExecutionOrchestrator.withInterceptedStreams(EngineExecutionOrchestrator.java:142)
	at org.junit.platform.launcher.core.EngineExecutionOrchestrator.execute(EngineExecutionOrchestrator.java:58)
	at org.junit.platform.launcher.core.DefaultLauncher.execute(DefaultLauncher.java:103)
	at org.junit.platform.launcher.core.DefaultLauncher.execute(DefaultLauncher.java:85)
	at org.junit.platform.launcher.core.DelegatingLauncher.execute(DelegatingLauncher.java:47)
	at org.junit.platform.launcher.core.InterceptingLauncher.lambda$execute$1(InterceptingLauncher.java:39)
	at org.junit.platform.launcher.core.ClasspathAlignmentCheckingLauncherInterceptor.intercept(ClasspathAlignmentCheckingLauncherInterceptor.java:25)
	at org.junit.platform.launcher.core.InterceptingLauncher.execute(InterceptingLauncher.java:38)
	at org.junit.platform.launcher.core.DelegatingLauncher.execute(DelegatingLauncher.java:47)
	at org.apache.maven.surefire.junitplatform.LazyLauncher.execute(LazyLauncher.java:56)
	at org.apache.maven.surefire.junitplatform.JUnitPlatformProvider.execute(JUnitPlatformProvider.java:194)
	at org.apache.maven.surefire.junitplatform.JUnitPlatformProvider.invokeAllTests(JUnitPlatformProvider.java:150)
	at org.apache.maven.surefire.junitplatform.JUnitPlatformProvider.invoke(JUnitPlatformProvider.java:124)
	at org.apache.maven.surefire.booter.ForkedBooter.runSuitesInProcess(ForkedBooter.java:385)
	at org.apache.maven.surefire.booter.ForkedBooter.execute(ForkedBooter.java:162)
	at org.apache.maven.surefire.booter.ForkedBooter.run(ForkedBooter.java:507)
	at org.apache.maven.surefire.booter.ForkedBooter.main(ForkedBooter.java:495)
Caused by: org.springframework.beans.factory.UnsatisfiedDependencyException: Error creating bean with name 'paymentApplicationService' defined in file [C:\Users\David\OneDrive\Documents\proyectosJava\ClinicaDefinitiva\target\classes\com\example\ClinicaDefinitiva\application\service\payment\PaymentApplicationService.class]: Unsatisfied dependency expressed through constructor parameter 0: Error creating bean with name 'paymentProcessingService' defined in file [C:\Users\David\OneDrive\Documents\proyectosJava\ClinicaDefinitiva\target\classes\com\example\ClinicaDefinitiva\domain\payment\service\PaymentProcessingService.class]: Unsatisfied dependency expressed through constructor parameter 1: Error creating bean with name 'paymentAdapter' defined in file [C:\Users\David\OneDrive\Documents\proyectosJava\ClinicaDefinitiva\target\classes\com\example\ClinicaDefinitiva\infrastructure\persistence\payment\PaymentAdapter.class]: Unsatisfied dependency expressed through constructor parameter 0: Error creating bean with name 'springDataPaymentRepository' defined in com.example.ClinicaDefinitiva.infrastructure.persistence.payment.SpringDataPaymentRepository defined in @EnableJpaRepositories declared on JpaRepositoriesRegistrar.EnableJpaRepositoriesConfiguration: Could not create query for public abstract java.util.List com.example.ClinicaDefinitiva.infrastructure.persistence.payment.SpringDataPaymentRepository.findConfirmedPaymentsByInvoice(java.lang.Long); Reason: Validation failed for query for method public abstract java.util.List com.example.ClinicaDefinitiva.infrastructure.persistence.payment.SpringDataPaymentRepository.findConfirmedPaymentsByInvoice(java.lang.Long)
	at org.springframework.beans.factory.support.ConstructorResolver.createArgumentArray(ConstructorResolver.java:804)
	at org.springframework.beans.factory.support.ConstructorResolver.autowireConstructor(ConstructorResolver.java:240)
	at org.springframework.beans.factory.support.AbstractAutowireCapableBeanFactory.autowireConstructor(AbstractAutowireCapableBeanFactory.java:1395)
	at org.springframework.beans.factory.support.AbstractAutowireCapableBeanFactory.createBeanInstance(AbstractAutowireCapableBeanFactory.java:1232)
	at org.springframework.beans.factory.support.AbstractAutowireCapableBeanFactory.doCreateBean(AbstractAutowireCapableBeanFactory.java:569)
	at org.springframework.beans.factory.support.AbstractAutowireCapableBeanFactory.createBean(AbstractAutowireCapableBeanFactory.java:529)
	at org.springframework.beans.factory.support.AbstractBeanFactory.lambda$doGetBean$0(AbstractBeanFactory.java:339)
	at org.springframework.beans.factory.support.DefaultSingletonBeanRegistry.getSingleton(DefaultSingletonBeanRegistry.java:373)
	at org.springframework.beans.factory.support.AbstractBeanFactory.doGetBean(AbstractBeanFactory.java:337)
	at org.springframework.beans.factory.support.AbstractBeanFactory.getBean(AbstractBeanFactory.java:202)
	at org.springframework.beans.factory.support.DefaultListableBeanFactory.instantiateSingleton(DefaultListableBeanFactory.java:1222)
	at org.springframework.beans.factory.support.DefaultListableBeanFactory.preInstantiateSingleton(DefaultListableBeanFactory.java:1188)
	at org.springframework.beans.factory.support.DefaultListableBeanFactory.preInstantiateSingletons(DefaultListableBeanFactory.java:1123)
	at org.springframework.context.support.AbstractApplicationContext.finishBeanFactoryInitialization(AbstractApplicationContext.java:987)
	at org.springframework.context.support.AbstractApplicationContext.refresh(AbstractApplicationContext.java:627)
	at org.springframework.boot.SpringApplication.refresh(SpringApplication.java:753)
	at org.springframework.boot.SpringApplication.refreshContext(SpringApplication.java:439)
	at org.springframework.boot.SpringApplication.run(SpringApplication.java:318)
	at org.springframework.boot.test.context.SpringBootContextLoader.lambda$loadContext$3(SpringBootContextLoader.java:144)
	at org.springframework.util.function.ThrowingSupplier.get(ThrowingSupplier.java:58)
	at org.springframework.util.function.ThrowingSupplier.get(ThrowingSupplier.java:46)
	at org.springframework.boot.SpringApplication.withHook(SpringApplication.java:1462)
	at org.springframework.boot.test.context.SpringBootContextLoader$ContextLoaderHook.run(SpringBootContextLoader.java:563)
	at org.springframework.boot.test.context.SpringBootContextLoader.loadContext(SpringBootContextLoader.java:144)
	at org.springframework.boot.test.context.SpringBootContextLoader.loadContext(SpringBootContextLoader.java:110)
	at org.springframework.test.context.cache.DefaultCacheAwareContextLoaderDelegate.loadContextInternal(DefaultCacheAwareContextLoaderDelegate.java:225)
	at org.springframework.test.context.cache.DefaultCacheAwareContextLoaderDelegate.loadContext(DefaultCacheAwareContextLoaderDelegate.java:152)
	... 79 common frames omitted
Caused by: org.springframework.beans.factory.UnsatisfiedDependencyException: Error creating bean with name 'paymentProcessingService' defined in file [C:\Users\David\OneDrive\Documents\proyectosJava\ClinicaDefinitiva\target\classes\com\example\ClinicaDefinitiva\domain\payment\service\PaymentProcessingService.class]: Unsatisfied dependency expressed through constructor parameter 1: Error creating bean with name 'paymentAdapter' defined in file [C:\Users\David\OneDrive\Documents\proyectosJava\ClinicaDefinitiva\target\classes\com\example\ClinicaDefinitiva\infrastructure\persistence\payment\PaymentAdapter.class]: Unsatisfied dependency expressed through constructor parameter 0: Error creating bean with name 'springDataPaymentRepository' defined in com.example.ClinicaDefinitiva.infrastructure.persistence.payment.SpringDataPaymentRepository defined in @EnableJpaRepositories declared on JpaRepositoriesRegistrar.EnableJpaRepositoriesConfiguration: Could not create query for public abstract java.util.List com.example.ClinicaDefinitiva.infrastructure.persistence.payment.SpringDataPaymentRepository.findConfirmedPaymentsByInvoice(java.lang.Long); Reason: Validation failed for query for method public abstract java.util.List com.example.ClinicaDefinitiva.infrastructure.persistence.payment.SpringDataPaymentRepository.findConfirmedPaymentsByInvoice(java.lang.Long)
	at org.springframework.beans.factory.support.ConstructorResolver.createArgumentArray(ConstructorResolver.java:804)
	at org.springframework.beans.factory.support.ConstructorResolver.autowireConstructor(ConstructorResolver.java:240)
	at org.springframework.beans.factory.support.AbstractAutowireCapableBeanFactory.autowireConstructor(AbstractAutowireCapableBeanFactory.java:1395)
	at org.springframework.beans.factory.support.AbstractAutowireCapableBeanFactory.createBeanInstance(AbstractAutowireCapableBeanFactory.java:1232)
	at org.springframework.beans.factory.support.AbstractAutowireCapableBeanFactory.doCreateBean(AbstractAutowireCapableBeanFactory.java:569)
	at org.springframework.beans.factory.support.AbstractAutowireCapableBeanFactory.createBean(AbstractAutowireCapableBeanFactory.java:529)
	at org.springframework.beans.factory.support.AbstractBeanFactory.lambda$doGetBean$0(AbstractBeanFactory.java:339)
	at org.springframework.beans.factory.support.DefaultSingletonBeanRegistry.getSingleton(DefaultSingletonBeanRegistry.java:373)
	at org.springframework.beans.factory.support.AbstractBeanFactory.doGetBean(AbstractBeanFactory.java:337)
	at org.springframework.beans.factory.support.AbstractBeanFactory.getBean(AbstractBeanFactory.java:202)
	at org.springframework.beans.factory.support.DefaultListableBeanFactory.doResolveDependency(DefaultListableBeanFactory.java:1682)
	at org.springframework.beans.factory.support.DefaultListableBeanFactory.resolveDependency(DefaultListableBeanFactory.java:1628)
	at org.springframework.beans.factory.support.ConstructorResolver.resolveAutowiredArgument(ConstructorResolver.java:913)
	at org.springframework.beans.factory.support.ConstructorResolver.createArgumentArray(ConstructorResolver.java:791)
	... 105 common frames omitted
Caused by: org.springframework.beans.factory.UnsatisfiedDependencyException: Error creating bean with name 'paymentAdapter' defined in file [C:\Users\David\OneDrive\Documents\proyectosJava\ClinicaDefinitiva\target\classes\com\example\ClinicaDefinitiva\infrastructure\persistence\payment\PaymentAdapter.class]: Unsatisfied dependency expressed through constructor parameter 0: Error creating bean with name 'springDataPaymentRepository' defined in com.example.ClinicaDefinitiva.infrastructure.persistence.payment.SpringDataPaymentRepository defined in @EnableJpaRepositories declared on JpaRepositoriesRegistrar.EnableJpaRepositoriesConfiguration: Could not create query for public abstract java.util.List com.example.ClinicaDefinitiva.infrastructure.persistence.payment.SpringDataPaymentRepository.findConfirmedPaymentsByInvoice(java.lang.Long); Reason: Validation failed for query for method public abstract java.util.List com.example.ClinicaDefinitiva.infrastructure.persistence.payment.SpringDataPaymentRepository.findConfirmedPaymentsByInvoice(java.lang.Long)
	at org.springframework.beans.factory.support.ConstructorResolver.createArgumentArray(ConstructorResolver.java:804)
	at org.springframework.beans.factory.support.ConstructorResolver.autowireConstructor(ConstructorResolver.java:240)
	at org.springframework.beans.factory.support.AbstractAutowireCapableBeanFactory.autowireConstructor(AbstractAutowireCapableBeanFactory.java:1395)
	at org.springframework.beans.factory.support.AbstractAutowireCapableBeanFactory.createBeanInstance(AbstractAutowireCapableBeanFactory.java:1232)
	at org.springframework.beans.factory.support.AbstractAutowireCapableBeanFactory.doCreateBean(AbstractAutowireCapableBeanFactory.java:569)
	at org.springframework.beans.factory.support.AbstractAutowireCapableBeanFactory.createBean(AbstractAutowireCapableBeanFactory.java:529)
	at org.springframework.beans.factory.support.AbstractBeanFactory.lambda$doGetBean$0(AbstractBeanFactory.java:339)
	at org.springframework.beans.factory.support.DefaultSingletonBeanRegistry.getSingleton(DefaultSingletonBeanRegistry.java:373)
	at org.springframework.beans.factory.support.AbstractBeanFactory.doGetBean(AbstractBeanFactory.java:337)
	at org.springframework.beans.factory.support.AbstractBeanFactory.getBean(AbstractBeanFactory.java:202)
	at org.springframework.beans.factory.config.DependencyDescriptor.resolveCandidate(DependencyDescriptor.java:254)
	at org.springframework.beans.factory.support.DefaultListableBeanFactory.doResolveDependency(DefaultListableBeanFactory.java:1740)
	at org.springframework.beans.factory.support.DefaultListableBeanFactory.resolveDependency(DefaultListableBeanFactory.java:1628)
	at org.springframework.beans.factory.support.ConstructorResolver.resolveAutowiredArgument(ConstructorResolver.java:913)
	at org.springframework.beans.factory.support.ConstructorResolver.createArgumentArray(ConstructorResolver.java:791)
	... 118 common frames omitted
Caused by: org.springframework.beans.factory.BeanCreationException: Error creating bean with name 'springDataPaymentRepository' defined in com.example.ClinicaDefinitiva.infrastructure.persistence.payment.SpringDataPaymentRepository defined in @EnableJpaRepositories declared on JpaRepositoriesRegistrar.EnableJpaRepositoriesConfiguration: Could not create query for public abstract java.util.List com.example.ClinicaDefinitiva.infrastructure.persistence.payment.SpringDataPaymentRepository.findConfirmedPaymentsByInvoice(java.lang.Long); Reason: Validation failed for query for method public abstract java.util.List com.example.ClinicaDefinitiva.infrastructure.persistence.payment.SpringDataPaymentRepository.findConfirmedPaymentsByInvoice(java.lang.Long)
	at org.springframework.beans.factory.support.AbstractAutowireCapableBeanFactory.initializeBean(AbstractAutowireCapableBeanFactory.java:1826)
	at org.springframework.beans.factory.support.AbstractAutowireCapableBeanFactory.doCreateBean(AbstractAutowireCapableBeanFactory.java:607)
	at org.springframework.beans.factory.support.AbstractAutowireCapableBeanFactory.createBean(AbstractAutowireCapableBeanFactory.java:529)
	at org.springframework.beans.factory.support.AbstractBeanFactory.lambda$doGetBean$0(AbstractBeanFactory.java:339)
	at org.springframework.beans.factory.support.DefaultSingletonBeanRegistry.getSingleton(DefaultSingletonBeanRegistry.java:373)
	at org.springframework.beans.factory.support.AbstractBeanFactory.doGetBean(AbstractBeanFactory.java:337)
	at org.springframework.beans.factory.support.AbstractBeanFactory.getBean(AbstractBeanFactory.java:202)
	at org.springframework.beans.factory.config.DependencyDescriptor.resolveCandidate(DependencyDescriptor.java:254)
	at org.springframework.beans.factory.support.DefaultListableBeanFactory.doResolveDependency(DefaultListableBeanFactory.java:1740)
	at org.springframework.beans.factory.support.DefaultListableBeanFactory.resolveDependency(DefaultListableBeanFactory.java:1628)
	at org.springframework.beans.factory.support.ConstructorResolver.resolveAutowiredArgument(ConstructorResolver.java:913)
	at org.springframework.beans.factory.support.ConstructorResolver.createArgumentArray(ConstructorResolver.java:791)
	... 132 common frames omitted
Caused by: org.springframework.data.repository.query.QueryCreationException: Could not create query for public abstract java.util.List com.example.ClinicaDefinitiva.infrastructure.persistence.payment.SpringDataPaymentRepository.findConfirmedPaymentsByInvoice(java.lang.Long); Reason: Validation failed for query for method public abstract java.util.List com.example.ClinicaDefinitiva.infrastructure.persistence.payment.SpringDataPaymentRepository.findConfirmedPaymentsByInvoice(java.lang.Long)
	at org.springframework.data.repository.query.QueryCreationException.create(QueryCreationException.java:101)
	at org.springframework.data.repository.core.support.QueryExecutorMethodInterceptor.lookupQuery(QueryExecutorMethodInterceptor.java:120)
	at org.springframework.data.repository.core.support.QueryExecutorMethodInterceptor.mapMethodsToQuery(QueryExecutorMethodInterceptor.java:104)
	at org.springframework.data.repository.core.support.QueryExecutorMethodInterceptor.lambda$new$0(QueryExecutorMethodInterceptor.java:92)
	at java.base/java.util.Optional.map(Optional.java:260)
	at org.springframework.data.repository.core.support.QueryExecutorMethodInterceptor.<init>(QueryExecutorMethodInterceptor.java:92)
	at org.springframework.data.repository.core.support.RepositoryFactorySupport.getRepository(RepositoryFactorySupport.java:434)
	at org.springframework.data.repository.core.support.RepositoryFactoryBeanSupport.lambda$afterPropertiesSet$4(RepositoryFactoryBeanSupport.java:350)
	at org.springframework.data.util.Lazy.getNullable(Lazy.java:135)
	at org.springframework.data.util.Lazy.get(Lazy.java:113)
	at org.springframework.data.repository.core.support.RepositoryFactoryBeanSupport.afterPropertiesSet(RepositoryFactoryBeanSupport.java:356)
	at org.springframework.data.jpa.repository.support.JpaRepositoryFactoryBean.afterPropertiesSet(JpaRepositoryFactoryBean.java:132)
	at org.springframework.beans.factory.support.AbstractAutowireCapableBeanFactory.invokeInitMethods(AbstractAutowireCapableBeanFactory.java:1873)
	at org.springframework.beans.factory.support.AbstractAutowireCapableBeanFactory.initializeBean(AbstractAutowireCapableBeanFactory.java:1822)
	... 143 common frames omitted
Caused by: java.lang.IllegalArgumentException: Validation failed for query for method public abstract java.util.List com.example.ClinicaDefinitiva.infrastructure.persistence.payment.SpringDataPaymentRepository.findConfirmedPaymentsByInvoice(java.lang.Long)
	at org.springframework.data.jpa.repository.query.SimpleJpaQuery.validateQuery(SimpleJpaQuery.java:97)
	at org.springframework.data.jpa.repository.query.SimpleJpaQuery.<init>(SimpleJpaQuery.java:67)
	at org.springframework.data.jpa.repository.query.JpaQueryFactory.fromMethodWithQueryString(JpaQueryFactory.java:49)
	at org.springframework.data.jpa.repository.query.JpaQueryLookupStrategy$DeclaredQueryLookupStrategy.resolveQuery(JpaQueryLookupStrategy.java:174)
	at org.springframework.data.jpa.repository.query.JpaQueryLookupStrategy$CreateIfNotFoundQueryLookupStrategy.resolveQuery(JpaQueryLookupStrategy.java:254)
	at org.springframework.data.jpa.repository.query.JpaQueryLookupStrategy$AbstractQueryLookupStrategy.resolveQuery(JpaQueryLookupStrategy.java:99)
	at org.springframework.data.repository.core.support.QueryExecutorMethodInterceptor.lookupQuery(QueryExecutorMethodInterceptor.java:116)
	... 155 common frames omitted
Caused by: java.lang.IllegalArgumentException: org.hibernate.query.sqm.UnknownPathException: Could not resolve attribute 'invoiceId' of 'com.example.ClinicaDefinitiva.infrastructure.persistence.entity.payment.PaymentEntity' [SELECT p FROM PaymentEntity p WHERE p.invoiceId = :invoiceId AND p.status = 'CONFIRMED']
	at org.hibernate.internal.ExceptionConverterImpl.convert(ExceptionConverterImpl.java:143)
	at org.hibernate.internal.ExceptionConverterImpl.convert(ExceptionConverterImpl.java:167)
	at org.hibernate.internal.ExceptionConverterImpl.convert(ExceptionConverterImpl.java:173)
	at org.hibernate.internal.AbstractSharedSessionContract.createQuery(AbstractSharedSessionContract.java:886)
	at org.hibernate.internal.AbstractSharedSessionContract.createQuery(AbstractSharedSessionContract.java:796)
	at org.hibernate.internal.AbstractSharedSessionContract.createQuery(AbstractSharedSessionContract.java:143)
	at jdk.internal.reflect.GeneratedMethodAccessor33.invoke(Unknown Source)
	at java.base/jdk.internal.reflect.DelegatingMethodAccessorImpl.invoke(DelegatingMethodAccessorImpl.java:43)
	at java.base/java.lang.reflect.Method.invoke(Method.java:568)
	at org.springframework.orm.jpa.ExtendedEntityManagerCreator$ExtendedEntityManagerInvocationHandler.invoke(ExtendedEntityManagerCreator.java:364)
	at jdk.proxy2/jdk.proxy2.$Proxy166.createQuery(Unknown Source)
	at org.springframework.data.jpa.repository.query.SimpleJpaQuery.validateQuery(SimpleJpaQuery.java:91)
	... 161 common frames omitted
Caused by: org.hibernate.query.sqm.UnknownPathException: Could not resolve attribute 'invoiceId' of 'com.example.ClinicaDefinitiva.infrastructure.persistence.entity.payment.PaymentEntity' [SELECT p FROM PaymentEntity p WHERE p.invoiceId = :invoiceId AND p.status = 'CONFIRMED']
	at org.hibernate.query.hql.internal.StandardHqlTranslator.translate(StandardHqlTranslator.java:88)
	at org.hibernate.query.internal.QueryInterpretationCacheStandardImpl.createHqlInterpretation(QueryInterpretationCacheStandardImpl.java:145)
	at org.hibernate.query.internal.QueryInterpretationCacheStandardImpl.resolveHqlInterpretation(QueryInterpretationCacheStandardImpl.java:132)
	at org.hibernate.query.spi.QueryEngine.interpretHql(QueryEngine.java:54)
	at org.hibernate.internal.AbstractSharedSessionContract.interpretHql(AbstractSharedSessionContract.java:832)
	at org.hibernate.internal.AbstractSharedSessionContract.createQuery(AbstractSharedSessionContract.java:878)
	... 169 common frames omitted
Caused by: org.hibernate.query.sqm.PathElementException: Could not resolve attribute 'invoiceId' of 'com.example.ClinicaDefinitiva.infrastructure.persistence.entity.payment.PaymentEntity'
	at org.hibernate.query.sqm.SqmPathSource.getSubPathSource(SqmPathSource.java:95)
	at org.hibernate.query.sqm.tree.domain.AbstractSqmPath.get(AbstractSqmPath.java:198)
	at org.hibernate.query.sqm.tree.domain.AbstractSqmFrom.resolvePathPart(AbstractSqmFrom.java:198)
	at org.hibernate.query.hql.internal.DomainPathPart.resolvePathPart(DomainPathPart.java:42)
	at org.hibernate.query.hql.internal.BasicDotIdentifierConsumer.consumeIdentifier(BasicDotIdentifierConsumer.java:92)
	at org.hibernate.query.hql.internal.SemanticQueryBuilder.visitSimplePath(SemanticQueryBuilder.java:5465)
	at org.hibernate.query.hql.internal.SemanticQueryBuilder.visitGeneralPathFragment(SemanticQueryBuilder.java:5298)
	at org.hibernate.query.hql.internal.SemanticQueryBuilder.visitGeneralPathExpression(SemanticQueryBuilder.java:1891)
	at org.hibernate.grammars.hql.HqlParser$GeneralPathExpressionContext.accept(HqlParser.java:8268)
	at org.antlr.v4.runtime.tree.AbstractParseTreeVisitor.visitChildren(AbstractParseTreeVisitor.java:46)
	at org.hibernate.grammars.hql.HqlParserBaseVisitor.visitBarePrimaryExpression(HqlParserBaseVisitor.java:812)
	at org.hibernate.grammars.hql.HqlParser$BarePrimaryExpressionContext.accept(HqlParser.java:7726)
	at org.hibernate.query.hql.internal.SemanticQueryBuilder.createComparisonPredicate(SemanticQueryBuilder.java:2548)
	at org.hibernate.query.hql.internal.SemanticQueryBuilder.visitComparisonPredicate(SemanticQueryBuilder.java:2509)
	at org.hibernate.query.hql.internal.SemanticQueryBuilder.visitComparisonPredicate(SemanticQueryBuilder.java:277)
	at org.hibernate.grammars.hql.HqlParser$ComparisonPredicateContext.accept(HqlParser.java:6611)
	at org.hibernate.query.hql.internal.SemanticQueryBuilder.visitAndPredicate(SemanticQueryBuilder.java:2378)
	at org.hibernate.query.hql.internal.SemanticQueryBuilder.visitAndPredicate(SemanticQueryBuilder.java:277)
	at org.hibernate.grammars.hql.HqlParser$AndPredicateContext.accept(HqlParser.java:6461)
	at org.hibernate.query.hql.internal.SemanticQueryBuilder.visitWhereClause(SemanticQueryBuilder.java:2361)
	at org.hibernate.query.hql.internal.SemanticQueryBuilder.visitWhereClause(SemanticQueryBuilder.java:277)
	at org.hibernate.grammars.hql.HqlParser$WhereClauseContext.accept(HqlParser.java:6302)
	at org.hibernate.query.hql.internal.SemanticQueryBuilder.visitQuery(SemanticQueryBuilder.java:1259)
	at org.hibernate.query.hql.internal.SemanticQueryBuilder.visitQuerySpecExpression(SemanticQueryBuilder.java:1040)
	at org.hibernate.query.hql.internal.SemanticQueryBuilder.visitQuerySpecExpression(SemanticQueryBuilder.java:277)
	at org.hibernate.grammars.hql.HqlParser$QuerySpecExpressionContext.accept(HqlParser.java:2134)
	at org.hibernate.query.hql.internal.SemanticQueryBuilder.visitSimpleQueryGroup(SemanticQueryBuilder.java:1025)
	at org.hibernate.query.hql.internal.SemanticQueryBuilder.visitSimpleQueryGroup(SemanticQueryBuilder.java:277)
	at org.hibernate.grammars.hql.HqlParser$SimpleQueryGroupContext.accept(HqlParser.java:2005)
	at org.hibernate.query.hql.internal.SemanticQueryBuilder.visitSelectStatement(SemanticQueryBuilder.java:492)
	at org.hibernate.query.hql.internal.SemanticQueryBuilder.visitStatement(SemanticQueryBuilder.java:451)
	at org.hibernate.query.hql.internal.SemanticQueryBuilder.buildSemanticModel(SemanticQueryBuilder.java:324)
	at org.hibernate.query.hql.internal.StandardHqlTranslator.translate(StandardHqlTranslator.java:71)
	... 174 common frames omitted
2026-03-22 16:08:13 INFO  [background-preinit] o.h.validator.internal.util.Version - HV000001: Hibernate Validator 8.0.2.Final
2026-03-22 16:08:13 DEBUG [background-preinit] o.h.v.i.x.config.ValidationXmlParser - Trying to load META-INF/validation.xml for XML based Validator configuration.
2026-03-22 16:08:13 DEBUG [background-preinit] o.h.v.i.x.c.ResourceLoaderHelper - Trying to load META-INF/validation.xml via TCCL
2026-03-22 16:08:13 DEBUG [background-preinit] o.h.v.i.x.c.ResourceLoaderHelper - Trying to load META-INF/validation.xml via Hibernate Validator's class loader
2026-03-22 16:08:13 DEBUG [background-preinit] o.h.v.i.x.config.ValidationXmlParser - No META-INF/validation.xml found. Using annotation based configuration only.
2026-03-22 16:08:13 DEBUG [background-preinit] o.h.v.i.e.r.TraversableResolvers - Found jakarta.persistence.Persistence on classpath containing 'getPersistenceUtil'. Assuming JPA 2 environment. Trying to instantiate JPA aware TraversableResolver
2026-03-22 16:08:13 DEBUG [background-preinit] o.h.v.i.e.r.TraversableResolvers - Instantiated JPA aware TraversableResolver of type org.hibernate.validator.internal.engine.resolver.JPATraversableResolver.
2026-03-22 16:08:13 DEBUG [background-preinit] o.h.v.m.ResourceBundleMessageInterpolator - Loaded expression factory via original TCCL
2026-03-22 16:08:13 INFO  [main] c.e.C.ClinicaDefinitivaApplicationTests - Starting ClinicaDefinitivaApplicationTests using Java 17.0.10 with PID 21552 (started by David in C:\Users\David\OneDrive\Documents\proyectosJava\ClinicaDefinitiva)
2026-03-22 16:08:13 INFO  [main] c.e.C.ClinicaDefinitivaApplicationTests - The following 1 profile is active: "test"
2026-03-22 16:08:14 DEBUG [main] o.s.w.c.s.GenericWebApplicationContext - Refreshing org.springframework.web.context.support.GenericWebApplicationContext@55421b8d
2026-03-22 16:08:17 DEBUG [background-preinit] o.h.v.i.e.ValidatorFactoryConfigurationHelper - HV000252: Using org.hibernate.validator.internal.engine.DefaultPropertyNodeNameProvider as property node name provider.
2026-03-22 16:08:17 DEBUG [background-preinit] o.h.v.i.e.ValidatorFactoryConfigurationHelper - HV000234: Using org.hibernate.validator.messageinterpolation.ResourceBundleMessageInterpolator as ValidatorFactory-scoped message interpolator.
2026-03-22 16:08:17 DEBUG [background-preinit] o.h.v.i.e.ValidatorFactoryConfigurationHelper - HV000234: Using org.hibernate.validator.internal.engine.resolver.JPATraversableResolver as ValidatorFactory-scoped traversable resolver.
2026-03-22 16:08:17 DEBUG [background-preinit] o.h.v.i.e.ValidatorFactoryConfigurationHelper - HV000234: Using org.hibernate.validator.internal.util.ExecutableParameterNameProvider as ValidatorFactory-scoped parameter name provider.
2026-03-22 16:08:17 DEBUG [background-preinit] o.h.v.i.e.ValidatorFactoryConfigurationHelper - HV000234: Using org.hibernate.validator.internal.engine.DefaultClockProvider as ValidatorFactory-scoped clock provider.
2026-03-22 16:08:17 DEBUG [background-preinit] o.h.v.i.e.ValidatorFactoryConfigurationHelper - HV000234: Using org.hibernate.validator.internal.engine.scripting.DefaultScriptEvaluatorFactory as ValidatorFactory-scoped script evaluator factory.
2026-03-22 16:08:34 INFO  [main] o.s.d.r.c.RepositoryConfigurationDelegate - Bootstrapping Spring Data JPA repositories in DEFAULT mode.
2026-03-22 16:08:37 INFO  [main] o.s.d.r.c.RepositoryConfigurationDelegate - Finished Spring Data repository scanning in 2848 ms. Found 21 JPA repository interfaces.
2026-03-22 16:08:45 INFO  [main] o.h.jpa.internal.util.LogHelper - HHH000204: Processing PersistenceUnitInfo [name: default]
2026-03-22 16:08:46 INFO  [main] org.hibernate.Version - HHH000412: Hibernate ORM core version 6.6.15.Final
2026-03-22 16:08:46 INFO  [main] o.h.c.i.RegionFactoryInitiator - HHH000026: Second-level cache disabled
2026-03-22 16:08:51 INFO  [main] o.s.o.j.p.SpringPersistenceUnitInfo - No LoadTimeWeaver setup: ignoring JPA class transformer
2026-03-22 16:08:52 INFO  [main] com.zaxxer.hikari.HikariDataSource - HikariPool-1 - Starting...
2026-03-22 16:08:54 INFO  [main] com.zaxxer.hikari.pool.HikariPool - HikariPool-1 - Added connection conn0: url=jdbc:h2:mem:testdb user=SA
2026-03-22 16:08:54 INFO  [main] com.zaxxer.hikari.HikariDataSource - HikariPool-1 - Start completed.
2026-03-22 16:08:55 WARN  [main] org.hibernate.orm.deprecation - HHH90000025: H2Dialect does not need to be specified explicitly using 'hibernate.dialect' (remove the property setting and it will be selected by default)
2026-03-22 16:08:55 INFO  [main] o.hibernate.orm.connections.pooling - HHH10001005: Database info:
	Database JDBC URL [Connecting through datasource 'HikariDataSource (HikariPool-1)']
	Database driver: undefined/unknown
	Database version: 2.3.232
	Autocommit mode: undefined/unknown
	Isolation level: undefined/unknown
	Minimum pool size: undefined/unknown
	Maximum pool size: undefined/unknown
2026-03-22 16:08:59 DEBUG [main] o.h.v.i.x.config.ValidationXmlParser - Trying to load META-INF/validation.xml for XML based Validator configuration.
2026-03-22 16:08:59 DEBUG [main] o.h.v.i.x.c.ResourceLoaderHelper - Trying to load META-INF/validation.xml via TCCL
2026-03-22 16:08:59 DEBUG [main] o.h.v.i.x.c.ResourceLoaderHelper - Trying to load META-INF/validation.xml via Hibernate Validator's class loader
2026-03-22 16:08:59 DEBUG [main] o.h.v.i.x.config.ValidationXmlParser - No META-INF/validation.xml found. Using annotation based configuration only.
2026-03-22 16:08:59 DEBUG [main] o.h.v.i.e.r.TraversableResolvers - Found jakarta.persistence.Persistence on classpath containing 'getPersistenceUtil'. Assuming JPA 2 environment. Trying to instantiate JPA aware TraversableResolver
2026-03-22 16:08:59 DEBUG [main] o.h.v.i.e.r.TraversableResolvers - Instantiated JPA aware TraversableResolver of type org.hibernate.validator.internal.engine.resolver.JPATraversableResolver.
2026-03-22 16:08:59 DEBUG [main] o.h.v.m.ResourceBundleMessageInterpolator - Loaded expression factory via original TCCL
2026-03-22 16:08:59 DEBUG [main] o.h.v.i.e.ValidatorFactoryConfigurationHelper - HV000252: Using org.hibernate.validator.internal.engine.DefaultPropertyNodeNameProvider as property node name provider.
2026-03-22 16:08:59 DEBUG [main] o.h.v.i.e.ValidatorFactoryConfigurationHelper - HV000234: Using org.hibernate.validator.messageinterpolation.ResourceBundleMessageInterpolator as ValidatorFactory-scoped message interpolator.
2026-03-22 16:08:59 DEBUG [main] o.h.v.i.e.ValidatorFactoryConfigurationHelper - HV000234: Using org.hibernate.validator.internal.engine.resolver.JPATraversableResolver as ValidatorFactory-scoped traversable resolver.
2026-03-22 16:08:59 DEBUG [main] o.h.v.i.e.ValidatorFactoryConfigurationHelper - HV000234: Using org.hibernate.validator.internal.util.ExecutableParameterNameProvider as ValidatorFactory-scoped parameter name provider.
2026-03-22 16:08:59 DEBUG [main] o.h.v.i.e.ValidatorFactoryConfigurationHelper - HV000234: Using org.hibernate.validator.internal.engine.DefaultClockProvider as ValidatorFactory-scoped clock provider.
2026-03-22 16:08:59 DEBUG [main] o.h.v.i.e.ValidatorFactoryConfigurationHelper - HV000234: Using org.hibernate.validator.internal.engine.scripting.DefaultScriptEvaluatorFactory as ValidatorFactory-scoped script evaluator factory.
2026-03-22 16:09:08 INFO  [main] o.h.e.t.j.p.i.JtaPlatformInitiator - HHH000489: No JTA platform available (set 'hibernate.transaction.jta.platform' to enable JTA platform integration)
2026-03-22 16:09:09 INFO  [main] o.s.o.j.LocalContainerEntityManagerFactoryBean - Initialized JPA EntityManagerFactory for persistence unit 'default'
2026-03-22 16:09:14 INFO  [main] o.s.d.j.r.query.QueryEnhancerFactory - Hibernate is in classpath; If applicable, HQL parser will be used.
2026-03-22 16:09:28 INFO  [main] c.e.C.i.p.s.StripePaymentGateway - ? Stripe payment gateway initialized
2026-03-22 16:09:28 INFO  [main] c.e.C.i.p.s.StripePaymentGateway - ? Stripe payment gateway initialized
2026-03-22 16:09:29 INFO  [main] o.s.s.c.a.a.c.InitializeAuthenticationProviderBeanManagerConfigurer$InitializeAuthenticationProviderManagerConfigurer - Global AuthenticationManager configured with AuthenticationProvider bean with name authenticationProvider
2026-03-22 16:09:29 WARN  [main] o.s.s.c.a.a.c.InitializeUserDetailsBeanManagerConfigurer$InitializeUserDetailsManagerConfigurer - Global AuthenticationManager configured with an AuthenticationProvider bean. UserDetailsService beans will not be used by Spring Security for automatically configuring username/password login. Consider removing the AuthenticationProvider bean. Alternatively, consider using the UserDetailsService in a manually instantiated DaoAuthenticationProvider. If the current configuration is intentional, to turn off this warning, increase the logging level of 'org.springframework.security.config.annotation.authentication.configuration.InitializeUserDetailsBeanManagerConfigurer' to ERROR
2026-03-22 16:09:29 INFO  [main] c.e.C.i.p.s.StripePaymentGateway - ? Stripe payment gateway initialized
2026-03-22 16:09:30 WARN  [main] o.s.b.a.o.j.JpaBaseConfiguration$JpaWebConfiguration - spring.jpa.open-in-view is enabled by default. Therefore, database queries may be performed during view rendering. Explicitly configure spring.jpa.open-in-view to disable this warning
2026-03-22 16:09:32 DEBUG [main] o.s.w.s.m.m.a.RequestMappingHandlerMapping - 193 mappings in 'requestMappingHandlerMapping'
2026-03-22 16:09:32 DEBUG [main] o.s.w.s.h.SimpleUrlHandlerMapping - Patterns [/webjars/**, /**] in 'resourceHandlerMapping'
2026-03-22 16:09:33 INFO  [main] o.s.b.a.e.web.EndpointLinksResolver - Exposing 1 endpoint beneath base path '/actuator'
2026-03-22 16:09:34 DEBUG [main] o.s.s.web.DefaultSecurityFilterChain - Will secure any request with filters: DisableEncodeUrlFilter, WebAsyncManagerIntegrationFilter, SecurityContextHolderFilter, HeaderWriterFilter, LogoutFilter, JwtAuthenticationFilter, RequestCacheAwareFilter, SecurityContextHolderAwareRequestFilter, AnonymousAuthenticationFilter, SessionManagementFilter, ExceptionTranslationFilter, AuthorizationFilter
2026-03-22 16:09:35 DEBUG [main] o.h.v.m.ResourceBundleMessageInterpolator - Loaded expression factory via original TCCL
2026-03-22 16:09:35 DEBUG [main] o.h.v.i.e.AbstractConfigurationImpl - Setting custom MessageInterpolator of type org.springframework.validation.beanvalidation.LocaleContextMessageInterpolator
2026-03-22 16:09:35 DEBUG [main] o.h.v.i.e.AbstractConfigurationImpl - Setting custom ConstraintValidatorFactory of type org.springframework.validation.beanvalidation.SpringConstraintValidatorFactory
2026-03-22 16:09:35 DEBUG [main] o.h.v.i.x.config.ValidationXmlParser - Trying to load META-INF/validation.xml for XML based Validator configuration.
2026-03-22 16:09:35 DEBUG [main] o.h.v.i.x.c.ResourceLoaderHelper - Trying to load META-INF/validation.xml via user class loader
2026-03-22 16:09:35 DEBUG [main] o.h.v.i.x.c.ResourceLoaderHelper - Trying to load META-INF/validation.xml via TCCL
2026-03-22 16:09:35 DEBUG [main] o.h.v.i.x.c.ResourceLoaderHelper - Trying to load META-INF/validation.xml via Hibernate Validator's class loader
2026-03-22 16:09:35 DEBUG [main] o.h.v.i.x.config.ValidationXmlParser - No META-INF/validation.xml found. Using annotation based configuration only.
2026-03-22 16:09:35 DEBUG [main] o.h.v.i.e.r.TraversableResolvers - Found jakarta.persistence.Persistence on classpath containing 'getPersistenceUtil'. Assuming JPA 2 environment. Trying to instantiate JPA aware TraversableResolver
2026-03-22 16:09:35 DEBUG [main] o.h.v.i.e.r.TraversableResolvers - Instantiated JPA aware TraversableResolver of type org.hibernate.validator.internal.engine.resolver.JPATraversableResolver.
2026-03-22 16:09:35 DEBUG [main] o.h.v.i.e.ValidatorFactoryConfigurationHelper - HV000252: Using org.hibernate.validator.internal.engine.DefaultPropertyNodeNameProvider as property node name provider.
2026-03-22 16:09:35 DEBUG [main] o.h.v.i.e.ValidatorFactoryConfigurationHelper - HV000234: Using org.springframework.validation.beanvalidation.LocaleContextMessageInterpolator as ValidatorFactory-scoped message interpolator.
2026-03-22 16:09:35 DEBUG [main] o.h.v.i.e.ValidatorFactoryConfigurationHelper - HV000234: Using org.hibernate.validator.internal.engine.resolver.JPATraversableResolver as ValidatorFactory-scoped traversable resolver.
2026-03-22 16:09:35 DEBUG [main] o.h.v.i.e.ValidatorFactoryConfigurationHelper - HV000234: Using org.hibernate.validator.internal.util.ExecutableParameterNameProvider as ValidatorFactory-scoped parameter name provider.
2026-03-22 16:09:35 DEBUG [main] o.h.v.i.e.ValidatorFactoryConfigurationHelper - HV000234: Using org.hibernate.validator.internal.engine.DefaultClockProvider as ValidatorFactory-scoped clock provider.
2026-03-22 16:09:35 DEBUG [main] o.h.v.i.e.ValidatorFactoryConfigurationHelper - HV000234: Using org.hibernate.validator.internal.engine.scripting.DefaultScriptEvaluatorFactory as ValidatorFactory-scoped script evaluator factory.
2026-03-22 16:09:35 DEBUG [main] o.s.w.s.m.m.a.RequestMappingHandlerAdapter - ControllerAdvice beans: 0 @ModelAttribute, 0 @InitBinder, 1 RequestBodyAdvice, 1 ResponseBodyAdvice
2026-03-22 16:09:35 DEBUG [main] o.s.w.s.m.m.a.ExceptionHandlerExceptionResolver - ControllerAdvice beans: 0 @ExceptionHandler, 1 ResponseBodyAdvice
2026-03-22 16:09:36 INFO  [main] c.e.C.ClinicaDefinitivaApplicationTests - Started ClinicaDefinitivaApplicationTests in 89.127 seconds (process running for 104.776)
2026-03-22 16:09:39 DEBUG [SpringApplicationShutdownHook] o.s.w.c.s.GenericWebApplicationContext - Closing org.springframework.web.context.support.GenericWebApplicationContext@55421b8d, started on Sun Mar 22 16:08:14 COT 2026
2026-03-22 16:09:41 INFO  [SpringApplicationShutdownHook] o.s.o.j.LocalContainerEntityManagerFactoryBean - Closing JPA EntityManagerFactory for persistence unit 'default'
2026-03-22 16:09:42 INFO  [SpringApplicationShutdownHook] com.zaxxer.hikari.HikariDataSource - HikariPool-1 - Shutdown initiated...
2026-03-22 16:09:42 INFO  [SpringApplicationShutdownHook] com.zaxxer.hikari.HikariDataSource - HikariPool-1 - Shutdown completed.
2026-03-22 16:15:28 INFO  [background-preinit] o.h.validator.internal.util.Version - HV000001: Hibernate Validator 8.0.2.Final
2026-03-22 16:15:28 DEBUG [background-preinit] o.h.v.i.x.config.ValidationXmlParser - Trying to load META-INF/validation.xml for XML based Validator configuration.
2026-03-22 16:15:28 DEBUG [background-preinit] o.h.v.i.x.c.ResourceLoaderHelper - Trying to load META-INF/validation.xml via TCCL
2026-03-22 16:15:28 DEBUG [background-preinit] o.h.v.i.x.c.ResourceLoaderHelper - Trying to load META-INF/validation.xml via Hibernate Validator's class loader
2026-03-22 16:15:28 DEBUG [background-preinit] o.h.v.i.x.config.ValidationXmlParser - No META-INF/validation.xml found. Using annotation based configuration only.
2026-03-22 16:15:28 DEBUG [background-preinit] o.h.v.i.e.r.TraversableResolvers - Found jakarta.persistence.Persistence on classpath containing 'getPersistenceUtil'. Assuming JPA 2 environment. Trying to instantiate JPA aware TraversableResolver
2026-03-22 16:15:28 DEBUG [background-preinit] o.h.v.i.e.r.TraversableResolvers - Instantiated JPA aware TraversableResolver of type org.hibernate.validator.internal.engine.resolver.JPATraversableResolver.
2026-03-22 16:15:28 DEBUG [background-preinit] o.h.v.m.ResourceBundleMessageInterpolator - Loaded expression factory via original TCCL
2026-03-22 16:15:28 INFO  [main] c.e.C.ClinicaDefinitivaApplication - Starting ClinicaDefinitivaApplication using Java 17.0.10 with PID 14928 (C:\Users\David\OneDrive\Documents\proyectosJava\ClinicaDefinitiva\target\classes started by David in C:\Users\David\OneDrive\Documents\proyectosJava\ClinicaDefinitiva)
2026-03-22 16:15:28 INFO  [main] c.e.C.ClinicaDefinitivaApplication - No active profile set, falling back to 1 default profile: "default"
2026-03-22 16:15:29 DEBUG [background-preinit] o.h.v.i.e.ValidatorFactoryConfigurationHelper - HV000252: Using org.hibernate.validator.internal.engine.DefaultPropertyNodeNameProvider as property node name provider.
2026-03-22 16:15:29 DEBUG [background-preinit] o.h.v.i.e.ValidatorFactoryConfigurationHelper - HV000234: Using org.hibernate.validator.messageinterpolation.ResourceBundleMessageInterpolator as ValidatorFactory-scoped message interpolator.
2026-03-22 16:15:29 DEBUG [background-preinit] o.h.v.i.e.ValidatorFactoryConfigurationHelper - HV000234: Using org.hibernate.validator.internal.engine.resolver.JPATraversableResolver as ValidatorFactory-scoped traversable resolver.
2026-03-22 16:15:29 DEBUG [background-preinit] o.h.v.i.e.ValidatorFactoryConfigurationHelper - HV000234: Using org.hibernate.validator.internal.util.ExecutableParameterNameProvider as ValidatorFactory-scoped parameter name provider.
2026-03-22 16:15:29 DEBUG [background-preinit] o.h.v.i.e.ValidatorFactoryConfigurationHelper - HV000234: Using org.hibernate.validator.internal.engine.DefaultClockProvider as ValidatorFactory-scoped clock provider.
2026-03-22 16:15:29 DEBUG [background-preinit] o.h.v.i.e.ValidatorFactoryConfigurationHelper - HV000234: Using org.hibernate.validator.internal.engine.scripting.DefaultScriptEvaluatorFactory as ValidatorFactory-scoped script evaluator factory.
2026-03-22 16:15:38 INFO  [main] o.s.d.r.c.RepositoryConfigurationDelegate - Bootstrapping Spring Data JPA repositories in DEFAULT mode.
2026-03-22 16:15:41 INFO  [main] o.s.d.r.c.RepositoryConfigurationDelegate - Finished Spring Data repository scanning in 2504 ms. Found 21 JPA repository interfaces.
2026-03-22 16:15:45 INFO  [main] o.s.b.w.e.tomcat.TomcatWebServer - Tomcat initialized with port 8080 (http)
2026-03-22 16:15:45 INFO  [main] o.a.coyote.http11.Http11NioProtocol - Initializing ProtocolHandler ["http-nio-8080"]
2026-03-22 16:15:45 INFO  [main] o.a.catalina.core.StandardService - Starting service [Tomcat]
2026-03-22 16:15:45 INFO  [main] o.a.catalina.core.StandardEngine - Starting Servlet engine: [Apache Tomcat/10.1.41]
2026-03-22 16:15:45 INFO  [main] o.a.c.c.C.[Tomcat].[localhost].[/] - Initializing Spring embedded WebApplicationContext
2026-03-22 16:15:45 INFO  [main] o.s.b.w.s.c.ServletWebServerApplicationContext - Root WebApplicationContext: initialization completed in 16989 ms
2026-03-22 16:15:46 DEBUG [main] o.s.w.f.ServerHttpObservationFilter - Filter 'webMvcObservationFilter' configured for use
2026-03-22 16:15:48 INFO  [main] o.h.jpa.internal.util.LogHelper - HHH000204: Processing PersistenceUnitInfo [name: default]
2026-03-22 16:15:48 INFO  [main] org.hibernate.Version - HHH000412: Hibernate ORM core version 6.6.15.Final
2026-03-22 16:15:48 INFO  [main] o.h.c.i.RegionFactoryInitiator - HHH000026: Second-level cache disabled
2026-03-22 16:15:50 INFO  [main] o.s.o.j.p.SpringPersistenceUnitInfo - No LoadTimeWeaver setup: ignoring JPA class transformer
2026-03-22 16:15:50 INFO  [main] com.zaxxer.hikari.HikariDataSource - HikariPool-1 - Starting...
2026-03-22 16:15:51 INFO  [main] com.zaxxer.hikari.pool.HikariPool - HikariPool-1 - Added connection com.mysql.cj.jdbc.ConnectionImpl@6e23ba17
2026-03-22 16:15:51 INFO  [main] com.zaxxer.hikari.HikariDataSource - HikariPool-1 - Start completed.
2026-03-22 16:15:52 WARN  [main] org.hibernate.dialect.Dialect - HHH000511: The 5.5.5 version for [org.hibernate.dialect.MySQLDialect] is no longer supported, hence certain features may not work properly. The minimum supported version is 8.0.0. Check the community dialects project for available legacy versions.
2026-03-22 16:15:52 WARN  [main] org.hibernate.orm.deprecation - HHH90000025: MySQLDialect does not need to be specified explicitly using 'hibernate.dialect' (remove the property setting and it will be selected by default)
2026-03-22 16:15:52 INFO  [main] o.hibernate.orm.connections.pooling - HHH10001005: Database info:
	Database JDBC URL [Connecting through datasource 'HikariDataSource (HikariPool-1)']
	Database driver: undefined/unknown
	Database version: 5.5.5
	Autocommit mode: undefined/unknown
	Isolation level: undefined/unknown
	Minimum pool size: undefined/unknown
	Maximum pool size: undefined/unknown
2026-03-22 16:15:54 DEBUG [main] o.h.v.i.x.config.ValidationXmlParser - Trying to load META-INF/validation.xml for XML based Validator configuration.
2026-03-22 16:15:54 DEBUG [main] o.h.v.i.x.c.ResourceLoaderHelper - Trying to load META-INF/validation.xml via TCCL
2026-03-22 16:15:54 DEBUG [main] o.h.v.i.x.c.ResourceLoaderHelper - Trying to load META-INF/validation.xml via Hibernate Validator's class loader
2026-03-22 16:15:54 DEBUG [main] o.h.v.i.x.config.ValidationXmlParser - No META-INF/validation.xml found. Using annotation based configuration only.
2026-03-22 16:15:54 DEBUG [main] o.h.v.i.e.r.TraversableResolvers - Found jakarta.persistence.Persistence on classpath containing 'getPersistenceUtil'. Assuming JPA 2 environment. Trying to instantiate JPA aware TraversableResolver
2026-03-22 16:15:54 DEBUG [main] o.h.v.i.e.r.TraversableResolvers - Instantiated JPA aware TraversableResolver of type org.hibernate.validator.internal.engine.resolver.JPATraversableResolver.
2026-03-22 16:15:54 DEBUG [main] o.h.v.m.ResourceBundleMessageInterpolator - Loaded expression factory via original TCCL
2026-03-22 16:15:54 DEBUG [main] o.h.v.i.e.ValidatorFactoryConfigurationHelper - HV000252: Using org.hibernate.validator.internal.engine.DefaultPropertyNodeNameProvider as property node name provider.
2026-03-22 16:15:54 DEBUG [main] o.h.v.i.e.ValidatorFactoryConfigurationHelper - HV000234: Using org.hibernate.validator.messageinterpolation.ResourceBundleMessageInterpolator as ValidatorFactory-scoped message interpolator.
2026-03-22 16:15:54 DEBUG [main] o.h.v.i.e.ValidatorFactoryConfigurationHelper - HV000234: Using org.hibernate.validator.internal.engine.resolver.JPATraversableResolver as ValidatorFactory-scoped traversable resolver.
2026-03-22 16:15:54 DEBUG [main] o.h.v.i.e.ValidatorFactoryConfigurationHelper - HV000234: Using org.hibernate.validator.internal.util.ExecutableParameterNameProvider as ValidatorFactory-scoped parameter name provider.
2026-03-22 16:15:54 DEBUG [main] o.h.v.i.e.ValidatorFactoryConfigurationHelper - HV000234: Using org.hibernate.validator.internal.engine.DefaultClockProvider as ValidatorFactory-scoped clock provider.
2026-03-22 16:15:54 DEBUG [main] o.h.v.i.e.ValidatorFactoryConfigurationHelper - HV000234: Using org.hibernate.validator.internal.engine.scripting.DefaultScriptEvaluatorFactory as ValidatorFactory-scoped script evaluator factory.
2026-03-22 16:15:59 INFO  [main] o.h.e.t.j.p.i.JtaPlatformInitiator - HHH000489: No JTA platform available (set 'hibernate.transaction.jta.platform' to enable JTA platform integration)
2026-03-22 16:16:01 ERROR [main] o.s.o.j.LocalContainerEntityManagerFactoryBean - Failed to initialize JPA EntityManagerFactory: [PersistenceUnit: default] Unable to build Hibernate SessionFactory; nested exception is org.hibernate.tool.schema.spi.SchemaManagementException: Schema-validation: missing column [nombre_pagador] in table [pago]
2026-03-22 16:16:01 WARN  [main] o.s.b.w.s.c.AnnotationConfigServletWebServerApplicationContext - Exception encountered during context initialization - cancelling refresh attempt: org.springframework.beans.factory.BeanCreationException: Error creating bean with name 'entityManagerFactory' defined in class path resource [org/springframework/boot/autoconfigure/orm/jpa/HibernateJpaConfiguration.class]: [PersistenceUnit: default] Unable to build Hibernate SessionFactory; nested exception is org.hibernate.tool.schema.spi.SchemaManagementException: Schema-validation: missing column [nombre_pagador] in table [pago]
2026-03-22 16:16:01 INFO  [main] com.zaxxer.hikari.HikariDataSource - HikariPool-1 - Shutdown initiated...
2026-03-22 16:16:01 INFO  [main] com.zaxxer.hikari.HikariDataSource - HikariPool-1 - Shutdown completed.
2026-03-22 16:16:01 INFO  [main] o.a.catalina.core.StandardService - Stopping service [Tomcat]
2026-03-22 16:16:01 INFO  [main] o.s.b.a.l.ConditionEvaluationReportLogger - 

Error starting ApplicationContext. To display the condition evaluation report re-run your application with 'debug' enabled.
2026-03-22 16:16:01 ERROR [main] o.s.boot.SpringApplication - Application run failed
org.springframework.beans.factory.BeanCreationException: Error creating bean with name 'entityManagerFactory' defined in class path resource [org/springframework/boot/autoconfigure/orm/jpa/HibernateJpaConfiguration.class]: [PersistenceUnit: default] Unable to build Hibernate SessionFactory; nested exception is org.hibernate.tool.schema.spi.SchemaManagementException: Schema-validation: missing column [nombre_pagador] in table [pago]
	at org.springframework.beans.factory.support.AbstractAutowireCapableBeanFactory.initializeBean(AbstractAutowireCapableBeanFactory.java:1826)
	at org.springframework.beans.factory.support.AbstractAutowireCapableBeanFactory.doCreateBean(AbstractAutowireCapableBeanFactory.java:607)
	at org.springframework.beans.factory.support.AbstractAutowireCapableBeanFactory.createBean(AbstractAutowireCapableBeanFactory.java:529)
	at org.springframework.beans.factory.support.AbstractBeanFactory.lambda$doGetBean$0(AbstractBeanFactory.java:339)
	at org.springframework.beans.factory.support.DefaultSingletonBeanRegistry.getSingleton(DefaultSingletonBeanRegistry.java:373)
	at org.springframework.beans.factory.support.AbstractBeanFactory.doGetBean(AbstractBeanFactory.java:337)
	at org.springframework.beans.factory.support.AbstractBeanFactory.getBean(AbstractBeanFactory.java:207)
	at org.springframework.context.support.AbstractApplicationContext.finishBeanFactoryInitialization(AbstractApplicationContext.java:970)
	at org.springframework.context.support.AbstractApplicationContext.refresh(AbstractApplicationContext.java:627)
	at org.springframework.boot.web.servlet.context.ServletWebServerApplicationContext.refresh(ServletWebServerApplicationContext.java:146)
	at org.springframework.boot.SpringApplication.refresh(SpringApplication.java:753)
	at org.springframework.boot.SpringApplication.refreshContext(SpringApplication.java:439)
	at org.springframework.boot.SpringApplication.run(SpringApplication.java:318)
	at org.springframework.boot.SpringApplication.run(SpringApplication.java:1362)
	at org.springframework.boot.SpringApplication.run(SpringApplication.java:1351)
	at com.example.ClinicaDefinitiva.ClinicaDefinitivaApplication.main(ClinicaDefinitivaApplication.java:20)
Caused by: jakarta.persistence.PersistenceException: [PersistenceUnit: default] Unable to build Hibernate SessionFactory; nested exception is org.hibernate.tool.schema.spi.SchemaManagementException: Schema-validation: missing column [nombre_pagador] in table [pago]
	at org.springframework.orm.jpa.AbstractEntityManagerFactoryBean.buildNativeEntityManagerFactory(AbstractEntityManagerFactoryBean.java:431)
	at org.springframework.orm.jpa.AbstractEntityManagerFactoryBean.afterPropertiesSet(AbstractEntityManagerFactoryBean.java:400)
	at org.springframework.orm.jpa.LocalContainerEntityManagerFactoryBean.afterPropertiesSet(LocalContainerEntityManagerFactoryBean.java:366)
	at org.springframework.beans.factory.support.AbstractAutowireCapableBeanFactory.invokeInitMethods(AbstractAutowireCapableBeanFactory.java:1873)
	at org.springframework.beans.factory.support.AbstractAutowireCapableBeanFactory.initializeBean(AbstractAutowireCapableBeanFactory.java:1822)
	... 15 common frames omitted
Caused by: org.hibernate.tool.schema.spi.SchemaManagementException: Schema-validation: missing column [nombre_pagador] in table [pago]
	at org.hibernate.tool.schema.internal.AbstractSchemaValidator.validateTable(AbstractSchemaValidator.java:149)
	at org.hibernate.tool.schema.internal.GroupedSchemaValidatorImpl.validateTables(GroupedSchemaValidatorImpl.java:46)
	at org.hibernate.tool.schema.internal.AbstractSchemaValidator.performValidation(AbstractSchemaValidator.java:99)
	at org.hibernate.tool.schema.internal.AbstractSchemaValidator.doValidation(AbstractSchemaValidator.java:77)
	at org.hibernate.tool.schema.spi.SchemaManagementToolCoordinator.performDatabaseAction(SchemaManagementToolCoordinator.java:289)
	at org.hibernate.tool.schema.spi.SchemaManagementToolCoordinator.lambda$process$5(SchemaManagementToolCoordinator.java:144)
	at java.base/java.util.HashMap.forEach(HashMap.java:1421)
	at org.hibernate.tool.schema.spi.SchemaManagementToolCoordinator.process(SchemaManagementToolCoordinator.java:141)
	at org.hibernate.boot.internal.SessionFactoryObserverForSchemaExport.sessionFactoryCreated(SessionFactoryObserverForSchemaExport.java:37)
	at org.hibernate.internal.SessionFactoryObserverChain.sessionFactoryCreated(SessionFactoryObserverChain.java:35)
	at org.hibernate.internal.SessionFactoryImpl.<init>(SessionFactoryImpl.java:324)
	at org.hibernate.boot.internal.SessionFactoryBuilderImpl.build(SessionFactoryBuilderImpl.java:463)
	at org.hibernate.jpa.boot.internal.EntityManagerFactoryBuilderImpl.build(EntityManagerFactoryBuilderImpl.java:1517)
	at org.springframework.orm.jpa.vendor.SpringHibernateJpaPersistenceProvider.createContainerEntityManagerFactory(SpringHibernateJpaPersistenceProvider.java:66)
	at org.springframework.orm.jpa.LocalContainerEntityManagerFactoryBean.createNativeEntityManagerFactory(LocalContainerEntityManagerFactoryBean.java:390)
	at org.springframework.orm.jpa.AbstractEntityManagerFactoryBean.buildNativeEntityManagerFactory(AbstractEntityManagerFactoryBean.java:419)
	... 19 common frames omitted
2026-03-22 16:28:33 INFO  [background-preinit] o.h.validator.internal.util.Version - HV000001: Hibernate Validator 8.0.2.Final
2026-03-22 16:28:33 DEBUG [background-preinit] o.h.v.i.x.config.ValidationXmlParser - Trying to load META-INF/validation.xml for XML based Validator configuration.
2026-03-22 16:28:33 DEBUG [background-preinit] o.h.v.i.x.c.ResourceLoaderHelper - Trying to load META-INF/validation.xml via TCCL
2026-03-22 16:28:33 DEBUG [background-preinit] o.h.v.i.x.c.ResourceLoaderHelper - Trying to load META-INF/validation.xml via Hibernate Validator's class loader
2026-03-22 16:28:33 DEBUG [background-preinit] o.h.v.i.x.config.ValidationXmlParser - No META-INF/validation.xml found. Using annotation based configuration only.
2026-03-22 16:28:33 DEBUG [background-preinit] o.h.v.i.e.r.TraversableResolvers - Found jakarta.persistence.Persistence on classpath containing 'getPersistenceUtil'. Assuming JPA 2 environment. Trying to instantiate JPA aware TraversableResolver
2026-03-22 16:28:33 DEBUG [background-preinit] o.h.v.i.e.r.TraversableResolvers - Instantiated JPA aware TraversableResolver of type org.hibernate.validator.internal.engine.resolver.JPATraversableResolver.
2026-03-22 16:28:33 DEBUG [background-preinit] o.h.v.m.ResourceBundleMessageInterpolator - Loaded expression factory via original TCCL
2026-03-22 16:28:33 INFO  [main] c.e.C.ClinicaDefinitivaApplication - Starting ClinicaDefinitivaApplication using Java 17.0.10 with PID 25780 (C:\Users\David\OneDrive\Documents\proyectosJava\ClinicaDefinitiva\target\classes started by David in C:\Users\David\OneDrive\Documents\proyectosJava\ClinicaDefinitiva)
2026-03-22 16:28:33 INFO  [main] c.e.C.ClinicaDefinitivaApplication - No active profile set, falling back to 1 default profile: "default"
2026-03-22 16:28:34 DEBUG [background-preinit] o.h.v.i.e.ValidatorFactoryConfigurationHelper - HV000252: Using org.hibernate.validator.internal.engine.DefaultPropertyNodeNameProvider as property node name provider.
2026-03-22 16:28:34 DEBUG [background-preinit] o.h.v.i.e.ValidatorFactoryConfigurationHelper - HV000234: Using org.hibernate.validator.messageinterpolation.ResourceBundleMessageInterpolator as ValidatorFactory-scoped message interpolator.
2026-03-22 16:28:34 DEBUG [background-preinit] o.h.v.i.e.ValidatorFactoryConfigurationHelper - HV000234: Using org.hibernate.validator.internal.engine.resolver.JPATraversableResolver as ValidatorFactory-scoped traversable resolver.
2026-03-22 16:28:34 DEBUG [background-preinit] o.h.v.i.e.ValidatorFactoryConfigurationHelper - HV000234: Using org.hibernate.validator.internal.util.ExecutableParameterNameProvider as ValidatorFactory-scoped parameter name provider.
2026-03-22 16:28:34 DEBUG [background-preinit] o.h.v.i.e.ValidatorFactoryConfigurationHelper - HV000234: Using org.hibernate.validator.internal.engine.DefaultClockProvider as ValidatorFactory-scoped clock provider.
2026-03-22 16:28:34 DEBUG [background-preinit] o.h.v.i.e.ValidatorFactoryConfigurationHelper - HV000234: Using org.hibernate.validator.internal.engine.scripting.DefaultScriptEvaluatorFactory as ValidatorFactory-scoped script evaluator factory.
2026-03-22 16:28:41 INFO  [main] o.s.d.r.c.RepositoryConfigurationDelegate - Bootstrapping Spring Data JPA repositories in DEFAULT mode.
2026-03-22 16:28:43 INFO  [main] o.s.d.r.c.RepositoryConfigurationDelegate - Finished Spring Data repository scanning in 1813 ms. Found 21 JPA repository interfaces.
2026-03-22 16:28:47 INFO  [main] o.s.b.w.e.tomcat.TomcatWebServer - Tomcat initialized with port 8080 (http)
2026-03-22 16:28:47 INFO  [main] o.a.coyote.http11.Http11NioProtocol - Initializing ProtocolHandler ["http-nio-8080"]
2026-03-22 16:28:47 INFO  [main] o.a.catalina.core.StandardService - Starting service [Tomcat]
2026-03-22 16:28:47 INFO  [main] o.a.catalina.core.StandardEngine - Starting Servlet engine: [Apache Tomcat/10.1.41]
2026-03-22 16:28:47 INFO  [main] o.a.c.c.C.[Tomcat].[localhost].[/] - Initializing Spring embedded WebApplicationContext
2026-03-22 16:28:47 INFO  [main] o.s.b.w.s.c.ServletWebServerApplicationContext - Root WebApplicationContext: initialization completed in 13722 ms
2026-03-22 16:28:48 DEBUG [main] o.s.w.f.ServerHttpObservationFilter - Filter 'webMvcObservationFilter' configured for use
2026-03-22 16:28:49 INFO  [main] o.h.jpa.internal.util.LogHelper - HHH000204: Processing PersistenceUnitInfo [name: default]
2026-03-22 16:28:49 INFO  [main] org.hibernate.Version - HHH000412: Hibernate ORM core version 6.6.15.Final
2026-03-22 16:28:50 INFO  [main] o.h.c.i.RegionFactoryInitiator - HHH000026: Second-level cache disabled
2026-03-22 16:28:52 INFO  [main] o.s.o.j.p.SpringPersistenceUnitInfo - No LoadTimeWeaver setup: ignoring JPA class transformer
2026-03-22 16:28:52 INFO  [main] com.zaxxer.hikari.HikariDataSource - HikariPool-1 - Starting...
2026-03-22 16:28:53 INFO  [main] com.zaxxer.hikari.pool.HikariPool - HikariPool-1 - Added connection com.mysql.cj.jdbc.ConnectionImpl@47e725af
2026-03-22 16:28:53 INFO  [main] com.zaxxer.hikari.HikariDataSource - HikariPool-1 - Start completed.
2026-03-22 16:28:53 WARN  [main] org.hibernate.dialect.Dialect - HHH000511: The 5.5.5 version for [org.hibernate.dialect.MySQLDialect] is no longer supported, hence certain features may not work properly. The minimum supported version is 8.0.0. Check the community dialects project for available legacy versions.
2026-03-22 16:28:53 WARN  [main] org.hibernate.orm.deprecation - HHH90000025: MySQLDialect does not need to be specified explicitly using 'hibernate.dialect' (remove the property setting and it will be selected by default)
2026-03-22 16:28:53 INFO  [main] o.hibernate.orm.connections.pooling - HHH10001005: Database info:
	Database JDBC URL [Connecting through datasource 'HikariDataSource (HikariPool-1)']
	Database driver: undefined/unknown
	Database version: 5.5.5
	Autocommit mode: undefined/unknown
	Isolation level: undefined/unknown
	Minimum pool size: undefined/unknown
	Maximum pool size: undefined/unknown
2026-03-22 16:28:55 DEBUG [main] o.h.v.i.x.config.ValidationXmlParser - Trying to load META-INF/validation.xml for XML based Validator configuration.
2026-03-22 16:28:55 DEBUG [main] o.h.v.i.x.c.ResourceLoaderHelper - Trying to load META-INF/validation.xml via TCCL
2026-03-22 16:28:55 DEBUG [main] o.h.v.i.x.c.ResourceLoaderHelper - Trying to load META-INF/validation.xml via Hibernate Validator's class loader
2026-03-22 16:28:55 DEBUG [main] o.h.v.i.x.config.ValidationXmlParser - No META-INF/validation.xml found. Using annotation based configuration only.
2026-03-22 16:28:55 DEBUG [main] o.h.v.i.e.r.TraversableResolvers - Found jakarta.persistence.Persistence on classpath containing 'getPersistenceUtil'. Assuming JPA 2 environment. Trying to instantiate JPA aware TraversableResolver
2026-03-22 16:28:55 DEBUG [main] o.h.v.i.e.r.TraversableResolvers - Instantiated JPA aware TraversableResolver of type org.hibernate.validator.internal.engine.resolver.JPATraversableResolver.
2026-03-22 16:28:55 DEBUG [main] o.h.v.m.ResourceBundleMessageInterpolator - Loaded expression factory via original TCCL
2026-03-22 16:28:55 DEBUG [main] o.h.v.i.e.ValidatorFactoryConfigurationHelper - HV000252: Using org.hibernate.validator.internal.engine.DefaultPropertyNodeNameProvider as property node name provider.
2026-03-22 16:28:55 DEBUG [main] o.h.v.i.e.ValidatorFactoryConfigurationHelper - HV000234: Using org.hibernate.validator.messageinterpolation.ResourceBundleMessageInterpolator as ValidatorFactory-scoped message interpolator.
2026-03-22 16:28:55 DEBUG [main] o.h.v.i.e.ValidatorFactoryConfigurationHelper - HV000234: Using org.hibernate.validator.internal.engine.resolver.JPATraversableResolver as ValidatorFactory-scoped traversable resolver.
2026-03-22 16:28:55 DEBUG [main] o.h.v.i.e.ValidatorFactoryConfigurationHelper - HV000234: Using org.hibernate.validator.internal.util.ExecutableParameterNameProvider as ValidatorFactory-scoped parameter name provider.
2026-03-22 16:28:55 DEBUG [main] o.h.v.i.e.ValidatorFactoryConfigurationHelper - HV000234: Using org.hibernate.validator.internal.engine.DefaultClockProvider as ValidatorFactory-scoped clock provider.
2026-03-22 16:28:55 DEBUG [main] o.h.v.i.e.ValidatorFactoryConfigurationHelper - HV000234: Using org.hibernate.validator.internal.engine.scripting.DefaultScriptEvaluatorFactory as ValidatorFactory-scoped script evaluator factory.
2026-03-22 16:28:59 INFO  [main] o.h.e.t.j.p.i.JtaPlatformInitiator - HHH000489: No JTA platform available (set 'hibernate.transaction.jta.platform' to enable JTA platform integration)
2026-03-22 16:29:01 ERROR [main] o.s.o.j.LocalContainerEntityManagerFactoryBean - Failed to initialize JPA EntityManagerFactory: [PersistenceUnit: default] Unable to build Hibernate SessionFactory; nested exception is org.hibernate.tool.schema.spi.SchemaManagementException: Schema-validation: wrong column type encountered in column [id_referencia_pagador] in table [pago]; found [bigint (Types#BIGINT)], but expecting [varchar(255) (Types#VARCHAR)]
2026-03-22 16:29:01 WARN  [main] o.s.b.w.s.c.AnnotationConfigServletWebServerApplicationContext - Exception encountered during context initialization - cancelling refresh attempt: org.springframework.beans.factory.BeanCreationException: Error creating bean with name 'entityManagerFactory' defined in class path resource [org/springframework/boot/autoconfigure/orm/jpa/HibernateJpaConfiguration.class]: [PersistenceUnit: default] Unable to build Hibernate SessionFactory; nested exception is org.hibernate.tool.schema.spi.SchemaManagementException: Schema-validation: wrong column type encountered in column [id_referencia_pagador] in table [pago]; found [bigint (Types#BIGINT)], but expecting [varchar(255) (Types#VARCHAR)]
2026-03-22 16:29:01 INFO  [main] com.zaxxer.hikari.HikariDataSource - HikariPool-1 - Shutdown initiated...
2026-03-22 16:29:01 INFO  [main] com.zaxxer.hikari.HikariDataSource - HikariPool-1 - Shutdown completed.
2026-03-22 16:29:01 INFO  [main] o.a.catalina.core.StandardService - Stopping service [Tomcat]
2026-03-22 16:29:01 INFO  [main] o.s.b.a.l.ConditionEvaluationReportLogger - 

Error starting ApplicationContext. To display the condition evaluation report re-run your application with 'debug' enabled.
2026-03-22 16:29:01 ERROR [main] o.s.boot.SpringApplication - Application run failed
org.springframework.beans.factory.BeanCreationException: Error creating bean with name 'entityManagerFactory' defined in class path resource [org/springframework/boot/autoconfigure/orm/jpa/HibernateJpaConfiguration.class]: [PersistenceUnit: default] Unable to build Hibernate SessionFactory; nested exception is org.hibernate.tool.schema.spi.SchemaManagementException: Schema-validation: wrong column type encountered in column [id_referencia_pagador] in table [pago]; found [bigint (Types#BIGINT)], but expecting [varchar(255) (Types#VARCHAR)]
	at org.springframework.beans.factory.support.AbstractAutowireCapableBeanFactory.initializeBean(AbstractAutowireCapableBeanFactory.java:1826)
	at org.springframework.beans.factory.support.AbstractAutowireCapableBeanFactory.doCreateBean(AbstractAutowireCapableBeanFactory.java:607)
	at org.springframework.beans.factory.support.AbstractAutowireCapableBeanFactory.createBean(AbstractAutowireCapableBeanFactory.java:529)
	at org.springframework.beans.factory.support.AbstractBeanFactory.lambda$doGetBean$0(AbstractBeanFactory.java:339)
	at org.springframework.beans.factory.support.DefaultSingletonBeanRegistry.getSingleton(DefaultSingletonBeanRegistry.java:373)
	at org.springframework.beans.factory.support.AbstractBeanFactory.doGetBean(AbstractBeanFactory.java:337)
	at org.springframework.beans.factory.support.AbstractBeanFactory.getBean(AbstractBeanFactory.java:207)
	at org.springframework.context.support.AbstractApplicationContext.finishBeanFactoryInitialization(AbstractApplicationContext.java:970)
	at org.springframework.context.support.AbstractApplicationContext.refresh(AbstractApplicationContext.java:627)
	at org.springframework.boot.web.servlet.context.ServletWebServerApplicationContext.refresh(ServletWebServerApplicationContext.java:146)
	at org.springframework.boot.SpringApplication.refresh(SpringApplication.java:753)
	at org.springframework.boot.SpringApplication.refreshContext(SpringApplication.java:439)
	at org.springframework.boot.SpringApplication.run(SpringApplication.java:318)
	at org.springframework.boot.SpringApplication.run(SpringApplication.java:1362)
	at org.springframework.boot.SpringApplication.run(SpringApplication.java:1351)
	at com.example.ClinicaDefinitiva.ClinicaDefinitivaApplication.main(ClinicaDefinitivaApplication.java:20)
Caused by: jakarta.persistence.PersistenceException: [PersistenceUnit: default] Unable to build Hibernate SessionFactory; nested exception is org.hibernate.tool.schema.spi.SchemaManagementException: Schema-validation: wrong column type encountered in column [id_referencia_pagador] in table [pago]; found [bigint (Types#BIGINT)], but expecting [varchar(255) (Types#VARCHAR)]
	at org.springframework.orm.jpa.AbstractEntityManagerFactoryBean.buildNativeEntityManagerFactory(AbstractEntityManagerFactoryBean.java:431)
	at org.springframework.orm.jpa.AbstractEntityManagerFactoryBean.afterPropertiesSet(AbstractEntityManagerFactoryBean.java:400)
	at org.springframework.orm.jpa.LocalContainerEntityManagerFactoryBean.afterPropertiesSet(LocalContainerEntityManagerFactoryBean.java:366)
	at org.springframework.beans.factory.support.AbstractAutowireCapableBeanFactory.invokeInitMethods(AbstractAutowireCapableBeanFactory.java:1873)
	at org.springframework.beans.factory.support.AbstractAutowireCapableBeanFactory.initializeBean(AbstractAutowireCapableBeanFactory.java:1822)
	... 15 common frames omitted
Caused by: org.hibernate.tool.schema.spi.SchemaManagementException: Schema-validation: wrong column type encountered in column [id_referencia_pagador] in table [pago]; found [bigint (Types#BIGINT)], but expecting [varchar(255) (Types#VARCHAR)]
	at org.hibernate.tool.schema.internal.AbstractSchemaValidator.validateColumnType(AbstractSchemaValidator.java:169)
	at org.hibernate.tool.schema.internal.AbstractSchemaValidator.validateTable(AbstractSchemaValidator.java:156)
	at org.hibernate.tool.schema.internal.GroupedSchemaValidatorImpl.validateTables(GroupedSchemaValidatorImpl.java:46)
	at org.hibernate.tool.schema.internal.AbstractSchemaValidator.performValidation(AbstractSchemaValidator.java:99)
	at org.hibernate.tool.schema.internal.AbstractSchemaValidator.doValidation(AbstractSchemaValidator.java:77)
	at org.hibernate.tool.schema.spi.SchemaManagementToolCoordinator.performDatabaseAction(SchemaManagementToolCoordinator.java:289)
	at org.hibernate.tool.schema.spi.SchemaManagementToolCoordinator.lambda$process$5(SchemaManagementToolCoordinator.java:144)
	at java.base/java.util.HashMap.forEach(HashMap.java:1421)
	at org.hibernate.tool.schema.spi.SchemaManagementToolCoordinator.process(SchemaManagementToolCoordinator.java:141)
	at org.hibernate.boot.internal.SessionFactoryObserverForSchemaExport.sessionFactoryCreated(SessionFactoryObserverForSchemaExport.java:37)
	at org.hibernate.internal.SessionFactoryObserverChain.sessionFactoryCreated(SessionFactoryObserverChain.java:35)
	at org.hibernate.internal.SessionFactoryImpl.<init>(SessionFactoryImpl.java:324)
	at org.hibernate.boot.internal.SessionFactoryBuilderImpl.build(SessionFactoryBuilderImpl.java:463)
	at org.hibernate.jpa.boot.internal.EntityManagerFactoryBuilderImpl.build(EntityManagerFactoryBuilderImpl.java:1517)
	at org.springframework.orm.jpa.vendor.SpringHibernateJpaPersistenceProvider.createContainerEntityManagerFactory(SpringHibernateJpaPersistenceProvider.java:66)
	at org.springframework.orm.jpa.LocalContainerEntityManagerFactoryBean.createNativeEntityManagerFactory(LocalContainerEntityManagerFactoryBean.java:390)
	at org.springframework.orm.jpa.AbstractEntityManagerFactoryBean.buildNativeEntityManagerFactory(AbstractEntityManagerFactoryBean.java:419)
	... 19 common frames omitted
2026-03-22 16:37:26 INFO  [background-preinit] o.h.validator.internal.util.Version - HV000001: Hibernate Validator 8.0.2.Final
2026-03-22 16:37:27 DEBUG [background-preinit] o.h.v.i.x.config.ValidationXmlParser - Trying to load META-INF/validation.xml for XML based Validator configuration.
2026-03-22 16:37:27 DEBUG [background-preinit] o.h.v.i.x.c.ResourceLoaderHelper - Trying to load META-INF/validation.xml via TCCL
2026-03-22 16:37:27 DEBUG [background-preinit] o.h.v.i.x.c.ResourceLoaderHelper - Trying to load META-INF/validation.xml via Hibernate Validator's class loader
2026-03-22 16:37:27 DEBUG [background-preinit] o.h.v.i.x.config.ValidationXmlParser - No META-INF/validation.xml found. Using annotation based configuration only.
2026-03-22 16:37:27 DEBUG [background-preinit] o.h.v.i.e.r.TraversableResolvers - Found jakarta.persistence.Persistence on classpath containing 'getPersistenceUtil'. Assuming JPA 2 environment. Trying to instantiate JPA aware TraversableResolver
2026-03-22 16:37:27 DEBUG [background-preinit] o.h.v.i.e.r.TraversableResolvers - Instantiated JPA aware TraversableResolver of type org.hibernate.validator.internal.engine.resolver.JPATraversableResolver.
2026-03-22 16:37:27 DEBUG [background-preinit] o.h.v.m.ResourceBundleMessageInterpolator - Loaded expression factory via original TCCL
2026-03-22 16:37:27 INFO  [main] c.e.C.ClinicaDefinitivaApplication - Starting ClinicaDefinitivaApplication using Java 17.0.10 with PID 30852 (C:\Users\David\OneDrive\Documents\proyectosJava\ClinicaDefinitiva\target\classes started by David in C:\Users\David\OneDrive\Documents\proyectosJava\ClinicaDefinitiva)
2026-03-22 16:37:27 INFO  [main] c.e.C.ClinicaDefinitivaApplication - No active profile set, falling back to 1 default profile: "default"
2026-03-22 16:37:27 DEBUG [background-preinit] o.h.v.i.e.ValidatorFactoryConfigurationHelper - HV000252: Using org.hibernate.validator.internal.engine.DefaultPropertyNodeNameProvider as property node name provider.
2026-03-22 16:37:27 DEBUG [background-preinit] o.h.v.i.e.ValidatorFactoryConfigurationHelper - HV000234: Using org.hibernate.validator.messageinterpolation.ResourceBundleMessageInterpolator as ValidatorFactory-scoped message interpolator.
2026-03-22 16:37:27 DEBUG [background-preinit] o.h.v.i.e.ValidatorFactoryConfigurationHelper - HV000234: Using org.hibernate.validator.internal.engine.resolver.JPATraversableResolver as ValidatorFactory-scoped traversable resolver.
2026-03-22 16:37:27 DEBUG [background-preinit] o.h.v.i.e.ValidatorFactoryConfigurationHelper - HV000234: Using org.hibernate.validator.internal.util.ExecutableParameterNameProvider as ValidatorFactory-scoped parameter name provider.
2026-03-22 16:37:27 DEBUG [background-preinit] o.h.v.i.e.ValidatorFactoryConfigurationHelper - HV000234: Using org.hibernate.validator.internal.engine.DefaultClockProvider as ValidatorFactory-scoped clock provider.
2026-03-22 16:37:27 DEBUG [background-preinit] o.h.v.i.e.ValidatorFactoryConfigurationHelper - HV000234: Using org.hibernate.validator.internal.engine.scripting.DefaultScriptEvaluatorFactory as ValidatorFactory-scoped script evaluator factory.
2026-03-22 16:37:35 INFO  [main] o.s.d.r.c.RepositoryConfigurationDelegate - Bootstrapping Spring Data JPA repositories in DEFAULT mode.
2026-03-22 16:37:37 INFO  [main] o.s.d.r.c.RepositoryConfigurationDelegate - Finished Spring Data repository scanning in 1639 ms. Found 21 JPA repository interfaces.
2026-03-22 16:37:40 INFO  [main] o.s.b.w.e.tomcat.TomcatWebServer - Tomcat initialized with port 8080 (http)
2026-03-22 16:37:40 INFO  [main] o.a.coyote.http11.Http11NioProtocol - Initializing ProtocolHandler ["http-nio-8080"]
2026-03-22 16:37:40 INFO  [main] o.a.catalina.core.StandardService - Starting service [Tomcat]
2026-03-22 16:37:40 INFO  [main] o.a.catalina.core.StandardEngine - Starting Servlet engine: [Apache Tomcat/10.1.41]
2026-03-22 16:37:40 INFO  [main] o.a.c.c.C.[Tomcat].[localhost].[/] - Initializing Spring embedded WebApplicationContext
2026-03-22 16:37:40 INFO  [main] o.s.b.w.s.c.ServletWebServerApplicationContext - Root WebApplicationContext: initialization completed in 13092 ms
2026-03-22 16:37:41 DEBUG [main] o.s.w.f.ServerHttpObservationFilter - Filter 'webMvcObservationFilter' configured for use
2026-03-22 16:37:42 INFO  [main] o.h.jpa.internal.util.LogHelper - HHH000204: Processing PersistenceUnitInfo [name: default]
2026-03-22 16:37:43 INFO  [main] org.hibernate.Version - HHH000412: Hibernate ORM core version 6.6.15.Final
2026-03-22 16:37:43 INFO  [main] o.h.c.i.RegionFactoryInitiator - HHH000026: Second-level cache disabled
2026-03-22 16:37:44 INFO  [main] o.s.o.j.p.SpringPersistenceUnitInfo - No LoadTimeWeaver setup: ignoring JPA class transformer
2026-03-22 16:37:45 INFO  [main] com.zaxxer.hikari.HikariDataSource - HikariPool-1 - Starting...
2026-03-22 16:37:45 INFO  [main] com.zaxxer.hikari.pool.HikariPool - HikariPool-1 - Added connection com.mysql.cj.jdbc.ConnectionImpl@103e9972
2026-03-22 16:37:45 INFO  [main] com.zaxxer.hikari.HikariDataSource - HikariPool-1 - Start completed.
2026-03-22 16:37:46 WARN  [main] org.hibernate.dialect.Dialect - HHH000511: The 5.5.5 version for [org.hibernate.dialect.MySQLDialect] is no longer supported, hence certain features may not work properly. The minimum supported version is 8.0.0. Check the community dialects project for available legacy versions.
2026-03-22 16:37:46 WARN  [main] org.hibernate.orm.deprecation - HHH90000025: MySQLDialect does not need to be specified explicitly using 'hibernate.dialect' (remove the property setting and it will be selected by default)
2026-03-22 16:37:46 INFO  [main] o.hibernate.orm.connections.pooling - HHH10001005: Database info:
	Database JDBC URL [Connecting through datasource 'HikariDataSource (HikariPool-1)']
	Database driver: undefined/unknown
	Database version: 5.5.5
	Autocommit mode: undefined/unknown
	Isolation level: undefined/unknown
	Minimum pool size: undefined/unknown
	Maximum pool size: undefined/unknown
2026-03-22 16:37:48 DEBUG [main] o.h.v.i.x.config.ValidationXmlParser - Trying to load META-INF/validation.xml for XML based Validator configuration.
2026-03-22 16:37:48 DEBUG [main] o.h.v.i.x.c.ResourceLoaderHelper - Trying to load META-INF/validation.xml via TCCL
2026-03-22 16:37:48 DEBUG [main] o.h.v.i.x.c.ResourceLoaderHelper - Trying to load META-INF/validation.xml via Hibernate Validator's class loader
2026-03-22 16:37:48 DEBUG [main] o.h.v.i.x.config.ValidationXmlParser - No META-INF/validation.xml found. Using annotation based configuration only.
2026-03-22 16:37:48 DEBUG [main] o.h.v.i.e.r.TraversableResolvers - Found jakarta.persistence.Persistence on classpath containing 'getPersistenceUtil'. Assuming JPA 2 environment. Trying to instantiate JPA aware TraversableResolver
2026-03-22 16:37:48 DEBUG [main] o.h.v.i.e.r.TraversableResolvers - Instantiated JPA aware TraversableResolver of type org.hibernate.validator.internal.engine.resolver.JPATraversableResolver.
2026-03-22 16:37:48 DEBUG [main] o.h.v.m.ResourceBundleMessageInterpolator - Loaded expression factory via original TCCL
2026-03-22 16:37:48 DEBUG [main] o.h.v.i.e.ValidatorFactoryConfigurationHelper - HV000252: Using org.hibernate.validator.internal.engine.DefaultPropertyNodeNameProvider as property node name provider.
2026-03-22 16:37:48 DEBUG [main] o.h.v.i.e.ValidatorFactoryConfigurationHelper - HV000234: Using org.hibernate.validator.messageinterpolation.ResourceBundleMessageInterpolator as ValidatorFactory-scoped message interpolator.
2026-03-22 16:37:48 DEBUG [main] o.h.v.i.e.ValidatorFactoryConfigurationHelper - HV000234: Using org.hibernate.validator.internal.engine.resolver.JPATraversableResolver as ValidatorFactory-scoped traversable resolver.
2026-03-22 16:37:48 DEBUG [main] o.h.v.i.e.ValidatorFactoryConfigurationHelper - HV000234: Using org.hibernate.validator.internal.util.ExecutableParameterNameProvider as ValidatorFactory-scoped parameter name provider.
2026-03-22 16:37:48 DEBUG [main] o.h.v.i.e.ValidatorFactoryConfigurationHelper - HV000234: Using org.hibernate.validator.internal.engine.DefaultClockProvider as ValidatorFactory-scoped clock provider.
2026-03-22 16:37:48 DEBUG [main] o.h.v.i.e.ValidatorFactoryConfigurationHelper - HV000234: Using org.hibernate.validator.internal.engine.scripting.DefaultScriptEvaluatorFactory as ValidatorFactory-scoped script evaluator factory.
2026-03-22 16:37:52 INFO  [main] o.h.e.t.j.p.i.JtaPlatformInitiator - HHH000489: No JTA platform available (set 'hibernate.transaction.jta.platform' to enable JTA platform integration)
2026-03-22 16:37:53 INFO  [main] o.s.o.j.LocalContainerEntityManagerFactoryBean - Initialized JPA EntityManagerFactory for persistence unit 'default'
2026-03-22 16:37:56 INFO  [main] o.s.d.j.r.query.QueryEnhancerFactory - Hibernate is in classpath; If applicable, HQL parser will be used.
2026-03-22 16:38:06 INFO  [main] c.e.C.i.p.s.StripePaymentGateway - ? Stripe payment gateway initialized
2026-03-22 16:38:06 INFO  [main] c.e.C.i.p.s.StripePaymentGateway - ? Stripe payment gateway initialized
2026-03-22 16:38:07 INFO  [main] o.s.s.c.a.a.c.InitializeAuthenticationProviderBeanManagerConfigurer$InitializeAuthenticationProviderManagerConfigurer - Global AuthenticationManager configured with AuthenticationProvider bean with name authenticationProvider
2026-03-22 16:38:07 WARN  [main] o.s.s.c.a.a.c.InitializeUserDetailsBeanManagerConfigurer$InitializeUserDetailsManagerConfigurer - Global AuthenticationManager configured with an AuthenticationProvider bean. UserDetailsService beans will not be used by Spring Security for automatically configuring username/password login. Consider removing the AuthenticationProvider bean. Alternatively, consider using the UserDetailsService in a manually instantiated DaoAuthenticationProvider. If the current configuration is intentional, to turn off this warning, increase the logging level of 'org.springframework.security.config.annotation.authentication.configuration.InitializeUserDetailsBeanManagerConfigurer' to ERROR
2026-03-22 16:38:07 INFO  [main] c.e.C.i.p.s.StripePaymentGateway - ? Stripe payment gateway initialized
2026-03-22 16:38:07 WARN  [main] o.s.b.a.o.j.JpaBaseConfiguration$JpaWebConfiguration - spring.jpa.open-in-view is enabled by default. Therefore, database queries may be performed during view rendering. Explicitly configure spring.jpa.open-in-view to disable this warning
2026-03-22 16:38:08 DEBUG [main] o.s.w.s.m.m.a.RequestMappingHandlerMapping - 193 mappings in 'requestMappingHandlerMapping'
2026-03-22 16:38:08 DEBUG [main] o.s.w.s.h.SimpleUrlHandlerMapping - Patterns [/webjars/**, /**] in 'resourceHandlerMapping'
2026-03-22 16:38:08 INFO  [main] o.s.b.a.e.web.EndpointLinksResolver - Exposing 1 endpoint beneath base path '/actuator'
2026-03-22 16:38:09 DEBUG [main] o.s.s.web.DefaultSecurityFilterChain - Will secure any request with filters: DisableEncodeUrlFilter, WebAsyncManagerIntegrationFilter, SecurityContextHolderFilter, HeaderWriterFilter, LogoutFilter, JwtAuthenticationFilter, RequestCacheAwareFilter, SecurityContextHolderAwareRequestFilter, AnonymousAuthenticationFilter, SessionManagementFilter, ExceptionTranslationFilter, AuthorizationFilter
2026-03-22 16:38:09 DEBUG [main] o.h.v.m.ResourceBundleMessageInterpolator - Loaded expression factory via original TCCL
2026-03-22 16:38:09 DEBUG [main] o.h.v.i.e.AbstractConfigurationImpl - Setting custom MessageInterpolator of type org.springframework.validation.beanvalidation.LocaleContextMessageInterpolator
2026-03-22 16:38:09 DEBUG [main] o.h.v.i.e.AbstractConfigurationImpl - Setting custom ConstraintValidatorFactory of type org.springframework.validation.beanvalidation.SpringConstraintValidatorFactory
2026-03-22 16:38:09 DEBUG [main] o.h.v.i.x.config.ValidationXmlParser - Trying to load META-INF/validation.xml for XML based Validator configuration.
2026-03-22 16:38:09 DEBUG [main] o.h.v.i.x.c.ResourceLoaderHelper - Trying to load META-INF/validation.xml via user class loader
2026-03-22 16:38:09 DEBUG [main] o.h.v.i.x.c.ResourceLoaderHelper - Trying to load META-INF/validation.xml via TCCL
2026-03-22 16:38:09 DEBUG [main] o.h.v.i.x.c.ResourceLoaderHelper - Trying to load META-INF/validation.xml via Hibernate Validator's class loader
2026-03-22 16:38:09 DEBUG [main] o.h.v.i.x.config.ValidationXmlParser - No META-INF/validation.xml found. Using annotation based configuration only.
2026-03-22 16:38:09 DEBUG [main] o.h.v.i.e.r.TraversableResolvers - Found jakarta.persistence.Persistence on classpath containing 'getPersistenceUtil'. Assuming JPA 2 environment. Trying to instantiate JPA aware TraversableResolver
2026-03-22 16:38:09 DEBUG [main] o.h.v.i.e.r.TraversableResolvers - Instantiated JPA aware TraversableResolver of type org.hibernate.validator.internal.engine.resolver.JPATraversableResolver.
2026-03-22 16:38:09 DEBUG [main] o.h.v.i.e.ValidatorFactoryConfigurationHelper - HV000252: Using org.hibernate.validator.internal.engine.DefaultPropertyNodeNameProvider as property node name provider.
2026-03-22 16:38:09 DEBUG [main] o.h.v.i.e.ValidatorFactoryConfigurationHelper - HV000234: Using org.springframework.validation.beanvalidation.LocaleContextMessageInterpolator as ValidatorFactory-scoped message interpolator.
2026-03-22 16:38:09 DEBUG [main] o.h.v.i.e.ValidatorFactoryConfigurationHelper - HV000234: Using org.hibernate.validator.internal.engine.resolver.JPATraversableResolver as ValidatorFactory-scoped traversable resolver.
2026-03-22 16:38:09 DEBUG [main] o.h.v.i.e.ValidatorFactoryConfigurationHelper - HV000234: Using org.hibernate.validator.internal.util.ExecutableParameterNameProvider as ValidatorFactory-scoped parameter name provider.
2026-03-22 16:38:09 DEBUG [main] o.h.v.i.e.ValidatorFactoryConfigurationHelper - HV000234: Using org.hibernate.validator.internal.engine.DefaultClockProvider as ValidatorFactory-scoped clock provider.
2026-03-22 16:38:09 DEBUG [main] o.h.v.i.e.ValidatorFactoryConfigurationHelper - HV000234: Using org.hibernate.validator.internal.engine.scripting.DefaultScriptEvaluatorFactory as ValidatorFactory-scoped script evaluator factory.
2026-03-22 16:38:09 DEBUG [main] o.s.w.s.m.m.a.RequestMappingHandlerAdapter - ControllerAdvice beans: 0 @ModelAttribute, 0 @InitBinder, 1 RequestBodyAdvice, 1 ResponseBodyAdvice
2026-03-22 16:38:10 DEBUG [main] o.s.w.s.m.m.a.ExceptionHandlerExceptionResolver - ControllerAdvice beans: 0 @ExceptionHandler, 1 ResponseBodyAdvice
2026-03-22 16:38:11 INFO  [main] o.a.coyote.http11.Http11NioProtocol - Starting ProtocolHandler ["http-nio-8080"]
2026-03-22 16:38:11 INFO  [main] o.s.b.w.e.tomcat.TomcatWebServer - Tomcat started on port 8080 (http) with context path '/'
2026-03-22 16:38:11 INFO  [main] c.e.C.ClinicaDefinitivaApplication - Started ClinicaDefinitivaApplication in 47.16 seconds (process running for 48.986)
2026-03-22 16:38:11 INFO  [main] c.e.C.ClinicaDefinitivaApplication - Logger funciona correctamente
2026-03-22 16:55:59 INFO  [http-nio-8080-exec-2] o.a.c.c.C.[Tomcat].[localhost].[/] - Initializing Spring DispatcherServlet 'dispatcherServlet'
2026-03-22 16:55:59 INFO  [http-nio-8080-exec-2] o.s.web.servlet.DispatcherServlet - Initializing Servlet 'dispatcherServlet'
2026-03-22 16:55:59 DEBUG [http-nio-8080-exec-2] o.s.web.servlet.DispatcherServlet - Detected StandardServletMultipartResolver
2026-03-22 16:55:59 DEBUG [http-nio-8080-exec-2] o.s.web.servlet.DispatcherServlet - Detected AcceptHeaderLocaleResolver
2026-03-22 16:55:59 DEBUG [http-nio-8080-exec-2] o.s.web.servlet.DispatcherServlet - Detected FixedThemeResolver
2026-03-22 16:55:59 DEBUG [http-nio-8080-exec-2] o.s.web.servlet.DispatcherServlet - Detected org.springframework.web.servlet.view.DefaultRequestToViewNameTranslator@55d7429e
2026-03-22 16:55:59 DEBUG [http-nio-8080-exec-2] o.s.web.servlet.DispatcherServlet - Detected org.springframework.web.servlet.support.SessionFlashMapManager@b11fcda
2026-03-22 16:55:59 DEBUG [http-nio-8080-exec-2] o.s.web.servlet.DispatcherServlet - enableLoggingRequestDetails='false': request parameters and headers will be masked to prevent unsafe logging of potentially sensitive data
2026-03-22 16:55:59 INFO  [http-nio-8080-exec-2] o.s.web.servlet.DispatcherServlet - Completed initialization in 18 ms
2026-03-22 16:55:59 DEBUG [http-nio-8080-exec-2] o.s.security.web.FilterChainProxy - Securing POST /api/v1/auth/login
2026-03-22 16:55:59 TRACE [http-nio-8080-exec-2] o.s.s.w.a.logout.LogoutFilter - Did not match request to Or [Ant [pattern='/logout', GET], Ant [pattern='/logout', POST], Ant [pattern='/logout', PUT], Ant [pattern='/logout', DELETE]]
2026-03-22 16:55:59 TRACE [http-nio-8080-exec-2] o.s.s.w.a.AnonymousAuthenticationFilter - Set SecurityContextHolder to AnonymousAuthenticationToken [Principal=anonymousUser, Credentials=[PROTECTED], Authenticated=true, Details=WebAuthenticationDetails [RemoteIpAddress=0:0:0:0:0:0:0:1, SessionId=null], Granted Authorities=[ROLE_ANONYMOUS]]
2026-03-22 16:55:59 DEBUG [http-nio-8080-exec-2] o.s.security.web.FilterChainProxy - Secured POST /api/v1/auth/login
2026-03-22 16:55:59 DEBUG [http-nio-8080-exec-2] o.s.web.servlet.DispatcherServlet - POST "/api/v1/auth/login", parameters={}
2026-03-22 16:55:59 DEBUG [http-nio-8080-exec-2] o.s.w.s.m.m.a.RequestMappingHandlerMapping - Mapped to com.example.ClinicaDefinitiva.infrastructure.rest.controller.auth.AuthController#login(LoginRequest)
2026-03-22 16:56:00 DEBUG [http-nio-8080-exec-2] o.s.w.s.m.m.a.RequestResponseBodyMethodProcessor - Read "application/json;charset=UTF-8" to [LoginRequest[email=admin@test.com, password=admin123]]
2026-03-22 16:56:01 DEBUG [http-nio-8080-exec-2] o.s.s.a.d.DaoAuthenticationProvider - Authenticated user
2026-03-22 16:56:01 DEBUG [http-nio-8080-exec-2] o.s.w.s.m.m.a.HttpEntityMethodProcessor - Using 'application/json', given [*/*] and supported [application/json, application/*+json]
2026-03-22 16:56:01 DEBUG [http-nio-8080-exec-2] o.s.w.s.m.m.a.HttpEntityMethodProcessor - Writing [{token=eyJhbGciOiJIUzI1NiJ9.eyJzdWIiOiJhZG1pbkB0ZXN0LmNvbSIsInJvbGVzIjpbIlJPTEVfVVNFUiJdLCJpYXQiOjE3 (truncated)...]
2026-03-22 16:56:02 DEBUG [http-nio-8080-exec-2] o.s.web.servlet.DispatcherServlet - Completed 200 OK
2026-03-22 16:57:17 DEBUG [http-nio-8080-exec-4] o.s.security.web.FilterChainProxy - Securing POST /api/v1/auth/login
2026-03-22 16:57:17 TRACE [http-nio-8080-exec-4] o.s.s.w.a.logout.LogoutFilter - Did not match request to Or [Ant [pattern='/logout', GET], Ant [pattern='/logout', POST], Ant [pattern='/logout', PUT], Ant [pattern='/logout', DELETE]]
2026-03-22 16:57:17 TRACE [http-nio-8080-exec-4] o.s.s.w.a.AnonymousAuthenticationFilter - Set SecurityContextHolder to AnonymousAuthenticationToken [Principal=anonymousUser, Credentials=[PROTECTED], Authenticated=true, Details=WebAuthenticationDetails [RemoteIpAddress=0:0:0:0:0:0:0:1, SessionId=null], Granted Authorities=[ROLE_ANONYMOUS]]
2026-03-22 16:57:17 DEBUG [http-nio-8080-exec-4] o.s.security.web.FilterChainProxy - Secured POST /api/v1/auth/login
2026-03-22 16:57:17 DEBUG [http-nio-8080-exec-4] o.s.web.servlet.DispatcherServlet - POST "/api/v1/auth/login", parameters={}
2026-03-22 16:57:17 DEBUG [http-nio-8080-exec-4] o.s.w.s.m.m.a.RequestMappingHandlerMapping - Mapped to com.example.ClinicaDefinitiva.infrastructure.rest.controller.auth.AuthController#login(LoginRequest)
2026-03-22 16:57:17 DEBUG [http-nio-8080-exec-4] o.s.w.s.m.m.a.RequestResponseBodyMethodProcessor - Read "application/json;charset=UTF-8" to [LoginRequest[email=admin@test.com, password=admin123]]
2026-03-22 16:57:18 DEBUG [http-nio-8080-exec-4] o.s.s.a.d.DaoAuthenticationProvider - Authenticated user
2026-03-22 16:57:18 DEBUG [http-nio-8080-exec-4] o.s.w.s.m.m.a.HttpEntityMethodProcessor - Using 'application/json', given [*/*] and supported [application/json, application/*+json]
2026-03-22 16:57:18 DEBUG [http-nio-8080-exec-4] o.s.w.s.m.m.a.HttpEntityMethodProcessor - Writing [{token=eyJhbGciOiJIUzI1NiJ9.eyJzdWIiOiJhZG1pbkB0ZXN0LmNvbSIsInJvbGVzIjpbIlJPTEVfVVNFUiJdLCJpYXQiOjE3 (truncated)...]
2026-03-22 16:57:18 DEBUG [http-nio-8080-exec-4] o.s.web.servlet.DispatcherServlet - Completed 200 OK
2026-03-22 16:57:25 DEBUG [http-nio-8080-exec-6] o.s.security.web.FilterChainProxy - Securing GET /api/v1/users/1
2026-03-22 16:57:25 TRACE [http-nio-8080-exec-6] o.s.s.w.a.logout.LogoutFilter - Did not match request to Or [Ant [pattern='/logout', GET], Ant [pattern='/logout', POST], Ant [pattern='/logout', PUT], Ant [pattern='/logout', DELETE]]
2026-03-22 16:57:25 TRACE [http-nio-8080-exec-6] o.s.s.w.a.AnonymousAuthenticationFilter - Set SecurityContextHolder to AnonymousAuthenticationToken [Principal=anonymousUser, Credentials=[PROTECTED], Authenticated=true, Details=WebAuthenticationDetails [RemoteIpAddress=0:0:0:0:0:0:0:1, SessionId=null], Granted Authorities=[ROLE_ANONYMOUS]]
2026-03-22 16:57:25 DEBUG [http-nio-8080-exec-6] o.s.s.w.a.Http403ForbiddenEntryPoint - Pre-authenticated entry point called. Rejecting access
2026-03-22 16:57:25 DEBUG [http-nio-8080-exec-6] o.s.security.web.FilterChainProxy - Securing GET /error
2026-03-22 16:57:25 TRACE [http-nio-8080-exec-6] o.s.s.w.a.logout.LogoutFilter - Did not match request to Or [Ant [pattern='/logout', GET], Ant [pattern='/logout', POST], Ant [pattern='/logout', PUT], Ant [pattern='/logout', DELETE]]
2026-03-22 16:57:25 TRACE [http-nio-8080-exec-6] o.s.s.w.a.AnonymousAuthenticationFilter - Set SecurityContextHolder to AnonymousAuthenticationToken [Principal=anonymousUser, Credentials=[PROTECTED], Authenticated=true, Details=WebAuthenticationDetails [RemoteIpAddress=0:0:0:0:0:0:0:1, SessionId=null], Granted Authorities=[ROLE_ANONYMOUS]]
2026-03-22 16:57:25 DEBUG [http-nio-8080-exec-6] o.s.s.w.a.Http403ForbiddenEntryPoint - Pre-authenticated entry point called. Rejecting access
2026-03-22 16:58:12 DEBUG [http-nio-8080-exec-7] o.s.security.web.FilterChainProxy - Securing GET /api/v1/users/1
2026-03-22 16:58:12 TRACE [http-nio-8080-exec-7] o.s.s.w.a.logout.LogoutFilter - Did not match request to Or [Ant [pattern='/logout', GET], Ant [pattern='/logout', POST], Ant [pattern='/logout', PUT], Ant [pattern='/logout', DELETE]]
2026-03-22 16:58:12 TRACE [http-nio-8080-exec-7] o.s.s.w.a.AnonymousAuthenticationFilter - Set SecurityContextHolder to AnonymousAuthenticationToken [Principal=anonymousUser, Credentials=[PROTECTED], Authenticated=true, Details=WebAuthenticationDetails [RemoteIpAddress=0:0:0:0:0:0:0:1, SessionId=null], Granted Authorities=[ROLE_ANONYMOUS]]
2026-03-22 16:58:12 DEBUG [http-nio-8080-exec-7] o.s.s.w.a.Http403ForbiddenEntryPoint - Pre-authenticated entry point called. Rejecting access
2026-03-22 16:58:12 DEBUG [http-nio-8080-exec-7] o.s.security.web.FilterChainProxy - Securing GET /error
2026-03-22 16:58:12 TRACE [http-nio-8080-exec-7] o.s.s.w.a.logout.LogoutFilter - Did not match request to Or [Ant [pattern='/logout', GET], Ant [pattern='/logout', POST], Ant [pattern='/logout', PUT], Ant [pattern='/logout', DELETE]]
2026-03-22 16:58:12 TRACE [http-nio-8080-exec-7] o.s.s.w.a.AnonymousAuthenticationFilter - Set SecurityContextHolder to AnonymousAuthenticationToken [Principal=anonymousUser, Credentials=[PROTECTED], Authenticated=true, Details=WebAuthenticationDetails [RemoteIpAddress=0:0:0:0:0:0:0:1, SessionId=null], Granted Authorities=[ROLE_ANONYMOUS]]
2026-03-22 16:58:12 DEBUG [http-nio-8080-exec-7] o.s.s.w.a.Http403ForbiddenEntryPoint - Pre-authenticated entry point called. Rejecting access
2026-03-22 16:59:15 DEBUG [http-nio-8080-exec-9] o.s.security.web.FilterChainProxy - Securing POST /api/v1/auth/login
2026-03-22 16:59:15 TRACE [http-nio-8080-exec-9] o.s.s.w.a.logout.LogoutFilter - Did not match request to Or [Ant [pattern='/logout', GET], Ant [pattern='/logout', POST], Ant [pattern='/logout', PUT], Ant [pattern='/logout', DELETE]]
2026-03-22 16:59:15 TRACE [http-nio-8080-exec-9] o.s.s.w.a.AnonymousAuthenticationFilter - Set SecurityContextHolder to AnonymousAuthenticationToken [Principal=anonymousUser, Credentials=[PROTECTED], Authenticated=true, Details=WebAuthenticationDetails [RemoteIpAddress=0:0:0:0:0:0:0:1, SessionId=null], Granted Authorities=[ROLE_ANONYMOUS]]
2026-03-22 16:59:15 DEBUG [http-nio-8080-exec-9] o.s.security.web.FilterChainProxy - Secured POST /api/v1/auth/login
2026-03-22 16:59:15 DEBUG [http-nio-8080-exec-9] o.s.web.servlet.DispatcherServlet - POST "/api/v1/auth/login", parameters={}
2026-03-22 16:59:15 DEBUG [http-nio-8080-exec-9] o.s.w.s.m.m.a.RequestMappingHandlerMapping - Mapped to com.example.ClinicaDefinitiva.infrastructure.rest.controller.auth.AuthController#login(LoginRequest)
2026-03-22 16:59:15 DEBUG [http-nio-8080-exec-9] o.s.w.s.m.m.a.RequestResponseBodyMethodProcessor - Read "application/json;charset=UTF-8" to [LoginRequest[email=admin@test.com, password=admin123]]
2026-03-22 16:59:15 DEBUG [http-nio-8080-exec-9] o.s.s.a.d.DaoAuthenticationProvider - Authenticated user
2026-03-22 16:59:15 DEBUG [http-nio-8080-exec-9] o.s.w.s.m.m.a.HttpEntityMethodProcessor - Using 'application/json', given [*/*] and supported [application/json, application/*+json]
2026-03-22 16:59:15 DEBUG [http-nio-8080-exec-9] o.s.w.s.m.m.a.HttpEntityMethodProcessor - Writing [{token=eyJhbGciOiJIUzI1NiJ9.eyJzdWIiOiJhZG1pbkB0ZXN0LmNvbSIsInJvbGVzIjpbIlJPTEVfVVNFUiJdLCJpYXQiOjE3 (truncated)...]
2026-03-22 16:59:15 DEBUG [http-nio-8080-exec-9] o.s.web.servlet.DispatcherServlet - Completed 200 OK
2026-03-22 16:59:22 DEBUG [http-nio-8080-exec-1] o.s.security.web.FilterChainProxy - Securing GET /api/v1/users/1
2026-03-22 16:59:22 TRACE [http-nio-8080-exec-1] o.s.s.w.a.logout.LogoutFilter - Did not match request to Or [Ant [pattern='/logout', GET], Ant [pattern='/logout', POST], Ant [pattern='/logout', PUT], Ant [pattern='/logout', DELETE]]
2026-03-22 16:59:22 TRACE [http-nio-8080-exec-1] o.s.s.w.a.AnonymousAuthenticationFilter - Set SecurityContextHolder to AnonymousAuthenticationToken [Principal=anonymousUser, Credentials=[PROTECTED], Authenticated=true, Details=WebAuthenticationDetails [RemoteIpAddress=0:0:0:0:0:0:0:1, SessionId=null], Granted Authorities=[ROLE_ANONYMOUS]]
2026-03-22 16:59:22 DEBUG [http-nio-8080-exec-1] o.s.s.w.a.Http403ForbiddenEntryPoint - Pre-authenticated entry point called. Rejecting access
2026-03-22 16:59:22 DEBUG [http-nio-8080-exec-1] o.s.security.web.FilterChainProxy - Securing GET /error
2026-03-22 16:59:22 TRACE [http-nio-8080-exec-1] o.s.s.w.a.logout.LogoutFilter - Did not match request to Or [Ant [pattern='/logout', GET], Ant [pattern='/logout', POST], Ant [pattern='/logout', PUT], Ant [pattern='/logout', DELETE]]
2026-03-22 16:59:22 TRACE [http-nio-8080-exec-1] o.s.s.w.a.AnonymousAuthenticationFilter - Set SecurityContextHolder to AnonymousAuthenticationToken [Principal=anonymousUser, Credentials=[PROTECTED], Authenticated=true, Details=WebAuthenticationDetails [RemoteIpAddress=0:0:0:0:0:0:0:1, SessionId=null], Granted Authorities=[ROLE_ANONYMOUS]]
2026-03-22 16:59:22 DEBUG [http-nio-8080-exec-1] o.s.s.w.a.Http403ForbiddenEntryPoint - Pre-authenticated entry point called. Rejecting access
2026-03-22 16:59:54 DEBUG [http-nio-8080-exec-2] o.s.security.web.FilterChainProxy - Securing GET /api/v1/users/1
2026-03-22 16:59:54 TRACE [http-nio-8080-exec-2] o.s.s.w.a.logout.LogoutFilter - Did not match request to Or [Ant [pattern='/logout', GET], Ant [pattern='/logout', POST], Ant [pattern='/logout', PUT], Ant [pattern='/logout', DELETE]]
2026-03-22 16:59:54 TRACE [http-nio-8080-exec-2] o.s.s.w.a.AnonymousAuthenticationFilter - Set SecurityContextHolder to AnonymousAuthenticationToken [Principal=anonymousUser, Credentials=[PROTECTED], Authenticated=true, Details=WebAuthenticationDetails [RemoteIpAddress=0:0:0:0:0:0:0:1, SessionId=null], Granted Authorities=[ROLE_ANONYMOUS]]
2026-03-22 16:59:54 DEBUG [http-nio-8080-exec-2] o.s.s.w.a.Http403ForbiddenEntryPoint - Pre-authenticated entry point called. Rejecting access
2026-03-22 16:59:54 DEBUG [http-nio-8080-exec-2] o.s.security.web.FilterChainProxy - Securing GET /error
2026-03-22 16:59:54 TRACE [http-nio-8080-exec-2] o.s.s.w.a.logout.LogoutFilter - Did not match request to Or [Ant [pattern='/logout', GET], Ant [pattern='/logout', POST], Ant [pattern='/logout', PUT], Ant [pattern='/logout', DELETE]]
2026-03-22 16:59:54 TRACE [http-nio-8080-exec-2] o.s.s.w.a.AnonymousAuthenticationFilter - Set SecurityContextHolder to AnonymousAuthenticationToken [Principal=anonymousUser, Credentials=[PROTECTED], Authenticated=true, Details=WebAuthenticationDetails [RemoteIpAddress=0:0:0:0:0:0:0:1, SessionId=null], Granted Authorities=[ROLE_ANONYMOUS]]
2026-03-22 16:59:54 DEBUG [http-nio-8080-exec-2] o.s.s.w.a.Http403ForbiddenEntryPoint - Pre-authenticated entry point called. Rejecting access
2026-03-22 17:09:34 DEBUG [http-nio-8080-exec-4] o.s.security.web.FilterChainProxy - Securing POST /api/v1/auth/login
2026-03-22 17:09:34 TRACE [http-nio-8080-exec-4] o.s.s.w.a.logout.LogoutFilter - Did not match request to Or [Ant [pattern='/logout', GET], Ant [pattern='/logout', POST], Ant [pattern='/logout', PUT], Ant [pattern='/logout', DELETE]]
2026-03-22 17:09:34 TRACE [http-nio-8080-exec-4] o.s.s.w.a.AnonymousAuthenticationFilter - Set SecurityContextHolder to AnonymousAuthenticationToken [Principal=anonymousUser, Credentials=[PROTECTED], Authenticated=true, Details=WebAuthenticationDetails [RemoteIpAddress=0:0:0:0:0:0:0:1, SessionId=null], Granted Authorities=[ROLE_ANONYMOUS]]
2026-03-22 17:09:34 DEBUG [http-nio-8080-exec-4] o.s.security.web.FilterChainProxy - Secured POST /api/v1/auth/login
2026-03-22 17:09:34 DEBUG [http-nio-8080-exec-4] o.s.web.servlet.DispatcherServlet - POST "/api/v1/auth/login", parameters={}
2026-03-22 17:09:34 DEBUG [http-nio-8080-exec-4] o.s.w.s.m.m.a.RequestMappingHandlerMapping - Mapped to com.example.ClinicaDefinitiva.infrastructure.rest.controller.auth.AuthController#login(LoginRequest)
2026-03-22 17:09:34 DEBUG [http-nio-8080-exec-4] o.s.w.s.m.m.a.RequestResponseBodyMethodProcessor - Read "application/json;charset=UTF-8" to [LoginRequest[email=admin@test.com, password=admin123]]
2026-03-22 17:09:34 DEBUG [http-nio-8080-exec-4] o.s.s.a.d.DaoAuthenticationProvider - Authenticated user
2026-03-22 17:09:34 DEBUG [http-nio-8080-exec-4] o.s.w.s.m.m.a.HttpEntityMethodProcessor - Using 'application/json', given [*/*] and supported [application/json, application/*+json]
2026-03-22 17:09:34 DEBUG [http-nio-8080-exec-4] o.s.w.s.m.m.a.HttpEntityMethodProcessor - Writing [{token=eyJhbGciOiJIUzI1NiJ9.eyJzdWIiOiJhZG1pbkB0ZXN0LmNvbSIsInJvbGVzIjpbIlJPTEVfVVNFUiJdLCJpYXQiOjE3 (truncated)...]
2026-03-22 17:09:34 DEBUG [http-nio-8080-exec-4] o.s.web.servlet.DispatcherServlet - Completed 200 OK
2026-03-22 17:16:08 DEBUG [http-nio-8080-exec-8] o.s.security.web.FilterChainProxy - Securing POST /api/v1/auth/login
2026-03-22 17:16:08 TRACE [http-nio-8080-exec-8] o.s.s.w.a.logout.LogoutFilter - Did not match request to Or [Ant [pattern='/logout', GET], Ant [pattern='/logout', POST], Ant [pattern='/logout', PUT], Ant [pattern='/logout', DELETE]]
2026-03-22 17:16:08 TRACE [http-nio-8080-exec-8] o.s.s.w.a.AnonymousAuthenticationFilter - Set SecurityContextHolder to AnonymousAuthenticationToken [Principal=anonymousUser, Credentials=[PROTECTED], Authenticated=true, Details=WebAuthenticationDetails [RemoteIpAddress=0:0:0:0:0:0:0:1, SessionId=null], Granted Authorities=[ROLE_ANONYMOUS]]
2026-03-22 17:16:08 DEBUG [http-nio-8080-exec-8] o.s.security.web.FilterChainProxy - Secured POST /api/v1/auth/login
2026-03-22 17:16:08 DEBUG [http-nio-8080-exec-8] o.s.web.servlet.DispatcherServlet - POST "/api/v1/auth/login", parameters={}
2026-03-22 17:16:08 DEBUG [http-nio-8080-exec-8] o.s.w.s.m.m.a.RequestMappingHandlerMapping - Mapped to com.example.ClinicaDefinitiva.infrastructure.rest.controller.auth.AuthController#login(LoginRequest)
2026-03-22 17:16:08 DEBUG [http-nio-8080-exec-8] o.s.w.s.m.m.a.RequestResponseBodyMethodProcessor - Read "application/json;charset=UTF-8" to [LoginRequest[email=admin@test.com, password=admin123]]
2026-03-22 17:16:08 DEBUG [http-nio-8080-exec-8] o.s.s.a.d.DaoAuthenticationProvider - Authenticated user
2026-03-22 17:16:08 DEBUG [http-nio-8080-exec-8] o.s.w.s.m.m.a.HttpEntityMethodProcessor - Using 'application/json', given [*/*] and supported [application/json, application/*+json]
2026-03-22 17:16:08 DEBUG [http-nio-8080-exec-8] o.s.w.s.m.m.a.HttpEntityMethodProcessor - Writing [{token=eyJhbGciOiJIUzI1NiJ9.eyJzdWIiOiJhZG1pbkB0ZXN0LmNvbSIsInJvbGVzIjpbIlJPTEVfVVNFUiJdLCJpYXQiOjE3 (truncated)...]
2026-03-22 17:16:08 DEBUG [http-nio-8080-exec-8] o.s.web.servlet.DispatcherServlet - Completed 200 OK
2026-03-22 17:16:24 DEBUG [http-nio-8080-exec-10] o.s.security.web.FilterChainProxy - Securing GET /api/v1/users/1
2026-03-22 17:16:24 TRACE [http-nio-8080-exec-10] o.s.s.w.a.logout.LogoutFilter - Did not match request to Or [Ant [pattern='/logout', GET], Ant [pattern='/logout', POST], Ant [pattern='/logout', PUT], Ant [pattern='/logout', DELETE]]
2026-03-22 17:16:24 TRACE [http-nio-8080-exec-10] o.s.s.w.a.AnonymousAuthenticationFilter - Set SecurityContextHolder to AnonymousAuthenticationToken [Principal=anonymousUser, Credentials=[PROTECTED], Authenticated=true, Details=WebAuthenticationDetails [RemoteIpAddress=0:0:0:0:0:0:0:1, SessionId=null], Granted Authorities=[ROLE_ANONYMOUS]]
2026-03-22 17:16:24 DEBUG [http-nio-8080-exec-10] o.s.s.w.a.Http403ForbiddenEntryPoint - Pre-authenticated entry point called. Rejecting access
2026-03-22 17:16:24 DEBUG [http-nio-8080-exec-10] o.s.security.web.FilterChainProxy - Securing GET /error
2026-03-22 17:16:24 TRACE [http-nio-8080-exec-10] o.s.s.w.a.logout.LogoutFilter - Did not match request to Or [Ant [pattern='/logout', GET], Ant [pattern='/logout', POST], Ant [pattern='/logout', PUT], Ant [pattern='/logout', DELETE]]
2026-03-22 17:16:24 TRACE [http-nio-8080-exec-10] o.s.s.w.a.AnonymousAuthenticationFilter - Set SecurityContextHolder to AnonymousAuthenticationToken [Principal=anonymousUser, Credentials=[PROTECTED], Authenticated=true, Details=WebAuthenticationDetails [RemoteIpAddress=0:0:0:0:0:0:0:1, SessionId=null], Granted Authorities=[ROLE_ANONYMOUS]]
2026-03-22 17:16:24 DEBUG [http-nio-8080-exec-10] o.s.s.w.a.Http403ForbiddenEntryPoint - Pre-authenticated entry point called. Rejecting access
2026-03-22 17:20:52 DEBUG [http-nio-8080-exec-2] o.s.security.web.FilterChainProxy - Securing POST /api/v1/auth/login
2026-03-22 17:20:52 TRACE [http-nio-8080-exec-2] o.s.s.w.a.logout.LogoutFilter - Did not match request to Or [Ant [pattern='/logout', GET], Ant [pattern='/logout', POST], Ant [pattern='/logout', PUT], Ant [pattern='/logout', DELETE]]
2026-03-22 17:20:52 TRACE [http-nio-8080-exec-2] o.s.s.w.a.AnonymousAuthenticationFilter - Set SecurityContextHolder to AnonymousAuthenticationToken [Principal=anonymousUser, Credentials=[PROTECTED], Authenticated=true, Details=WebAuthenticationDetails [RemoteIpAddress=0:0:0:0:0:0:0:1, SessionId=null], Granted Authorities=[ROLE_ANONYMOUS]]
2026-03-22 17:20:52 DEBUG [http-nio-8080-exec-2] o.s.security.web.FilterChainProxy - Secured POST /api/v1/auth/login
2026-03-22 17:20:52 DEBUG [http-nio-8080-exec-2] o.s.web.servlet.DispatcherServlet - POST "/api/v1/auth/login", parameters={}
2026-03-22 17:20:52 DEBUG [http-nio-8080-exec-2] o.s.w.s.m.m.a.RequestMappingHandlerMapping - Mapped to com.example.ClinicaDefinitiva.infrastructure.rest.controller.auth.AuthController#login(LoginRequest)
2026-03-22 17:20:52 DEBUG [http-nio-8080-exec-2] o.s.w.s.m.m.a.RequestResponseBodyMethodProcessor - Read "application/json;charset=UTF-8" to [LoginRequest[email=admin@test.com, password=admin123]]
2026-03-22 17:20:52 DEBUG [http-nio-8080-exec-2] o.s.s.a.d.DaoAuthenticationProvider - Authenticated user
2026-03-22 17:20:52 DEBUG [http-nio-8080-exec-2] o.s.w.s.m.m.a.HttpEntityMethodProcessor - Using 'application/json', given [*/*] and supported [application/json, application/*+json]
2026-03-22 17:20:52 DEBUG [http-nio-8080-exec-2] o.s.w.s.m.m.a.HttpEntityMethodProcessor - Writing [{token=eyJhbGciOiJIUzI1NiJ9.eyJzdWIiOiJhZG1pbkB0ZXN0LmNvbSIsInJvbGVzIjpbIlJPTEVfVVNFUiJdLCJpYXQiOjE3 (truncated)...]
2026-03-22 17:20:52 DEBUG [http-nio-8080-exec-2] o.s.web.servlet.DispatcherServlet - Completed 200 OK
2026-03-22 17:28:14 DEBUG [http-nio-8080-exec-4] o.s.security.web.FilterChainProxy - Securing POST /api/v1/auth/login
2026-03-22 17:28:14 TRACE [http-nio-8080-exec-4] o.s.s.w.a.logout.LogoutFilter - Did not match request to Or [Ant [pattern='/logout', GET], Ant [pattern='/logout', POST], Ant [pattern='/logout', PUT], Ant [pattern='/logout', DELETE]]
2026-03-22 17:28:14 TRACE [http-nio-8080-exec-4] o.s.s.w.a.AnonymousAuthenticationFilter - Set SecurityContextHolder to AnonymousAuthenticationToken [Principal=anonymousUser, Credentials=[PROTECTED], Authenticated=true, Details=WebAuthenticationDetails [RemoteIpAddress=0:0:0:0:0:0:0:1, SessionId=null], Granted Authorities=[ROLE_ANONYMOUS]]
2026-03-22 17:28:14 DEBUG [http-nio-8080-exec-4] o.s.security.web.FilterChainProxy - Secured POST /api/v1/auth/login
2026-03-22 17:28:14 DEBUG [http-nio-8080-exec-4] o.s.web.servlet.DispatcherServlet - POST "/api/v1/auth/login", parameters={}
2026-03-22 17:28:14 DEBUG [http-nio-8080-exec-4] o.s.w.s.m.m.a.RequestMappingHandlerMapping - Mapped to com.example.ClinicaDefinitiva.infrastructure.rest.controller.auth.AuthController#login(LoginRequest)
2026-03-22 17:28:14 DEBUG [http-nio-8080-exec-4] o.s.w.s.m.m.a.RequestResponseBodyMethodProcessor - Read "application/json;charset=UTF-8" to [LoginRequest[email=admin@test.com, password=admin123]]
2026-03-22 17:28:14 DEBUG [http-nio-8080-exec-4] o.s.s.a.d.DaoAuthenticationProvider - Authenticated user
2026-03-22 17:28:14 DEBUG [http-nio-8080-exec-4] o.s.w.s.m.m.a.HttpEntityMethodProcessor - Using 'application/json', given [*/*] and supported [application/json, application/*+json]
2026-03-22 17:28:14 DEBUG [http-nio-8080-exec-4] o.s.w.s.m.m.a.HttpEntityMethodProcessor - Writing [{token=eyJhbGciOiJIUzI1NiJ9.eyJzdWIiOiJhZG1pbkB0ZXN0LmNvbSIsInJvbGVzIjpbIlJPTEVfVVNFUiJdLCJpYXQiOjE3 (truncated)...]
2026-03-22 17:28:14 DEBUG [http-nio-8080-exec-4] o.s.web.servlet.DispatcherServlet - Completed 200 OK
2026-03-22 17:28:45 DEBUG [http-nio-8080-exec-6] o.s.security.web.FilterChainProxy - Securing GET /api/v1/users/1
2026-03-22 17:28:45 TRACE [http-nio-8080-exec-6] o.s.s.w.a.logout.LogoutFilter - Did not match request to Or [Ant [pattern='/logout', GET], Ant [pattern='/logout', POST], Ant [pattern='/logout', PUT], Ant [pattern='/logout', DELETE]]
2026-03-22 17:28:45 TRACE [http-nio-8080-exec-6] o.s.s.w.a.AnonymousAuthenticationFilter - Set SecurityContextHolder to AnonymousAuthenticationToken [Principal=anonymousUser, Credentials=[PROTECTED], Authenticated=true, Details=WebAuthenticationDetails [RemoteIpAddress=0:0:0:0:0:0:0:1, SessionId=null], Granted Authorities=[ROLE_ANONYMOUS]]
2026-03-22 17:28:45 DEBUG [http-nio-8080-exec-6] o.s.s.w.a.Http403ForbiddenEntryPoint - Pre-authenticated entry point called. Rejecting access
2026-03-22 17:28:45 DEBUG [http-nio-8080-exec-6] o.s.security.web.FilterChainProxy - Securing GET /error
2026-03-22 17:28:45 TRACE [http-nio-8080-exec-6] o.s.s.w.a.logout.LogoutFilter - Did not match request to Or [Ant [pattern='/logout', GET], Ant [pattern='/logout', POST], Ant [pattern='/logout', PUT], Ant [pattern='/logout', DELETE]]
2026-03-22 17:28:45 TRACE [http-nio-8080-exec-6] o.s.s.w.a.AnonymousAuthenticationFilter - Set SecurityContextHolder to AnonymousAuthenticationToken [Principal=anonymousUser, Credentials=[PROTECTED], Authenticated=true, Details=WebAuthenticationDetails [RemoteIpAddress=0:0:0:0:0:0:0:1, SessionId=null], Granted Authorities=[ROLE_ANONYMOUS]]
2026-03-22 17:28:45 DEBUG [http-nio-8080-exec-6] o.s.s.w.a.Http403ForbiddenEntryPoint - Pre-authenticated entry point called. Rejecting access
2026-03-22 17:32:58 DEBUG [http-nio-8080-exec-10] o.s.security.web.FilterChainProxy - Securing POST /api/v1/auth/login
2026-03-22 17:32:58 TRACE [http-nio-8080-exec-10] o.s.s.w.a.logout.LogoutFilter - Did not match request to Or [Ant [pattern='/logout', GET], Ant [pattern='/logout', POST], Ant [pattern='/logout', PUT], Ant [pattern='/logout', DELETE]]
2026-03-22 17:32:58 TRACE [http-nio-8080-exec-10] o.s.s.w.a.AnonymousAuthenticationFilter - Set SecurityContextHolder to AnonymousAuthenticationToken [Principal=anonymousUser, Credentials=[PROTECTED], Authenticated=true, Details=WebAuthenticationDetails [RemoteIpAddress=0:0:0:0:0:0:0:1, SessionId=null], Granted Authorities=[ROLE_ANONYMOUS]]
2026-03-22 17:32:58 DEBUG [http-nio-8080-exec-10] o.s.security.web.FilterChainProxy - Secured POST /api/v1/auth/login
2026-03-22 17:32:58 DEBUG [http-nio-8080-exec-10] o.s.web.servlet.DispatcherServlet - POST "/api/v1/auth/login", parameters={}
2026-03-22 17:32:58 DEBUG [http-nio-8080-exec-10] o.s.w.s.m.m.a.RequestMappingHandlerMapping - Mapped to com.example.ClinicaDefinitiva.infrastructure.rest.controller.auth.AuthController#login(LoginRequest)
2026-03-22 17:32:58 DEBUG [http-nio-8080-exec-10] o.s.w.s.m.m.a.RequestResponseBodyMethodProcessor - Read "application/json;charset=UTF-8" to [LoginRequest[email=admin@test.com, password=admin123]]
2026-03-22 17:32:59 DEBUG [http-nio-8080-exec-10] o.s.s.a.d.DaoAuthenticationProvider - Authenticated user
2026-03-22 17:32:59 DEBUG [http-nio-8080-exec-10] o.s.w.s.m.m.a.HttpEntityMethodProcessor - Using 'application/json', given [*/*] and supported [application/json, application/*+json]
2026-03-22 17:32:59 DEBUG [http-nio-8080-exec-10] o.s.w.s.m.m.a.HttpEntityMethodProcessor - Writing [{token=eyJhbGciOiJIUzI1NiJ9.eyJzdWIiOiJhZG1pbkB0ZXN0LmNvbSIsInJvbGVzIjpbIlJPTEVfVVNFUiJdLCJpYXQiOjE3 (truncated)...]
2026-03-22 17:32:59 DEBUG [http-nio-8080-exec-10] o.s.web.servlet.DispatcherServlet - Completed 200 OK
2026-03-22 17:33:06 DEBUG [http-nio-8080-exec-9] o.s.security.web.FilterChainProxy - Securing GET /api/v1/users/1
2026-03-22 17:33:06 TRACE [http-nio-8080-exec-9] o.s.s.w.a.logout.LogoutFilter - Did not match request to Or [Ant [pattern='/logout', GET], Ant [pattern='/logout', POST], Ant [pattern='/logout', PUT], Ant [pattern='/logout', DELETE]]
2026-03-22 17:33:06 TRACE [http-nio-8080-exec-9] o.s.s.w.a.AnonymousAuthenticationFilter - Set SecurityContextHolder to AnonymousAuthenticationToken [Principal=anonymousUser, Credentials=[PROTECTED], Authenticated=true, Details=WebAuthenticationDetails [RemoteIpAddress=0:0:0:0:0:0:0:1, SessionId=null], Granted Authorities=[ROLE_ANONYMOUS]]
2026-03-22 17:33:06 DEBUG [http-nio-8080-exec-9] o.s.s.w.a.Http403ForbiddenEntryPoint - Pre-authenticated entry point called. Rejecting access
2026-03-22 17:33:06 DEBUG [http-nio-8080-exec-9] o.s.security.web.FilterChainProxy - Securing GET /error
2026-03-22 17:33:06 TRACE [http-nio-8080-exec-9] o.s.s.w.a.logout.LogoutFilter - Did not match request to Or [Ant [pattern='/logout', GET], Ant [pattern='/logout', POST], Ant [pattern='/logout', PUT], Ant [pattern='/logout', DELETE]]
2026-03-22 17:33:06 TRACE [http-nio-8080-exec-9] o.s.s.w.a.AnonymousAuthenticationFilter - Set SecurityContextHolder to AnonymousAuthenticationToken [Principal=anonymousUser, Credentials=[PROTECTED], Authenticated=true, Details=WebAuthenticationDetails [RemoteIpAddress=0:0:0:0:0:0:0:1, SessionId=null], Granted Authorities=[ROLE_ANONYMOUS]]
2026-03-22 17:33:06 DEBUG [http-nio-8080-exec-9] o.s.s.w.a.Http403ForbiddenEntryPoint - Pre-authenticated entry point called. Rejecting access
2026-03-22 17:44:32 DEBUG [http-nio-8080-exec-3] o.s.security.web.FilterChainProxy - Securing GET /api/v1/users/1
2026-03-22 17:44:32 TRACE [http-nio-8080-exec-3] o.s.s.w.a.logout.LogoutFilter - Did not match request to Or [Ant [pattern='/logout', GET], Ant [pattern='/logout', POST], Ant [pattern='/logout', PUT], Ant [pattern='/logout', DELETE]]
2026-03-22 17:44:32 TRACE [http-nio-8080-exec-3] o.s.s.w.a.AnonymousAuthenticationFilter - Set SecurityContextHolder to AnonymousAuthenticationToken [Principal=anonymousUser, Credentials=[PROTECTED], Authenticated=true, Details=WebAuthenticationDetails [RemoteIpAddress=0:0:0:0:0:0:0:1, SessionId=null], Granted Authorities=[ROLE_ANONYMOUS]]
2026-03-22 17:44:32 DEBUG [http-nio-8080-exec-3] o.s.s.w.a.Http403ForbiddenEntryPoint - Pre-authenticated entry point called. Rejecting access
2026-03-22 17:44:32 DEBUG [http-nio-8080-exec-3] o.s.security.web.FilterChainProxy - Securing GET /error
2026-03-22 17:44:32 TRACE [http-nio-8080-exec-3] o.s.s.w.a.logout.LogoutFilter - Did not match request to Or [Ant [pattern='/logout', GET], Ant [pattern='/logout', POST], Ant [pattern='/logout', PUT], Ant [pattern='/logout', DELETE]]
2026-03-22 17:44:32 TRACE [http-nio-8080-exec-3] o.s.s.w.a.AnonymousAuthenticationFilter - Set SecurityContextHolder to AnonymousAuthenticationToken [Principal=anonymousUser, Credentials=[PROTECTED], Authenticated=true, Details=WebAuthenticationDetails [RemoteIpAddress=0:0:0:0:0:0:0:1, SessionId=null], Granted Authorities=[ROLE_ANONYMOUS]]
2026-03-22 17:44:32 DEBUG [http-nio-8080-exec-3] o.s.s.w.a.Http403ForbiddenEntryPoint - Pre-authenticated entry point called. Rejecting access
2026-03-22 17:45:17 DEBUG [http-nio-8080-exec-5] o.s.security.web.FilterChainProxy - Securing POST /api/v1/auth/login
2026-03-22 17:45:17 TRACE [http-nio-8080-exec-5] o.s.s.w.a.logout.LogoutFilter - Did not match request to Or [Ant [pattern='/logout', GET], Ant [pattern='/logout', POST], Ant [pattern='/logout', PUT], Ant [pattern='/logout', DELETE]]
2026-03-22 17:45:17 TRACE [http-nio-8080-exec-5] o.s.s.w.a.AnonymousAuthenticationFilter - Set SecurityContextHolder to AnonymousAuthenticationToken [Principal=anonymousUser, Credentials=[PROTECTED], Authenticated=true, Details=WebAuthenticationDetails [RemoteIpAddress=0:0:0:0:0:0:0:1, SessionId=null], Granted Authorities=[ROLE_ANONYMOUS]]
2026-03-22 17:45:17 DEBUG [http-nio-8080-exec-5] o.s.security.web.FilterChainProxy - Secured POST /api/v1/auth/login
2026-03-22 17:45:17 DEBUG [http-nio-8080-exec-5] o.s.web.servlet.DispatcherServlet - POST "/api/v1/auth/login", parameters={}
2026-03-22 17:45:17 DEBUG [http-nio-8080-exec-5] o.s.w.s.m.m.a.RequestMappingHandlerMapping - Mapped to com.example.ClinicaDefinitiva.infrastructure.rest.controller.auth.AuthController#login(LoginRequest)
2026-03-22 17:45:17 DEBUG [http-nio-8080-exec-5] o.s.w.s.m.m.a.RequestResponseBodyMethodProcessor - Read "application/json;charset=UTF-8" to [LoginRequest[email=admin@test.com, password=admin123]]
2026-03-22 17:45:17 DEBUG [http-nio-8080-exec-5] o.s.s.a.d.DaoAuthenticationProvider - Authenticated user
2026-03-22 17:45:17 DEBUG [http-nio-8080-exec-5] o.s.w.s.m.m.a.HttpEntityMethodProcessor - Using 'application/json', given [*/*] and supported [application/json, application/*+json]
2026-03-22 17:45:17 DEBUG [http-nio-8080-exec-5] o.s.w.s.m.m.a.HttpEntityMethodProcessor - Writing [{token=eyJhbGciOiJIUzI1NiJ9.eyJzdWIiOiJhZG1pbkB0ZXN0LmNvbSIsInJvbGVzIjpbIlJPTEVfVVNFUiJdLCJpYXQiOjE3 (truncated)...]
2026-03-22 17:45:17 DEBUG [http-nio-8080-exec-5] o.s.web.servlet.DispatcherServlet - Completed 200 OK
2026-03-22 17:45:59 DEBUG [http-nio-8080-exec-4] o.s.security.web.FilterChainProxy - Securing POST /api/v1/auth/login
2026-03-22 17:45:59 TRACE [http-nio-8080-exec-4] o.s.s.w.a.logout.LogoutFilter - Did not match request to Or [Ant [pattern='/logout', GET], Ant [pattern='/logout', POST], Ant [pattern='/logout', PUT], Ant [pattern='/logout', DELETE]]
2026-03-22 17:45:59 TRACE [http-nio-8080-exec-4] o.s.s.w.a.AnonymousAuthenticationFilter - Set SecurityContextHolder to AnonymousAuthenticationToken [Principal=anonymousUser, Credentials=[PROTECTED], Authenticated=true, Details=WebAuthenticationDetails [RemoteIpAddress=0:0:0:0:0:0:0:1, SessionId=null], Granted Authorities=[ROLE_ANONYMOUS]]
2026-03-22 17:45:59 DEBUG [http-nio-8080-exec-4] o.s.security.web.FilterChainProxy - Secured POST /api/v1/auth/login
2026-03-22 17:45:59 DEBUG [http-nio-8080-exec-4] o.s.web.servlet.DispatcherServlet - POST "/api/v1/auth/login", parameters={}
2026-03-22 17:45:59 DEBUG [http-nio-8080-exec-4] o.s.w.s.m.m.a.RequestMappingHandlerMapping - Mapped to com.example.ClinicaDefinitiva.infrastructure.rest.controller.auth.AuthController#login(LoginRequest)
2026-03-22 17:45:59 DEBUG [http-nio-8080-exec-4] o.s.w.s.m.m.a.RequestResponseBodyMethodProcessor - Read "application/json;charset=UTF-8" to [LoginRequest[email=admin@test.com, password=admin123]]
2026-03-22 17:45:59 DEBUG [http-nio-8080-exec-4] o.s.s.a.d.DaoAuthenticationProvider - Authenticated user
2026-03-22 17:45:59 DEBUG [http-nio-8080-exec-4] o.s.w.s.m.m.a.HttpEntityMethodProcessor - Using 'application/json', given [*/*] and supported [application/json, application/*+json]
2026-03-22 17:45:59 DEBUG [http-nio-8080-exec-4] o.s.w.s.m.m.a.HttpEntityMethodProcessor - Writing [{token=eyJhbGciOiJIUzI1NiJ9.eyJzdWIiOiJhZG1pbkB0ZXN0LmNvbSIsInJvbGVzIjpbIlJPTEVfVVNFUiJdLCJpYXQiOjE3 (truncated)...]
2026-03-22 17:45:59 DEBUG [http-nio-8080-exec-4] o.s.web.servlet.DispatcherServlet - Completed 200 OK
2026-03-22 17:47:42 DEBUG [http-nio-8080-exec-8] o.s.security.web.FilterChainProxy - Securing GET /api/v1/users/1
2026-03-22 17:47:42 TRACE [http-nio-8080-exec-8] o.s.s.w.a.logout.LogoutFilter - Did not match request to Or [Ant [pattern='/logout', GET], Ant [pattern='/logout', POST], Ant [pattern='/logout', PUT], Ant [pattern='/logout', DELETE]]
2026-03-22 17:47:42 TRACE [http-nio-8080-exec-8] o.s.s.w.a.AnonymousAuthenticationFilter - Did not set SecurityContextHolder since already authenticated UsernamePasswordAuthenticationToken [Principal=com.example.ClinicaDefinitiva.infrastructure.security.adapter.CustomUserDetails@3e9eccd1, Credentials=[PROTECTED], Authenticated=true, Details=null, Granted Authorities=[UPDATE_COMPANY, UPDATE_INVOICE, CREATE_ASSIGNMENT, UPDATE_GUARDIAN, CLONE_ROLE_ROLE, CANCEL_APPOINTMENT, UPDATE_JOURNAL_ENTRY, REVERSE_JOURNAL_ENTRY, CREATE_CONTRACT, DELETE_APPOINTMENT, RESCHEDULE_APPOINTMENT, SET_PERMISSIONS_ROLE, CREATE_PATIENT, READ_USER_IDENTITY, IS_CURRENTLY_ACTIVE_ASSIGNMENT, READ_RATE, ACTIVATE_ROLE_ROLE, DELETE_ROLE_ROLE, READ_APPOINTMENT, READ_DENTIST, CREATE_COMPANY, VIEW_ROLE_ROLE, SCHEDULE_APPOINTMENT, ROLE_RECEPTIONIST, DELETE_INVOICE, CREATE_CUSTOM_ROLE_ROLE, UPDATE_PAYMENT, CREATE_DENTIST, CHECK_PERMISSION_ROLE, READ_PATIENT, READ_ADMINISTRATIVE_REPORT, CREATE_APPOINTMENT, VIEW_ASSIGNMENT_ASSIGNMENT, READ_CONTRACT, DELETE_ADMINISTRATIVE_REPORT, DEACTIVATE_USER_IDENTITY, REVERSE_INVOICE, DEACTIVATE_ROLE_ROLE, APPROVE_INVOICE, READ_PROVIDED_SERVICE, REVOKE_ASSIGNMENT, READ_AVAILABILITY, READ_RECEPTIONIST, DELETE_RATE, UPDATE_PRIMARY_ASSIGNMENT, UPDATE_DENTIST, CREATE_USER_IDENTITY, DELETE_CONTRACT, DELETE_PAYMENT, DELETE_ASSIGNMENT, READ_COMPANY, UPDATE_ADMINISTRATIVE_REPORT, REMOVE_PERMISSION_ROLE, CREATE_PAYMENT, UPDATE_USER_IDENTITY, ADD_PERMISSION_ROLE, READ_GUARDIAN, UPDATE_CONTRACT, DELETE_COMPANY, IS_ACTIVE_AT_ASSIGNMENT, DELETE_DENTIST, READ_ASSIGNMENT, POST_INVOICE, REVOKE_ALL_ASSIGNMENT, CREATE_JOURNAL_ENTRY, CREATE_ADMINISTRATIVE_REPORT, UPDATE_ASSIGNMENT, READ_SHIFT, POST_JOURNAL_ENTRY, CREATE_GUARDIAN, ROLE_ADMINISTRATOR, CREATE_TEMPORARY_ASSIGNMENT, READ_PAYMENT, CREATE_RATE, EXTEND_ASSIGNMENT_ASSIGNMENT, READ_INVOICE, REACTIVATE_USER_IDENTITY, UPDATE_APPOINTMENT, UPDATE_RATE, DELETE_JOURNAL_ENTRY, CREATE_SHIFT, READ_JOURNAL_ENTRY, MARK_DELETED_ROLE_ROLE, CREATE_INVOICE, UPDATE_SHIFT, SUSPEND_ROLE_ROLE, UPDATE_PATIENT, UPDATE_PROVIDED_SERVICE, SUSPEND_USER_IDENTITY]]
2026-03-22 17:47:42 TRACE [http-nio-8080-exec-8] o.s.s.w.a.s.CompositeSessionAuthenticationStrategy - Preparing session with ChangeSessionIdAuthenticationStrategy (1/1)
2026-03-22 17:47:42 DEBUG [http-nio-8080-exec-8] o.s.security.web.FilterChainProxy - Secured GET /api/v1/users/1
2026-03-22 17:47:42 DEBUG [http-nio-8080-exec-8] o.s.web.servlet.DispatcherServlet - GET "/api/v1/users/1", parameters={}
2026-03-22 17:47:42 DEBUG [http-nio-8080-exec-8] o.s.w.s.m.m.a.RequestMappingHandlerMapping - Mapped to com.example.ClinicaDefinitiva.infrastructure.rest.controller.authentication.UserIdentityController#findById(Long, CustomUserDetails)
2026-03-22 17:47:42 DEBUG [http-nio-8080-exec-8] o.s.w.s.m.m.a.HttpEntityMethodProcessor - Using 'application/json', given [*/*] and supported [application/json, application/*+json]
2026-03-22 17:47:42 DEBUG [http-nio-8080-exec-8] o.s.w.s.m.m.a.HttpEntityMethodProcessor - Writing [ReadUserIdentityResponse[id=1, email=admin@test.com, name=Admin, createdAt=2026-03-13T14:10:29Z, las (truncated)...]
2026-03-22 17:47:42 DEBUG [http-nio-8080-exec-8] o.s.web.servlet.DispatcherServlet - Completed 200 OK
2026-03-22 17:50:51 DEBUG [http-nio-8080-exec-1] o.s.security.web.FilterChainProxy - Securing PATCH /api/v1/users/1/reactivate?reason=Prueba
2026-03-22 17:50:51 TRACE [http-nio-8080-exec-1] o.s.s.w.a.logout.LogoutFilter - Did not match request to Or [Ant [pattern='/logout', GET], Ant [pattern='/logout', POST], Ant [pattern='/logout', PUT], Ant [pattern='/logout', DELETE]]
2026-03-22 17:50:51 TRACE [http-nio-8080-exec-1] o.s.s.w.a.AnonymousAuthenticationFilter - Set SecurityContextHolder to AnonymousAuthenticationToken [Principal=anonymousUser, Credentials=[PROTECTED], Authenticated=true, Details=WebAuthenticationDetails [RemoteIpAddress=0:0:0:0:0:0:0:1, SessionId=null], Granted Authorities=[ROLE_ANONYMOUS]]
2026-03-22 17:50:51 DEBUG [http-nio-8080-exec-1] o.s.s.w.a.Http403ForbiddenEntryPoint - Pre-authenticated entry point called. Rejecting access
2026-03-22 17:50:51 DEBUG [http-nio-8080-exec-1] o.s.security.web.FilterChainProxy - Securing PATCH /error?reason=Prueba
2026-03-22 17:50:51 TRACE [http-nio-8080-exec-1] o.s.s.w.a.logout.LogoutFilter - Did not match request to Or [Ant [pattern='/logout', GET], Ant [pattern='/logout', POST], Ant [pattern='/logout', PUT], Ant [pattern='/logout', DELETE]]
2026-03-22 17:50:51 TRACE [http-nio-8080-exec-1] o.s.s.w.a.AnonymousAuthenticationFilter - Set SecurityContextHolder to AnonymousAuthenticationToken [Principal=anonymousUser, Credentials=[PROTECTED], Authenticated=true, Details=WebAuthenticationDetails [RemoteIpAddress=0:0:0:0:0:0:0:1, SessionId=null], Granted Authorities=[ROLE_ANONYMOUS]]
2026-03-22 17:50:51 DEBUG [http-nio-8080-exec-1] o.s.s.w.a.Http403ForbiddenEntryPoint - Pre-authenticated entry point called. Rejecting access
2026-03-22 17:53:20 DEBUG [http-nio-8080-exec-5] o.s.security.web.FilterChainProxy - Securing GET /api/v1/users?email=admin@test.com
2026-03-22 17:53:20 TRACE [http-nio-8080-exec-5] o.s.s.w.a.logout.LogoutFilter - Did not match request to Or [Ant [pattern='/logout', GET], Ant [pattern='/logout', POST], Ant [pattern='/logout', PUT], Ant [pattern='/logout', DELETE]]
2026-03-22 17:53:20 TRACE [http-nio-8080-exec-5] o.s.s.w.a.AnonymousAuthenticationFilter - Did not set SecurityContextHolder since already authenticated UsernamePasswordAuthenticationToken [Principal=com.example.ClinicaDefinitiva.infrastructure.security.adapter.CustomUserDetails@2248a290, Credentials=[PROTECTED], Authenticated=true, Details=null, Granted Authorities=[UPDATE_COMPANY, UPDATE_INVOICE, CREATE_ASSIGNMENT, UPDATE_GUARDIAN, CLONE_ROLE_ROLE, CANCEL_APPOINTMENT, UPDATE_JOURNAL_ENTRY, REVERSE_JOURNAL_ENTRY, CREATE_CONTRACT, DELETE_APPOINTMENT, RESCHEDULE_APPOINTMENT, SET_PERMISSIONS_ROLE, CREATE_PATIENT, READ_USER_IDENTITY, IS_CURRENTLY_ACTIVE_ASSIGNMENT, READ_RATE, ACTIVATE_ROLE_ROLE, DELETE_ROLE_ROLE, READ_APPOINTMENT, READ_DENTIST, CREATE_COMPANY, VIEW_ROLE_ROLE, SCHEDULE_APPOINTMENT, ROLE_RECEPTIONIST, DELETE_INVOICE, CREATE_CUSTOM_ROLE_ROLE, UPDATE_PAYMENT, CREATE_DENTIST, CHECK_PERMISSION_ROLE, READ_PATIENT, READ_ADMINISTRATIVE_REPORT, CREATE_APPOINTMENT, VIEW_ASSIGNMENT_ASSIGNMENT, READ_CONTRACT, DELETE_ADMINISTRATIVE_REPORT, DEACTIVATE_USER_IDENTITY, REVERSE_INVOICE, DEACTIVATE_ROLE_ROLE, APPROVE_INVOICE, READ_PROVIDED_SERVICE, REVOKE_ASSIGNMENT, READ_AVAILABILITY, READ_RECEPTIONIST, DELETE_RATE, UPDATE_PRIMARY_ASSIGNMENT, UPDATE_DENTIST, CREATE_USER_IDENTITY, DELETE_CONTRACT, DELETE_PAYMENT, DELETE_ASSIGNMENT, READ_COMPANY, UPDATE_ADMINISTRATIVE_REPORT, REMOVE_PERMISSION_ROLE, CREATE_PAYMENT, UPDATE_USER_IDENTITY, ADD_PERMISSION_ROLE, READ_GUARDIAN, UPDATE_CONTRACT, DELETE_COMPANY, IS_ACTIVE_AT_ASSIGNMENT, DELETE_DENTIST, READ_ASSIGNMENT, POST_INVOICE, REVOKE_ALL_ASSIGNMENT, CREATE_JOURNAL_ENTRY, CREATE_ADMINISTRATIVE_REPORT, UPDATE_ASSIGNMENT, READ_SHIFT, POST_JOURNAL_ENTRY, CREATE_GUARDIAN, ROLE_ADMINISTRATOR, CREATE_TEMPORARY_ASSIGNMENT, READ_PAYMENT, CREATE_RATE, EXTEND_ASSIGNMENT_ASSIGNMENT, READ_INVOICE, REACTIVATE_USER_IDENTITY, UPDATE_APPOINTMENT, UPDATE_RATE, DELETE_JOURNAL_ENTRY, CREATE_SHIFT, READ_JOURNAL_ENTRY, MARK_DELETED_ROLE_ROLE, CREATE_INVOICE, UPDATE_SHIFT, SUSPEND_ROLE_ROLE, UPDATE_PATIENT, UPDATE_PROVIDED_SERVICE, SUSPEND_USER_IDENTITY]]
2026-03-22 17:53:20 TRACE [http-nio-8080-exec-5] o.s.s.w.a.s.CompositeSessionAuthenticationStrategy - Preparing session with ChangeSessionIdAuthenticationStrategy (1/1)
2026-03-22 17:53:20 DEBUG [http-nio-8080-exec-5] o.s.security.web.FilterChainProxy - Secured GET /api/v1/users?email=admin@test.com
2026-03-22 17:53:20 DEBUG [http-nio-8080-exec-5] o.s.web.servlet.DispatcherServlet - GET "/api/v1/users?email=admin@test.com", parameters={masked}
2026-03-22 17:53:20 DEBUG [http-nio-8080-exec-5] o.s.w.s.m.m.a.RequestMappingHandlerMapping - Mapped to com.example.ClinicaDefinitiva.infrastructure.rest.controller.authentication.UserIdentityController#findAll(Pageable, CustomUserDetails)
2026-03-22 17:53:20 WARN  [http-nio-8080-exec-5] o.s.d.w.c.SpringDataJacksonConfiguration$PageModule$WarningLoggingModifier - Serializing PageImpl instances as-is is not supported, meaning that there is no guarantee about the stability of the resulting JSON structure!
	For a stable JSON structure, please use Spring Data's PagedModel (globally via @EnableSpringDataWebSupport(pageSerializationMode = VIA_DTO))
	or Spring HATEOAS and Spring Data's PagedResourcesAssembler as documented in https://docs.spring.io/spring-data/commons/reference/repositories/core-extensions.html#core.web.pageables.

2026-03-22 17:53:20 DEBUG [http-nio-8080-exec-5] o.s.w.s.m.m.a.HttpEntityMethodProcessor - Using 'application/json', given [*/*] and supported [application/json, application/*+json]
2026-03-22 17:53:20 DEBUG [http-nio-8080-exec-5] o.s.w.s.m.m.a.HttpEntityMethodProcessor - Writing [Page 1 of 1 containing com.example.ClinicaDefinitiva.infrastructure.rest.dto.authentication.PageUser (truncated)...]
2026-03-22 17:53:20 DEBUG [http-nio-8080-exec-5] o.s.web.servlet.DispatcherServlet - Completed 200 OK
2026-03-22 17:54:41 DEBUG [http-nio-8080-exec-7] o.s.security.web.FilterChainProxy - Securing GET /api/v1/users/email/test123@gmail.com
2026-03-22 17:54:41 TRACE [http-nio-8080-exec-7] o.s.s.w.a.logout.LogoutFilter - Did not match request to Or [Ant [pattern='/logout', GET], Ant [pattern='/logout', POST], Ant [pattern='/logout', PUT], Ant [pattern='/logout', DELETE]]
2026-03-22 17:54:41 TRACE [http-nio-8080-exec-7] o.s.s.w.a.AnonymousAuthenticationFilter - Did not set SecurityContextHolder since already authenticated UsernamePasswordAuthenticationToken [Principal=com.example.ClinicaDefinitiva.infrastructure.security.adapter.CustomUserDetails@1ed7a89f, Credentials=[PROTECTED], Authenticated=true, Details=null, Granted Authorities=[UPDATE_COMPANY, UPDATE_INVOICE, CREATE_ASSIGNMENT, UPDATE_GUARDIAN, CLONE_ROLE_ROLE, CANCEL_APPOINTMENT, UPDATE_JOURNAL_ENTRY, REVERSE_JOURNAL_ENTRY, CREATE_CONTRACT, DELETE_APPOINTMENT, RESCHEDULE_APPOINTMENT, SET_PERMISSIONS_ROLE, CREATE_PATIENT, READ_USER_IDENTITY, IS_CURRENTLY_ACTIVE_ASSIGNMENT, READ_RATE, ACTIVATE_ROLE_ROLE, DELETE_ROLE_ROLE, READ_APPOINTMENT, READ_DENTIST, CREATE_COMPANY, VIEW_ROLE_ROLE, SCHEDULE_APPOINTMENT, ROLE_RECEPTIONIST, DELETE_INVOICE, CREATE_CUSTOM_ROLE_ROLE, UPDATE_PAYMENT, CREATE_DENTIST, CHECK_PERMISSION_ROLE, READ_PATIENT, READ_ADMINISTRATIVE_REPORT, CREATE_APPOINTMENT, VIEW_ASSIGNMENT_ASSIGNMENT, READ_CONTRACT, DELETE_ADMINISTRATIVE_REPORT, DEACTIVATE_USER_IDENTITY, REVERSE_INVOICE, DEACTIVATE_ROLE_ROLE, APPROVE_INVOICE, READ_PROVIDED_SERVICE, REVOKE_ASSIGNMENT, READ_AVAILABILITY, READ_RECEPTIONIST, DELETE_RATE, UPDATE_PRIMARY_ASSIGNMENT, UPDATE_DENTIST, CREATE_USER_IDENTITY, DELETE_CONTRACT, DELETE_PAYMENT, DELETE_ASSIGNMENT, READ_COMPANY, UPDATE_ADMINISTRATIVE_REPORT, REMOVE_PERMISSION_ROLE, CREATE_PAYMENT, UPDATE_USER_IDENTITY, ADD_PERMISSION_ROLE, READ_GUARDIAN, UPDATE_CONTRACT, DELETE_COMPANY, IS_ACTIVE_AT_ASSIGNMENT, DELETE_DENTIST, READ_ASSIGNMENT, POST_INVOICE, REVOKE_ALL_ASSIGNMENT, CREATE_JOURNAL_ENTRY, CREATE_ADMINISTRATIVE_REPORT, UPDATE_ASSIGNMENT, READ_SHIFT, POST_JOURNAL_ENTRY, CREATE_GUARDIAN, ROLE_ADMINISTRATOR, CREATE_TEMPORARY_ASSIGNMENT, READ_PAYMENT, CREATE_RATE, EXTEND_ASSIGNMENT_ASSIGNMENT, READ_INVOICE, REACTIVATE_USER_IDENTITY, UPDATE_APPOINTMENT, UPDATE_RATE, DELETE_JOURNAL_ENTRY, CREATE_SHIFT, READ_JOURNAL_ENTRY, MARK_DELETED_ROLE_ROLE, CREATE_INVOICE, UPDATE_SHIFT, SUSPEND_ROLE_ROLE, UPDATE_PATIENT, UPDATE_PROVIDED_SERVICE, SUSPEND_USER_IDENTITY]]
2026-03-22 17:54:41 TRACE [http-nio-8080-exec-7] o.s.s.w.a.s.CompositeSessionAuthenticationStrategy - Preparing session with ChangeSessionIdAuthenticationStrategy (1/1)
2026-03-22 17:54:41 DEBUG [http-nio-8080-exec-7] o.s.security.web.FilterChainProxy - Secured GET /api/v1/users/email/test123@gmail.com
2026-03-22 17:54:41 DEBUG [http-nio-8080-exec-7] o.s.web.servlet.DispatcherServlet - GET "/api/v1/users/email/test123@gmail.com", parameters={}
2026-03-22 17:54:41 DEBUG [http-nio-8080-exec-7] o.s.w.s.m.m.a.RequestMappingHandlerMapping - Mapped to com.example.ClinicaDefinitiva.infrastructure.rest.controller.authentication.UserIdentityController#findByEmail(String, CustomUserDetails)
2026-03-22 17:54:41 DEBUG [http-nio-8080-exec-7] o.s.w.s.m.m.a.HttpEntityMethodProcessor - Using 'application/json', given [*/*] and supported [application/json, application/*+json]
2026-03-22 17:54:41 DEBUG [http-nio-8080-exec-7] o.s.w.s.m.m.a.HttpEntityMethodProcessor - Nothing to write: null body
2026-03-22 17:54:41 DEBUG [http-nio-8080-exec-7] o.s.web.servlet.DispatcherServlet - Completed 404 NOT_FOUND
2026-03-22 17:55:48 DEBUG [http-nio-8080-exec-10] o.s.security.web.FilterChainProxy - Securing GET /api/v1/users/email/admin@test.com
2026-03-22 17:55:48 TRACE [http-nio-8080-exec-10] o.s.s.w.a.logout.LogoutFilter - Did not match request to Or [Ant [pattern='/logout', GET], Ant [pattern='/logout', POST], Ant [pattern='/logout', PUT], Ant [pattern='/logout', DELETE]]
2026-03-22 17:55:48 TRACE [http-nio-8080-exec-10] o.s.s.w.a.AnonymousAuthenticationFilter - Did not set SecurityContextHolder since already authenticated UsernamePasswordAuthenticationToken [Principal=com.example.ClinicaDefinitiva.infrastructure.security.adapter.CustomUserDetails@7be018b1, Credentials=[PROTECTED], Authenticated=true, Details=null, Granted Authorities=[UPDATE_COMPANY, UPDATE_INVOICE, CREATE_ASSIGNMENT, UPDATE_GUARDIAN, CLONE_ROLE_ROLE, CANCEL_APPOINTMENT, UPDATE_JOURNAL_ENTRY, REVERSE_JOURNAL_ENTRY, CREATE_CONTRACT, DELETE_APPOINTMENT, RESCHEDULE_APPOINTMENT, SET_PERMISSIONS_ROLE, CREATE_PATIENT, READ_USER_IDENTITY, IS_CURRENTLY_ACTIVE_ASSIGNMENT, READ_RATE, ACTIVATE_ROLE_ROLE, DELETE_ROLE_ROLE, READ_APPOINTMENT, READ_DENTIST, CREATE_COMPANY, VIEW_ROLE_ROLE, SCHEDULE_APPOINTMENT, ROLE_RECEPTIONIST, DELETE_INVOICE, CREATE_CUSTOM_ROLE_ROLE, UPDATE_PAYMENT, CREATE_DENTIST, CHECK_PERMISSION_ROLE, READ_PATIENT, READ_ADMINISTRATIVE_REPORT, CREATE_APPOINTMENT, VIEW_ASSIGNMENT_ASSIGNMENT, READ_CONTRACT, DELETE_ADMINISTRATIVE_REPORT, DEACTIVATE_USER_IDENTITY, REVERSE_INVOICE, DEACTIVATE_ROLE_ROLE, APPROVE_INVOICE, READ_PROVIDED_SERVICE, REVOKE_ASSIGNMENT, READ_AVAILABILITY, READ_RECEPTIONIST, DELETE_RATE, UPDATE_PRIMARY_ASSIGNMENT, UPDATE_DENTIST, CREATE_USER_IDENTITY, DELETE_CONTRACT, DELETE_PAYMENT, DELETE_ASSIGNMENT, READ_COMPANY, UPDATE_ADMINISTRATIVE_REPORT, REMOVE_PERMISSION_ROLE, CREATE_PAYMENT, UPDATE_USER_IDENTITY, ADD_PERMISSION_ROLE, READ_GUARDIAN, UPDATE_CONTRACT, DELETE_COMPANY, IS_ACTIVE_AT_ASSIGNMENT, DELETE_DENTIST, READ_ASSIGNMENT, POST_INVOICE, REVOKE_ALL_ASSIGNMENT, CREATE_JOURNAL_ENTRY, CREATE_ADMINISTRATIVE_REPORT, UPDATE_ASSIGNMENT, READ_SHIFT, POST_JOURNAL_ENTRY, CREATE_GUARDIAN, ROLE_ADMINISTRATOR, CREATE_TEMPORARY_ASSIGNMENT, READ_PAYMENT, CREATE_RATE, EXTEND_ASSIGNMENT_ASSIGNMENT, READ_INVOICE, REACTIVATE_USER_IDENTITY, UPDATE_APPOINTMENT, UPDATE_RATE, DELETE_JOURNAL_ENTRY, CREATE_SHIFT, READ_JOURNAL_ENTRY, MARK_DELETED_ROLE_ROLE, CREATE_INVOICE, UPDATE_SHIFT, SUSPEND_ROLE_ROLE, UPDATE_PATIENT, UPDATE_PROVIDED_SERVICE, SUSPEND_USER_IDENTITY]]
2026-03-22 17:55:48 TRACE [http-nio-8080-exec-10] o.s.s.w.a.s.CompositeSessionAuthenticationStrategy - Preparing session with ChangeSessionIdAuthenticationStrategy (1/1)
2026-03-22 17:55:48 DEBUG [http-nio-8080-exec-10] o.s.security.web.FilterChainProxy - Secured GET /api/v1/users/email/admin@test.com
2026-03-22 17:55:48 DEBUG [http-nio-8080-exec-10] o.s.web.servlet.DispatcherServlet - GET "/api/v1/users/email/admin@test.com", parameters={}
2026-03-22 17:55:48 DEBUG [http-nio-8080-exec-10] o.s.w.s.m.m.a.RequestMappingHandlerMapping - Mapped to com.example.ClinicaDefinitiva.infrastructure.rest.controller.authentication.UserIdentityController#findByEmail(String, CustomUserDetails)
2026-03-22 17:55:48 DEBUG [http-nio-8080-exec-10] o.s.w.s.m.m.a.HttpEntityMethodProcessor - Using 'application/json', given [*/*] and supported [application/json, application/*+json]
2026-03-22 17:55:48 DEBUG [http-nio-8080-exec-10] o.s.w.s.m.m.a.HttpEntityMethodProcessor - Writing [PageUserIdentityResponse[id=1, email=admin@test.com, name=Admin, verified=true, status=ACTIVE]]
2026-03-22 17:55:48 DEBUG [http-nio-8080-exec-10] o.s.web.servlet.DispatcherServlet - Completed 200 OK
2026-03-22 18:14:27 DEBUG [http-nio-8080-exec-3] o.s.security.web.FilterChainProxy - Securing PUT /api/v1/users/2
2026-03-22 18:14:27 TRACE [http-nio-8080-exec-3] o.s.s.w.a.logout.LogoutFilter - Did not match request to Or [Ant [pattern='/logout', GET], Ant [pattern='/logout', POST], Ant [pattern='/logout', PUT], Ant [pattern='/logout', DELETE]]
2026-03-22 18:14:27 TRACE [http-nio-8080-exec-3] o.s.s.w.a.AnonymousAuthenticationFilter - Did not set SecurityContextHolder since already authenticated UsernamePasswordAuthenticationToken [Principal=com.example.ClinicaDefinitiva.infrastructure.security.adapter.CustomUserDetails@6b9c57b9, Credentials=[PROTECTED], Authenticated=true, Details=null, Granted Authorities=[UPDATE_COMPANY, UPDATE_INVOICE, CREATE_ASSIGNMENT, UPDATE_GUARDIAN, CLONE_ROLE_ROLE, CANCEL_APPOINTMENT, UPDATE_JOURNAL_ENTRY, REVERSE_JOURNAL_ENTRY, CREATE_CONTRACT, DELETE_APPOINTMENT, RESCHEDULE_APPOINTMENT, SET_PERMISSIONS_ROLE, CREATE_PATIENT, READ_USER_IDENTITY, IS_CURRENTLY_ACTIVE_ASSIGNMENT, READ_RATE, ACTIVATE_ROLE_ROLE, DELETE_ROLE_ROLE, READ_APPOINTMENT, READ_DENTIST, CREATE_COMPANY, VIEW_ROLE_ROLE, SCHEDULE_APPOINTMENT, ROLE_RECEPTIONIST, DELETE_INVOICE, CREATE_CUSTOM_ROLE_ROLE, UPDATE_PAYMENT, CREATE_DENTIST, CHECK_PERMISSION_ROLE, READ_PATIENT, READ_ADMINISTRATIVE_REPORT, CREATE_APPOINTMENT, VIEW_ASSIGNMENT_ASSIGNMENT, READ_CONTRACT, DELETE_ADMINISTRATIVE_REPORT, DEACTIVATE_USER_IDENTITY, REVERSE_INVOICE, DEACTIVATE_ROLE_ROLE, APPROVE_INVOICE, READ_PROVIDED_SERVICE, REVOKE_ASSIGNMENT, READ_AVAILABILITY, READ_RECEPTIONIST, DELETE_RATE, UPDATE_PRIMARY_ASSIGNMENT, UPDATE_DENTIST, CREATE_USER_IDENTITY, DELETE_CONTRACT, DELETE_PAYMENT, DELETE_ASSIGNMENT, READ_COMPANY, UPDATE_ADMINISTRATIVE_REPORT, REMOVE_PERMISSION_ROLE, CREATE_PAYMENT, UPDATE_USER_IDENTITY, ADD_PERMISSION_ROLE, READ_GUARDIAN, UPDATE_CONTRACT, DELETE_COMPANY, IS_ACTIVE_AT_ASSIGNMENT, DELETE_DENTIST, READ_ASSIGNMENT, POST_INVOICE, REVOKE_ALL_ASSIGNMENT, CREATE_JOURNAL_ENTRY, CREATE_ADMINISTRATIVE_REPORT, UPDATE_ASSIGNMENT, READ_SHIFT, POST_JOURNAL_ENTRY, CREATE_GUARDIAN, ROLE_ADMINISTRATOR, CREATE_TEMPORARY_ASSIGNMENT, READ_PAYMENT, CREATE_RATE, EXTEND_ASSIGNMENT_ASSIGNMENT, READ_INVOICE, REACTIVATE_USER_IDENTITY, UPDATE_APPOINTMENT, UPDATE_RATE, DELETE_JOURNAL_ENTRY, CREATE_SHIFT, READ_JOURNAL_ENTRY, MARK_DELETED_ROLE_ROLE, CREATE_INVOICE, UPDATE_SHIFT, SUSPEND_ROLE_ROLE, UPDATE_PATIENT, UPDATE_PROVIDED_SERVICE, SUSPEND_USER_IDENTITY]]
2026-03-22 18:14:27 TRACE [http-nio-8080-exec-3] o.s.s.w.a.s.CompositeSessionAuthenticationStrategy - Preparing session with ChangeSessionIdAuthenticationStrategy (1/1)
2026-03-22 18:14:27 DEBUG [http-nio-8080-exec-3] o.s.security.web.FilterChainProxy - Secured PUT /api/v1/users/2
2026-03-22 18:14:27 DEBUG [http-nio-8080-exec-3] o.s.web.servlet.DispatcherServlet - PUT "/api/v1/users/2", parameters={}
2026-03-22 18:14:27 DEBUG [http-nio-8080-exec-3] o.s.w.s.m.m.a.RequestMappingHandlerMapping - Mapped to com.example.ClinicaDefinitiva.infrastructure.rest.controller.authentication.UserIdentityController#update(Long, UpdateUserIdentityRequest, CustomUserDetails)
2026-03-22 18:14:27 DEBUG [http-nio-8080-exec-3] o.s.w.s.m.m.a.RequestResponseBodyMethodProcessor - Read "application/json;charset=UTF-8" to [UpdateUserIdentityRequest[email=usuario@example.com, name=null, verified=false, status=null, passwor (truncated)...]
2026-03-22 18:14:27 DEBUG [http-nio-8080-exec-3] o.s.w.s.m.m.a.HttpEntityMethodProcessor - Using 'application/json', given [*/*] and supported [application/json, application/*+json]
2026-03-22 18:14:27 DEBUG [http-nio-8080-exec-3] o.s.w.s.m.m.a.HttpEntityMethodProcessor - Writing [ReadUserIdentityResponse[id=2, email=admin1742073890123@gmail.com, name=Admin User 1742073890123, cr (truncated)...]
2026-03-22 18:14:27 DEBUG [http-nio-8080-exec-3] o.s.web.servlet.DispatcherServlet - Completed 200 OK
2026-03-22 18:18:53 DEBUG [http-nio-8080-exec-6] o.s.security.web.FilterChainProxy - Securing PUT /api/v1/users/2
2026-03-22 18:18:53 TRACE [http-nio-8080-exec-6] o.s.s.w.a.logout.LogoutFilter - Did not match request to Or [Ant [pattern='/logout', GET], Ant [pattern='/logout', POST], Ant [pattern='/logout', PUT], Ant [pattern='/logout', DELETE]]
2026-03-22 18:18:53 TRACE [http-nio-8080-exec-6] o.s.s.w.a.AnonymousAuthenticationFilter - Did not set SecurityContextHolder since already authenticated UsernamePasswordAuthenticationToken [Principal=com.example.ClinicaDefinitiva.infrastructure.security.adapter.CustomUserDetails@17fcd265, Credentials=[PROTECTED], Authenticated=true, Details=null, Granted Authorities=[UPDATE_COMPANY, UPDATE_INVOICE, CREATE_ASSIGNMENT, UPDATE_GUARDIAN, CLONE_ROLE_ROLE, CANCEL_APPOINTMENT, UPDATE_JOURNAL_ENTRY, REVERSE_JOURNAL_ENTRY, CREATE_CONTRACT, DELETE_APPOINTMENT, RESCHEDULE_APPOINTMENT, SET_PERMISSIONS_ROLE, CREATE_PATIENT, READ_USER_IDENTITY, IS_CURRENTLY_ACTIVE_ASSIGNMENT, READ_RATE, ACTIVATE_ROLE_ROLE, DELETE_ROLE_ROLE, READ_APPOINTMENT, READ_DENTIST, CREATE_COMPANY, VIEW_ROLE_ROLE, SCHEDULE_APPOINTMENT, ROLE_RECEPTIONIST, DELETE_INVOICE, CREATE_CUSTOM_ROLE_ROLE, UPDATE_PAYMENT, CREATE_DENTIST, CHECK_PERMISSION_ROLE, READ_PATIENT, READ_ADMINISTRATIVE_REPORT, CREATE_APPOINTMENT, VIEW_ASSIGNMENT_ASSIGNMENT, READ_CONTRACT, DELETE_ADMINISTRATIVE_REPORT, DEACTIVATE_USER_IDENTITY, REVERSE_INVOICE, DEACTIVATE_ROLE_ROLE, APPROVE_INVOICE, READ_PROVIDED_SERVICE, REVOKE_ASSIGNMENT, READ_AVAILABILITY, READ_RECEPTIONIST, DELETE_RATE, UPDATE_PRIMARY_ASSIGNMENT, UPDATE_DENTIST, CREATE_USER_IDENTITY, DELETE_CONTRACT, DELETE_PAYMENT, DELETE_ASSIGNMENT, READ_COMPANY, UPDATE_ADMINISTRATIVE_REPORT, REMOVE_PERMISSION_ROLE, CREATE_PAYMENT, UPDATE_USER_IDENTITY, ADD_PERMISSION_ROLE, READ_GUARDIAN, UPDATE_CONTRACT, DELETE_COMPANY, IS_ACTIVE_AT_ASSIGNMENT, DELETE_DENTIST, READ_ASSIGNMENT, POST_INVOICE, REVOKE_ALL_ASSIGNMENT, CREATE_JOURNAL_ENTRY, CREATE_ADMINISTRATIVE_REPORT, UPDATE_ASSIGNMENT, READ_SHIFT, POST_JOURNAL_ENTRY, CREATE_GUARDIAN, ROLE_ADMINISTRATOR, CREATE_TEMPORARY_ASSIGNMENT, READ_PAYMENT, CREATE_RATE, EXTEND_ASSIGNMENT_ASSIGNMENT, READ_INVOICE, REACTIVATE_USER_IDENTITY, UPDATE_APPOINTMENT, UPDATE_RATE, DELETE_JOURNAL_ENTRY, CREATE_SHIFT, READ_JOURNAL_ENTRY, MARK_DELETED_ROLE_ROLE, CREATE_INVOICE, UPDATE_SHIFT, SUSPEND_ROLE_ROLE, UPDATE_PATIENT, UPDATE_PROVIDED_SERVICE, SUSPEND_USER_IDENTITY]]
2026-03-22 18:18:53 TRACE [http-nio-8080-exec-6] o.s.s.w.a.s.CompositeSessionAuthenticationStrategy - Preparing session with ChangeSessionIdAuthenticationStrategy (1/1)
2026-03-22 18:18:53 DEBUG [http-nio-8080-exec-6] o.s.security.web.FilterChainProxy - Secured PUT /api/v1/users/2
2026-03-22 18:18:53 DEBUG [http-nio-8080-exec-6] o.s.web.servlet.DispatcherServlet - PUT "/api/v1/users/2", parameters={}
2026-03-22 18:18:53 DEBUG [http-nio-8080-exec-6] o.s.w.s.m.m.a.RequestMappingHandlerMapping - Mapped to com.example.ClinicaDefinitiva.infrastructure.rest.controller.authentication.UserIdentityController#update(Long, UpdateUserIdentityRequest, CustomUserDetails)
2026-03-22 18:18:53 DEBUG [http-nio-8080-exec-6] o.s.web.method.HandlerMethod - Could not resolve parameter [1] in public org.springframework.http.ResponseEntity<com.example.ClinicaDefinitiva.infrastructure.rest.dto.authentication.ReadUserIdentityResponse> com.example.ClinicaDefinitiva.infrastructure.rest.controller.authentication.UserIdentityController.update(java.lang.Long,com.example.ClinicaDefinitiva.infrastructure.rest.dto.authentication.UpdateUserIdentityRequest,com.example.ClinicaDefinitiva.infrastructure.security.adapter.CustomUserDetails): JSON parse error: Unexpected character ('}' (code 125)): was expecting double-quote to start field name
2026-03-22 18:18:53 WARN  [http-nio-8080-exec-6] o.s.w.s.m.s.DefaultHandlerExceptionResolver - Resolved [org.springframework.http.converter.HttpMessageNotReadableException: JSON parse error: Unexpected character ('}' (code 125)): was expecting double-quote to start field name]
2026-03-22 18:18:53 DEBUG [http-nio-8080-exec-6] o.s.web.servlet.DispatcherServlet - Completed 400 BAD_REQUEST
2026-03-22 18:18:53 DEBUG [http-nio-8080-exec-6] o.s.security.web.FilterChainProxy - Securing PUT /error
2026-03-22 18:18:53 TRACE [http-nio-8080-exec-6] o.s.s.w.a.logout.LogoutFilter - Did not match request to Or [Ant [pattern='/logout', GET], Ant [pattern='/logout', POST], Ant [pattern='/logout', PUT], Ant [pattern='/logout', DELETE]]
2026-03-22 18:18:53 TRACE [http-nio-8080-exec-6] o.s.s.w.a.AnonymousAuthenticationFilter - Set SecurityContextHolder to AnonymousAuthenticationToken [Principal=anonymousUser, Credentials=[PROTECTED], Authenticated=true, Details=WebAuthenticationDetails [RemoteIpAddress=0:0:0:0:0:0:0:1, SessionId=null], Granted Authorities=[ROLE_ANONYMOUS]]
2026-03-22 18:18:53 DEBUG [http-nio-8080-exec-6] o.s.s.w.a.Http403ForbiddenEntryPoint - Pre-authenticated entry point called. Rejecting access
2026-03-22 18:19:00 DEBUG [http-nio-8080-exec-7] o.s.security.web.FilterChainProxy - Securing PUT /api/v1/users/2
2026-03-22 18:19:00 TRACE [http-nio-8080-exec-7] o.s.s.w.a.logout.LogoutFilter - Did not match request to Or [Ant [pattern='/logout', GET], Ant [pattern='/logout', POST], Ant [pattern='/logout', PUT], Ant [pattern='/logout', DELETE]]
2026-03-22 18:19:00 TRACE [http-nio-8080-exec-7] o.s.s.w.a.AnonymousAuthenticationFilter - Did not set SecurityContextHolder since already authenticated UsernamePasswordAuthenticationToken [Principal=com.example.ClinicaDefinitiva.infrastructure.security.adapter.CustomUserDetails@5479b527, Credentials=[PROTECTED], Authenticated=true, Details=null, Granted Authorities=[UPDATE_COMPANY, UPDATE_INVOICE, CREATE_ASSIGNMENT, UPDATE_GUARDIAN, CLONE_ROLE_ROLE, CANCEL_APPOINTMENT, UPDATE_JOURNAL_ENTRY, REVERSE_JOURNAL_ENTRY, CREATE_CONTRACT, DELETE_APPOINTMENT, RESCHEDULE_APPOINTMENT, SET_PERMISSIONS_ROLE, CREATE_PATIENT, READ_USER_IDENTITY, IS_CURRENTLY_ACTIVE_ASSIGNMENT, READ_RATE, ACTIVATE_ROLE_ROLE, DELETE_ROLE_ROLE, READ_APPOINTMENT, READ_DENTIST, CREATE_COMPANY, VIEW_ROLE_ROLE, SCHEDULE_APPOINTMENT, ROLE_RECEPTIONIST, DELETE_INVOICE, CREATE_CUSTOM_ROLE_ROLE, UPDATE_PAYMENT, CREATE_DENTIST, CHECK_PERMISSION_ROLE, READ_PATIENT, READ_ADMINISTRATIVE_REPORT, CREATE_APPOINTMENT, VIEW_ASSIGNMENT_ASSIGNMENT, READ_CONTRACT, DELETE_ADMINISTRATIVE_REPORT, DEACTIVATE_USER_IDENTITY, REVERSE_INVOICE, DEACTIVATE_ROLE_ROLE, APPROVE_INVOICE, READ_PROVIDED_SERVICE, REVOKE_ASSIGNMENT, READ_AVAILABILITY, READ_RECEPTIONIST, DELETE_RATE, UPDATE_PRIMARY_ASSIGNMENT, UPDATE_DENTIST, CREATE_USER_IDENTITY, DELETE_CONTRACT, DELETE_PAYMENT, DELETE_ASSIGNMENT, READ_COMPANY, UPDATE_ADMINISTRATIVE_REPORT, REMOVE_PERMISSION_ROLE, CREATE_PAYMENT, UPDATE_USER_IDENTITY, ADD_PERMISSION_ROLE, READ_GUARDIAN, UPDATE_CONTRACT, DELETE_COMPANY, IS_ACTIVE_AT_ASSIGNMENT, DELETE_DENTIST, READ_ASSIGNMENT, POST_INVOICE, REVOKE_ALL_ASSIGNMENT, CREATE_JOURNAL_ENTRY, CREATE_ADMINISTRATIVE_REPORT, UPDATE_ASSIGNMENT, READ_SHIFT, POST_JOURNAL_ENTRY, CREATE_GUARDIAN, ROLE_ADMINISTRATOR, CREATE_TEMPORARY_ASSIGNMENT, READ_PAYMENT, CREATE_RATE, EXTEND_ASSIGNMENT_ASSIGNMENT, READ_INVOICE, REACTIVATE_USER_IDENTITY, UPDATE_APPOINTMENT, UPDATE_RATE, DELETE_JOURNAL_ENTRY, CREATE_SHIFT, READ_JOURNAL_ENTRY, MARK_DELETED_ROLE_ROLE, CREATE_INVOICE, UPDATE_SHIFT, SUSPEND_ROLE_ROLE, UPDATE_PATIENT, UPDATE_PROVIDED_SERVICE, SUSPEND_USER_IDENTITY]]
2026-03-22 18:19:00 TRACE [http-nio-8080-exec-7] o.s.s.w.a.s.CompositeSessionAuthenticationStrategy - Preparing session with ChangeSessionIdAuthenticationStrategy (1/1)
2026-03-22 18:19:00 DEBUG [http-nio-8080-exec-7] o.s.security.web.FilterChainProxy - Secured PUT /api/v1/users/2
2026-03-22 18:19:00 DEBUG [http-nio-8080-exec-7] o.s.web.servlet.DispatcherServlet - PUT "/api/v1/users/2", parameters={}
2026-03-22 18:19:00 DEBUG [http-nio-8080-exec-7] o.s.w.s.m.m.a.RequestMappingHandlerMapping - Mapped to com.example.ClinicaDefinitiva.infrastructure.rest.controller.authentication.UserIdentityController#update(Long, UpdateUserIdentityRequest, CustomUserDetails)
2026-03-22 18:19:00 DEBUG [http-nio-8080-exec-7] o.s.w.s.m.m.a.RequestResponseBodyMethodProcessor - Read "application/json;charset=UTF-8" to [UpdateUserIdentityRequest[email=PERICO742073890123@gmail.com, name=null, verified=false, status=null (truncated)...]
2026-03-22 18:19:00 DEBUG [http-nio-8080-exec-7] o.s.w.s.m.m.a.HttpEntityMethodProcessor - Using 'application/json', given [*/*] and supported [application/json, application/*+json]
2026-03-22 18:19:00 DEBUG [http-nio-8080-exec-7] o.s.w.s.m.m.a.HttpEntityMethodProcessor - Writing [ReadUserIdentityResponse[id=2, email=admin1742073890123@gmail.com, name=Admin User 1742073890123, cr (truncated)...]
2026-03-22 18:19:00 DEBUG [http-nio-8080-exec-7] o.s.web.servlet.DispatcherServlet - Completed 200 OK
2026-03-22 18:22:57 DEBUG [http-nio-8080-exec-9] o.s.security.web.FilterChainProxy - Securing PATCH /api/v1/users/deactivate?reason=Prueba
2026-03-22 18:22:57 TRACE [http-nio-8080-exec-9] o.s.s.w.a.logout.LogoutFilter - Did not match request to Or [Ant [pattern='/logout', GET], Ant [pattern='/logout', POST], Ant [pattern='/logout', PUT], Ant [pattern='/logout', DELETE]]
2026-03-22 18:22:57 TRACE [http-nio-8080-exec-9] o.s.s.w.a.AnonymousAuthenticationFilter - Did not set SecurityContextHolder since already authenticated UsernamePasswordAuthenticationToken [Principal=com.example.ClinicaDefinitiva.infrastructure.security.adapter.CustomUserDetails@44e1e3ab, Credentials=[PROTECTED], Authenticated=true, Details=null, Granted Authorities=[UPDATE_COMPANY, UPDATE_INVOICE, CREATE_ASSIGNMENT, UPDATE_GUARDIAN, CLONE_ROLE_ROLE, CANCEL_APPOINTMENT, UPDATE_JOURNAL_ENTRY, REVERSE_JOURNAL_ENTRY, CREATE_CONTRACT, DELETE_APPOINTMENT, RESCHEDULE_APPOINTMENT, SET_PERMISSIONS_ROLE, CREATE_PATIENT, READ_USER_IDENTITY, IS_CURRENTLY_ACTIVE_ASSIGNMENT, READ_RATE, ACTIVATE_ROLE_ROLE, DELETE_ROLE_ROLE, READ_APPOINTMENT, READ_DENTIST, CREATE_COMPANY, VIEW_ROLE_ROLE, SCHEDULE_APPOINTMENT, ROLE_RECEPTIONIST, DELETE_INVOICE, CREATE_CUSTOM_ROLE_ROLE, UPDATE_PAYMENT, CREATE_DENTIST, CHECK_PERMISSION_ROLE, READ_PATIENT, READ_ADMINISTRATIVE_REPORT, CREATE_APPOINTMENT, VIEW_ASSIGNMENT_ASSIGNMENT, READ_CONTRACT, DELETE_ADMINISTRATIVE_REPORT, DEACTIVATE_USER_IDENTITY, REVERSE_INVOICE, DEACTIVATE_ROLE_ROLE, APPROVE_INVOICE, READ_PROVIDED_SERVICE, REVOKE_ASSIGNMENT, READ_AVAILABILITY, READ_RECEPTIONIST, DELETE_RATE, UPDATE_PRIMARY_ASSIGNMENT, UPDATE_DENTIST, CREATE_USER_IDENTITY, DELETE_CONTRACT, DELETE_PAYMENT, DELETE_ASSIGNMENT, READ_COMPANY, UPDATE_ADMINISTRATIVE_REPORT, REMOVE_PERMISSION_ROLE, CREATE_PAYMENT, UPDATE_USER_IDENTITY, ADD_PERMISSION_ROLE, READ_GUARDIAN, UPDATE_CONTRACT, DELETE_COMPANY, IS_ACTIVE_AT_ASSIGNMENT, DELETE_DENTIST, READ_ASSIGNMENT, POST_INVOICE, REVOKE_ALL_ASSIGNMENT, CREATE_JOURNAL_ENTRY, CREATE_ADMINISTRATIVE_REPORT, UPDATE_ASSIGNMENT, READ_SHIFT, POST_JOURNAL_ENTRY, CREATE_GUARDIAN, ROLE_ADMINISTRATOR, CREATE_TEMPORARY_ASSIGNMENT, READ_PAYMENT, CREATE_RATE, EXTEND_ASSIGNMENT_ASSIGNMENT, READ_INVOICE, REACTIVATE_USER_IDENTITY, UPDATE_APPOINTMENT, UPDATE_RATE, DELETE_JOURNAL_ENTRY, CREATE_SHIFT, READ_JOURNAL_ENTRY, MARK_DELETED_ROLE_ROLE, CREATE_INVOICE, UPDATE_SHIFT, SUSPEND_ROLE_ROLE, UPDATE_PATIENT, UPDATE_PROVIDED_SERVICE, SUSPEND_USER_IDENTITY]]
2026-03-22 18:22:57 TRACE [http-nio-8080-exec-9] o.s.s.w.a.s.CompositeSessionAuthenticationStrategy - Preparing session with ChangeSessionIdAuthenticationStrategy (1/1)
2026-03-22 18:22:57 DEBUG [http-nio-8080-exec-9] o.s.security.web.FilterChainProxy - Secured PATCH /api/v1/users/deactivate?reason=Prueba
2026-03-22 18:22:57 DEBUG [http-nio-8080-exec-9] o.s.web.servlet.DispatcherServlet - PATCH "/api/v1/users/deactivate?reason=Prueba", parameters={masked}
2026-03-22 18:22:57 WARN  [http-nio-8080-exec-9] o.s.w.s.m.s.DefaultHandlerExceptionResolver - Resolved [org.springframework.web.HttpRequestMethodNotSupportedException: Request method 'PATCH' is not supported]
2026-03-22 18:22:57 DEBUG [http-nio-8080-exec-9] o.s.web.servlet.DispatcherServlet - Completed 405 METHOD_NOT_ALLOWED
2026-03-22 18:22:57 DEBUG [http-nio-8080-exec-9] o.s.security.web.FilterChainProxy - Securing PATCH /error?reason=Prueba
2026-03-22 18:22:57 TRACE [http-nio-8080-exec-9] o.s.s.w.a.logout.LogoutFilter - Did not match request to Or [Ant [pattern='/logout', GET], Ant [pattern='/logout', POST], Ant [pattern='/logout', PUT], Ant [pattern='/logout', DELETE]]
2026-03-22 18:22:57 TRACE [http-nio-8080-exec-9] o.s.s.w.a.AnonymousAuthenticationFilter - Set SecurityContextHolder to AnonymousAuthenticationToken [Principal=anonymousUser, Credentials=[PROTECTED], Authenticated=true, Details=WebAuthenticationDetails [RemoteIpAddress=0:0:0:0:0:0:0:1, SessionId=null], Granted Authorities=[ROLE_ANONYMOUS]]
2026-03-22 18:22:57 DEBUG [http-nio-8080-exec-9] o.s.s.w.a.Http403ForbiddenEntryPoint - Pre-authenticated entry point called. Rejecting access
2026-03-22 18:23:33 DEBUG [http-nio-8080-exec-1] o.s.security.web.FilterChainProxy - Securing PATCH /api/v1/users/deactivate?reason=Prueba
2026-03-22 18:23:33 TRACE [http-nio-8080-exec-1] o.s.s.w.a.logout.LogoutFilter - Did not match request to Or [Ant [pattern='/logout', GET], Ant [pattern='/logout', POST], Ant [pattern='/logout', PUT], Ant [pattern='/logout', DELETE]]
2026-03-22 18:23:33 TRACE [http-nio-8080-exec-1] o.s.s.w.a.AnonymousAuthenticationFilter - Did not set SecurityContextHolder since already authenticated UsernamePasswordAuthenticationToken [Principal=com.example.ClinicaDefinitiva.infrastructure.security.adapter.CustomUserDetails@30c7dc54, Credentials=[PROTECTED], Authenticated=true, Details=null, Granted Authorities=[UPDATE_COMPANY, UPDATE_INVOICE, CREATE_ASSIGNMENT, UPDATE_GUARDIAN, CLONE_ROLE_ROLE, CANCEL_APPOINTMENT, UPDATE_JOURNAL_ENTRY, REVERSE_JOURNAL_ENTRY, CREATE_CONTRACT, DELETE_APPOINTMENT, RESCHEDULE_APPOINTMENT, SET_PERMISSIONS_ROLE, CREATE_PATIENT, READ_USER_IDENTITY, IS_CURRENTLY_ACTIVE_ASSIGNMENT, READ_RATE, ACTIVATE_ROLE_ROLE, DELETE_ROLE_ROLE, READ_APPOINTMENT, READ_DENTIST, CREATE_COMPANY, VIEW_ROLE_ROLE, SCHEDULE_APPOINTMENT, ROLE_RECEPTIONIST, DELETE_INVOICE, CREATE_CUSTOM_ROLE_ROLE, UPDATE_PAYMENT, CREATE_DENTIST, CHECK_PERMISSION_ROLE, READ_PATIENT, READ_ADMINISTRATIVE_REPORT, CREATE_APPOINTMENT, VIEW_ASSIGNMENT_ASSIGNMENT, READ_CONTRACT, DELETE_ADMINISTRATIVE_REPORT, DEACTIVATE_USER_IDENTITY, REVERSE_INVOICE, DEACTIVATE_ROLE_ROLE, APPROVE_INVOICE, READ_PROVIDED_SERVICE, REVOKE_ASSIGNMENT, READ_AVAILABILITY, READ_RECEPTIONIST, DELETE_RATE, UPDATE_PRIMARY_ASSIGNMENT, UPDATE_DENTIST, CREATE_USER_IDENTITY, DELETE_CONTRACT, DELETE_PAYMENT, DELETE_ASSIGNMENT, READ_COMPANY, UPDATE_ADMINISTRATIVE_REPORT, REMOVE_PERMISSION_ROLE, CREATE_PAYMENT, UPDATE_USER_IDENTITY, ADD_PERMISSION_ROLE, READ_GUARDIAN, UPDATE_CONTRACT, DELETE_COMPANY, IS_ACTIVE_AT_ASSIGNMENT, DELETE_DENTIST, READ_ASSIGNMENT, POST_INVOICE, REVOKE_ALL_ASSIGNMENT, CREATE_JOURNAL_ENTRY, CREATE_ADMINISTRATIVE_REPORT, UPDATE_ASSIGNMENT, READ_SHIFT, POST_JOURNAL_ENTRY, CREATE_GUARDIAN, ROLE_ADMINISTRATOR, CREATE_TEMPORARY_ASSIGNMENT, READ_PAYMENT, CREATE_RATE, EXTEND_ASSIGNMENT_ASSIGNMENT, READ_INVOICE, REACTIVATE_USER_IDENTITY, UPDATE_APPOINTMENT, UPDATE_RATE, DELETE_JOURNAL_ENTRY, CREATE_SHIFT, READ_JOURNAL_ENTRY, MARK_DELETED_ROLE_ROLE, CREATE_INVOICE, UPDATE_SHIFT, SUSPEND_ROLE_ROLE, UPDATE_PATIENT, UPDATE_PROVIDED_SERVICE, SUSPEND_USER_IDENTITY]]
2026-03-22 18:23:33 TRACE [http-nio-8080-exec-1] o.s.s.w.a.s.CompositeSessionAuthenticationStrategy - Preparing session with ChangeSessionIdAuthenticationStrategy (1/1)
2026-03-22 18:23:33 DEBUG [http-nio-8080-exec-1] o.s.security.web.FilterChainProxy - Secured PATCH /api/v1/users/deactivate?reason=Prueba
2026-03-22 18:23:33 DEBUG [http-nio-8080-exec-1] o.s.web.servlet.DispatcherServlet - PATCH "/api/v1/users/deactivate?reason=Prueba", parameters={masked}
2026-03-22 18:23:33 WARN  [http-nio-8080-exec-1] o.s.w.s.m.s.DefaultHandlerExceptionResolver - Resolved [org.springframework.web.HttpRequestMethodNotSupportedException: Request method 'PATCH' is not supported]
2026-03-22 18:23:33 DEBUG [http-nio-8080-exec-1] o.s.web.servlet.DispatcherServlet - Completed 405 METHOD_NOT_ALLOWED
2026-03-22 18:23:33 DEBUG [http-nio-8080-exec-1] o.s.security.web.FilterChainProxy - Securing PATCH /error?reason=Prueba
2026-03-22 18:23:33 TRACE [http-nio-8080-exec-1] o.s.s.w.a.logout.LogoutFilter - Did not match request to Or [Ant [pattern='/logout', GET], Ant [pattern='/logout', POST], Ant [pattern='/logout', PUT], Ant [pattern='/logout', DELETE]]
2026-03-22 18:23:34 TRACE [http-nio-8080-exec-1] o.s.s.w.a.AnonymousAuthenticationFilter - Set SecurityContextHolder to AnonymousAuthenticationToken [Principal=anonymousUser, Credentials=[PROTECTED], Authenticated=true, Details=WebAuthenticationDetails [RemoteIpAddress=0:0:0:0:0:0:0:1, SessionId=null], Granted Authorities=[ROLE_ANONYMOUS]]
2026-03-22 18:23:34 DEBUG [http-nio-8080-exec-1] o.s.s.w.a.Http403ForbiddenEntryPoint - Pre-authenticated entry point called. Rejecting access
2026-03-22 18:23:53 DEBUG [http-nio-8080-exec-2] o.s.security.web.FilterChainProxy - Securing PATCH /api/v1/users/2/deactivate?reason=Prueba
2026-03-22 18:23:53 TRACE [http-nio-8080-exec-2] o.s.s.w.a.logout.LogoutFilter - Did not match request to Or [Ant [pattern='/logout', GET], Ant [pattern='/logout', POST], Ant [pattern='/logout', PUT], Ant [pattern='/logout', DELETE]]
2026-03-22 18:23:53 TRACE [http-nio-8080-exec-2] o.s.s.w.a.AnonymousAuthenticationFilter - Did not set SecurityContextHolder since already authenticated UsernamePasswordAuthenticationToken [Principal=com.example.ClinicaDefinitiva.infrastructure.security.adapter.CustomUserDetails@73f2b37f, Credentials=[PROTECTED], Authenticated=true, Details=null, Granted Authorities=[UPDATE_COMPANY, UPDATE_INVOICE, CREATE_ASSIGNMENT, UPDATE_GUARDIAN, CLONE_ROLE_ROLE, CANCEL_APPOINTMENT, UPDATE_JOURNAL_ENTRY, REVERSE_JOURNAL_ENTRY, CREATE_CONTRACT, DELETE_APPOINTMENT, RESCHEDULE_APPOINTMENT, SET_PERMISSIONS_ROLE, CREATE_PATIENT, READ_USER_IDENTITY, IS_CURRENTLY_ACTIVE_ASSIGNMENT, READ_RATE, ACTIVATE_ROLE_ROLE, DELETE_ROLE_ROLE, READ_APPOINTMENT, READ_DENTIST, CREATE_COMPANY, VIEW_ROLE_ROLE, SCHEDULE_APPOINTMENT, ROLE_RECEPTIONIST, DELETE_INVOICE, CREATE_CUSTOM_ROLE_ROLE, UPDATE_PAYMENT, CREATE_DENTIST, CHECK_PERMISSION_ROLE, READ_PATIENT, READ_ADMINISTRATIVE_REPORT, CREATE_APPOINTMENT, VIEW_ASSIGNMENT_ASSIGNMENT, READ_CONTRACT, DELETE_ADMINISTRATIVE_REPORT, DEACTIVATE_USER_IDENTITY, REVERSE_INVOICE, DEACTIVATE_ROLE_ROLE, APPROVE_INVOICE, READ_PROVIDED_SERVICE, REVOKE_ASSIGNMENT, READ_AVAILABILITY, READ_RECEPTIONIST, DELETE_RATE, UPDATE_PRIMARY_ASSIGNMENT, UPDATE_DENTIST, CREATE_USER_IDENTITY, DELETE_CONTRACT, DELETE_PAYMENT, DELETE_ASSIGNMENT, READ_COMPANY, UPDATE_ADMINISTRATIVE_REPORT, REMOVE_PERMISSION_ROLE, CREATE_PAYMENT, UPDATE_USER_IDENTITY, ADD_PERMISSION_ROLE, READ_GUARDIAN, UPDATE_CONTRACT, DELETE_COMPANY, IS_ACTIVE_AT_ASSIGNMENT, DELETE_DENTIST, READ_ASSIGNMENT, POST_INVOICE, REVOKE_ALL_ASSIGNMENT, CREATE_JOURNAL_ENTRY, CREATE_ADMINISTRATIVE_REPORT, UPDATE_ASSIGNMENT, READ_SHIFT, POST_JOURNAL_ENTRY, CREATE_GUARDIAN, ROLE_ADMINISTRATOR, CREATE_TEMPORARY_ASSIGNMENT, READ_PAYMENT, CREATE_RATE, EXTEND_ASSIGNMENT_ASSIGNMENT, READ_INVOICE, REACTIVATE_USER_IDENTITY, UPDATE_APPOINTMENT, UPDATE_RATE, DELETE_JOURNAL_ENTRY, CREATE_SHIFT, READ_JOURNAL_ENTRY, MARK_DELETED_ROLE_ROLE, CREATE_INVOICE, UPDATE_SHIFT, SUSPEND_ROLE_ROLE, UPDATE_PATIENT, UPDATE_PROVIDED_SERVICE, SUSPEND_USER_IDENTITY]]
2026-03-22 18:23:53 TRACE [http-nio-8080-exec-2] o.s.s.w.a.s.CompositeSessionAuthenticationStrategy - Preparing session with ChangeSessionIdAuthenticationStrategy (1/1)
2026-03-22 18:23:53 DEBUG [http-nio-8080-exec-2] o.s.security.web.FilterChainProxy - Secured PATCH /api/v1/users/2/deactivate?reason=Prueba
2026-03-22 18:23:53 DEBUG [http-nio-8080-exec-2] o.s.web.servlet.DispatcherServlet - PATCH "/api/v1/users/2/deactivate?reason=Prueba", parameters={masked}
2026-03-22 18:23:53 DEBUG [http-nio-8080-exec-2] o.s.w.s.m.m.a.RequestMappingHandlerMapping - Mapped to com.example.ClinicaDefinitiva.infrastructure.rest.controller.authentication.UserIdentityController#deactivate(Long, String, CustomUserDetails)
2026-03-22 18:23:53 DEBUG [http-nio-8080-exec-2] o.s.web.servlet.DispatcherServlet - Failed to complete request: com.example.ClinicaDefinitiva.domain.exceptions.AggregateBusinessRuleViolationException: El usuario activo debe estar verificado para realizar acciones sensibles
2026-03-22 18:23:53 ERROR [http-nio-8080-exec-2] o.a.c.c.C.[.[.[.[dispatcherServlet] - Servlet.service() for servlet [dispatcherServlet] in context with path [] threw exception [Request processing failed: com.example.ClinicaDefinitiva.domain.exceptions.AggregateBusinessRuleViolationException: El usuario activo debe estar verificado para realizar acciones sensibles] with root cause
com.example.ClinicaDefinitiva.domain.exceptions.AggregateBusinessRuleViolationException: El usuario activo debe estar verificado para realizar acciones sensibles
	at com.example.ClinicaDefinitiva.application.service.authentication.UserIdentityApplicationService.deactivate(UserIdentityApplicationService.java:289)
	at java.base/jdk.internal.reflect.NativeMethodAccessorImpl.invoke0(Native Method)
	at java.base/jdk.internal.reflect.NativeMethodAccessorImpl.invoke(NativeMethodAccessorImpl.java:77)
	at java.base/jdk.internal.reflect.DelegatingMethodAccessorImpl.invoke(DelegatingMethodAccessorImpl.java:43)
	at java.base/java.lang.reflect.Method.invoke(Method.java:568)
	at org.springframework.aop.support.AopUtils.invokeJoinpointUsingReflection(AopUtils.java:359)
	at org.springframework.aop.framework.ReflectiveMethodInvocation.invokeJoinpoint(ReflectiveMethodInvocation.java:196)
	at org.springframework.aop.framework.ReflectiveMethodInvocation.proceed(ReflectiveMethodInvocation.java:163)
	at org.springframework.aop.aspectj.MethodInvocationProceedingJoinPoint.proceed(MethodInvocationProceedingJoinPoint.java:89)
	at com.example.ClinicaDefinitiva.infrastructure.security.config.AuthorizationAspect.checkPermission(AuthorizationAspect.java:76)
	at java.base/jdk.internal.reflect.NativeMethodAccessorImpl.invoke0(Native Method)
	at java.base/jdk.internal.reflect.NativeMethodAccessorImpl.invoke(NativeMethodAccessorImpl.java:77)
	at java.base/jdk.internal.reflect.DelegatingMethodAccessorImpl.invoke(DelegatingMethodAccessorImpl.java:43)
	at java.base/java.lang.reflect.Method.invoke(Method.java:568)
	at org.springframework.aop.aspectj.AbstractAspectJAdvice.invokeAdviceMethodWithGivenArgs(AbstractAspectJAdvice.java:642)
	at org.springframework.aop.aspectj.AbstractAspectJAdvice.invokeAdviceMethod(AbstractAspectJAdvice.java:632)
	at org.springframework.aop.aspectj.AspectJAroundAdvice.invoke(AspectJAroundAdvice.java:71)
	at org.springframework.aop.framework.ReflectiveMethodInvocation.proceed(ReflectiveMethodInvocation.java:173)
	at org.springframework.transaction.interceptor.TransactionAspectSupport.invokeWithinTransaction(TransactionAspectSupport.java:380)
	at org.springframework.transaction.interceptor.TransactionInterceptor.invoke(TransactionInterceptor.java:119)
	at org.springframework.aop.framework.ReflectiveMethodInvocation.proceed(ReflectiveMethodInvocation.java:184)
	at org.springframework.aop.interceptor.ExposeInvocationInterceptor.invoke(ExposeInvocationInterceptor.java:97)
	at org.springframework.aop.framework.ReflectiveMethodInvocation.proceed(ReflectiveMethodInvocation.java:184)
	at org.springframework.aop.framework.CglibAopProxy$DynamicAdvisedInterceptor.intercept(CglibAopProxy.java:728)
	at com.example.ClinicaDefinitiva.application.service.authentication.UserIdentityApplicationService$$SpringCGLIB$$0.deactivate(<generated>)
	at com.example.ClinicaDefinitiva.infrastructure.rest.controller.authentication.UserIdentityController.deactivate(UserIdentityController.java:181)
	at java.base/jdk.internal.reflect.NativeMethodAccessorImpl.invoke0(Native Method)
	at java.base/jdk.internal.reflect.NativeMethodAccessorImpl.invoke(NativeMethodAccessorImpl.java:77)
	at java.base/jdk.internal.reflect.DelegatingMethodAccessorImpl.invoke(DelegatingMethodAccessorImpl.java:43)
	at java.base/java.lang.reflect.Method.invoke(Method.java:568)
	at org.springframework.aop.support.AopUtils.invokeJoinpointUsingReflection(AopUtils.java:359)
	at org.springframework.aop.framework.ReflectiveMethodInvocation.invokeJoinpoint(ReflectiveMethodInvocation.java:196)
	at org.springframework.aop.framework.ReflectiveMethodInvocation.proceed(ReflectiveMethodInvocation.java:163)
	at org.springframework.validation.beanvalidation.MethodValidationInterceptor.invoke(MethodValidationInterceptor.java:174)
	at org.springframework.aop.framework.ReflectiveMethodInvocation.proceed(ReflectiveMethodInvocation.java:184)
	at org.springframework.aop.framework.CglibAopProxy$DynamicAdvisedInterceptor.intercept(CglibAopProxy.java:728)
	at com.example.ClinicaDefinitiva.infrastructure.rest.controller.authentication.UserIdentityController$$SpringCGLIB$$0.deactivate(<generated>)
	at java.base/jdk.internal.reflect.NativeMethodAccessorImpl.invoke0(Native Method)
	at java.base/jdk.internal.reflect.NativeMethodAccessorImpl.invoke(NativeMethodAccessorImpl.java:77)
	at java.base/jdk.internal.reflect.DelegatingMethodAccessorImpl.invoke(DelegatingMethodAccessorImpl.java:43)
	at java.base/java.lang.reflect.Method.invoke(Method.java:568)
	at org.springframework.web.method.support.InvocableHandlerMethod.doInvoke(InvocableHandlerMethod.java:258)
	at org.springframework.web.method.support.InvocableHandlerMethod.invokeForRequest(InvocableHandlerMethod.java:191)
	at org.springframework.web.servlet.mvc.method.annotation.ServletInvocableHandlerMethod.invokeAndHandle(ServletInvocableHandlerMethod.java:118)
	at org.springframework.web.servlet.mvc.method.annotation.RequestMappingHandlerAdapter.invokeHandlerMethod(RequestMappingHandlerAdapter.java:986)
	at org.springframework.web.servlet.mvc.method.annotation.RequestMappingHandlerAdapter.handleInternal(RequestMappingHandlerAdapter.java:891)
	at org.springframework.web.servlet.mvc.method.AbstractHandlerMethodAdapter.handle(AbstractHandlerMethodAdapter.java:87)
	at org.springframework.web.servlet.DispatcherServlet.doDispatch(DispatcherServlet.java:1089)
	at org.springframework.web.servlet.DispatcherServlet.doService(DispatcherServlet.java:979)
	at org.springframework.web.servlet.FrameworkServlet.processRequest(FrameworkServlet.java:1014)
	at org.springframework.web.servlet.FrameworkServlet.service(FrameworkServlet.java:888)
	at jakarta.servlet.http.HttpServlet.service(HttpServlet.java:658)
	at org.apache.catalina.core.ApplicationFilterChain.internalDoFilter(ApplicationFilterChain.java:195)
	at org.apache.catalina.core.ApplicationFilterChain.doFilter(ApplicationFilterChain.java:140)
	at org.apache.tomcat.websocket.server.WsFilter.doFilter(WsFilter.java:51)
	at org.apache.catalina.core.ApplicationFilterChain.internalDoFilter(ApplicationFilterChain.java:164)
	at org.apache.catalina.core.ApplicationFilterChain.doFilter(ApplicationFilterChain.java:140)
	at com.example.ClinicaDefinitiva.util.RequestIdFilter.doFilterInternal(RequestIdFilter.java:76)
	at org.springframework.web.filter.OncePerRequestFilter.doFilter(OncePerRequestFilter.java:116)
	at org.apache.catalina.core.ApplicationFilterChain.internalDoFilter(ApplicationFilterChain.java:164)
	at org.apache.catalina.core.ApplicationFilterChain.doFilter(ApplicationFilterChain.java:140)
	at org.springframework.web.filter.CompositeFilter$VirtualFilterChain.doFilter(CompositeFilter.java:108)
	at org.springframework.web.filter.CompositeFilter$VirtualFilterChain.doFilter(CompositeFilter.java:108)
	at org.springframework.security.web.FilterChainProxy.lambda$doFilterInternal$3(FilterChainProxy.java:231)
	at org.springframework.security.web.ObservationFilterChainDecorator$FilterObservation$SimpleFilterObservation.lambda$wrap$1(ObservationFilterChainDecorator.java:479)
	at org.springframework.security.web.ObservationFilterChainDecorator$AroundFilterObservation$SimpleAroundFilterObservation.lambda$wrap$1(ObservationFilterChainDecorator.java:340)
	at org.springframework.security.web.ObservationFilterChainDecorator.lambda$wrapSecured$0(ObservationFilterChainDecorator.java:82)
	at org.springframework.security.web.ObservationFilterChainDecorator$VirtualFilterChain.doFilter(ObservationFilterChainDecorator.java:128)
	at org.springframework.security.web.access.intercept.AuthorizationFilter.doFilter(AuthorizationFilter.java:101)
	at org.springframework.security.web.ObservationFilterChainDecorator$ObservationFilter.wrapFilter(ObservationFilterChainDecorator.java:240)
	at org.springframework.security.web.ObservationFilterChainDecorator$ObservationFilter.doFilter(ObservationFilterChainDecorator.java:227)
	at org.springframework.security.web.ObservationFilterChainDecorator$VirtualFilterChain.doFilter(ObservationFilterChainDecorator.java:137)
	at org.springframework.security.web.access.ExceptionTranslationFilter.doFilter(ExceptionTranslationFilter.java:125)
	at org.springframework.security.web.access.ExceptionTranslationFilter.doFilter(ExceptionTranslationFilter.java:119)
	at org.springframework.security.web.ObservationFilterChainDecorator$ObservationFilter.wrapFilter(ObservationFilterChainDecorator.java:240)
	at org.springframework.security.web.ObservationFilterChainDecorator$ObservationFilter.doFilter(ObservationFilterChainDecorator.java:227)
	at org.springframework.security.web.ObservationFilterChainDecorator$VirtualFilterChain.doFilter(ObservationFilterChainDecorator.java:137)
	at org.springframework.security.web.session.SessionManagementFilter.doFilter(SessionManagementFilter.java:131)
	at org.springframework.security.web.session.SessionManagementFilter.doFilter(SessionManagementFilter.java:85)
	at org.springframework.security.web.ObservationFilterChainDecorator$ObservationFilter.wrapFilter(ObservationFilterChainDecorator.java:240)
	at org.springframework.security.web.ObservationFilterChainDecorator$ObservationFilter.doFilter(ObservationFilterChainDecorator.java:227)
	at org.springframework.security.web.ObservationFilterChainDecorator$VirtualFilterChain.doFilter(ObservationFilterChainDecorator.java:137)
	at org.springframework.security.web.authentication.AnonymousAuthenticationFilter.doFilter(AnonymousAuthenticationFilter.java:100)
	at org.springframework.security.web.ObservationFilterChainDecorator$ObservationFilter.wrapFilter(ObservationFilterChainDecorator.java:240)
	at org.springframework.security.web.ObservationFilterChainDecorator$ObservationFilter.doFilter(ObservationFilterChainDecorator.java:227)
	at org.springframework.security.web.ObservationFilterChainDecorator$VirtualFilterChain.doFilter(ObservationFilterChainDecorator.java:137)
	at org.springframework.security.web.servletapi.SecurityContextHolderAwareRequestFilter.doFilter(SecurityContextHolderAwareRequestFilter.java:179)
	at org.springframework.security.web.ObservationFilterChainDecorator$ObservationFilter.wrapFilter(ObservationFilterChainDecorator.java:240)
	at org.springframework.security.web.ObservationFilterChainDecorator$ObservationFilter.doFilter(ObservationFilterChainDecorator.java:227)
	at org.springframework.security.web.ObservationFilterChainDecorator$VirtualFilterChain.doFilter(ObservationFilterChainDecorator.java:137)
	at org.springframework.security.web.savedrequest.RequestCacheAwareFilter.doFilter(RequestCacheAwareFilter.java:63)
	at org.springframework.security.web.ObservationFilterChainDecorator$ObservationFilter.wrapFilter(ObservationFilterChainDecorator.java:240)
	at org.springframework.security.web.ObservationFilterChainDecorator$ObservationFilter.doFilter(ObservationFilterChainDecorator.java:227)
	at org.springframework.security.web.ObservationFilterChainDecorator$VirtualFilterChain.doFilter(ObservationFilterChainDecorator.java:137)
	at com.example.ClinicaDefinitiva.infrastructure.security.filter.JwtAuthenticationFilter.doFilterInternal(JwtAuthenticationFilter.java:40)
	at org.springframework.web.filter.OncePerRequestFilter.doFilter(OncePerRequestFilter.java:116)
	at org.springframework.security.web.ObservationFilterChainDecorator$ObservationFilter.wrapFilter(ObservationFilterChainDecorator.java:240)
	at org.springframework.security.web.ObservationFilterChainDecorator$ObservationFilter.doFilter(ObservationFilterChainDecorator.java:227)
	at org.springframework.security.web.ObservationFilterChainDecorator$VirtualFilterChain.doFilter(ObservationFilterChainDecorator.java:137)
	at org.springframework.security.web.authentication.logout.LogoutFilter.doFilter(LogoutFilter.java:107)
	at org.springframework.security.web.authentication.logout.LogoutFilter.doFilter(LogoutFilter.java:93)
	at org.springframework.security.web.ObservationFilterChainDecorator$ObservationFilter.wrapFilter(ObservationFilterChainDecorator.java:240)
	at org.springframework.security.web.ObservationFilterChainDecorator$ObservationFilter.doFilter(ObservationFilterChainDecorator.java:227)
	at org.springframework.security.web.ObservationFilterChainDecorator$VirtualFilterChain.doFilter(ObservationFilterChainDecorator.java:137)
	at org.springframework.security.web.header.HeaderWriterFilter.doHeadersAfter(HeaderWriterFilter.java:90)
	at org.springframework.security.web.header.HeaderWriterFilter.doFilterInternal(HeaderWriterFilter.java:75)
	at org.springframework.web.filter.OncePerRequestFilter.doFilter(OncePerRequestFilter.java:116)
	at org.springframework.security.web.ObservationFilterChainDecorator$ObservationFilter.wrapFilter(ObservationFilterChainDecorator.java:240)
	at org.springframework.security.web.ObservationFilterChainDecorator$ObservationFilter.doFilter(ObservationFilterChainDecorator.java:227)
	at org.springframework.security.web.ObservationFilterChainDecorator$VirtualFilterChain.doFilter(ObservationFilterChainDecorator.java:137)
	at org.springframework.security.web.context.SecurityContextHolderFilter.doFilter(SecurityContextHolderFilter.java:82)
	at org.springframework.security.web.context.SecurityContextHolderFilter.doFilter(SecurityContextHolderFilter.java:69)
	at org.springframework.security.web.ObservationFilterChainDecorator$ObservationFilter.wrapFilter(ObservationFilterChainDecorator.java:240)
	at org.springframework.security.web.ObservationFilterChainDecorator$ObservationFilter.doFilter(ObservationFilterChainDecorator.java:227)
	at org.springframework.security.web.ObservationFilterChainDecorator$VirtualFilterChain.doFilter(ObservationFilterChainDecorator.java:137)
	at org.springframework.security.web.context.request.async.WebAsyncManagerIntegrationFilter.doFilterInternal(WebAsyncManagerIntegrationFilter.java:62)
	at org.springframework.web.filter.OncePerRequestFilter.doFilter(OncePerRequestFilter.java:116)
	at org.springframework.security.web.ObservationFilterChainDecorator$ObservationFilter.wrapFilter(ObservationFilterChainDecorator.java:240)
	at org.springframework.security.web.ObservationFilterChainDecorator$ObservationFilter.doFilter(ObservationFilterChainDecorator.java:227)
	at org.springframework.security.web.ObservationFilterChainDecorator$VirtualFilterChain.doFilter(ObservationFilterChainDecorator.java:137)
	at org.springframework.security.web.session.DisableEncodeUrlFilter.doFilterInternal(DisableEncodeUrlFilter.java:42)
	at org.springframework.web.filter.OncePerRequestFilter.doFilter(OncePerRequestFilter.java:116)
	at org.springframework.security.web.ObservationFilterChainDecorator$ObservationFilter.wrapFilter(ObservationFilterChainDecorator.java:240)
	at org.springframework.security.web.ObservationFilterChainDecorator$AroundFilterObservation$SimpleAroundFilterObservation.lambda$wrap$0(ObservationFilterChainDecorator.java:323)
	at org.springframework.security.web.ObservationFilterChainDecorator$ObservationFilter.doFilter(ObservationFilterChainDecorator.java:224)
	at org.springframework.security.web.ObservationFilterChainDecorator$VirtualFilterChain.doFilter(ObservationFilterChainDecorator.java:137)
	at org.springframework.security.web.FilterChainProxy.doFilterInternal(FilterChainProxy.java:233)
	at org.springframework.security.web.FilterChainProxy.doFilter(FilterChainProxy.java:191)
	at org.springframework.web.filter.CompositeFilter$VirtualFilterChain.doFilter(CompositeFilter.java:113)
	at org.springframework.web.filter.ServletRequestPathFilter.doFilter(ServletRequestPathFilter.java:52)
	at org.springframework.web.filter.CompositeFilter$VirtualFilterChain.doFilter(CompositeFilter.java:113)
	at org.springframework.web.filter.CompositeFilter.doFilter(CompositeFilter.java:74)
	at org.springframework.security.config.annotation.web.configuration.WebSecurityConfiguration$CompositeFilterChainProxy.doFilter(WebSecurityConfiguration.java:319)
	at org.springframework.web.filter.CompositeFilter$VirtualFilterChain.doFilter(CompositeFilter.java:113)
	at org.springframework.web.servlet.handler.HandlerMappingIntrospector.lambda$createCacheFilter$3(HandlerMappingIntrospector.java:243)
	at org.springframework.web.filter.CompositeFilter$VirtualFilterChain.doFilter(CompositeFilter.java:113)
	at org.springframework.web.filter.CompositeFilter.doFilter(CompositeFilter.java:74)
	at org.springframework.security.config.annotation.web.configuration.WebMvcSecurityConfiguration$CompositeFilterChainProxy.doFilter(WebMvcSecurityConfiguration.java:240)
	at org.springframework.web.filter.DelegatingFilterProxy.invokeDelegate(DelegatingFilterProxy.java:362)
	at org.springframework.web.filter.DelegatingFilterProxy.doFilter(DelegatingFilterProxy.java:278)
	at org.apache.catalina.core.ApplicationFilterChain.internalDoFilter(ApplicationFilterChain.java:164)
	at org.apache.catalina.core.ApplicationFilterChain.doFilter(ApplicationFilterChain.java:140)
	at org.springframework.web.filter.RequestContextFilter.doFilterInternal(RequestContextFilter.java:100)
	at org.springframework.web.filter.OncePerRequestFilter.doFilter(OncePerRequestFilter.java:116)
	at org.apache.catalina.core.ApplicationFilterChain.internalDoFilter(ApplicationFilterChain.java:164)
	at org.apache.catalina.core.ApplicationFilterChain.doFilter(ApplicationFilterChain.java:140)
	at org.springframework.web.filter.FormContentFilter.doFilterInternal(FormContentFilter.java:93)
	at org.springframework.web.filter.OncePerRequestFilter.doFilter(OncePerRequestFilter.java:116)
	at org.apache.catalina.core.ApplicationFilterChain.internalDoFilter(ApplicationFilterChain.java:164)
	at org.apache.catalina.core.ApplicationFilterChain.doFilter(ApplicationFilterChain.java:140)
	at org.springframework.web.filter.ServerHttpObservationFilter.doFilterInternal(ServerHttpObservationFilter.java:114)
	at org.springframework.web.filter.OncePerRequestFilter.doFilter(OncePerRequestFilter.java:116)
	at org.apache.catalina.core.ApplicationFilterChain.internalDoFilter(ApplicationFilterChain.java:164)
	at org.apache.catalina.core.ApplicationFilterChain.doFilter(ApplicationFilterChain.java:140)
	at org.springframework.web.filter.CharacterEncodingFilter.doFilterInternal(CharacterEncodingFilter.java:201)
	at org.springframework.web.filter.OncePerRequestFilter.doFilter(OncePerRequestFilter.java:116)
	at org.apache.catalina.core.ApplicationFilterChain.internalDoFilter(ApplicationFilterChain.java:164)
	at org.apache.catalina.core.ApplicationFilterChain.doFilter(ApplicationFilterChain.java:140)
	at org.apache.catalina.core.StandardWrapperValve.invoke(StandardWrapperValve.java:167)
	at org.apache.catalina.core.StandardContextValve.invoke(StandardContextValve.java:90)
	at org.apache.catalina.authenticator.AuthenticatorBase.invoke(AuthenticatorBase.java:483)
	at org.apache.catalina.core.StandardHostValve.invoke(StandardHostValve.java:116)
	at org.apache.catalina.valves.ErrorReportValve.invoke(ErrorReportValve.java:93)
	at org.apache.catalina.core.StandardEngineValve.invoke(StandardEngineValve.java:74)
	at org.apache.catalina.connector.CoyoteAdapter.service(CoyoteAdapter.java:344)
	at org.apache.coyote.http11.Http11Processor.service(Http11Processor.java:398)
	at org.apache.coyote.AbstractProcessorLight.process(AbstractProcessorLight.java:63)
	at org.apache.coyote.AbstractProtocol$ConnectionHandler.process(AbstractProtocol.java:903)
	at org.apache.tomcat.util.net.NioEndpoint$SocketProcessor.doRun(NioEndpoint.java:1740)
	at org.apache.tomcat.util.net.SocketProcessorBase.run(SocketProcessorBase.java:52)
	at org.apache.tomcat.util.threads.ThreadPoolExecutor.runWorker(ThreadPoolExecutor.java:1189)
	at org.apache.tomcat.util.threads.ThreadPoolExecutor$Worker.run(ThreadPoolExecutor.java:658)
	at org.apache.tomcat.util.threads.TaskThread$WrappingRunnable.run(TaskThread.java:63)
	at java.base/java.lang.Thread.run(Thread.java:842)
2026-03-22 18:23:53 DEBUG [http-nio-8080-exec-2] o.s.security.web.FilterChainProxy - Securing PATCH /error?reason=Prueba
2026-03-22 18:23:53 TRACE [http-nio-8080-exec-2] o.s.s.w.a.logout.LogoutFilter - Did not match request to Or [Ant [pattern='/logout', GET], Ant [pattern='/logout', POST], Ant [pattern='/logout', PUT], Ant [pattern='/logout', DELETE]]
2026-03-22 18:23:53 TRACE [http-nio-8080-exec-2] o.s.s.w.a.AnonymousAuthenticationFilter - Set SecurityContextHolder to AnonymousAuthenticationToken [Principal=anonymousUser, Credentials=[PROTECTED], Authenticated=true, Details=WebAuthenticationDetails [RemoteIpAddress=0:0:0:0:0:0:0:1, SessionId=null], Granted Authorities=[ROLE_ANONYMOUS]]
2026-03-22 18:23:53 DEBUG [http-nio-8080-exec-2] o.s.s.w.a.Http403ForbiddenEntryPoint - Pre-authenticated entry point called. Rejecting access
2026-03-22 18:24:05 DEBUG [http-nio-8080-exec-3] o.s.security.web.FilterChainProxy - Securing PATCH /api/v1/users/2/deactivate?reason=Prueba
2026-03-22 18:24:05 TRACE [http-nio-8080-exec-3] o.s.s.w.a.logout.LogoutFilter - Did not match request to Or [Ant [pattern='/logout', GET], Ant [pattern='/logout', POST], Ant [pattern='/logout', PUT], Ant [pattern='/logout', DELETE]]
2026-03-22 18:24:05 TRACE [http-nio-8080-exec-3] o.s.s.w.a.AnonymousAuthenticationFilter - Did not set SecurityContextHolder since already authenticated UsernamePasswordAuthenticationToken [Principal=com.example.ClinicaDefinitiva.infrastructure.security.adapter.CustomUserDetails@6cc99022, Credentials=[PROTECTED], Authenticated=true, Details=null, Granted Authorities=[UPDATE_COMPANY, UPDATE_INVOICE, CREATE_ASSIGNMENT, UPDATE_GUARDIAN, CLONE_ROLE_ROLE, CANCEL_APPOINTMENT, UPDATE_JOURNAL_ENTRY, REVERSE_JOURNAL_ENTRY, CREATE_CONTRACT, DELETE_APPOINTMENT, RESCHEDULE_APPOINTMENT, SET_PERMISSIONS_ROLE, CREATE_PATIENT, READ_USER_IDENTITY, IS_CURRENTLY_ACTIVE_ASSIGNMENT, READ_RATE, ACTIVATE_ROLE_ROLE, DELETE_ROLE_ROLE, READ_APPOINTMENT, READ_DENTIST, CREATE_COMPANY, VIEW_ROLE_ROLE, SCHEDULE_APPOINTMENT, ROLE_RECEPTIONIST, DELETE_INVOICE, CREATE_CUSTOM_ROLE_ROLE, UPDATE_PAYMENT, CREATE_DENTIST, CHECK_PERMISSION_ROLE, READ_PATIENT, READ_ADMINISTRATIVE_REPORT, CREATE_APPOINTMENT, VIEW_ASSIGNMENT_ASSIGNMENT, READ_CONTRACT, DELETE_ADMINISTRATIVE_REPORT, DEACTIVATE_USER_IDENTITY, REVERSE_INVOICE, DEACTIVATE_ROLE_ROLE, APPROVE_INVOICE, READ_PROVIDED_SERVICE, REVOKE_ASSIGNMENT, READ_AVAILABILITY, READ_RECEPTIONIST, DELETE_RATE, UPDATE_PRIMARY_ASSIGNMENT, UPDATE_DENTIST, CREATE_USER_IDENTITY, DELETE_CONTRACT, DELETE_PAYMENT, DELETE_ASSIGNMENT, READ_COMPANY, UPDATE_ADMINISTRATIVE_REPORT, REMOVE_PERMISSION_ROLE, CREATE_PAYMENT, UPDATE_USER_IDENTITY, ADD_PERMISSION_ROLE, READ_GUARDIAN, UPDATE_CONTRACT, DELETE_COMPANY, IS_ACTIVE_AT_ASSIGNMENT, DELETE_DENTIST, READ_ASSIGNMENT, POST_INVOICE, REVOKE_ALL_ASSIGNMENT, CREATE_JOURNAL_ENTRY, CREATE_ADMINISTRATIVE_REPORT, UPDATE_ASSIGNMENT, READ_SHIFT, POST_JOURNAL_ENTRY, CREATE_GUARDIAN, ROLE_ADMINISTRATOR, CREATE_TEMPORARY_ASSIGNMENT, READ_PAYMENT, CREATE_RATE, EXTEND_ASSIGNMENT_ASSIGNMENT, READ_INVOICE, REACTIVATE_USER_IDENTITY, UPDATE_APPOINTMENT, UPDATE_RATE, DELETE_JOURNAL_ENTRY, CREATE_SHIFT, READ_JOURNAL_ENTRY, MARK_DELETED_ROLE_ROLE, CREATE_INVOICE, UPDATE_SHIFT, SUSPEND_ROLE_ROLE, UPDATE_PATIENT, UPDATE_PROVIDED_SERVICE, SUSPEND_USER_IDENTITY]]
2026-03-22 18:24:05 TRACE [http-nio-8080-exec-3] o.s.s.w.a.s.CompositeSessionAuthenticationStrategy - Preparing session with ChangeSessionIdAuthenticationStrategy (1/1)
2026-03-22 18:24:05 DEBUG [http-nio-8080-exec-3] o.s.security.web.FilterChainProxy - Secured PATCH /api/v1/users/2/deactivate?reason=Prueba
2026-03-22 18:24:05 DEBUG [http-nio-8080-exec-3] o.s.web.servlet.DispatcherServlet - PATCH "/api/v1/users/2/deactivate?reason=Prueba", parameters={masked}
2026-03-22 18:24:05 DEBUG [http-nio-8080-exec-3] o.s.w.s.m.m.a.RequestMappingHandlerMapping - Mapped to com.example.ClinicaDefinitiva.infrastructure.rest.controller.authentication.UserIdentityController#deactivate(Long, String, CustomUserDetails)
2026-03-22 18:24:05 DEBUG [http-nio-8080-exec-3] o.s.web.servlet.DispatcherServlet - Failed to complete request: com.example.ClinicaDefinitiva.domain.exceptions.AggregateBusinessRuleViolationException: El usuario activo debe estar verificado para realizar acciones sensibles
2026-03-22 18:24:05 ERROR [http-nio-8080-exec-3] o.a.c.c.C.[.[.[.[dispatcherServlet] - Servlet.service() for servlet [dispatcherServlet] in context with path [] threw exception [Request processing failed: com.example.ClinicaDefinitiva.domain.exceptions.AggregateBusinessRuleViolationException: El usuario activo debe estar verificado para realizar acciones sensibles] with root cause
com.example.ClinicaDefinitiva.domain.exceptions.AggregateBusinessRuleViolationException: El usuario activo debe estar verificado para realizar acciones sensibles
	at com.example.ClinicaDefinitiva.application.service.authentication.UserIdentityApplicationService.deactivate(UserIdentityApplicationService.java:289)
	at java.base/jdk.internal.reflect.NativeMethodAccessorImpl.invoke0(Native Method)
	at java.base/jdk.internal.reflect.NativeMethodAccessorImpl.invoke(NativeMethodAccessorImpl.java:77)
	at java.base/jdk.internal.reflect.DelegatingMethodAccessorImpl.invoke(DelegatingMethodAccessorImpl.java:43)
	at java.base/java.lang.reflect.Method.invoke(Method.java:568)
	at org.springframework.aop.support.AopUtils.invokeJoinpointUsingReflection(AopUtils.java:359)
	at org.springframework.aop.framework.ReflectiveMethodInvocation.invokeJoinpoint(ReflectiveMethodInvocation.java:196)
	at org.springframework.aop.framework.ReflectiveMethodInvocation.proceed(ReflectiveMethodInvocation.java:163)
	at org.springframework.aop.aspectj.MethodInvocationProceedingJoinPoint.proceed(MethodInvocationProceedingJoinPoint.java:89)
	at com.example.ClinicaDefinitiva.infrastructure.security.config.AuthorizationAspect.checkPermission(AuthorizationAspect.java:76)
	at java.base/jdk.internal.reflect.NativeMethodAccessorImpl.invoke0(Native Method)
	at java.base/jdk.internal.reflect.NativeMethodAccessorImpl.invoke(NativeMethodAccessorImpl.java:77)
	at java.base/jdk.internal.reflect.DelegatingMethodAccessorImpl.invoke(DelegatingMethodAccessorImpl.java:43)
	at java.base/java.lang.reflect.Method.invoke(Method.java:568)
	at org.springframework.aop.aspectj.AbstractAspectJAdvice.invokeAdviceMethodWithGivenArgs(AbstractAspectJAdvice.java:642)
	at org.springframework.aop.aspectj.AbstractAspectJAdvice.invokeAdviceMethod(AbstractAspectJAdvice.java:632)
	at org.springframework.aop.aspectj.AspectJAroundAdvice.invoke(AspectJAroundAdvice.java:71)
	at org.springframework.aop.framework.ReflectiveMethodInvocation.proceed(ReflectiveMethodInvocation.java:173)
	at org.springframework.transaction.interceptor.TransactionAspectSupport.invokeWithinTransaction(TransactionAspectSupport.java:380)
	at org.springframework.transaction.interceptor.TransactionInterceptor.invoke(TransactionInterceptor.java:119)
	at org.springframework.aop.framework.ReflectiveMethodInvocation.proceed(ReflectiveMethodInvocation.java:184)
	at org.springframework.aop.interceptor.ExposeInvocationInterceptor.invoke(ExposeInvocationInterceptor.java:97)
	at org.springframework.aop.framework.ReflectiveMethodInvocation.proceed(ReflectiveMethodInvocation.java:184)
	at org.springframework.aop.framework.CglibAopProxy$DynamicAdvisedInterceptor.intercept(CglibAopProxy.java:728)
	at com.example.ClinicaDefinitiva.application.service.authentication.UserIdentityApplicationService$$SpringCGLIB$$0.deactivate(<generated>)
	at com.example.ClinicaDefinitiva.infrastructure.rest.controller.authentication.UserIdentityController.deactivate(UserIdentityController.java:181)
	at java.base/jdk.internal.reflect.NativeMethodAccessorImpl.invoke0(Native Method)
	at java.base/jdk.internal.reflect.NativeMethodAccessorImpl.invoke(NativeMethodAccessorImpl.java:77)
	at java.base/jdk.internal.reflect.DelegatingMethodAccessorImpl.invoke(DelegatingMethodAccessorImpl.java:43)
	at java.base/java.lang.reflect.Method.invoke(Method.java:568)
	at org.springframework.aop.support.AopUtils.invokeJoinpointUsingReflection(AopUtils.java:359)
	at org.springframework.aop.framework.ReflectiveMethodInvocation.invokeJoinpoint(ReflectiveMethodInvocation.java:196)
	at org.springframework.aop.framework.ReflectiveMethodInvocation.proceed(ReflectiveMethodInvocation.java:163)
	at org.springframework.validation.beanvalidation.MethodValidationInterceptor.invoke(MethodValidationInterceptor.java:174)
	at org.springframework.aop.framework.ReflectiveMethodInvocation.proceed(ReflectiveMethodInvocation.java:184)
	at org.springframework.aop.framework.CglibAopProxy$DynamicAdvisedInterceptor.intercept(CglibAopProxy.java:728)
	at com.example.ClinicaDefinitiva.infrastructure.rest.controller.authentication.UserIdentityController$$SpringCGLIB$$0.deactivate(<generated>)
	at java.base/jdk.internal.reflect.NativeMethodAccessorImpl.invoke0(Native Method)
	at java.base/jdk.internal.reflect.NativeMethodAccessorImpl.invoke(NativeMethodAccessorImpl.java:77)
	at java.base/jdk.internal.reflect.DelegatingMethodAccessorImpl.invoke(DelegatingMethodAccessorImpl.java:43)
	at java.base/java.lang.reflect.Method.invoke(Method.java:568)
	at org.springframework.web.method.support.InvocableHandlerMethod.doInvoke(InvocableHandlerMethod.java:258)
	at org.springframework.web.method.support.InvocableHandlerMethod.invokeForRequest(InvocableHandlerMethod.java:191)
	at org.springframework.web.servlet.mvc.method.annotation.ServletInvocableHandlerMethod.invokeAndHandle(ServletInvocableHandlerMethod.java:118)
	at org.springframework.web.servlet.mvc.method.annotation.RequestMappingHandlerAdapter.invokeHandlerMethod(RequestMappingHandlerAdapter.java:986)
	at org.springframework.web.servlet.mvc.method.annotation.RequestMappingHandlerAdapter.handleInternal(RequestMappingHandlerAdapter.java:891)
	at org.springframework.web.servlet.mvc.method.AbstractHandlerMethodAdapter.handle(AbstractHandlerMethodAdapter.java:87)
	at org.springframework.web.servlet.DispatcherServlet.doDispatch(DispatcherServlet.java:1089)
	at org.springframework.web.servlet.DispatcherServlet.doService(DispatcherServlet.java:979)
	at org.springframework.web.servlet.FrameworkServlet.processRequest(FrameworkServlet.java:1014)
	at org.springframework.web.servlet.FrameworkServlet.service(FrameworkServlet.java:888)
	at jakarta.servlet.http.HttpServlet.service(HttpServlet.java:658)
	at org.apache.catalina.core.ApplicationFilterChain.internalDoFilter(ApplicationFilterChain.java:195)
	at org.apache.catalina.core.ApplicationFilterChain.doFilter(ApplicationFilterChain.java:140)
	at org.apache.tomcat.websocket.server.WsFilter.doFilter(WsFilter.java:51)
	at org.apache.catalina.core.ApplicationFilterChain.internalDoFilter(ApplicationFilterChain.java:164)
	at org.apache.catalina.core.ApplicationFilterChain.doFilter(ApplicationFilterChain.java:140)
	at com.example.ClinicaDefinitiva.util.RequestIdFilter.doFilterInternal(RequestIdFilter.java:76)
	at org.springframework.web.filter.OncePerRequestFilter.doFilter(OncePerRequestFilter.java:116)
	at org.apache.catalina.core.ApplicationFilterChain.internalDoFilter(ApplicationFilterChain.java:164)
	at org.apache.catalina.core.ApplicationFilterChain.doFilter(ApplicationFilterChain.java:140)
	at org.springframework.web.filter.CompositeFilter$VirtualFilterChain.doFilter(CompositeFilter.java:108)
	at org.springframework.web.filter.CompositeFilter$VirtualFilterChain.doFilter(CompositeFilter.java:108)
	at org.springframework.security.web.FilterChainProxy.lambda$doFilterInternal$3(FilterChainProxy.java:231)
	at org.springframework.security.web.ObservationFilterChainDecorator$FilterObservation$SimpleFilterObservation.lambda$wrap$1(ObservationFilterChainDecorator.java:479)
	at org.springframework.security.web.ObservationFilterChainDecorator$AroundFilterObservation$SimpleAroundFilterObservation.lambda$wrap$1(ObservationFilterChainDecorator.java:340)
	at org.springframework.security.web.ObservationFilterChainDecorator.lambda$wrapSecured$0(ObservationFilterChainDecorator.java:82)
	at org.springframework.security.web.ObservationFilterChainDecorator$VirtualFilterChain.doFilter(ObservationFilterChainDecorator.java:128)
	at org.springframework.security.web.access.intercept.AuthorizationFilter.doFilter(AuthorizationFilter.java:101)
	at org.springframework.security.web.ObservationFilterChainDecorator$ObservationFilter.wrapFilter(ObservationFilterChainDecorator.java:240)
	at org.springframework.security.web.ObservationFilterChainDecorator$ObservationFilter.doFilter(ObservationFilterChainDecorator.java:227)
	at org.springframework.security.web.ObservationFilterChainDecorator$VirtualFilterChain.doFilter(ObservationFilterChainDecorator.java:137)
	at org.springframework.security.web.access.ExceptionTranslationFilter.doFilter(ExceptionTranslationFilter.java:125)
	at org.springframework.security.web.access.ExceptionTranslationFilter.doFilter(ExceptionTranslationFilter.java:119)
	at org.springframework.security.web.ObservationFilterChainDecorator$ObservationFilter.wrapFilter(ObservationFilterChainDecorator.java:240)
	at org.springframework.security.web.ObservationFilterChainDecorator$ObservationFilter.doFilter(ObservationFilterChainDecorator.java:227)
	at org.springframework.security.web.ObservationFilterChainDecorator$VirtualFilterChain.doFilter(ObservationFilterChainDecorator.java:137)
	at org.springframework.security.web.session.SessionManagementFilter.doFilter(SessionManagementFilter.java:131)
	at org.springframework.security.web.session.SessionManagementFilter.doFilter(SessionManagementFilter.java:85)
	at org.springframework.security.web.ObservationFilterChainDecorator$ObservationFilter.wrapFilter(ObservationFilterChainDecorator.java:240)
	at org.springframework.security.web.ObservationFilterChainDecorator$ObservationFilter.doFilter(ObservationFilterChainDecorator.java:227)
	at org.springframework.security.web.ObservationFilterChainDecorator$VirtualFilterChain.doFilter(ObservationFilterChainDecorator.java:137)
	at org.springframework.security.web.authentication.AnonymousAuthenticationFilter.doFilter(AnonymousAuthenticationFilter.java:100)
	at org.springframework.security.web.ObservationFilterChainDecorator$ObservationFilter.wrapFilter(ObservationFilterChainDecorator.java:240)
	at org.springframework.security.web.ObservationFilterChainDecorator$ObservationFilter.doFilter(ObservationFilterChainDecorator.java:227)
	at org.springframework.security.web.ObservationFilterChainDecorator$VirtualFilterChain.doFilter(ObservationFilterChainDecorator.java:137)
	at org.springframework.security.web.servletapi.SecurityContextHolderAwareRequestFilter.doFilter(SecurityContextHolderAwareRequestFilter.java:179)
	at org.springframework.security.web.ObservationFilterChainDecorator$ObservationFilter.wrapFilter(ObservationFilterChainDecorator.java:240)
	at org.springframework.security.web.ObservationFilterChainDecorator$ObservationFilter.doFilter(ObservationFilterChainDecorator.java:227)
	at org.springframework.security.web.ObservationFilterChainDecorator$VirtualFilterChain.doFilter(ObservationFilterChainDecorator.java:137)
	at org.springframework.security.web.savedrequest.RequestCacheAwareFilter.doFilter(RequestCacheAwareFilter.java:63)
	at org.springframework.security.web.ObservationFilterChainDecorator$ObservationFilter.wrapFilter(ObservationFilterChainDecorator.java:240)
	at org.springframework.security.web.ObservationFilterChainDecorator$ObservationFilter.doFilter(ObservationFilterChainDecorator.java:227)
	at org.springframework.security.web.ObservationFilterChainDecorator$VirtualFilterChain.doFilter(ObservationFilterChainDecorator.java:137)
	at com.example.ClinicaDefinitiva.infrastructure.security.filter.JwtAuthenticationFilter.doFilterInternal(JwtAuthenticationFilter.java:40)
	at org.springframework.web.filter.OncePerRequestFilter.doFilter(OncePerRequestFilter.java:116)
	at org.springframework.security.web.ObservationFilterChainDecorator$ObservationFilter.wrapFilter(ObservationFilterChainDecorator.java:240)
	at org.springframework.security.web.ObservationFilterChainDecorator$ObservationFilter.doFilter(ObservationFilterChainDecorator.java:227)
	at org.springframework.security.web.ObservationFilterChainDecorator$VirtualFilterChain.doFilter(ObservationFilterChainDecorator.java:137)
	at org.springframework.security.web.authentication.logout.LogoutFilter.doFilter(LogoutFilter.java:107)
	at org.springframework.security.web.authentication.logout.LogoutFilter.doFilter(LogoutFilter.java:93)
	at org.springframework.security.web.ObservationFilterChainDecorator$ObservationFilter.wrapFilter(ObservationFilterChainDecorator.java:240)
	at org.springframework.security.web.ObservationFilterChainDecorator$ObservationFilter.doFilter(ObservationFilterChainDecorator.java:227)
	at org.springframework.security.web.ObservationFilterChainDecorator$VirtualFilterChain.doFilter(ObservationFilterChainDecorator.java:137)
	at org.springframework.security.web.header.HeaderWriterFilter.doHeadersAfter(HeaderWriterFilter.java:90)
	at org.springframework.security.web.header.HeaderWriterFilter.doFilterInternal(HeaderWriterFilter.java:75)
	at org.springframework.web.filter.OncePerRequestFilter.doFilter(OncePerRequestFilter.java:116)
	at org.springframework.security.web.ObservationFilterChainDecorator$ObservationFilter.wrapFilter(ObservationFilterChainDecorator.java:240)
	at org.springframework.security.web.ObservationFilterChainDecorator$ObservationFilter.doFilter(ObservationFilterChainDecorator.java:227)
	at org.springframework.security.web.ObservationFilterChainDecorator$VirtualFilterChain.doFilter(ObservationFilterChainDecorator.java:137)
	at org.springframework.security.web.context.SecurityContextHolderFilter.doFilter(SecurityContextHolderFilter.java:82)
	at org.springframework.security.web.context.SecurityContextHolderFilter.doFilter(SecurityContextHolderFilter.java:69)
	at org.springframework.security.web.ObservationFilterChainDecorator$ObservationFilter.wrapFilter(ObservationFilterChainDecorator.java:240)
	at org.springframework.security.web.ObservationFilterChainDecorator$ObservationFilter.doFilter(ObservationFilterChainDecorator.java:227)
	at org.springframework.security.web.ObservationFilterChainDecorator$VirtualFilterChain.doFilter(ObservationFilterChainDecorator.java:137)
	at org.springframework.security.web.context.request.async.WebAsyncManagerIntegrationFilter.doFilterInternal(WebAsyncManagerIntegrationFilter.java:62)
	at org.springframework.web.filter.OncePerRequestFilter.doFilter(OncePerRequestFilter.java:116)
	at org.springframework.security.web.ObservationFilterChainDecorator$ObservationFilter.wrapFilter(ObservationFilterChainDecorator.java:240)
	at org.springframework.security.web.ObservationFilterChainDecorator$ObservationFilter.doFilter(ObservationFilterChainDecorator.java:227)
	at org.springframework.security.web.ObservationFilterChainDecorator$VirtualFilterChain.doFilter(ObservationFilterChainDecorator.java:137)
	at org.springframework.security.web.session.DisableEncodeUrlFilter.doFilterInternal(DisableEncodeUrlFilter.java:42)
	at org.springframework.web.filter.OncePerRequestFilter.doFilter(OncePerRequestFilter.java:116)
	at org.springframework.security.web.ObservationFilterChainDecorator$ObservationFilter.wrapFilter(ObservationFilterChainDecorator.java:240)
	at org.springframework.security.web.ObservationFilterChainDecorator$AroundFilterObservation$SimpleAroundFilterObservation.lambda$wrap$0(ObservationFilterChainDecorator.java:323)
	at org.springframework.security.web.ObservationFilterChainDecorator$ObservationFilter.doFilter(ObservationFilterChainDecorator.java:224)
	at org.springframework.security.web.ObservationFilterChainDecorator$VirtualFilterChain.doFilter(ObservationFilterChainDecorator.java:137)
	at org.springframework.security.web.FilterChainProxy.doFilterInternal(FilterChainProxy.java:233)
	at org.springframework.security.web.FilterChainProxy.doFilter(FilterChainProxy.java:191)
	at org.springframework.web.filter.CompositeFilter$VirtualFilterChain.doFilter(CompositeFilter.java:113)
	at org.springframework.web.filter.ServletRequestPathFilter.doFilter(ServletRequestPathFilter.java:52)
	at org.springframework.web.filter.CompositeFilter$VirtualFilterChain.doFilter(CompositeFilter.java:113)
	at org.springframework.web.filter.CompositeFilter.doFilter(CompositeFilter.java:74)
	at org.springframework.security.config.annotation.web.configuration.WebSecurityConfiguration$CompositeFilterChainProxy.doFilter(WebSecurityConfiguration.java:319)
	at org.springframework.web.filter.CompositeFilter$VirtualFilterChain.doFilter(CompositeFilter.java:113)
	at org.springframework.web.servlet.handler.HandlerMappingIntrospector.lambda$createCacheFilter$3(HandlerMappingIntrospector.java:243)
	at org.springframework.web.filter.CompositeFilter$VirtualFilterChain.doFilter(CompositeFilter.java:113)
	at org.springframework.web.filter.CompositeFilter.doFilter(CompositeFilter.java:74)
	at org.springframework.security.config.annotation.web.configuration.WebMvcSecurityConfiguration$CompositeFilterChainProxy.doFilter(WebMvcSecurityConfiguration.java:240)
	at org.springframework.web.filter.DelegatingFilterProxy.invokeDelegate(DelegatingFilterProxy.java:362)
	at org.springframework.web.filter.DelegatingFilterProxy.doFilter(DelegatingFilterProxy.java:278)
	at org.apache.catalina.core.ApplicationFilterChain.internalDoFilter(ApplicationFilterChain.java:164)
	at org.apache.catalina.core.ApplicationFilterChain.doFilter(ApplicationFilterChain.java:140)
	at org.springframework.web.filter.RequestContextFilter.doFilterInternal(RequestContextFilter.java:100)
	at org.springframework.web.filter.OncePerRequestFilter.doFilter(OncePerRequestFilter.java:116)
	at org.apache.catalina.core.ApplicationFilterChain.internalDoFilter(ApplicationFilterChain.java:164)
	at org.apache.catalina.core.ApplicationFilterChain.doFilter(ApplicationFilterChain.java:140)
	at org.springframework.web.filter.FormContentFilter.doFilterInternal(FormContentFilter.java:93)
	at org.springframework.web.filter.OncePerRequestFilter.doFilter(OncePerRequestFilter.java:116)
	at org.apache.catalina.core.ApplicationFilterChain.internalDoFilter(ApplicationFilterChain.java:164)
	at org.apache.catalina.core.ApplicationFilterChain.doFilter(ApplicationFilterChain.java:140)
	at org.springframework.web.filter.ServerHttpObservationFilter.doFilterInternal(ServerHttpObservationFilter.java:114)
	at org.springframework.web.filter.OncePerRequestFilter.doFilter(OncePerRequestFilter.java:116)
	at org.apache.catalina.core.ApplicationFilterChain.internalDoFilter(ApplicationFilterChain.java:164)
	at org.apache.catalina.core.ApplicationFilterChain.doFilter(ApplicationFilterChain.java:140)
	at org.springframework.web.filter.CharacterEncodingFilter.doFilterInternal(CharacterEncodingFilter.java:201)
	at org.springframework.web.filter.OncePerRequestFilter.doFilter(OncePerRequestFilter.java:116)
	at org.apache.catalina.core.ApplicationFilterChain.internalDoFilter(ApplicationFilterChain.java:164)
	at org.apache.catalina.core.ApplicationFilterChain.doFilter(ApplicationFilterChain.java:140)
	at org.apache.catalina.core.StandardWrapperValve.invoke(StandardWrapperValve.java:167)
	at org.apache.catalina.core.StandardContextValve.invoke(StandardContextValve.java:90)
	at org.apache.catalina.authenticator.AuthenticatorBase.invoke(AuthenticatorBase.java:483)
	at org.apache.catalina.core.StandardHostValve.invoke(StandardHostValve.java:116)
	at org.apache.catalina.valves.ErrorReportValve.invoke(ErrorReportValve.java:93)
	at org.apache.catalina.core.StandardEngineValve.invoke(StandardEngineValve.java:74)
	at org.apache.catalina.connector.CoyoteAdapter.service(CoyoteAdapter.java:344)
	at org.apache.coyote.http11.Http11Processor.service(Http11Processor.java:398)
	at org.apache.coyote.AbstractProcessorLight.process(AbstractProcessorLight.java:63)
	at org.apache.coyote.AbstractProtocol$ConnectionHandler.process(AbstractProtocol.java:903)
	at org.apache.tomcat.util.net.NioEndpoint$SocketProcessor.doRun(NioEndpoint.java:1740)
	at org.apache.tomcat.util.net.SocketProcessorBase.run(SocketProcessorBase.java:52)
	at org.apache.tomcat.util.threads.ThreadPoolExecutor.runWorker(ThreadPoolExecutor.java:1189)
	at org.apache.tomcat.util.threads.ThreadPoolExecutor$Worker.run(ThreadPoolExecutor.java:658)
	at org.apache.tomcat.util.threads.TaskThread$WrappingRunnable.run(TaskThread.java:63)
	at java.base/java.lang.Thread.run(Thread.java:842)
2026-03-22 18:24:05 DEBUG [http-nio-8080-exec-3] o.s.security.web.FilterChainProxy - Securing PATCH /error?reason=Prueba
2026-03-22 18:24:05 TRACE [http-nio-8080-exec-3] o.s.s.w.a.logout.LogoutFilter - Did not match request to Or [Ant [pattern='/logout', GET], Ant [pattern='/logout', POST], Ant [pattern='/logout', PUT], Ant [pattern='/logout', DELETE]]
2026-03-22 18:24:05 TRACE [http-nio-8080-exec-3] o.s.s.w.a.AnonymousAuthenticationFilter - Set SecurityContextHolder to AnonymousAuthenticationToken [Principal=anonymousUser, Credentials=[PROTECTED], Authenticated=true, Details=WebAuthenticationDetails [RemoteIpAddress=0:0:0:0:0:0:0:1, SessionId=null], Granted Authorities=[ROLE_ANONYMOUS]]
2026-03-22 18:24:05 DEBUG [http-nio-8080-exec-3] o.s.s.w.a.Http403ForbiddenEntryPoint - Pre-authenticated entry point called. Rejecting access
2026-03-22 18:27:46 DEBUG [http-nio-8080-exec-4] o.s.security.web.FilterChainProxy - Securing PATCH /api/v1/users/2/deactivate?reason=Prueba
2026-03-22 18:27:46 TRACE [http-nio-8080-exec-4] o.s.s.w.a.logout.LogoutFilter - Did not match request to Or [Ant [pattern='/logout', GET], Ant [pattern='/logout', POST], Ant [pattern='/logout', PUT], Ant [pattern='/logout', DELETE]]
2026-03-22 18:27:46 TRACE [http-nio-8080-exec-4] o.s.s.w.a.AnonymousAuthenticationFilter - Did not set SecurityContextHolder since already authenticated UsernamePasswordAuthenticationToken [Principal=com.example.ClinicaDefinitiva.infrastructure.security.adapter.CustomUserDetails@774a1147, Credentials=[PROTECTED], Authenticated=true, Details=null, Granted Authorities=[UPDATE_COMPANY, UPDATE_INVOICE, CREATE_ASSIGNMENT, UPDATE_GUARDIAN, CLONE_ROLE_ROLE, CANCEL_APPOINTMENT, UPDATE_JOURNAL_ENTRY, REVERSE_JOURNAL_ENTRY, CREATE_CONTRACT, DELETE_APPOINTMENT, RESCHEDULE_APPOINTMENT, SET_PERMISSIONS_ROLE, CREATE_PATIENT, READ_USER_IDENTITY, IS_CURRENTLY_ACTIVE_ASSIGNMENT, READ_RATE, ACTIVATE_ROLE_ROLE, DELETE_ROLE_ROLE, READ_APPOINTMENT, READ_DENTIST, CREATE_COMPANY, VIEW_ROLE_ROLE, SCHEDULE_APPOINTMENT, ROLE_RECEPTIONIST, DELETE_INVOICE, CREATE_CUSTOM_ROLE_ROLE, UPDATE_PAYMENT, CREATE_DENTIST, CHECK_PERMISSION_ROLE, READ_PATIENT, READ_ADMINISTRATIVE_REPORT, CREATE_APPOINTMENT, VIEW_ASSIGNMENT_ASSIGNMENT, READ_CONTRACT, DELETE_ADMINISTRATIVE_REPORT, DEACTIVATE_USER_IDENTITY, REVERSE_INVOICE, DEACTIVATE_ROLE_ROLE, APPROVE_INVOICE, READ_PROVIDED_SERVICE, REVOKE_ASSIGNMENT, READ_AVAILABILITY, READ_RECEPTIONIST, DELETE_RATE, UPDATE_PRIMARY_ASSIGNMENT, UPDATE_DENTIST, CREATE_USER_IDENTITY, DELETE_CONTRACT, DELETE_PAYMENT, DELETE_ASSIGNMENT, READ_COMPANY, UPDATE_ADMINISTRATIVE_REPORT, REMOVE_PERMISSION_ROLE, CREATE_PAYMENT, UPDATE_USER_IDENTITY, ADD_PERMISSION_ROLE, READ_GUARDIAN, UPDATE_CONTRACT, DELETE_COMPANY, IS_ACTIVE_AT_ASSIGNMENT, DELETE_DENTIST, READ_ASSIGNMENT, POST_INVOICE, REVOKE_ALL_ASSIGNMENT, CREATE_JOURNAL_ENTRY, CREATE_ADMINISTRATIVE_REPORT, UPDATE_ASSIGNMENT, READ_SHIFT, POST_JOURNAL_ENTRY, CREATE_GUARDIAN, ROLE_ADMINISTRATOR, CREATE_TEMPORARY_ASSIGNMENT, READ_PAYMENT, CREATE_RATE, EXTEND_ASSIGNMENT_ASSIGNMENT, READ_INVOICE, REACTIVATE_USER_IDENTITY, UPDATE_APPOINTMENT, UPDATE_RATE, DELETE_JOURNAL_ENTRY, CREATE_SHIFT, READ_JOURNAL_ENTRY, MARK_DELETED_ROLE_ROLE, CREATE_INVOICE, UPDATE_SHIFT, SUSPEND_ROLE_ROLE, UPDATE_PATIENT, UPDATE_PROVIDED_SERVICE, SUSPEND_USER_IDENTITY]]
2026-03-22 18:27:46 TRACE [http-nio-8080-exec-4] o.s.s.w.a.s.CompositeSessionAuthenticationStrategy - Preparing session with ChangeSessionIdAuthenticationStrategy (1/1)
2026-03-22 18:27:46 DEBUG [http-nio-8080-exec-4] o.s.security.web.FilterChainProxy - Secured PATCH /api/v1/users/2/deactivate?reason=Prueba
2026-03-22 18:27:46 DEBUG [http-nio-8080-exec-4] o.s.web.servlet.DispatcherServlet - PATCH "/api/v1/users/2/deactivate?reason=Prueba", parameters={masked}
2026-03-22 18:27:46 DEBUG [http-nio-8080-exec-4] o.s.w.s.m.m.a.RequestMappingHandlerMapping - Mapped to com.example.ClinicaDefinitiva.infrastructure.rest.controller.authentication.UserIdentityController#deactivate(Long, String, CustomUserDetails)
2026-03-22 18:27:46 DEBUG [http-nio-8080-exec-4] o.s.web.servlet.DispatcherServlet - Failed to complete request: com.example.ClinicaDefinitiva.domain.exceptions.AggregateBusinessRuleViolationException: El usuario activo debe estar verificado para realizar acciones sensibles
2026-03-22 18:27:46 ERROR [http-nio-8080-exec-4] o.a.c.c.C.[.[.[.[dispatcherServlet] - Servlet.service() for servlet [dispatcherServlet] in context with path [] threw exception [Request processing failed: com.example.ClinicaDefinitiva.domain.exceptions.AggregateBusinessRuleViolationException: El usuario activo debe estar verificado para realizar acciones sensibles] with root cause
com.example.ClinicaDefinitiva.domain.exceptions.AggregateBusinessRuleViolationException: El usuario activo debe estar verificado para realizar acciones sensibles
	at com.example.ClinicaDefinitiva.application.service.authentication.UserIdentityApplicationService.deactivate(UserIdentityApplicationService.java:289)
	at java.base/jdk.internal.reflect.NativeMethodAccessorImpl.invoke0(Native Method)
	at java.base/jdk.internal.reflect.NativeMethodAccessorImpl.invoke(NativeMethodAccessorImpl.java:77)
	at java.base/jdk.internal.reflect.DelegatingMethodAccessorImpl.invoke(DelegatingMethodAccessorImpl.java:43)
	at java.base/java.lang.reflect.Method.invoke(Method.java:568)
	at org.springframework.aop.support.AopUtils.invokeJoinpointUsingReflection(AopUtils.java:359)
	at org.springframework.aop.framework.ReflectiveMethodInvocation.invokeJoinpoint(ReflectiveMethodInvocation.java:196)
	at org.springframework.aop.framework.ReflectiveMethodInvocation.proceed(ReflectiveMethodInvocation.java:163)
	at org.springframework.aop.aspectj.MethodInvocationProceedingJoinPoint.proceed(MethodInvocationProceedingJoinPoint.java:89)
	at com.example.ClinicaDefinitiva.infrastructure.security.config.AuthorizationAspect.checkPermission(AuthorizationAspect.java:76)
	at java.base/jdk.internal.reflect.NativeMethodAccessorImpl.invoke0(Native Method)
	at java.base/jdk.internal.reflect.NativeMethodAccessorImpl.invoke(NativeMethodAccessorImpl.java:77)
	at java.base/jdk.internal.reflect.DelegatingMethodAccessorImpl.invoke(DelegatingMethodAccessorImpl.java:43)
	at java.base/java.lang.reflect.Method.invoke(Method.java:568)
	at org.springframework.aop.aspectj.AbstractAspectJAdvice.invokeAdviceMethodWithGivenArgs(AbstractAspectJAdvice.java:642)
	at org.springframework.aop.aspectj.AbstractAspectJAdvice.invokeAdviceMethod(AbstractAspectJAdvice.java:632)
	at org.springframework.aop.aspectj.AspectJAroundAdvice.invoke(AspectJAroundAdvice.java:71)
	at org.springframework.aop.framework.ReflectiveMethodInvocation.proceed(ReflectiveMethodInvocation.java:173)
	at org.springframework.transaction.interceptor.TransactionAspectSupport.invokeWithinTransaction(TransactionAspectSupport.java:380)
	at org.springframework.transaction.interceptor.TransactionInterceptor.invoke(TransactionInterceptor.java:119)
	at org.springframework.aop.framework.ReflectiveMethodInvocation.proceed(ReflectiveMethodInvocation.java:184)
	at org.springframework.aop.interceptor.ExposeInvocationInterceptor.invoke(ExposeInvocationInterceptor.java:97)
	at org.springframework.aop.framework.ReflectiveMethodInvocation.proceed(ReflectiveMethodInvocation.java:184)
	at org.springframework.aop.framework.CglibAopProxy$DynamicAdvisedInterceptor.intercept(CglibAopProxy.java:728)
	at com.example.ClinicaDefinitiva.application.service.authentication.UserIdentityApplicationService$$SpringCGLIB$$0.deactivate(<generated>)
	at com.example.ClinicaDefinitiva.infrastructure.rest.controller.authentication.UserIdentityController.deactivate(UserIdentityController.java:181)
	at java.base/jdk.internal.reflect.NativeMethodAccessorImpl.invoke0(Native Method)
	at java.base/jdk.internal.reflect.NativeMethodAccessorImpl.invoke(NativeMethodAccessorImpl.java:77)
	at java.base/jdk.internal.reflect.DelegatingMethodAccessorImpl.invoke(DelegatingMethodAccessorImpl.java:43)
	at java.base/java.lang.reflect.Method.invoke(Method.java:568)
	at org.springframework.aop.support.AopUtils.invokeJoinpointUsingReflection(AopUtils.java:359)
	at org.springframework.aop.framework.ReflectiveMethodInvocation.invokeJoinpoint(ReflectiveMethodInvocation.java:196)
	at org.springframework.aop.framework.ReflectiveMethodInvocation.proceed(ReflectiveMethodInvocation.java:163)
	at org.springframework.validation.beanvalidation.MethodValidationInterceptor.invoke(MethodValidationInterceptor.java:174)
	at org.springframework.aop.framework.ReflectiveMethodInvocation.proceed(ReflectiveMethodInvocation.java:184)
	at org.springframework.aop.framework.CglibAopProxy$DynamicAdvisedInterceptor.intercept(CglibAopProxy.java:728)
	at com.example.ClinicaDefinitiva.infrastructure.rest.controller.authentication.UserIdentityController$$SpringCGLIB$$0.deactivate(<generated>)
	at java.base/jdk.internal.reflect.NativeMethodAccessorImpl.invoke0(Native Method)
	at java.base/jdk.internal.reflect.NativeMethodAccessorImpl.invoke(NativeMethodAccessorImpl.java:77)
	at java.base/jdk.internal.reflect.DelegatingMethodAccessorImpl.invoke(DelegatingMethodAccessorImpl.java:43)
	at java.base/java.lang.reflect.Method.invoke(Method.java:568)
	at org.springframework.web.method.support.InvocableHandlerMethod.doInvoke(InvocableHandlerMethod.java:258)
	at org.springframework.web.method.support.InvocableHandlerMethod.invokeForRequest(InvocableHandlerMethod.java:191)
	at org.springframework.web.servlet.mvc.method.annotation.ServletInvocableHandlerMethod.invokeAndHandle(ServletInvocableHandlerMethod.java:118)
	at org.springframework.web.servlet.mvc.method.annotation.RequestMappingHandlerAdapter.invokeHandlerMethod(RequestMappingHandlerAdapter.java:986)
	at org.springframework.web.servlet.mvc.method.annotation.RequestMappingHandlerAdapter.handleInternal(RequestMappingHandlerAdapter.java:891)
	at org.springframework.web.servlet.mvc.method.AbstractHandlerMethodAdapter.handle(AbstractHandlerMethodAdapter.java:87)
	at org.springframework.web.servlet.DispatcherServlet.doDispatch(DispatcherServlet.java:1089)
	at org.springframework.web.servlet.DispatcherServlet.doService(DispatcherServlet.java:979)
	at org.springframework.web.servlet.FrameworkServlet.processRequest(FrameworkServlet.java:1014)
	at org.springframework.web.servlet.FrameworkServlet.service(FrameworkServlet.java:888)
	at jakarta.servlet.http.HttpServlet.service(HttpServlet.java:658)
	at org.apache.catalina.core.ApplicationFilterChain.internalDoFilter(ApplicationFilterChain.java:195)
	at org.apache.catalina.core.ApplicationFilterChain.doFilter(ApplicationFilterChain.java:140)
	at org.apache.tomcat.websocket.server.WsFilter.doFilter(WsFilter.java:51)
	at org.apache.catalina.core.ApplicationFilterChain.internalDoFilter(ApplicationFilterChain.java:164)
	at org.apache.catalina.core.ApplicationFilterChain.doFilter(ApplicationFilterChain.java:140)
	at com.example.ClinicaDefinitiva.util.RequestIdFilter.doFilterInternal(RequestIdFilter.java:76)
	at org.springframework.web.filter.OncePerRequestFilter.doFilter(OncePerRequestFilter.java:116)
	at org.apache.catalina.core.ApplicationFilterChain.internalDoFilter(ApplicationFilterChain.java:164)
	at org.apache.catalina.core.ApplicationFilterChain.doFilter(ApplicationFilterChain.java:140)
	at org.springframework.web.filter.CompositeFilter$VirtualFilterChain.doFilter(CompositeFilter.java:108)
	at org.springframework.web.filter.CompositeFilter$VirtualFilterChain.doFilter(CompositeFilter.java:108)
	at org.springframework.security.web.FilterChainProxy.lambda$doFilterInternal$3(FilterChainProxy.java:231)
	at org.springframework.security.web.ObservationFilterChainDecorator$FilterObservation$SimpleFilterObservation.lambda$wrap$1(ObservationFilterChainDecorator.java:479)
	at org.springframework.security.web.ObservationFilterChainDecorator$AroundFilterObservation$SimpleAroundFilterObservation.lambda$wrap$1(ObservationFilterChainDecorator.java:340)
	at org.springframework.security.web.ObservationFilterChainDecorator.lambda$wrapSecured$0(ObservationFilterChainDecorator.java:82)
	at org.springframework.security.web.ObservationFilterChainDecorator$VirtualFilterChain.doFilter(ObservationFilterChainDecorator.java:128)
	at org.springframework.security.web.access.intercept.AuthorizationFilter.doFilter(AuthorizationFilter.java:101)
	at org.springframework.security.web.ObservationFilterChainDecorator$ObservationFilter.wrapFilter(ObservationFilterChainDecorator.java:240)
	at org.springframework.security.web.ObservationFilterChainDecorator$ObservationFilter.doFilter(ObservationFilterChainDecorator.java:227)
	at org.springframework.security.web.ObservationFilterChainDecorator$VirtualFilterChain.doFilter(ObservationFilterChainDecorator.java:137)
	at org.springframework.security.web.access.ExceptionTranslationFilter.doFilter(ExceptionTranslationFilter.java:125)
	at org.springframework.security.web.access.ExceptionTranslationFilter.doFilter(ExceptionTranslationFilter.java:119)
	at org.springframework.security.web.ObservationFilterChainDecorator$ObservationFilter.wrapFilter(ObservationFilterChainDecorator.java:240)
	at org.springframework.security.web.ObservationFilterChainDecorator$ObservationFilter.doFilter(ObservationFilterChainDecorator.java:227)
	at org.springframework.security.web.ObservationFilterChainDecorator$VirtualFilterChain.doFilter(ObservationFilterChainDecorator.java:137)
	at org.springframework.security.web.session.SessionManagementFilter.doFilter(SessionManagementFilter.java:131)
	at org.springframework.security.web.session.SessionManagementFilter.doFilter(SessionManagementFilter.java:85)
	at org.springframework.security.web.ObservationFilterChainDecorator$ObservationFilter.wrapFilter(ObservationFilterChainDecorator.java:240)
	at org.springframework.security.web.ObservationFilterChainDecorator$ObservationFilter.doFilter(ObservationFilterChainDecorator.java:227)
	at org.springframework.security.web.ObservationFilterChainDecorator$VirtualFilterChain.doFilter(ObservationFilterChainDecorator.java:137)
	at org.springframework.security.web.authentication.AnonymousAuthenticationFilter.doFilter(AnonymousAuthenticationFilter.java:100)
	at org.springframework.security.web.ObservationFilterChainDecorator$ObservationFilter.wrapFilter(ObservationFilterChainDecorator.java:240)
	at org.springframework.security.web.ObservationFilterChainDecorator$ObservationFilter.doFilter(ObservationFilterChainDecorator.java:227)
	at org.springframework.security.web.ObservationFilterChainDecorator$VirtualFilterChain.doFilter(ObservationFilterChainDecorator.java:137)
	at org.springframework.security.web.servletapi.SecurityContextHolderAwareRequestFilter.doFilter(SecurityContextHolderAwareRequestFilter.java:179)
	at org.springframework.security.web.ObservationFilterChainDecorator$ObservationFilter.wrapFilter(ObservationFilterChainDecorator.java:240)
	at org.springframework.security.web.ObservationFilterChainDecorator$ObservationFilter.doFilter(ObservationFilterChainDecorator.java:227)
	at org.springframework.security.web.ObservationFilterChainDecorator$VirtualFilterChain.doFilter(ObservationFilterChainDecorator.java:137)
	at org.springframework.security.web.savedrequest.RequestCacheAwareFilter.doFilter(RequestCacheAwareFilter.java:63)
	at org.springframework.security.web.ObservationFilterChainDecorator$ObservationFilter.wrapFilter(ObservationFilterChainDecorator.java:240)
	at org.springframework.security.web.ObservationFilterChainDecorator$ObservationFilter.doFilter(ObservationFilterChainDecorator.java:227)
	at org.springframework.security.web.ObservationFilterChainDecorator$VirtualFilterChain.doFilter(ObservationFilterChainDecorator.java:137)
	at com.example.ClinicaDefinitiva.infrastructure.security.filter.JwtAuthenticationFilter.doFilterInternal(JwtAuthenticationFilter.java:40)
	at org.springframework.web.filter.OncePerRequestFilter.doFilter(OncePerRequestFilter.java:116)
	at org.springframework.security.web.ObservationFilterChainDecorator$ObservationFilter.wrapFilter(ObservationFilterChainDecorator.java:240)
	at org.springframework.security.web.ObservationFilterChainDecorator$ObservationFilter.doFilter(ObservationFilterChainDecorator.java:227)
	at org.springframework.security.web.ObservationFilterChainDecorator$VirtualFilterChain.doFilter(ObservationFilterChainDecorator.java:137)
	at org.springframework.security.web.authentication.logout.LogoutFilter.doFilter(LogoutFilter.java:107)
	at org.springframework.security.web.authentication.logout.LogoutFilter.doFilter(LogoutFilter.java:93)
	at org.springframework.security.web.ObservationFilterChainDecorator$ObservationFilter.wrapFilter(ObservationFilterChainDecorator.java:240)
	at org.springframework.security.web.ObservationFilterChainDecorator$ObservationFilter.doFilter(ObservationFilterChainDecorator.java:227)
	at org.springframework.security.web.ObservationFilterChainDecorator$VirtualFilterChain.doFilter(ObservationFilterChainDecorator.java:137)
	at org.springframework.security.web.header.HeaderWriterFilter.doHeadersAfter(HeaderWriterFilter.java:90)
	at org.springframework.security.web.header.HeaderWriterFilter.doFilterInternal(HeaderWriterFilter.java:75)
	at org.springframework.web.filter.OncePerRequestFilter.doFilter(OncePerRequestFilter.java:116)
	at org.springframework.security.web.ObservationFilterChainDecorator$ObservationFilter.wrapFilter(ObservationFilterChainDecorator.java:240)
	at org.springframework.security.web.ObservationFilterChainDecorator$ObservationFilter.doFilter(ObservationFilterChainDecorator.java:227)
	at org.springframework.security.web.ObservationFilterChainDecorator$VirtualFilterChain.doFilter(ObservationFilterChainDecorator.java:137)
	at org.springframework.security.web.context.SecurityContextHolderFilter.doFilter(SecurityContextHolderFilter.java:82)
	at org.springframework.security.web.context.SecurityContextHolderFilter.doFilter(SecurityContextHolderFilter.java:69)
	at org.springframework.security.web.ObservationFilterChainDecorator$ObservationFilter.wrapFilter(ObservationFilterChainDecorator.java:240)
	at org.springframework.security.web.ObservationFilterChainDecorator$ObservationFilter.doFilter(ObservationFilterChainDecorator.java:227)
	at org.springframework.security.web.ObservationFilterChainDecorator$VirtualFilterChain.doFilter(ObservationFilterChainDecorator.java:137)
	at org.springframework.security.web.context.request.async.WebAsyncManagerIntegrationFilter.doFilterInternal(WebAsyncManagerIntegrationFilter.java:62)
	at org.springframework.web.filter.OncePerRequestFilter.doFilter(OncePerRequestFilter.java:116)
	at org.springframework.security.web.ObservationFilterChainDecorator$ObservationFilter.wrapFilter(ObservationFilterChainDecorator.java:240)
	at org.springframework.security.web.ObservationFilterChainDecorator$ObservationFilter.doFilter(ObservationFilterChainDecorator.java:227)
	at org.springframework.security.web.ObservationFilterChainDecorator$VirtualFilterChain.doFilter(ObservationFilterChainDecorator.java:137)
	at org.springframework.security.web.session.DisableEncodeUrlFilter.doFilterInternal(DisableEncodeUrlFilter.java:42)
	at org.springframework.web.filter.OncePerRequestFilter.doFilter(OncePerRequestFilter.java:116)
	at org.springframework.security.web.ObservationFilterChainDecorator$ObservationFilter.wrapFilter(ObservationFilterChainDecorator.java:240)
	at org.springframework.security.web.ObservationFilterChainDecorator$AroundFilterObservation$SimpleAroundFilterObservation.lambda$wrap$0(ObservationFilterChainDecorator.java:323)
	at org.springframework.security.web.ObservationFilterChainDecorator$ObservationFilter.doFilter(ObservationFilterChainDecorator.java:224)
	at org.springframework.security.web.ObservationFilterChainDecorator$VirtualFilterChain.doFilter(ObservationFilterChainDecorator.java:137)
	at org.springframework.security.web.FilterChainProxy.doFilterInternal(FilterChainProxy.java:233)
	at org.springframework.security.web.FilterChainProxy.doFilter(FilterChainProxy.java:191)
	at org.springframework.web.filter.CompositeFilter$VirtualFilterChain.doFilter(CompositeFilter.java:113)
	at org.springframework.web.filter.ServletRequestPathFilter.doFilter(ServletRequestPathFilter.java:52)
	at org.springframework.web.filter.CompositeFilter$VirtualFilterChain.doFilter(CompositeFilter.java:113)
	at org.springframework.web.filter.CompositeFilter.doFilter(CompositeFilter.java:74)
	at org.springframework.security.config.annotation.web.configuration.WebSecurityConfiguration$CompositeFilterChainProxy.doFilter(WebSecurityConfiguration.java:319)
	at org.springframework.web.filter.CompositeFilter$VirtualFilterChain.doFilter(CompositeFilter.java:113)
	at org.springframework.web.servlet.handler.HandlerMappingIntrospector.lambda$createCacheFilter$3(HandlerMappingIntrospector.java:243)
	at org.springframework.web.filter.CompositeFilter$VirtualFilterChain.doFilter(CompositeFilter.java:113)
	at org.springframework.web.filter.CompositeFilter.doFilter(CompositeFilter.java:74)
	at org.springframework.security.config.annotation.web.configuration.WebMvcSecurityConfiguration$CompositeFilterChainProxy.doFilter(WebMvcSecurityConfiguration.java:240)
	at org.springframework.web.filter.DelegatingFilterProxy.invokeDelegate(DelegatingFilterProxy.java:362)
	at org.springframework.web.filter.DelegatingFilterProxy.doFilter(DelegatingFilterProxy.java:278)
	at org.apache.catalina.core.ApplicationFilterChain.internalDoFilter(ApplicationFilterChain.java:164)
	at org.apache.catalina.core.ApplicationFilterChain.doFilter(ApplicationFilterChain.java:140)
	at org.springframework.web.filter.RequestContextFilter.doFilterInternal(RequestContextFilter.java:100)
	at org.springframework.web.filter.OncePerRequestFilter.doFilter(OncePerRequestFilter.java:116)
	at org.apache.catalina.core.ApplicationFilterChain.internalDoFilter(ApplicationFilterChain.java:164)
	at org.apache.catalina.core.ApplicationFilterChain.doFilter(ApplicationFilterChain.java:140)
	at org.springframework.web.filter.FormContentFilter.doFilterInternal(FormContentFilter.java:93)
	at org.springframework.web.filter.OncePerRequestFilter.doFilter(OncePerRequestFilter.java:116)
	at org.apache.catalina.core.ApplicationFilterChain.internalDoFilter(ApplicationFilterChain.java:164)
	at org.apache.catalina.core.ApplicationFilterChain.doFilter(ApplicationFilterChain.java:140)
	at org.springframework.web.filter.ServerHttpObservationFilter.doFilterInternal(ServerHttpObservationFilter.java:114)
	at org.springframework.web.filter.OncePerRequestFilter.doFilter(OncePerRequestFilter.java:116)
	at org.apache.catalina.core.ApplicationFilterChain.internalDoFilter(ApplicationFilterChain.java:164)
	at org.apache.catalina.core.ApplicationFilterChain.doFilter(ApplicationFilterChain.java:140)
	at org.springframework.web.filter.CharacterEncodingFilter.doFilterInternal(CharacterEncodingFilter.java:201)
	at org.springframework.web.filter.OncePerRequestFilter.doFilter(OncePerRequestFilter.java:116)
	at org.apache.catalina.core.ApplicationFilterChain.internalDoFilter(ApplicationFilterChain.java:164)
	at org.apache.catalina.core.ApplicationFilterChain.doFilter(ApplicationFilterChain.java:140)
	at org.apache.catalina.core.StandardWrapperValve.invoke(StandardWrapperValve.java:167)
	at org.apache.catalina.core.StandardContextValve.invoke(StandardContextValve.java:90)
	at org.apache.catalina.authenticator.AuthenticatorBase.invoke(AuthenticatorBase.java:483)
	at org.apache.catalina.core.StandardHostValve.invoke(StandardHostValve.java:116)
	at org.apache.catalina.valves.ErrorReportValve.invoke(ErrorReportValve.java:93)
	at org.apache.catalina.core.StandardEngineValve.invoke(StandardEngineValve.java:74)
	at org.apache.catalina.connector.CoyoteAdapter.service(CoyoteAdapter.java:344)
	at org.apache.coyote.http11.Http11Processor.service(Http11Processor.java:398)
	at org.apache.coyote.AbstractProcessorLight.process(AbstractProcessorLight.java:63)
	at org.apache.coyote.AbstractProtocol$ConnectionHandler.process(AbstractProtocol.java:903)
	at org.apache.tomcat.util.net.NioEndpoint$SocketProcessor.doRun(NioEndpoint.java:1740)
	at org.apache.tomcat.util.net.SocketProcessorBase.run(SocketProcessorBase.java:52)
	at org.apache.tomcat.util.threads.ThreadPoolExecutor.runWorker(ThreadPoolExecutor.java:1189)
	at org.apache.tomcat.util.threads.ThreadPoolExecutor$Worker.run(ThreadPoolExecutor.java:658)
	at org.apache.tomcat.util.threads.TaskThread$WrappingRunnable.run(TaskThread.java:63)
	at java.base/java.lang.Thread.run(Thread.java:842)
2026-03-22 18:27:46 DEBUG [http-nio-8080-exec-4] o.s.security.web.FilterChainProxy - Securing PATCH /error?reason=Prueba
2026-03-22 18:27:46 TRACE [http-nio-8080-exec-4] o.s.s.w.a.logout.LogoutFilter - Did not match request to Or [Ant [pattern='/logout', GET], Ant [pattern='/logout', POST], Ant [pattern='/logout', PUT], Ant [pattern='/logout', DELETE]]
2026-03-22 18:27:46 TRACE [http-nio-8080-exec-4] o.s.s.w.a.AnonymousAuthenticationFilter - Set SecurityContextHolder to AnonymousAuthenticationToken [Principal=anonymousUser, Credentials=[PROTECTED], Authenticated=true, Details=WebAuthenticationDetails [RemoteIpAddress=0:0:0:0:0:0:0:1, SessionId=null], Granted Authorities=[ROLE_ANONYMOUS]]
2026-03-22 18:27:46 DEBUG [http-nio-8080-exec-4] o.s.s.w.a.Http403ForbiddenEntryPoint - Pre-authenticated entry point called. Rejecting access
2026-03-22 18:29:09 DEBUG [http-nio-8080-exec-10] o.s.security.web.FilterChainProxy - Securing PATCH /api/v1/users/2/deactivate?reason=Prueba
2026-03-22 18:29:09 TRACE [http-nio-8080-exec-10] o.s.s.w.a.logout.LogoutFilter - Did not match request to Or [Ant [pattern='/logout', GET], Ant [pattern='/logout', POST], Ant [pattern='/logout', PUT], Ant [pattern='/logout', DELETE]]
2026-03-22 18:29:09 TRACE [http-nio-8080-exec-10] o.s.s.w.a.AnonymousAuthenticationFilter - Did not set SecurityContextHolder since already authenticated UsernamePasswordAuthenticationToken [Principal=com.example.ClinicaDefinitiva.infrastructure.security.adapter.CustomUserDetails@1dd953d7, Credentials=[PROTECTED], Authenticated=true, Details=null, Granted Authorities=[UPDATE_COMPANY, UPDATE_INVOICE, CREATE_ASSIGNMENT, UPDATE_GUARDIAN, CLONE_ROLE_ROLE, CANCEL_APPOINTMENT, UPDATE_JOURNAL_ENTRY, REVERSE_JOURNAL_ENTRY, CREATE_CONTRACT, DELETE_APPOINTMENT, RESCHEDULE_APPOINTMENT, SET_PERMISSIONS_ROLE, CREATE_PATIENT, READ_USER_IDENTITY, IS_CURRENTLY_ACTIVE_ASSIGNMENT, READ_RATE, ACTIVATE_ROLE_ROLE, DELETE_ROLE_ROLE, READ_APPOINTMENT, READ_DENTIST, CREATE_COMPANY, VIEW_ROLE_ROLE, SCHEDULE_APPOINTMENT, ROLE_RECEPTIONIST, DELETE_INVOICE, CREATE_CUSTOM_ROLE_ROLE, UPDATE_PAYMENT, CREATE_DENTIST, CHECK_PERMISSION_ROLE, READ_PATIENT, READ_ADMINISTRATIVE_REPORT, CREATE_APPOINTMENT, VIEW_ASSIGNMENT_ASSIGNMENT, READ_CONTRACT, DELETE_ADMINISTRATIVE_REPORT, DEACTIVATE_USER_IDENTITY, REVERSE_INVOICE, DEACTIVATE_ROLE_ROLE, APPROVE_INVOICE, READ_PROVIDED_SERVICE, REVOKE_ASSIGNMENT, READ_AVAILABILITY, READ_RECEPTIONIST, DELETE_RATE, UPDATE_PRIMARY_ASSIGNMENT, UPDATE_DENTIST, CREATE_USER_IDENTITY, DELETE_CONTRACT, DELETE_PAYMENT, DELETE_ASSIGNMENT, READ_COMPANY, UPDATE_ADMINISTRATIVE_REPORT, REMOVE_PERMISSION_ROLE, CREATE_PAYMENT, UPDATE_USER_IDENTITY, ADD_PERMISSION_ROLE, READ_GUARDIAN, UPDATE_CONTRACT, DELETE_COMPANY, IS_ACTIVE_AT_ASSIGNMENT, DELETE_DENTIST, READ_ASSIGNMENT, POST_INVOICE, REVOKE_ALL_ASSIGNMENT, CREATE_JOURNAL_ENTRY, CREATE_ADMINISTRATIVE_REPORT, UPDATE_ASSIGNMENT, READ_SHIFT, POST_JOURNAL_ENTRY, CREATE_GUARDIAN, ROLE_ADMINISTRATOR, CREATE_TEMPORARY_ASSIGNMENT, READ_PAYMENT, CREATE_RATE, EXTEND_ASSIGNMENT_ASSIGNMENT, READ_INVOICE, REACTIVATE_USER_IDENTITY, UPDATE_APPOINTMENT, UPDATE_RATE, DELETE_JOURNAL_ENTRY, CREATE_SHIFT, READ_JOURNAL_ENTRY, MARK_DELETED_ROLE_ROLE, CREATE_INVOICE, UPDATE_SHIFT, SUSPEND_ROLE_ROLE, UPDATE_PATIENT, UPDATE_PROVIDED_SERVICE, SUSPEND_USER_IDENTITY]]
2026-03-22 18:29:09 TRACE [http-nio-8080-exec-10] o.s.s.w.a.s.CompositeSessionAuthenticationStrategy - Preparing session with ChangeSessionIdAuthenticationStrategy (1/1)
2026-03-22 18:29:09 DEBUG [http-nio-8080-exec-10] o.s.security.web.FilterChainProxy - Secured PATCH /api/v1/users/2/deactivate?reason=Prueba
2026-03-22 18:29:09 DEBUG [http-nio-8080-exec-10] o.s.web.servlet.DispatcherServlet - PATCH "/api/v1/users/2/deactivate?reason=Prueba", parameters={masked}
2026-03-22 18:29:09 DEBUG [http-nio-8080-exec-10] o.s.w.s.m.m.a.RequestMappingHandlerMapping - Mapped to com.example.ClinicaDefinitiva.infrastructure.rest.controller.authentication.UserIdentityController#deactivate(Long, String, CustomUserDetails)
2026-03-22 18:29:09 DEBUG [http-nio-8080-exec-10] o.s.web.servlet.DispatcherServlet - Failed to complete request: com.example.ClinicaDefinitiva.domain.exceptions.AggregateBusinessRuleViolationException: El usuario activo debe estar verificado para realizar acciones sensibles
2026-03-22 18:29:09 ERROR [http-nio-8080-exec-10] o.a.c.c.C.[.[.[.[dispatcherServlet] - Servlet.service() for servlet [dispatcherServlet] in context with path [] threw exception [Request processing failed: com.example.ClinicaDefinitiva.domain.exceptions.AggregateBusinessRuleViolationException: El usuario activo debe estar verificado para realizar acciones sensibles] with root cause
com.example.ClinicaDefinitiva.domain.exceptions.AggregateBusinessRuleViolationException: El usuario activo debe estar verificado para realizar acciones sensibles
	at com.example.ClinicaDefinitiva.application.service.authentication.UserIdentityApplicationService.deactivate(UserIdentityApplicationService.java:289)
	at java.base/jdk.internal.reflect.NativeMethodAccessorImpl.invoke0(Native Method)
	at java.base/jdk.internal.reflect.NativeMethodAccessorImpl.invoke(NativeMethodAccessorImpl.java:77)
	at java.base/jdk.internal.reflect.DelegatingMethodAccessorImpl.invoke(DelegatingMethodAccessorImpl.java:43)
	at java.base/java.lang.reflect.Method.invoke(Method.java:568)
	at org.springframework.aop.support.AopUtils.invokeJoinpointUsingReflection(AopUtils.java:359)
	at org.springframework.aop.framework.ReflectiveMethodInvocation.invokeJoinpoint(ReflectiveMethodInvocation.java:196)
	at org.springframework.aop.framework.ReflectiveMethodInvocation.proceed(ReflectiveMethodInvocation.java:163)
	at org.springframework.aop.aspectj.MethodInvocationProceedingJoinPoint.proceed(MethodInvocationProceedingJoinPoint.java:89)
	at com.example.ClinicaDefinitiva.infrastructure.security.config.AuthorizationAspect.checkPermission(AuthorizationAspect.java:76)
	at java.base/jdk.internal.reflect.NativeMethodAccessorImpl.invoke0(Native Method)
	at java.base/jdk.internal.reflect.NativeMethodAccessorImpl.invoke(NativeMethodAccessorImpl.java:77)
	at java.base/jdk.internal.reflect.DelegatingMethodAccessorImpl.invoke(DelegatingMethodAccessorImpl.java:43)
	at java.base/java.lang.reflect.Method.invoke(Method.java:568)
	at org.springframework.aop.aspectj.AbstractAspectJAdvice.invokeAdviceMethodWithGivenArgs(AbstractAspectJAdvice.java:642)
	at org.springframework.aop.aspectj.AbstractAspectJAdvice.invokeAdviceMethod(AbstractAspectJAdvice.java:632)
	at org.springframework.aop.aspectj.AspectJAroundAdvice.invoke(AspectJAroundAdvice.java:71)
	at org.springframework.aop.framework.ReflectiveMethodInvocation.proceed(ReflectiveMethodInvocation.java:173)
	at org.springframework.transaction.interceptor.TransactionAspectSupport.invokeWithinTransaction(TransactionAspectSupport.java:380)
	at org.springframework.transaction.interceptor.TransactionInterceptor.invoke(TransactionInterceptor.java:119)
	at org.springframework.aop.framework.ReflectiveMethodInvocation.proceed(ReflectiveMethodInvocation.java:184)
	at org.springframework.aop.interceptor.ExposeInvocationInterceptor.invoke(ExposeInvocationInterceptor.java:97)
	at org.springframework.aop.framework.ReflectiveMethodInvocation.proceed(ReflectiveMethodInvocation.java:184)
	at org.springframework.aop.framework.CglibAopProxy$DynamicAdvisedInterceptor.intercept(CglibAopProxy.java:728)
	at com.example.ClinicaDefinitiva.application.service.authentication.UserIdentityApplicationService$$SpringCGLIB$$0.deactivate(<generated>)
	at com.example.ClinicaDefinitiva.infrastructure.rest.controller.authentication.UserIdentityController.deactivate(UserIdentityController.java:181)
	at java.base/jdk.internal.reflect.NativeMethodAccessorImpl.invoke0(Native Method)
	at java.base/jdk.internal.reflect.NativeMethodAccessorImpl.invoke(NativeMethodAccessorImpl.java:77)
	at java.base/jdk.internal.reflect.DelegatingMethodAccessorImpl.invoke(DelegatingMethodAccessorImpl.java:43)
	at java.base/java.lang.reflect.Method.invoke(Method.java:568)
	at org.springframework.aop.support.AopUtils.invokeJoinpointUsingReflection(AopUtils.java:359)
	at org.springframework.aop.framework.ReflectiveMethodInvocation.invokeJoinpoint(ReflectiveMethodInvocation.java:196)
	at org.springframework.aop.framework.ReflectiveMethodInvocation.proceed(ReflectiveMethodInvocation.java:163)
	at org.springframework.validation.beanvalidation.MethodValidationInterceptor.invoke(MethodValidationInterceptor.java:174)
	at org.springframework.aop.framework.ReflectiveMethodInvocation.proceed(ReflectiveMethodInvocation.java:184)
	at org.springframework.aop.framework.CglibAopProxy$DynamicAdvisedInterceptor.intercept(CglibAopProxy.java:728)
	at com.example.ClinicaDefinitiva.infrastructure.rest.controller.authentication.UserIdentityController$$SpringCGLIB$$0.deactivate(<generated>)
	at java.base/jdk.internal.reflect.NativeMethodAccessorImpl.invoke0(Native Method)
	at java.base/jdk.internal.reflect.NativeMethodAccessorImpl.invoke(NativeMethodAccessorImpl.java:77)
	at java.base/jdk.internal.reflect.DelegatingMethodAccessorImpl.invoke(DelegatingMethodAccessorImpl.java:43)
	at java.base/java.lang.reflect.Method.invoke(Method.java:568)
	at org.springframework.web.method.support.InvocableHandlerMethod.doInvoke(InvocableHandlerMethod.java:258)
	at org.springframework.web.method.support.InvocableHandlerMethod.invokeForRequest(InvocableHandlerMethod.java:191)
	at org.springframework.web.servlet.mvc.method.annotation.ServletInvocableHandlerMethod.invokeAndHandle(ServletInvocableHandlerMethod.java:118)
	at org.springframework.web.servlet.mvc.method.annotation.RequestMappingHandlerAdapter.invokeHandlerMethod(RequestMappingHandlerAdapter.java:986)
	at org.springframework.web.servlet.mvc.method.annotation.RequestMappingHandlerAdapter.handleInternal(RequestMappingHandlerAdapter.java:891)
	at org.springframework.web.servlet.mvc.method.AbstractHandlerMethodAdapter.handle(AbstractHandlerMethodAdapter.java:87)
	at org.springframework.web.servlet.DispatcherServlet.doDispatch(DispatcherServlet.java:1089)
	at org.springframework.web.servlet.DispatcherServlet.doService(DispatcherServlet.java:979)
	at org.springframework.web.servlet.FrameworkServlet.processRequest(FrameworkServlet.java:1014)
	at org.springframework.web.servlet.FrameworkServlet.service(FrameworkServlet.java:888)
	at jakarta.servlet.http.HttpServlet.service(HttpServlet.java:658)
	at org.apache.catalina.core.ApplicationFilterChain.internalDoFilter(ApplicationFilterChain.java:195)
	at org.apache.catalina.core.ApplicationFilterChain.doFilter(ApplicationFilterChain.java:140)
	at org.apache.tomcat.websocket.server.WsFilter.doFilter(WsFilter.java:51)
	at org.apache.catalina.core.ApplicationFilterChain.internalDoFilter(ApplicationFilterChain.java:164)
	at org.apache.catalina.core.ApplicationFilterChain.doFilter(ApplicationFilterChain.java:140)
	at com.example.ClinicaDefinitiva.util.RequestIdFilter.doFilterInternal(RequestIdFilter.java:76)
	at org.springframework.web.filter.OncePerRequestFilter.doFilter(OncePerRequestFilter.java:116)
	at org.apache.catalina.core.ApplicationFilterChain.internalDoFilter(ApplicationFilterChain.java:164)
	at org.apache.catalina.core.ApplicationFilterChain.doFilter(ApplicationFilterChain.java:140)
	at org.springframework.web.filter.CompositeFilter$VirtualFilterChain.doFilter(CompositeFilter.java:108)
	at org.springframework.web.filter.CompositeFilter$VirtualFilterChain.doFilter(CompositeFilter.java:108)
	at org.springframework.security.web.FilterChainProxy.lambda$doFilterInternal$3(FilterChainProxy.java:231)
	at org.springframework.security.web.ObservationFilterChainDecorator$FilterObservation$SimpleFilterObservation.lambda$wrap$1(ObservationFilterChainDecorator.java:479)
	at org.springframework.security.web.ObservationFilterChainDecorator$AroundFilterObservation$SimpleAroundFilterObservation.lambda$wrap$1(ObservationFilterChainDecorator.java:340)
	at org.springframework.security.web.ObservationFilterChainDecorator.lambda$wrapSecured$0(ObservationFilterChainDecorator.java:82)
	at org.springframework.security.web.ObservationFilterChainDecorator$VirtualFilterChain.doFilter(ObservationFilterChainDecorator.java:128)
	at org.springframework.security.web.access.intercept.AuthorizationFilter.doFilter(AuthorizationFilter.java:101)
	at org.springframework.security.web.ObservationFilterChainDecorator$ObservationFilter.wrapFilter(ObservationFilterChainDecorator.java:240)
	at org.springframework.security.web.ObservationFilterChainDecorator$ObservationFilter.doFilter(ObservationFilterChainDecorator.java:227)
	at org.springframework.security.web.ObservationFilterChainDecorator$VirtualFilterChain.doFilter(ObservationFilterChainDecorator.java:137)
	at org.springframework.security.web.access.ExceptionTranslationFilter.doFilter(ExceptionTranslationFilter.java:125)
	at org.springframework.security.web.access.ExceptionTranslationFilter.doFilter(ExceptionTranslationFilter.java:119)
	at org.springframework.security.web.ObservationFilterChainDecorator$ObservationFilter.wrapFilter(ObservationFilterChainDecorator.java:240)
	at org.springframework.security.web.ObservationFilterChainDecorator$ObservationFilter.doFilter(ObservationFilterChainDecorator.java:227)
	at org.springframework.security.web.ObservationFilterChainDecorator$VirtualFilterChain.doFilter(ObservationFilterChainDecorator.java:137)
	at org.springframework.security.web.session.SessionManagementFilter.doFilter(SessionManagementFilter.java:131)
	at org.springframework.security.web.session.SessionManagementFilter.doFilter(SessionManagementFilter.java:85)
	at org.springframework.security.web.ObservationFilterChainDecorator$ObservationFilter.wrapFilter(ObservationFilterChainDecorator.java:240)
	at org.springframework.security.web.ObservationFilterChainDecorator$ObservationFilter.doFilter(ObservationFilterChainDecorator.java:227)
	at org.springframework.security.web.ObservationFilterChainDecorator$VirtualFilterChain.doFilter(ObservationFilterChainDecorator.java:137)
	at org.springframework.security.web.authentication.AnonymousAuthenticationFilter.doFilter(AnonymousAuthenticationFilter.java:100)
	at org.springframework.security.web.ObservationFilterChainDecorator$ObservationFilter.wrapFilter(ObservationFilterChainDecorator.java:240)
	at org.springframework.security.web.ObservationFilterChainDecorator$ObservationFilter.doFilter(ObservationFilterChainDecorator.java:227)
	at org.springframework.security.web.ObservationFilterChainDecorator$VirtualFilterChain.doFilter(ObservationFilterChainDecorator.java:137)
	at org.springframework.security.web.servletapi.SecurityContextHolderAwareRequestFilter.doFilter(SecurityContextHolderAwareRequestFilter.java:179)
	at org.springframework.security.web.ObservationFilterChainDecorator$ObservationFilter.wrapFilter(ObservationFilterChainDecorator.java:240)
	at org.springframework.security.web.ObservationFilterChainDecorator$ObservationFilter.doFilter(ObservationFilterChainDecorator.java:227)
	at org.springframework.security.web.ObservationFilterChainDecorator$VirtualFilterChain.doFilter(ObservationFilterChainDecorator.java:137)
	at org.springframework.security.web.savedrequest.RequestCacheAwareFilter.doFilter(RequestCacheAwareFilter.java:63)
	at org.springframework.security.web.ObservationFilterChainDecorator$ObservationFilter.wrapFilter(ObservationFilterChainDecorator.java:240)
	at org.springframework.security.web.ObservationFilterChainDecorator$ObservationFilter.doFilter(ObservationFilterChainDecorator.java:227)
	at org.springframework.security.web.ObservationFilterChainDecorator$VirtualFilterChain.doFilter(ObservationFilterChainDecorator.java:137)
	at com.example.ClinicaDefinitiva.infrastructure.security.filter.JwtAuthenticationFilter.doFilterInternal(JwtAuthenticationFilter.java:40)
	at org.springframework.web.filter.OncePerRequestFilter.doFilter(OncePerRequestFilter.java:116)
	at org.springframework.security.web.ObservationFilterChainDecorator$ObservationFilter.wrapFilter(ObservationFilterChainDecorator.java:240)
	at org.springframework.security.web.ObservationFilterChainDecorator$ObservationFilter.doFilter(ObservationFilterChainDecorator.java:227)
	at org.springframework.security.web.ObservationFilterChainDecorator$VirtualFilterChain.doFilter(ObservationFilterChainDecorator.java:137)
	at org.springframework.security.web.authentication.logout.LogoutFilter.doFilter(LogoutFilter.java:107)
	at org.springframework.security.web.authentication.logout.LogoutFilter.doFilter(LogoutFilter.java:93)
	at org.springframework.security.web.ObservationFilterChainDecorator$ObservationFilter.wrapFilter(ObservationFilterChainDecorator.java:240)
	at org.springframework.security.web.ObservationFilterChainDecorator$ObservationFilter.doFilter(ObservationFilterChainDecorator.java:227)
	at org.springframework.security.web.ObservationFilterChainDecorator$VirtualFilterChain.doFilter(ObservationFilterChainDecorator.java:137)
	at org.springframework.security.web.header.HeaderWriterFilter.doHeadersAfter(HeaderWriterFilter.java:90)
	at org.springframework.security.web.header.HeaderWriterFilter.doFilterInternal(HeaderWriterFilter.java:75)
	at org.springframework.web.filter.OncePerRequestFilter.doFilter(OncePerRequestFilter.java:116)
	at org.springframework.security.web.ObservationFilterChainDecorator$ObservationFilter.wrapFilter(ObservationFilterChainDecorator.java:240)
	at org.springframework.security.web.ObservationFilterChainDecorator$ObservationFilter.doFilter(ObservationFilterChainDecorator.java:227)
	at org.springframework.security.web.ObservationFilterChainDecorator$VirtualFilterChain.doFilter(ObservationFilterChainDecorator.java:137)
	at org.springframework.security.web.context.SecurityContextHolderFilter.doFilter(SecurityContextHolderFilter.java:82)
	at org.springframework.security.web.context.SecurityContextHolderFilter.doFilter(SecurityContextHolderFilter.java:69)
	at org.springframework.security.web.ObservationFilterChainDecorator$ObservationFilter.wrapFilter(ObservationFilterChainDecorator.java:240)
	at org.springframework.security.web.ObservationFilterChainDecorator$ObservationFilter.doFilter(ObservationFilterChainDecorator.java:227)
	at org.springframework.security.web.ObservationFilterChainDecorator$VirtualFilterChain.doFilter(ObservationFilterChainDecorator.java:137)
	at org.springframework.security.web.context.request.async.WebAsyncManagerIntegrationFilter.doFilterInternal(WebAsyncManagerIntegrationFilter.java:62)
	at org.springframework.web.filter.OncePerRequestFilter.doFilter(OncePerRequestFilter.java:116)
	at org.springframework.security.web.ObservationFilterChainDecorator$ObservationFilter.wrapFilter(ObservationFilterChainDecorator.java:240)
	at org.springframework.security.web.ObservationFilterChainDecorator$ObservationFilter.doFilter(ObservationFilterChainDecorator.java:227)
	at org.springframework.security.web.ObservationFilterChainDecorator$VirtualFilterChain.doFilter(ObservationFilterChainDecorator.java:137)
	at org.springframework.security.web.session.DisableEncodeUrlFilter.doFilterInternal(DisableEncodeUrlFilter.java:42)
	at org.springframework.web.filter.OncePerRequestFilter.doFilter(OncePerRequestFilter.java:116)
	at org.springframework.security.web.ObservationFilterChainDecorator$ObservationFilter.wrapFilter(ObservationFilterChainDecorator.java:240)
	at org.springframework.security.web.ObservationFilterChainDecorator$AroundFilterObservation$SimpleAroundFilterObservation.lambda$wrap$0(ObservationFilterChainDecorator.java:323)
	at org.springframework.security.web.ObservationFilterChainDecorator$ObservationFilter.doFilter(ObservationFilterChainDecorator.java:224)
	at org.springframework.security.web.ObservationFilterChainDecorator$VirtualFilterChain.doFilter(ObservationFilterChainDecorator.java:137)
	at org.springframework.security.web.FilterChainProxy.doFilterInternal(FilterChainProxy.java:233)
	at org.springframework.security.web.FilterChainProxy.doFilter(FilterChainProxy.java:191)
	at org.springframework.web.filter.CompositeFilter$VirtualFilterChain.doFilter(CompositeFilter.java:113)
	at org.springframework.web.filter.ServletRequestPathFilter.doFilter(ServletRequestPathFilter.java:52)
	at org.springframework.web.filter.CompositeFilter$VirtualFilterChain.doFilter(CompositeFilter.java:113)
	at org.springframework.web.filter.CompositeFilter.doFilter(CompositeFilter.java:74)
	at org.springframework.security.config.annotation.web.configuration.WebSecurityConfiguration$CompositeFilterChainProxy.doFilter(WebSecurityConfiguration.java:319)
	at org.springframework.web.filter.CompositeFilter$VirtualFilterChain.doFilter(CompositeFilter.java:113)
	at org.springframework.web.servlet.handler.HandlerMappingIntrospector.lambda$createCacheFilter$3(HandlerMappingIntrospector.java:243)
	at org.springframework.web.filter.CompositeFilter$VirtualFilterChain.doFilter(CompositeFilter.java:113)
	at org.springframework.web.filter.CompositeFilter.doFilter(CompositeFilter.java:74)
	at org.springframework.security.config.annotation.web.configuration.WebMvcSecurityConfiguration$CompositeFilterChainProxy.doFilter(WebMvcSecurityConfiguration.java:240)
	at org.springframework.web.filter.DelegatingFilterProxy.invokeDelegate(DelegatingFilterProxy.java:362)
	at org.springframework.web.filter.DelegatingFilterProxy.doFilter(DelegatingFilterProxy.java:278)
	at org.apache.catalina.core.ApplicationFilterChain.internalDoFilter(ApplicationFilterChain.java:164)
	at org.apache.catalina.core.ApplicationFilterChain.doFilter(ApplicationFilterChain.java:140)
	at org.springframework.web.filter.RequestContextFilter.doFilterInternal(RequestContextFilter.java:100)
	at org.springframework.web.filter.OncePerRequestFilter.doFilter(OncePerRequestFilter.java:116)
	at org.apache.catalina.core.ApplicationFilterChain.internalDoFilter(ApplicationFilterChain.java:164)
	at org.apache.catalina.core.ApplicationFilterChain.doFilter(ApplicationFilterChain.java:140)
	at org.springframework.web.filter.FormContentFilter.doFilterInternal(FormContentFilter.java:93)
	at org.springframework.web.filter.OncePerRequestFilter.doFilter(OncePerRequestFilter.java:116)
	at org.apache.catalina.core.ApplicationFilterChain.internalDoFilter(ApplicationFilterChain.java:164)
	at org.apache.catalina.core.ApplicationFilterChain.doFilter(ApplicationFilterChain.java:140)
	at org.springframework.web.filter.ServerHttpObservationFilter.doFilterInternal(ServerHttpObservationFilter.java:114)
	at org.springframework.web.filter.OncePerRequestFilter.doFilter(OncePerRequestFilter.java:116)
	at org.apache.catalina.core.ApplicationFilterChain.internalDoFilter(ApplicationFilterChain.java:164)
	at org.apache.catalina.core.ApplicationFilterChain.doFilter(ApplicationFilterChain.java:140)
	at org.springframework.web.filter.CharacterEncodingFilter.doFilterInternal(CharacterEncodingFilter.java:201)
	at org.springframework.web.filter.OncePerRequestFilter.doFilter(OncePerRequestFilter.java:116)
	at org.apache.catalina.core.ApplicationFilterChain.internalDoFilter(ApplicationFilterChain.java:164)
	at org.apache.catalina.core.ApplicationFilterChain.doFilter(ApplicationFilterChain.java:140)
	at org.apache.catalina.core.StandardWrapperValve.invoke(StandardWrapperValve.java:167)
	at org.apache.catalina.core.StandardContextValve.invoke(StandardContextValve.java:90)
	at org.apache.catalina.authenticator.AuthenticatorBase.invoke(AuthenticatorBase.java:483)
	at org.apache.catalina.core.StandardHostValve.invoke(StandardHostValve.java:116)
	at org.apache.catalina.valves.ErrorReportValve.invoke(ErrorReportValve.java:93)
	at org.apache.catalina.core.StandardEngineValve.invoke(StandardEngineValve.java:74)
	at org.apache.catalina.connector.CoyoteAdapter.service(CoyoteAdapter.java:344)
	at org.apache.coyote.http11.Http11Processor.service(Http11Processor.java:398)
	at org.apache.coyote.AbstractProcessorLight.process(AbstractProcessorLight.java:63)
	at org.apache.coyote.AbstractProtocol$ConnectionHandler.process(AbstractProtocol.java:903)
	at org.apache.tomcat.util.net.NioEndpoint$SocketProcessor.doRun(NioEndpoint.java:1740)
	at org.apache.tomcat.util.net.SocketProcessorBase.run(SocketProcessorBase.java:52)
	at org.apache.tomcat.util.threads.ThreadPoolExecutor.runWorker(ThreadPoolExecutor.java:1189)
	at org.apache.tomcat.util.threads.ThreadPoolExecutor$Worker.run(ThreadPoolExecutor.java:658)
	at org.apache.tomcat.util.threads.TaskThread$WrappingRunnable.run(TaskThread.java:63)
	at java.base/java.lang.Thread.run(Thread.java:842)
2026-03-22 18:29:09 DEBUG [http-nio-8080-exec-10] o.s.security.web.FilterChainProxy - Securing PATCH /error?reason=Prueba
2026-03-22 18:29:09 TRACE [http-nio-8080-exec-10] o.s.s.w.a.logout.LogoutFilter - Did not match request to Or [Ant [pattern='/logout', GET], Ant [pattern='/logout', POST], Ant [pattern='/logout', PUT], Ant [pattern='/logout', DELETE]]
2026-03-22 18:29:09 TRACE [http-nio-8080-exec-10] o.s.s.w.a.AnonymousAuthenticationFilter - Set SecurityContextHolder to AnonymousAuthenticationToken [Principal=anonymousUser, Credentials=[PROTECTED], Authenticated=true, Details=WebAuthenticationDetails [RemoteIpAddress=0:0:0:0:0:0:0:1, SessionId=null], Granted Authorities=[ROLE_ANONYMOUS]]
2026-03-22 18:29:09 DEBUG [http-nio-8080-exec-10] o.s.s.w.a.Http403ForbiddenEntryPoint - Pre-authenticated entry point called. Rejecting access
2026-03-22 18:29:54 DEBUG [http-nio-8080-exec-9] o.s.security.web.FilterChainProxy - Securing POST /api/v1/auth/login
2026-03-22 18:29:54 TRACE [http-nio-8080-exec-9] o.s.s.w.a.logout.LogoutFilter - Did not match request to Or [Ant [pattern='/logout', GET], Ant [pattern='/logout', POST], Ant [pattern='/logout', PUT], Ant [pattern='/logout', DELETE]]
2026-03-22 18:29:54 TRACE [http-nio-8080-exec-9] o.s.s.w.a.AnonymousAuthenticationFilter - Set SecurityContextHolder to AnonymousAuthenticationToken [Principal=anonymousUser, Credentials=[PROTECTED], Authenticated=true, Details=WebAuthenticationDetails [RemoteIpAddress=0:0:0:0:0:0:0:1, SessionId=null], Granted Authorities=[ROLE_ANONYMOUS]]
2026-03-22 18:29:54 DEBUG [http-nio-8080-exec-9] o.s.security.web.FilterChainProxy - Secured POST /api/v1/auth/login
2026-03-22 18:29:54 DEBUG [http-nio-8080-exec-9] o.s.web.servlet.DispatcherServlet - POST "/api/v1/auth/login", parameters={}
2026-03-22 18:29:54 DEBUG [http-nio-8080-exec-9] o.s.w.s.m.m.a.RequestMappingHandlerMapping - Mapped to com.example.ClinicaDefinitiva.infrastructure.rest.controller.auth.AuthController#login(LoginRequest)
2026-03-22 18:29:54 DEBUG [http-nio-8080-exec-9] o.s.w.s.m.m.a.RequestResponseBodyMethodProcessor - Read "application/json;charset=UTF-8" to [LoginRequest[email=admin@test.com, password=admin123]]
2026-03-22 18:29:54 DEBUG [http-nio-8080-exec-9] o.s.s.a.d.DaoAuthenticationProvider - Authenticated user
2026-03-22 18:29:54 DEBUG [http-nio-8080-exec-9] o.s.w.s.m.m.a.HttpEntityMethodProcessor - Using 'application/json', given [*/*] and supported [application/json, application/*+json]
2026-03-22 18:29:54 DEBUG [http-nio-8080-exec-9] o.s.w.s.m.m.a.HttpEntityMethodProcessor - Writing [{token=eyJhbGciOiJIUzI1NiJ9.eyJzdWIiOiJhZG1pbkB0ZXN0LmNvbSIsInJvbGVzIjpbIlJPTEVfVVNFUiJdLCJpYXQiOjE3 (truncated)...]
2026-03-22 18:29:54 DEBUG [http-nio-8080-exec-9] o.s.web.servlet.DispatcherServlet - Completed 200 OK
2026-03-22 18:30:13 DEBUG [http-nio-8080-exec-1] o.s.security.web.FilterChainProxy - Securing PATCH /api/v1/users/2/deactivate?reason=Prueba
2026-03-22 18:30:13 TRACE [http-nio-8080-exec-1] o.s.s.w.a.logout.LogoutFilter - Did not match request to Or [Ant [pattern='/logout', GET], Ant [pattern='/logout', POST], Ant [pattern='/logout', PUT], Ant [pattern='/logout', DELETE]]
2026-03-22 18:30:14 TRACE [http-nio-8080-exec-1] o.s.s.w.a.AnonymousAuthenticationFilter - Did not set SecurityContextHolder since already authenticated UsernamePasswordAuthenticationToken [Principal=com.example.ClinicaDefinitiva.infrastructure.security.adapter.CustomUserDetails@538f3d37, Credentials=[PROTECTED], Authenticated=true, Details=null, Granted Authorities=[UPDATE_COMPANY, UPDATE_INVOICE, CREATE_ASSIGNMENT, UPDATE_GUARDIAN, CLONE_ROLE_ROLE, CANCEL_APPOINTMENT, UPDATE_JOURNAL_ENTRY, REVERSE_JOURNAL_ENTRY, CREATE_CONTRACT, DELETE_APPOINTMENT, RESCHEDULE_APPOINTMENT, SET_PERMISSIONS_ROLE, CREATE_PATIENT, READ_USER_IDENTITY, IS_CURRENTLY_ACTIVE_ASSIGNMENT, READ_RATE, ACTIVATE_ROLE_ROLE, DELETE_ROLE_ROLE, READ_APPOINTMENT, READ_DENTIST, CREATE_COMPANY, VIEW_ROLE_ROLE, SCHEDULE_APPOINTMENT, ROLE_RECEPTIONIST, DELETE_INVOICE, CREATE_CUSTOM_ROLE_ROLE, UPDATE_PAYMENT, CREATE_DENTIST, CHECK_PERMISSION_ROLE, READ_PATIENT, READ_ADMINISTRATIVE_REPORT, CREATE_APPOINTMENT, VIEW_ASSIGNMENT_ASSIGNMENT, READ_CONTRACT, DELETE_ADMINISTRATIVE_REPORT, DEACTIVATE_USER_IDENTITY, REVERSE_INVOICE, DEACTIVATE_ROLE_ROLE, APPROVE_INVOICE, READ_PROVIDED_SERVICE, REVOKE_ASSIGNMENT, READ_AVAILABILITY, READ_RECEPTIONIST, DELETE_RATE, UPDATE_PRIMARY_ASSIGNMENT, UPDATE_DENTIST, CREATE_USER_IDENTITY, DELETE_CONTRACT, DELETE_PAYMENT, DELETE_ASSIGNMENT, READ_COMPANY, UPDATE_ADMINISTRATIVE_REPORT, REMOVE_PERMISSION_ROLE, CREATE_PAYMENT, UPDATE_USER_IDENTITY, ADD_PERMISSION_ROLE, READ_GUARDIAN, UPDATE_CONTRACT, DELETE_COMPANY, IS_ACTIVE_AT_ASSIGNMENT, DELETE_DENTIST, READ_ASSIGNMENT, POST_INVOICE, REVOKE_ALL_ASSIGNMENT, CREATE_JOURNAL_ENTRY, CREATE_ADMINISTRATIVE_REPORT, UPDATE_ASSIGNMENT, READ_SHIFT, POST_JOURNAL_ENTRY, CREATE_GUARDIAN, ROLE_ADMINISTRATOR, CREATE_TEMPORARY_ASSIGNMENT, READ_PAYMENT, CREATE_RATE, EXTEND_ASSIGNMENT_ASSIGNMENT, READ_INVOICE, REACTIVATE_USER_IDENTITY, UPDATE_APPOINTMENT, UPDATE_RATE, DELETE_JOURNAL_ENTRY, CREATE_SHIFT, READ_JOURNAL_ENTRY, MARK_DELETED_ROLE_ROLE, CREATE_INVOICE, UPDATE_SHIFT, SUSPEND_ROLE_ROLE, UPDATE_PATIENT, UPDATE_PROVIDED_SERVICE, SUSPEND_USER_IDENTITY]]
2026-03-22 18:30:14 TRACE [http-nio-8080-exec-1] o.s.s.w.a.s.CompositeSessionAuthenticationStrategy - Preparing session with ChangeSessionIdAuthenticationStrategy (1/1)
2026-03-22 18:30:14 DEBUG [http-nio-8080-exec-1] o.s.security.web.FilterChainProxy - Secured PATCH /api/v1/users/2/deactivate?reason=Prueba
2026-03-22 18:30:14 DEBUG [http-nio-8080-exec-1] o.s.web.servlet.DispatcherServlet - PATCH "/api/v1/users/2/deactivate?reason=Prueba", parameters={masked}
2026-03-22 18:30:14 DEBUG [http-nio-8080-exec-1] o.s.w.s.m.m.a.RequestMappingHandlerMapping - Mapped to com.example.ClinicaDefinitiva.infrastructure.rest.controller.authentication.UserIdentityController#deactivate(Long, String, CustomUserDetails)
2026-03-22 18:30:15 DEBUG [http-nio-8080-exec-1] o.s.web.servlet.DispatcherServlet - Failed to complete request: com.example.ClinicaDefinitiva.domain.exceptions.AggregateBusinessRuleViolationException: El usuario activo debe estar verificado para realizar acciones sensibles
2026-03-22 18:30:15 ERROR [http-nio-8080-exec-1] o.a.c.c.C.[.[.[.[dispatcherServlet] - Servlet.service() for servlet [dispatcherServlet] in context with path [] threw exception [Request processing failed: com.example.ClinicaDefinitiva.domain.exceptions.AggregateBusinessRuleViolationException: El usuario activo debe estar verificado para realizar acciones sensibles] with root cause
com.example.ClinicaDefinitiva.domain.exceptions.AggregateBusinessRuleViolationException: El usuario activo debe estar verificado para realizar acciones sensibles
	at com.example.ClinicaDefinitiva.application.service.authentication.UserIdentityApplicationService.deactivate(UserIdentityApplicationService.java:289)
	at java.base/jdk.internal.reflect.NativeMethodAccessorImpl.invoke0(Native Method)
	at java.base/jdk.internal.reflect.NativeMethodAccessorImpl.invoke(NativeMethodAccessorImpl.java:77)
	at java.base/jdk.internal.reflect.DelegatingMethodAccessorImpl.invoke(DelegatingMethodAccessorImpl.java:43)
	at java.base/java.lang.reflect.Method.invoke(Method.java:568)
	at org.springframework.aop.support.AopUtils.invokeJoinpointUsingReflection(AopUtils.java:359)
	at org.springframework.aop.framework.ReflectiveMethodInvocation.invokeJoinpoint(ReflectiveMethodInvocation.java:196)
	at org.springframework.aop.framework.ReflectiveMethodInvocation.proceed(ReflectiveMethodInvocation.java:163)
	at org.springframework.aop.aspectj.MethodInvocationProceedingJoinPoint.proceed(MethodInvocationProceedingJoinPoint.java:89)
	at com.example.ClinicaDefinitiva.infrastructure.security.config.AuthorizationAspect.checkPermission(AuthorizationAspect.java:76)
	at java.base/jdk.internal.reflect.NativeMethodAccessorImpl.invoke0(Native Method)
	at java.base/jdk.internal.reflect.NativeMethodAccessorImpl.invoke(NativeMethodAccessorImpl.java:77)
	at java.base/jdk.internal.reflect.DelegatingMethodAccessorImpl.invoke(DelegatingMethodAccessorImpl.java:43)
	at java.base/java.lang.reflect.Method.invoke(Method.java:568)
	at org.springframework.aop.aspectj.AbstractAspectJAdvice.invokeAdviceMethodWithGivenArgs(AbstractAspectJAdvice.java:642)
	at org.springframework.aop.aspectj.AbstractAspectJAdvice.invokeAdviceMethod(AbstractAspectJAdvice.java:632)
	at org.springframework.aop.aspectj.AspectJAroundAdvice.invoke(AspectJAroundAdvice.java:71)
	at org.springframework.aop.framework.ReflectiveMethodInvocation.proceed(ReflectiveMethodInvocation.java:173)
	at org.springframework.transaction.interceptor.TransactionAspectSupport.invokeWithinTransaction(TransactionAspectSupport.java:380)
	at org.springframework.transaction.interceptor.TransactionInterceptor.invoke(TransactionInterceptor.java:119)
	at org.springframework.aop.framework.ReflectiveMethodInvocation.proceed(ReflectiveMethodInvocation.java:184)
	at org.springframework.aop.interceptor.ExposeInvocationInterceptor.invoke(ExposeInvocationInterceptor.java:97)
	at org.springframework.aop.framework.ReflectiveMethodInvocation.proceed(ReflectiveMethodInvocation.java:184)
	at org.springframework.aop.framework.CglibAopProxy$DynamicAdvisedInterceptor.intercept(CglibAopProxy.java:728)
	at com.example.ClinicaDefinitiva.application.service.authentication.UserIdentityApplicationService$$SpringCGLIB$$0.deactivate(<generated>)
	at com.example.ClinicaDefinitiva.infrastructure.rest.controller.authentication.UserIdentityController.deactivate(UserIdentityController.java:181)
	at java.base/jdk.internal.reflect.NativeMethodAccessorImpl.invoke0(Native Method)
	at java.base/jdk.internal.reflect.NativeMethodAccessorImpl.invoke(NativeMethodAccessorImpl.java:77)
	at java.base/jdk.internal.reflect.DelegatingMethodAccessorImpl.invoke(DelegatingMethodAccessorImpl.java:43)
	at java.base/java.lang.reflect.Method.invoke(Method.java:568)
	at org.springframework.aop.support.AopUtils.invokeJoinpointUsingReflection(AopUtils.java:359)
	at org.springframework.aop.framework.ReflectiveMethodInvocation.invokeJoinpoint(ReflectiveMethodInvocation.java:196)
	at org.springframework.aop.framework.ReflectiveMethodInvocation.proceed(ReflectiveMethodInvocation.java:163)
	at org.springframework.validation.beanvalidation.MethodValidationInterceptor.invoke(MethodValidationInterceptor.java:174)
	at org.springframework.aop.framework.ReflectiveMethodInvocation.proceed(ReflectiveMethodInvocation.java:184)
	at org.springframework.aop.framework.CglibAopProxy$DynamicAdvisedInterceptor.intercept(CglibAopProxy.java:728)
	at com.example.ClinicaDefinitiva.infrastructure.rest.controller.authentication.UserIdentityController$$SpringCGLIB$$0.deactivate(<generated>)
	at java.base/jdk.internal.reflect.NativeMethodAccessorImpl.invoke0(Native Method)
	at java.base/jdk.internal.reflect.NativeMethodAccessorImpl.invoke(NativeMethodAccessorImpl.java:77)
	at java.base/jdk.internal.reflect.DelegatingMethodAccessorImpl.invoke(DelegatingMethodAccessorImpl.java:43)
	at java.base/java.lang.reflect.Method.invoke(Method.java:568)
	at org.springframework.web.method.support.InvocableHandlerMethod.doInvoke(InvocableHandlerMethod.java:258)
	at org.springframework.web.method.support.InvocableHandlerMethod.invokeForRequest(InvocableHandlerMethod.java:191)
	at org.springframework.web.servlet.mvc.method.annotation.ServletInvocableHandlerMethod.invokeAndHandle(ServletInvocableHandlerMethod.java:118)
	at org.springframework.web.servlet.mvc.method.annotation.RequestMappingHandlerAdapter.invokeHandlerMethod(RequestMappingHandlerAdapter.java:986)
	at org.springframework.web.servlet.mvc.method.annotation.RequestMappingHandlerAdapter.handleInternal(RequestMappingHandlerAdapter.java:891)
	at org.springframework.web.servlet.mvc.method.AbstractHandlerMethodAdapter.handle(AbstractHandlerMethodAdapter.java:87)
	at org.springframework.web.servlet.DispatcherServlet.doDispatch(DispatcherServlet.java:1089)
	at org.springframework.web.servlet.DispatcherServlet.doService(DispatcherServlet.java:979)
	at org.springframework.web.servlet.FrameworkServlet.processRequest(FrameworkServlet.java:1014)
	at org.springframework.web.servlet.FrameworkServlet.service(FrameworkServlet.java:888)
	at jakarta.servlet.http.HttpServlet.service(HttpServlet.java:658)
	at org.apache.catalina.core.ApplicationFilterChain.internalDoFilter(ApplicationFilterChain.java:195)
	at org.apache.catalina.core.ApplicationFilterChain.doFilter(ApplicationFilterChain.java:140)
	at org.apache.tomcat.websocket.server.WsFilter.doFilter(WsFilter.java:51)
	at org.apache.catalina.core.ApplicationFilterChain.internalDoFilter(ApplicationFilterChain.java:164)
	at org.apache.catalina.core.ApplicationFilterChain.doFilter(ApplicationFilterChain.java:140)
	at com.example.ClinicaDefinitiva.util.RequestIdFilter.doFilterInternal(RequestIdFilter.java:76)
	at org.springframework.web.filter.OncePerRequestFilter.doFilter(OncePerRequestFilter.java:116)
	at org.apache.catalina.core.ApplicationFilterChain.internalDoFilter(ApplicationFilterChain.java:164)
	at org.apache.catalina.core.ApplicationFilterChain.doFilter(ApplicationFilterChain.java:140)
	at org.springframework.web.filter.CompositeFilter$VirtualFilterChain.doFilter(CompositeFilter.java:108)
	at org.springframework.web.filter.CompositeFilter$VirtualFilterChain.doFilter(CompositeFilter.java:108)
	at org.springframework.security.web.FilterChainProxy.lambda$doFilterInternal$3(FilterChainProxy.java:231)
	at org.springframework.security.web.ObservationFilterChainDecorator$FilterObservation$SimpleFilterObservation.lambda$wrap$1(ObservationFilterChainDecorator.java:479)
	at org.springframework.security.web.ObservationFilterChainDecorator$AroundFilterObservation$SimpleAroundFilterObservation.lambda$wrap$1(ObservationFilterChainDecorator.java:340)
	at org.springframework.security.web.ObservationFilterChainDecorator.lambda$wrapSecured$0(ObservationFilterChainDecorator.java:82)
	at org.springframework.security.web.ObservationFilterChainDecorator$VirtualFilterChain.doFilter(ObservationFilterChainDecorator.java:128)
	at org.springframework.security.web.access.intercept.AuthorizationFilter.doFilter(AuthorizationFilter.java:101)
	at org.springframework.security.web.ObservationFilterChainDecorator$ObservationFilter.wrapFilter(ObservationFilterChainDecorator.java:240)
	at org.springframework.security.web.ObservationFilterChainDecorator$ObservationFilter.doFilter(ObservationFilterChainDecorator.java:227)
	at org.springframework.security.web.ObservationFilterChainDecorator$VirtualFilterChain.doFilter(ObservationFilterChainDecorator.java:137)
	at org.springframework.security.web.access.ExceptionTranslationFilter.doFilter(ExceptionTranslationFilter.java:125)
	at org.springframework.security.web.access.ExceptionTranslationFilter.doFilter(ExceptionTranslationFilter.java:119)
	at org.springframework.security.web.ObservationFilterChainDecorator$ObservationFilter.wrapFilter(ObservationFilterChainDecorator.java:240)
	at org.springframework.security.web.ObservationFilterChainDecorator$ObservationFilter.doFilter(ObservationFilterChainDecorator.java:227)
	at org.springframework.security.web.ObservationFilterChainDecorator$VirtualFilterChain.doFilter(ObservationFilterChainDecorator.java:137)
	at org.springframework.security.web.session.SessionManagementFilter.doFilter(SessionManagementFilter.java:131)
	at org.springframework.security.web.session.SessionManagementFilter.doFilter(SessionManagementFilter.java:85)
	at org.springframework.security.web.ObservationFilterChainDecorator$ObservationFilter.wrapFilter(ObservationFilterChainDecorator.java:240)
	at org.springframework.security.web.ObservationFilterChainDecorator$ObservationFilter.doFilter(ObservationFilterChainDecorator.java:227)
	at org.springframework.security.web.ObservationFilterChainDecorator$VirtualFilterChain.doFilter(ObservationFilterChainDecorator.java:137)
	at org.springframework.security.web.authentication.AnonymousAuthenticationFilter.doFilter(AnonymousAuthenticationFilter.java:100)
	at org.springframework.security.web.ObservationFilterChainDecorator$ObservationFilter.wrapFilter(ObservationFilterChainDecorator.java:240)
	at org.springframework.security.web.ObservationFilterChainDecorator$ObservationFilter.doFilter(ObservationFilterChainDecorator.java:227)
	at org.springframework.security.web.ObservationFilterChainDecorator$VirtualFilterChain.doFilter(ObservationFilterChainDecorator.java:137)
	at org.springframework.security.web.servletapi.SecurityContextHolderAwareRequestFilter.doFilter(SecurityContextHolderAwareRequestFilter.java:179)
	at org.springframework.security.web.ObservationFilterChainDecorator$ObservationFilter.wrapFilter(ObservationFilterChainDecorator.java:240)
	at org.springframework.security.web.ObservationFilterChainDecorator$ObservationFilter.doFilter(ObservationFilterChainDecorator.java:227)
	at org.springframework.security.web.ObservationFilterChainDecorator$VirtualFilterChain.doFilter(ObservationFilterChainDecorator.java:137)
	at org.springframework.security.web.savedrequest.RequestCacheAwareFilter.doFilter(RequestCacheAwareFilter.java:63)
	at org.springframework.security.web.ObservationFilterChainDecorator$ObservationFilter.wrapFilter(ObservationFilterChainDecorator.java:240)
	at org.springframework.security.web.ObservationFilterChainDecorator$ObservationFilter.doFilter(ObservationFilterChainDecorator.java:227)
	at org.springframework.security.web.ObservationFilterChainDecorator$VirtualFilterChain.doFilter(ObservationFilterChainDecorator.java:137)
	at com.example.ClinicaDefinitiva.infrastructure.security.filter.JwtAuthenticationFilter.doFilterInternal(JwtAuthenticationFilter.java:40)
	at org.springframework.web.filter.OncePerRequestFilter.doFilter(OncePerRequestFilter.java:116)
	at org.springframework.security.web.ObservationFilterChainDecorator$ObservationFilter.wrapFilter(ObservationFilterChainDecorator.java:240)
	at org.springframework.security.web.ObservationFilterChainDecorator$ObservationFilter.doFilter(ObservationFilterChainDecorator.java:227)
	at org.springframework.security.web.ObservationFilterChainDecorator$VirtualFilterChain.doFilter(ObservationFilterChainDecorator.java:137)
	at org.springframework.security.web.authentication.logout.LogoutFilter.doFilter(LogoutFilter.java:107)
	at org.springframework.security.web.authentication.logout.LogoutFilter.doFilter(LogoutFilter.java:93)
	at org.springframework.security.web.ObservationFilterChainDecorator$ObservationFilter.wrapFilter(ObservationFilterChainDecorator.java:240)
	at org.springframework.security.web.ObservationFilterChainDecorator$ObservationFilter.doFilter(ObservationFilterChainDecorator.java:227)
	at org.springframework.security.web.ObservationFilterChainDecorator$VirtualFilterChain.doFilter(ObservationFilterChainDecorator.java:137)
	at org.springframework.security.web.header.HeaderWriterFilter.doHeadersAfter(HeaderWriterFilter.java:90)
	at org.springframework.security.web.header.HeaderWriterFilter.doFilterInternal(HeaderWriterFilter.java:75)
	at org.springframework.web.filter.OncePerRequestFilter.doFilter(OncePerRequestFilter.java:116)
	at org.springframework.security.web.ObservationFilterChainDecorator$ObservationFilter.wrapFilter(ObservationFilterChainDecorator.java:240)
	at org.springframework.security.web.ObservationFilterChainDecorator$ObservationFilter.doFilter(ObservationFilterChainDecorator.java:227)
	at org.springframework.security.web.ObservationFilterChainDecorator$VirtualFilterChain.doFilter(ObservationFilterChainDecorator.java:137)
	at org.springframework.security.web.context.SecurityContextHolderFilter.doFilter(SecurityContextHolderFilter.java:82)
	at org.springframework.security.web.context.SecurityContextHolderFilter.doFilter(SecurityContextHolderFilter.java:69)
	at org.springframework.security.web.ObservationFilterChainDecorator$ObservationFilter.wrapFilter(ObservationFilterChainDecorator.java:240)
	at org.springframework.security.web.ObservationFilterChainDecorator$ObservationFilter.doFilter(ObservationFilterChainDecorator.java:227)
	at org.springframework.security.web.ObservationFilterChainDecorator$VirtualFilterChain.doFilter(ObservationFilterChainDecorator.java:137)
	at org.springframework.security.web.context.request.async.WebAsyncManagerIntegrationFilter.doFilterInternal(WebAsyncManagerIntegrationFilter.java:62)
	at org.springframework.web.filter.OncePerRequestFilter.doFilter(OncePerRequestFilter.java:116)
	at org.springframework.security.web.ObservationFilterChainDecorator$ObservationFilter.wrapFilter(ObservationFilterChainDecorator.java:240)
	at org.springframework.security.web.ObservationFilterChainDecorator$ObservationFilter.doFilter(ObservationFilterChainDecorator.java:227)
	at org.springframework.security.web.ObservationFilterChainDecorator$VirtualFilterChain.doFilter(ObservationFilterChainDecorator.java:137)
	at org.springframework.security.web.session.DisableEncodeUrlFilter.doFilterInternal(DisableEncodeUrlFilter.java:42)
	at org.springframework.web.filter.OncePerRequestFilter.doFilter(OncePerRequestFilter.java:116)
	at org.springframework.security.web.ObservationFilterChainDecorator$ObservationFilter.wrapFilter(ObservationFilterChainDecorator.java:240)
	at org.springframework.security.web.ObservationFilterChainDecorator$AroundFilterObservation$SimpleAroundFilterObservation.lambda$wrap$0(ObservationFilterChainDecorator.java:323)
	at org.springframework.security.web.ObservationFilterChainDecorator$ObservationFilter.doFilter(ObservationFilterChainDecorator.java:224)
	at org.springframework.security.web.ObservationFilterChainDecorator$VirtualFilterChain.doFilter(ObservationFilterChainDecorator.java:137)
	at org.springframework.security.web.FilterChainProxy.doFilterInternal(FilterChainProxy.java:233)
	at org.springframework.security.web.FilterChainProxy.doFilter(FilterChainProxy.java:191)
	at org.springframework.web.filter.CompositeFilter$VirtualFilterChain.doFilter(CompositeFilter.java:113)
	at org.springframework.web.filter.ServletRequestPathFilter.doFilter(ServletRequestPathFilter.java:52)
	at org.springframework.web.filter.CompositeFilter$VirtualFilterChain.doFilter(CompositeFilter.java:113)
	at org.springframework.web.filter.CompositeFilter.doFilter(CompositeFilter.java:74)
	at org.springframework.security.config.annotation.web.configuration.WebSecurityConfiguration$CompositeFilterChainProxy.doFilter(WebSecurityConfiguration.java:319)
	at org.springframework.web.filter.CompositeFilter$VirtualFilterChain.doFilter(CompositeFilter.java:113)
	at org.springframework.web.servlet.handler.HandlerMappingIntrospector.lambda$createCacheFilter$3(HandlerMappingIntrospector.java:243)
	at org.springframework.web.filter.CompositeFilter$VirtualFilterChain.doFilter(CompositeFilter.java:113)
	at org.springframework.web.filter.CompositeFilter.doFilter(CompositeFilter.java:74)
	at org.springframework.security.config.annotation.web.configuration.WebMvcSecurityConfiguration$CompositeFilterChainProxy.doFilter(WebMvcSecurityConfiguration.java:240)
	at org.springframework.web.filter.DelegatingFilterProxy.invokeDelegate(DelegatingFilterProxy.java:362)
	at org.springframework.web.filter.DelegatingFilterProxy.doFilter(DelegatingFilterProxy.java:278)
	at org.apache.catalina.core.ApplicationFilterChain.internalDoFilter(ApplicationFilterChain.java:164)
	at org.apache.catalina.core.ApplicationFilterChain.doFilter(ApplicationFilterChain.java:140)
	at org.springframework.web.filter.RequestContextFilter.doFilterInternal(RequestContextFilter.java:100)
	at org.springframework.web.filter.OncePerRequestFilter.doFilter(OncePerRequestFilter.java:116)
	at org.apache.catalina.core.ApplicationFilterChain.internalDoFilter(ApplicationFilterChain.java:164)
	at org.apache.catalina.core.ApplicationFilterChain.doFilter(ApplicationFilterChain.java:140)
	at org.springframework.web.filter.FormContentFilter.doFilterInternal(FormContentFilter.java:93)
	at org.springframework.web.filter.OncePerRequestFilter.doFilter(OncePerRequestFilter.java:116)
	at org.apache.catalina.core.ApplicationFilterChain.internalDoFilter(ApplicationFilterChain.java:164)
	at org.apache.catalina.core.ApplicationFilterChain.doFilter(ApplicationFilterChain.java:140)
	at org.springframework.web.filter.ServerHttpObservationFilter.doFilterInternal(ServerHttpObservationFilter.java:114)
	at org.springframework.web.filter.OncePerRequestFilter.doFilter(OncePerRequestFilter.java:116)
	at org.apache.catalina.core.ApplicationFilterChain.internalDoFilter(ApplicationFilterChain.java:164)
	at org.apache.catalina.core.ApplicationFilterChain.doFilter(ApplicationFilterChain.java:140)
	at org.springframework.web.filter.CharacterEncodingFilter.doFilterInternal(CharacterEncodingFilter.java:201)
	at org.springframework.web.filter.OncePerRequestFilter.doFilter(OncePerRequestFilter.java:116)
	at org.apache.catalina.core.ApplicationFilterChain.internalDoFilter(ApplicationFilterChain.java:164)
	at org.apache.catalina.core.ApplicationFilterChain.doFilter(ApplicationFilterChain.java:140)
	at org.apache.catalina.core.StandardWrapperValve.invoke(StandardWrapperValve.java:167)
	at org.apache.catalina.core.StandardContextValve.invoke(StandardContextValve.java:90)
	at org.apache.catalina.authenticator.AuthenticatorBase.invoke(AuthenticatorBase.java:483)
	at org.apache.catalina.core.StandardHostValve.invoke(StandardHostValve.java:116)
	at org.apache.catalina.valves.ErrorReportValve.invoke(ErrorReportValve.java:93)
	at org.apache.catalina.core.StandardEngineValve.invoke(StandardEngineValve.java:74)
	at org.apache.catalina.connector.CoyoteAdapter.service(CoyoteAdapter.java:344)
	at org.apache.coyote.http11.Http11Processor.service(Http11Processor.java:398)
	at org.apache.coyote.AbstractProcessorLight.process(AbstractProcessorLight.java:63)
	at org.apache.coyote.AbstractProtocol$ConnectionHandler.process(AbstractProtocol.java:903)
	at org.apache.tomcat.util.net.NioEndpoint$SocketProcessor.doRun(NioEndpoint.java:1740)
	at org.apache.tomcat.util.net.SocketProcessorBase.run(SocketProcessorBase.java:52)
	at org.apache.tomcat.util.threads.ThreadPoolExecutor.runWorker(ThreadPoolExecutor.java:1189)
	at org.apache.tomcat.util.threads.ThreadPoolExecutor$Worker.run(ThreadPoolExecutor.java:658)
	at org.apache.tomcat.util.threads.TaskThread$WrappingRunnable.run(TaskThread.java:63)
	at java.base/java.lang.Thread.run(Thread.java:842)
2026-03-22 18:30:15 DEBUG [http-nio-8080-exec-1] o.s.security.web.FilterChainProxy - Securing PATCH /error?reason=Prueba
2026-03-22 18:30:15 TRACE [http-nio-8080-exec-1] o.s.s.w.a.logout.LogoutFilter - Did not match request to Or [Ant [pattern='/logout', GET], Ant [pattern='/logout', POST], Ant [pattern='/logout', PUT], Ant [pattern='/logout', DELETE]]
2026-03-22 18:30:15 TRACE [http-nio-8080-exec-1] o.s.s.w.a.AnonymousAuthenticationFilter - Set SecurityContextHolder to AnonymousAuthenticationToken [Principal=anonymousUser, Credentials=[PROTECTED], Authenticated=true, Details=WebAuthenticationDetails [RemoteIpAddress=0:0:0:0:0:0:0:1, SessionId=null], Granted Authorities=[ROLE_ANONYMOUS]]
2026-03-22 18:30:15 DEBUG [http-nio-8080-exec-1] o.s.s.w.a.Http403ForbiddenEntryPoint - Pre-authenticated entry point called. Rejecting access
2026-03-22 18:32:09 DEBUG [http-nio-8080-exec-5] o.s.security.web.FilterChainProxy - Securing PATCH /api/v1/users/2/deactivate?reason=Prueba
2026-03-22 18:32:09 TRACE [http-nio-8080-exec-5] o.s.s.w.a.logout.LogoutFilter - Did not match request to Or [Ant [pattern='/logout', GET], Ant [pattern='/logout', POST], Ant [pattern='/logout', PUT], Ant [pattern='/logout', DELETE]]
2026-03-22 18:32:10 TRACE [http-nio-8080-exec-5] o.s.s.w.a.AnonymousAuthenticationFilter - Did not set SecurityContextHolder since already authenticated UsernamePasswordAuthenticationToken [Principal=com.example.ClinicaDefinitiva.infrastructure.security.adapter.CustomUserDetails@4192edf4, Credentials=[PROTECTED], Authenticated=true, Details=null, Granted Authorities=[UPDATE_COMPANY, UPDATE_INVOICE, CREATE_ASSIGNMENT, UPDATE_GUARDIAN, CLONE_ROLE_ROLE, CANCEL_APPOINTMENT, UPDATE_JOURNAL_ENTRY, REVERSE_JOURNAL_ENTRY, CREATE_CONTRACT, DELETE_APPOINTMENT, RESCHEDULE_APPOINTMENT, SET_PERMISSIONS_ROLE, CREATE_PATIENT, READ_USER_IDENTITY, IS_CURRENTLY_ACTIVE_ASSIGNMENT, READ_RATE, ACTIVATE_ROLE_ROLE, DELETE_ROLE_ROLE, READ_APPOINTMENT, READ_DENTIST, CREATE_COMPANY, VIEW_ROLE_ROLE, SCHEDULE_APPOINTMENT, ROLE_RECEPTIONIST, DELETE_INVOICE, CREATE_CUSTOM_ROLE_ROLE, UPDATE_PAYMENT, CREATE_DENTIST, CHECK_PERMISSION_ROLE, READ_PATIENT, READ_ADMINISTRATIVE_REPORT, CREATE_APPOINTMENT, VIEW_ASSIGNMENT_ASSIGNMENT, READ_CONTRACT, DELETE_ADMINISTRATIVE_REPORT, DEACTIVATE_USER_IDENTITY, REVERSE_INVOICE, DEACTIVATE_ROLE_ROLE, APPROVE_INVOICE, READ_PROVIDED_SERVICE, REVOKE_ASSIGNMENT, READ_AVAILABILITY, READ_RECEPTIONIST, DELETE_RATE, UPDATE_PRIMARY_ASSIGNMENT, UPDATE_DENTIST, CREATE_USER_IDENTITY, DELETE_CONTRACT, DELETE_PAYMENT, DELETE_ASSIGNMENT, READ_COMPANY, UPDATE_ADMINISTRATIVE_REPORT, REMOVE_PERMISSION_ROLE, CREATE_PAYMENT, UPDATE_USER_IDENTITY, ADD_PERMISSION_ROLE, READ_GUARDIAN, UPDATE_CONTRACT, DELETE_COMPANY, IS_ACTIVE_AT_ASSIGNMENT, DELETE_DENTIST, READ_ASSIGNMENT, POST_INVOICE, REVOKE_ALL_ASSIGNMENT, CREATE_JOURNAL_ENTRY, CREATE_ADMINISTRATIVE_REPORT, UPDATE_ASSIGNMENT, READ_SHIFT, POST_JOURNAL_ENTRY, CREATE_GUARDIAN, ROLE_ADMINISTRATOR, CREATE_TEMPORARY_ASSIGNMENT, READ_PAYMENT, CREATE_RATE, EXTEND_ASSIGNMENT_ASSIGNMENT, READ_INVOICE, REACTIVATE_USER_IDENTITY, UPDATE_APPOINTMENT, UPDATE_RATE, DELETE_JOURNAL_ENTRY, CREATE_SHIFT, READ_JOURNAL_ENTRY, MARK_DELETED_ROLE_ROLE, CREATE_INVOICE, UPDATE_SHIFT, SUSPEND_ROLE_ROLE, UPDATE_PATIENT, UPDATE_PROVIDED_SERVICE, SUSPEND_USER_IDENTITY]]
2026-03-22 18:32:10 TRACE [http-nio-8080-exec-5] o.s.s.w.a.s.CompositeSessionAuthenticationStrategy - Preparing session with ChangeSessionIdAuthenticationStrategy (1/1)
2026-03-22 18:32:10 DEBUG [http-nio-8080-exec-5] o.s.security.web.FilterChainProxy - Secured PATCH /api/v1/users/2/deactivate?reason=Prueba
2026-03-22 18:32:10 DEBUG [http-nio-8080-exec-5] o.s.web.servlet.DispatcherServlet - PATCH "/api/v1/users/2/deactivate?reason=Prueba", parameters={masked}
2026-03-22 18:32:10 DEBUG [http-nio-8080-exec-5] o.s.w.s.m.m.a.RequestMappingHandlerMapping - Mapped to com.example.ClinicaDefinitiva.infrastructure.rest.controller.authentication.UserIdentityController#deactivate(Long, String, CustomUserDetails)
2026-03-22 18:32:10 DEBUG [http-nio-8080-exec-5] o.s.web.servlet.DispatcherServlet - Failed to complete request: com.example.ClinicaDefinitiva.domain.exceptions.AggregateBusinessRuleViolationException: El usuario activo debe estar verificado para realizar acciones sensibles
2026-03-22 18:32:10 ERROR [http-nio-8080-exec-5] o.a.c.c.C.[.[.[.[dispatcherServlet] - Servlet.service() for servlet [dispatcherServlet] in context with path [] threw exception [Request processing failed: com.example.ClinicaDefinitiva.domain.exceptions.AggregateBusinessRuleViolationException: El usuario activo debe estar verificado para realizar acciones sensibles] with root cause
com.example.ClinicaDefinitiva.domain.exceptions.AggregateBusinessRuleViolationException: El usuario activo debe estar verificado para realizar acciones sensibles
	at com.example.ClinicaDefinitiva.application.service.authentication.UserIdentityApplicationService.deactivate(UserIdentityApplicationService.java:289)
	at java.base/jdk.internal.reflect.NativeMethodAccessorImpl.invoke0(Native Method)
	at java.base/jdk.internal.reflect.NativeMethodAccessorImpl.invoke(NativeMethodAccessorImpl.java:77)
	at java.base/jdk.internal.reflect.DelegatingMethodAccessorImpl.invoke(DelegatingMethodAccessorImpl.java:43)
	at java.base/java.lang.reflect.Method.invoke(Method.java:568)
	at org.springframework.aop.support.AopUtils.invokeJoinpointUsingReflection(AopUtils.java:359)
	at org.springframework.aop.framework.ReflectiveMethodInvocation.invokeJoinpoint(ReflectiveMethodInvocation.java:196)
	at org.springframework.aop.framework.ReflectiveMethodInvocation.proceed(ReflectiveMethodInvocation.java:163)
	at org.springframework.aop.aspectj.MethodInvocationProceedingJoinPoint.proceed(MethodInvocationProceedingJoinPoint.java:89)
	at com.example.ClinicaDefinitiva.infrastructure.security.config.AuthorizationAspect.checkPermission(AuthorizationAspect.java:76)
	at java.base/jdk.internal.reflect.NativeMethodAccessorImpl.invoke0(Native Method)
	at java.base/jdk.internal.reflect.NativeMethodAccessorImpl.invoke(NativeMethodAccessorImpl.java:77)
	at java.base/jdk.internal.reflect.DelegatingMethodAccessorImpl.invoke(DelegatingMethodAccessorImpl.java:43)
	at java.base/java.lang.reflect.Method.invoke(Method.java:568)
	at org.springframework.aop.aspectj.AbstractAspectJAdvice.invokeAdviceMethodWithGivenArgs(AbstractAspectJAdvice.java:642)
	at org.springframework.aop.aspectj.AbstractAspectJAdvice.invokeAdviceMethod(AbstractAspectJAdvice.java:632)
	at org.springframework.aop.aspectj.AspectJAroundAdvice.invoke(AspectJAroundAdvice.java:71)
	at org.springframework.aop.framework.ReflectiveMethodInvocation.proceed(ReflectiveMethodInvocation.java:173)
	at org.springframework.transaction.interceptor.TransactionAspectSupport.invokeWithinTransaction(TransactionAspectSupport.java:380)
	at org.springframework.transaction.interceptor.TransactionInterceptor.invoke(TransactionInterceptor.java:119)
	at org.springframework.aop.framework.ReflectiveMethodInvocation.proceed(ReflectiveMethodInvocation.java:184)
	at org.springframework.aop.interceptor.ExposeInvocationInterceptor.invoke(ExposeInvocationInterceptor.java:97)
	at org.springframework.aop.framework.ReflectiveMethodInvocation.proceed(ReflectiveMethodInvocation.java:184)
	at org.springframework.aop.framework.CglibAopProxy$DynamicAdvisedInterceptor.intercept(CglibAopProxy.java:728)
	at com.example.ClinicaDefinitiva.application.service.authentication.UserIdentityApplicationService$$SpringCGLIB$$0.deactivate(<generated>)
	at com.example.ClinicaDefinitiva.infrastructure.rest.controller.authentication.UserIdentityController.deactivate(UserIdentityController.java:181)
	at java.base/jdk.internal.reflect.NativeMethodAccessorImpl.invoke0(Native Method)
	at java.base/jdk.internal.reflect.NativeMethodAccessorImpl.invoke(NativeMethodAccessorImpl.java:77)
	at java.base/jdk.internal.reflect.DelegatingMethodAccessorImpl.invoke(DelegatingMethodAccessorImpl.java:43)
	at java.base/java.lang.reflect.Method.invoke(Method.java:568)
	at org.springframework.aop.support.AopUtils.invokeJoinpointUsingReflection(AopUtils.java:359)
	at org.springframework.aop.framework.ReflectiveMethodInvocation.invokeJoinpoint(ReflectiveMethodInvocation.java:196)
	at org.springframework.aop.framework.ReflectiveMethodInvocation.proceed(ReflectiveMethodInvocation.java:163)
	at org.springframework.validation.beanvalidation.MethodValidationInterceptor.invoke(MethodValidationInterceptor.java:174)
	at org.springframework.aop.framework.ReflectiveMethodInvocation.proceed(ReflectiveMethodInvocation.java:184)
	at org.springframework.aop.framework.CglibAopProxy$DynamicAdvisedInterceptor.intercept(CglibAopProxy.java:728)
	at com.example.ClinicaDefinitiva.infrastructure.rest.controller.authentication.UserIdentityController$$SpringCGLIB$$0.deactivate(<generated>)
	at java.base/jdk.internal.reflect.NativeMethodAccessorImpl.invoke0(Native Method)
	at java.base/jdk.internal.reflect.NativeMethodAccessorImpl.invoke(NativeMethodAccessorImpl.java:77)
	at java.base/jdk.internal.reflect.DelegatingMethodAccessorImpl.invoke(DelegatingMethodAccessorImpl.java:43)
	at java.base/java.lang.reflect.Method.invoke(Method.java:568)
	at org.springframework.web.method.support.InvocableHandlerMethod.doInvoke(InvocableHandlerMethod.java:258)
	at org.springframework.web.method.support.InvocableHandlerMethod.invokeForRequest(InvocableHandlerMethod.java:191)
	at org.springframework.web.servlet.mvc.method.annotation.ServletInvocableHandlerMethod.invokeAndHandle(ServletInvocableHandlerMethod.java:118)
	at org.springframework.web.servlet.mvc.method.annotation.RequestMappingHandlerAdapter.invokeHandlerMethod(RequestMappingHandlerAdapter.java:986)
	at org.springframework.web.servlet.mvc.method.annotation.RequestMappingHandlerAdapter.handleInternal(RequestMappingHandlerAdapter.java:891)
	at org.springframework.web.servlet.mvc.method.AbstractHandlerMethodAdapter.handle(AbstractHandlerMethodAdapter.java:87)
	at org.springframework.web.servlet.DispatcherServlet.doDispatch(DispatcherServlet.java:1089)
	at org.springframework.web.servlet.DispatcherServlet.doService(DispatcherServlet.java:979)
	at org.springframework.web.servlet.FrameworkServlet.processRequest(FrameworkServlet.java:1014)
	at org.springframework.web.servlet.FrameworkServlet.service(FrameworkServlet.java:888)
	at jakarta.servlet.http.HttpServlet.service(HttpServlet.java:658)
	at org.apache.catalina.core.ApplicationFilterChain.internalDoFilter(ApplicationFilterChain.java:195)
	at org.apache.catalina.core.ApplicationFilterChain.doFilter(ApplicationFilterChain.java:140)
	at org.apache.tomcat.websocket.server.WsFilter.doFilter(WsFilter.java:51)
	at org.apache.catalina.core.ApplicationFilterChain.internalDoFilter(ApplicationFilterChain.java:164)
	at org.apache.catalina.core.ApplicationFilterChain.doFilter(ApplicationFilterChain.java:140)
	at com.example.ClinicaDefinitiva.util.RequestIdFilter.doFilterInternal(RequestIdFilter.java:76)
	at org.springframework.web.filter.OncePerRequestFilter.doFilter(OncePerRequestFilter.java:116)
	at org.apache.catalina.core.ApplicationFilterChain.internalDoFilter(ApplicationFilterChain.java:164)
	at org.apache.catalina.core.ApplicationFilterChain.doFilter(ApplicationFilterChain.java:140)
	at org.springframework.web.filter.CompositeFilter$VirtualFilterChain.doFilter(CompositeFilter.java:108)
	at org.springframework.web.filter.CompositeFilter$VirtualFilterChain.doFilter(CompositeFilter.java:108)
	at org.springframework.security.web.FilterChainProxy.lambda$doFilterInternal$3(FilterChainProxy.java:231)
	at org.springframework.security.web.ObservationFilterChainDecorator$FilterObservation$SimpleFilterObservation.lambda$wrap$1(ObservationFilterChainDecorator.java:479)
	at org.springframework.security.web.ObservationFilterChainDecorator$AroundFilterObservation$SimpleAroundFilterObservation.lambda$wrap$1(ObservationFilterChainDecorator.java:340)
	at org.springframework.security.web.ObservationFilterChainDecorator.lambda$wrapSecured$0(ObservationFilterChainDecorator.java:82)
	at org.springframework.security.web.ObservationFilterChainDecorator$VirtualFilterChain.doFilter(ObservationFilterChainDecorator.java:128)
	at org.springframework.security.web.access.intercept.AuthorizationFilter.doFilter(AuthorizationFilter.java:101)
	at org.springframework.security.web.ObservationFilterChainDecorator$ObservationFilter.wrapFilter(ObservationFilterChainDecorator.java:240)
	at org.springframework.security.web.ObservationFilterChainDecorator$ObservationFilter.doFilter(ObservationFilterChainDecorator.java:227)
	at org.springframework.security.web.ObservationFilterChainDecorator$VirtualFilterChain.doFilter(ObservationFilterChainDecorator.java:137)
	at org.springframework.security.web.access.ExceptionTranslationFilter.doFilter(ExceptionTranslationFilter.java:125)
	at org.springframework.security.web.access.ExceptionTranslationFilter.doFilter(ExceptionTranslationFilter.java:119)
	at org.springframework.security.web.ObservationFilterChainDecorator$ObservationFilter.wrapFilter(ObservationFilterChainDecorator.java:240)
	at org.springframework.security.web.ObservationFilterChainDecorator$ObservationFilter.doFilter(ObservationFilterChainDecorator.java:227)
	at org.springframework.security.web.ObservationFilterChainDecorator$VirtualFilterChain.doFilter(ObservationFilterChainDecorator.java:137)
	at org.springframework.security.web.session.SessionManagementFilter.doFilter(SessionManagementFilter.java:131)
	at org.springframework.security.web.session.SessionManagementFilter.doFilter(SessionManagementFilter.java:85)
	at org.springframework.security.web.ObservationFilterChainDecorator$ObservationFilter.wrapFilter(ObservationFilterChainDecorator.java:240)
	at org.springframework.security.web.ObservationFilterChainDecorator$ObservationFilter.doFilter(ObservationFilterChainDecorator.java:227)
	at org.springframework.security.web.ObservationFilterChainDecorator$VirtualFilterChain.doFilter(ObservationFilterChainDecorator.java:137)
	at org.springframework.security.web.authentication.AnonymousAuthenticationFilter.doFilter(AnonymousAuthenticationFilter.java:100)
	at org.springframework.security.web.ObservationFilterChainDecorator$ObservationFilter.wrapFilter(ObservationFilterChainDecorator.java:240)
	at org.springframework.security.web.ObservationFilterChainDecorator$ObservationFilter.doFilter(ObservationFilterChainDecorator.java:227)
	at org.springframework.security.web.ObservationFilterChainDecorator$VirtualFilterChain.doFilter(ObservationFilterChainDecorator.java:137)
	at org.springframework.security.web.servletapi.SecurityContextHolderAwareRequestFilter.doFilter(SecurityContextHolderAwareRequestFilter.java:179)
	at org.springframework.security.web.ObservationFilterChainDecorator$ObservationFilter.wrapFilter(ObservationFilterChainDecorator.java:240)
	at org.springframework.security.web.ObservationFilterChainDecorator$ObservationFilter.doFilter(ObservationFilterChainDecorator.java:227)
	at org.springframework.security.web.ObservationFilterChainDecorator$VirtualFilterChain.doFilter(ObservationFilterChainDecorator.java:137)
	at org.springframework.security.web.savedrequest.RequestCacheAwareFilter.doFilter(RequestCacheAwareFilter.java:63)
	at org.springframework.security.web.ObservationFilterChainDecorator$ObservationFilter.wrapFilter(ObservationFilterChainDecorator.java:240)
	at org.springframework.security.web.ObservationFilterChainDecorator$ObservationFilter.doFilter(ObservationFilterChainDecorator.java:227)
	at org.springframework.security.web.ObservationFilterChainDecorator$VirtualFilterChain.doFilter(ObservationFilterChainDecorator.java:137)
	at com.example.ClinicaDefinitiva.infrastructure.security.filter.JwtAuthenticationFilter.doFilterInternal(JwtAuthenticationFilter.java:40)
	at org.springframework.web.filter.OncePerRequestFilter.doFilter(OncePerRequestFilter.java:116)
	at org.springframework.security.web.ObservationFilterChainDecorator$ObservationFilter.wrapFilter(ObservationFilterChainDecorator.java:240)
	at org.springframework.security.web.ObservationFilterChainDecorator$ObservationFilter.doFilter(ObservationFilterChainDecorator.java:227)
	at org.springframework.security.web.ObservationFilterChainDecorator$VirtualFilterChain.doFilter(ObservationFilterChainDecorator.java:137)
	at org.springframework.security.web.authentication.logout.LogoutFilter.doFilter(LogoutFilter.java:107)
	at org.springframework.security.web.authentication.logout.LogoutFilter.doFilter(LogoutFilter.java:93)
	at org.springframework.security.web.ObservationFilterChainDecorator$ObservationFilter.wrapFilter(ObservationFilterChainDecorator.java:240)
	at org.springframework.security.web.ObservationFilterChainDecorator$ObservationFilter.doFilter(ObservationFilterChainDecorator.java:227)
	at org.springframework.security.web.ObservationFilterChainDecorator$VirtualFilterChain.doFilter(ObservationFilterChainDecorator.java:137)
	at org.springframework.security.web.header.HeaderWriterFilter.doHeadersAfter(HeaderWriterFilter.java:90)
	at org.springframework.security.web.header.HeaderWriterFilter.doFilterInternal(HeaderWriterFilter.java:75)
	at org.springframework.web.filter.OncePerRequestFilter.doFilter(OncePerRequestFilter.java:116)
	at org.springframework.security.web.ObservationFilterChainDecorator$ObservationFilter.wrapFilter(ObservationFilterChainDecorator.java:240)
	at org.springframework.security.web.ObservationFilterChainDecorator$ObservationFilter.doFilter(ObservationFilterChainDecorator.java:227)
	at org.springframework.security.web.ObservationFilterChainDecorator$VirtualFilterChain.doFilter(ObservationFilterChainDecorator.java:137)
	at org.springframework.security.web.context.SecurityContextHolderFilter.doFilter(SecurityContextHolderFilter.java:82)
	at org.springframework.security.web.context.SecurityContextHolderFilter.doFilter(SecurityContextHolderFilter.java:69)
	at org.springframework.security.web.ObservationFilterChainDecorator$ObservationFilter.wrapFilter(ObservationFilterChainDecorator.java:240)
	at org.springframework.security.web.ObservationFilterChainDecorator$ObservationFilter.doFilter(ObservationFilterChainDecorator.java:227)
	at org.springframework.security.web.ObservationFilterChainDecorator$VirtualFilterChain.doFilter(ObservationFilterChainDecorator.java:137)
	at org.springframework.security.web.context.request.async.WebAsyncManagerIntegrationFilter.doFilterInternal(WebAsyncManagerIntegrationFilter.java:62)
	at org.springframework.web.filter.OncePerRequestFilter.doFilter(OncePerRequestFilter.java:116)
	at org.springframework.security.web.ObservationFilterChainDecorator$ObservationFilter.wrapFilter(ObservationFilterChainDecorator.java:240)
	at org.springframework.security.web.ObservationFilterChainDecorator$ObservationFilter.doFilter(ObservationFilterChainDecorator.java:227)
	at org.springframework.security.web.ObservationFilterChainDecorator$VirtualFilterChain.doFilter(ObservationFilterChainDecorator.java:137)
	at org.springframework.security.web.session.DisableEncodeUrlFilter.doFilterInternal(DisableEncodeUrlFilter.java:42)
	at org.springframework.web.filter.OncePerRequestFilter.doFilter(OncePerRequestFilter.java:116)
	at org.springframework.security.web.ObservationFilterChainDecorator$ObservationFilter.wrapFilter(ObservationFilterChainDecorator.java:240)
	at org.springframework.security.web.ObservationFilterChainDecorator$AroundFilterObservation$SimpleAroundFilterObservation.lambda$wrap$0(ObservationFilterChainDecorator.java:323)
	at org.springframework.security.web.ObservationFilterChainDecorator$ObservationFilter.doFilter(ObservationFilterChainDecorator.java:224)
	at org.springframework.security.web.ObservationFilterChainDecorator$VirtualFilterChain.doFilter(ObservationFilterChainDecorator.java:137)
	at org.springframework.security.web.FilterChainProxy.doFilterInternal(FilterChainProxy.java:233)
	at org.springframework.security.web.FilterChainProxy.doFilter(FilterChainProxy.java:191)
	at org.springframework.web.filter.CompositeFilter$VirtualFilterChain.doFilter(CompositeFilter.java:113)
	at org.springframework.web.filter.ServletRequestPathFilter.doFilter(ServletRequestPathFilter.java:52)
	at org.springframework.web.filter.CompositeFilter$VirtualFilterChain.doFilter(CompositeFilter.java:113)
	at org.springframework.web.filter.CompositeFilter.doFilter(CompositeFilter.java:74)
	at org.springframework.security.config.annotation.web.configuration.WebSecurityConfiguration$CompositeFilterChainProxy.doFilter(WebSecurityConfiguration.java:319)
	at org.springframework.web.filter.CompositeFilter$VirtualFilterChain.doFilter(CompositeFilter.java:113)
	at org.springframework.web.servlet.handler.HandlerMappingIntrospector.lambda$createCacheFilter$3(HandlerMappingIntrospector.java:243)
	at org.springframework.web.filter.CompositeFilter$VirtualFilterChain.doFilter(CompositeFilter.java:113)
	at org.springframework.web.filter.CompositeFilter.doFilter(CompositeFilter.java:74)
	at org.springframework.security.config.annotation.web.configuration.WebMvcSecurityConfiguration$CompositeFilterChainProxy.doFilter(WebMvcSecurityConfiguration.java:240)
	at org.springframework.web.filter.DelegatingFilterProxy.invokeDelegate(DelegatingFilterProxy.java:362)
	at org.springframework.web.filter.DelegatingFilterProxy.doFilter(DelegatingFilterProxy.java:278)
	at org.apache.catalina.core.ApplicationFilterChain.internalDoFilter(ApplicationFilterChain.java:164)
	at org.apache.catalina.core.ApplicationFilterChain.doFilter(ApplicationFilterChain.java:140)
	at org.springframework.web.filter.RequestContextFilter.doFilterInternal(RequestContextFilter.java:100)
	at org.springframework.web.filter.OncePerRequestFilter.doFilter(OncePerRequestFilter.java:116)
	at org.apache.catalina.core.ApplicationFilterChain.internalDoFilter(ApplicationFilterChain.java:164)
	at org.apache.catalina.core.ApplicationFilterChain.doFilter(ApplicationFilterChain.java:140)
	at org.springframework.web.filter.FormContentFilter.doFilterInternal(FormContentFilter.java:93)
	at org.springframework.web.filter.OncePerRequestFilter.doFilter(OncePerRequestFilter.java:116)
	at org.apache.catalina.core.ApplicationFilterChain.internalDoFilter(ApplicationFilterChain.java:164)
	at org.apache.catalina.core.ApplicationFilterChain.doFilter(ApplicationFilterChain.java:140)
	at org.springframework.web.filter.ServerHttpObservationFilter.doFilterInternal(ServerHttpObservationFilter.java:114)
	at org.springframework.web.filter.OncePerRequestFilter.doFilter(OncePerRequestFilter.java:116)
	at org.apache.catalina.core.ApplicationFilterChain.internalDoFilter(ApplicationFilterChain.java:164)
	at org.apache.catalina.core.ApplicationFilterChain.doFilter(ApplicationFilterChain.java:140)
	at org.springframework.web.filter.CharacterEncodingFilter.doFilterInternal(CharacterEncodingFilter.java:201)
	at org.springframework.web.filter.OncePerRequestFilter.doFilter(OncePerRequestFilter.java:116)
	at org.apache.catalina.core.ApplicationFilterChain.internalDoFilter(ApplicationFilterChain.java:164)
	at org.apache.catalina.core.ApplicationFilterChain.doFilter(ApplicationFilterChain.java:140)
	at org.apache.catalina.core.StandardWrapperValve.invoke(StandardWrapperValve.java:167)
	at org.apache.catalina.core.StandardContextValve.invoke(StandardContextValve.java:90)
	at org.apache.catalina.authenticator.AuthenticatorBase.invoke(AuthenticatorBase.java:483)
	at org.apache.catalina.core.StandardHostValve.invoke(StandardHostValve.java:116)
	at org.apache.catalina.valves.ErrorReportValve.invoke(ErrorReportValve.java:93)
	at org.apache.catalina.core.StandardEngineValve.invoke(StandardEngineValve.java:74)
	at org.apache.catalina.connector.CoyoteAdapter.service(CoyoteAdapter.java:344)
	at org.apache.coyote.http11.Http11Processor.service(Http11Processor.java:398)
	at org.apache.coyote.AbstractProcessorLight.process(AbstractProcessorLight.java:63)
	at org.apache.coyote.AbstractProtocol$ConnectionHandler.process(AbstractProtocol.java:903)
	at org.apache.tomcat.util.net.NioEndpoint$SocketProcessor.doRun(NioEndpoint.java:1740)
	at org.apache.tomcat.util.net.SocketProcessorBase.run(SocketProcessorBase.java:52)
	at org.apache.tomcat.util.threads.ThreadPoolExecutor.runWorker(ThreadPoolExecutor.java:1189)
	at org.apache.tomcat.util.threads.ThreadPoolExecutor$Worker.run(ThreadPoolExecutor.java:658)
	at org.apache.tomcat.util.threads.TaskThread$WrappingRunnable.run(TaskThread.java:63)
	at java.base/java.lang.Thread.run(Thread.java:842)
2026-03-22 18:32:10 DEBUG [http-nio-8080-exec-5] o.s.security.web.FilterChainProxy - Securing PATCH /error?reason=Prueba
2026-03-22 18:32:10 TRACE [http-nio-8080-exec-5] o.s.s.w.a.logout.LogoutFilter - Did not match request to Or [Ant [pattern='/logout', GET], Ant [pattern='/logout', POST], Ant [pattern='/logout', PUT], Ant [pattern='/logout', DELETE]]
2026-03-22 18:32:10 TRACE [http-nio-8080-exec-5] o.s.s.w.a.AnonymousAuthenticationFilter - Set SecurityContextHolder to AnonymousAuthenticationToken [Principal=anonymousUser, Credentials=[PROTECTED], Authenticated=true, Details=WebAuthenticationDetails [RemoteIpAddress=0:0:0:0:0:0:0:1, SessionId=null], Granted Authorities=[ROLE_ANONYMOUS]]
2026-03-22 18:32:10 DEBUG [http-nio-8080-exec-5] o.s.s.w.a.Http403ForbiddenEntryPoint - Pre-authenticated entry point called. Rejecting access
2026-03-22 18:33:06 DEBUG [http-nio-8080-exec-6] o.s.security.web.FilterChainProxy - Securing PATCH /api/v1/users/2/deactivate?reason=Prueba
2026-03-22 18:33:06 TRACE [http-nio-8080-exec-6] o.s.s.w.a.logout.LogoutFilter - Did not match request to Or [Ant [pattern='/logout', GET], Ant [pattern='/logout', POST], Ant [pattern='/logout', PUT], Ant [pattern='/logout', DELETE]]
2026-03-22 18:33:06 TRACE [http-nio-8080-exec-6] o.s.s.w.a.AnonymousAuthenticationFilter - Did not set SecurityContextHolder since already authenticated UsernamePasswordAuthenticationToken [Principal=com.example.ClinicaDefinitiva.infrastructure.security.adapter.CustomUserDetails@47a6dc28, Credentials=[PROTECTED], Authenticated=true, Details=null, Granted Authorities=[UPDATE_COMPANY, UPDATE_INVOICE, CREATE_ASSIGNMENT, UPDATE_GUARDIAN, CLONE_ROLE_ROLE, CANCEL_APPOINTMENT, UPDATE_JOURNAL_ENTRY, REVERSE_JOURNAL_ENTRY, CREATE_CONTRACT, DELETE_APPOINTMENT, RESCHEDULE_APPOINTMENT, SET_PERMISSIONS_ROLE, CREATE_PATIENT, READ_USER_IDENTITY, IS_CURRENTLY_ACTIVE_ASSIGNMENT, READ_RATE, ACTIVATE_ROLE_ROLE, DELETE_ROLE_ROLE, READ_APPOINTMENT, READ_DENTIST, CREATE_COMPANY, VIEW_ROLE_ROLE, SCHEDULE_APPOINTMENT, ROLE_RECEPTIONIST, DELETE_INVOICE, CREATE_CUSTOM_ROLE_ROLE, UPDATE_PAYMENT, CREATE_DENTIST, CHECK_PERMISSION_ROLE, READ_PATIENT, READ_ADMINISTRATIVE_REPORT, CREATE_APPOINTMENT, VIEW_ASSIGNMENT_ASSIGNMENT, READ_CONTRACT, DELETE_ADMINISTRATIVE_REPORT, DEACTIVATE_USER_IDENTITY, REVERSE_INVOICE, DEACTIVATE_ROLE_ROLE, APPROVE_INVOICE, READ_PROVIDED_SERVICE, REVOKE_ASSIGNMENT, READ_AVAILABILITY, READ_RECEPTIONIST, DELETE_RATE, UPDATE_PRIMARY_ASSIGNMENT, UPDATE_DENTIST, CREATE_USER_IDENTITY, DELETE_CONTRACT, DELETE_PAYMENT, DELETE_ASSIGNMENT, READ_COMPANY, UPDATE_ADMINISTRATIVE_REPORT, REMOVE_PERMISSION_ROLE, CREATE_PAYMENT, UPDATE_USER_IDENTITY, ADD_PERMISSION_ROLE, READ_GUARDIAN, UPDATE_CONTRACT, DELETE_COMPANY, IS_ACTIVE_AT_ASSIGNMENT, DELETE_DENTIST, READ_ASSIGNMENT, POST_INVOICE, REVOKE_ALL_ASSIGNMENT, CREATE_JOURNAL_ENTRY, CREATE_ADMINISTRATIVE_REPORT, UPDATE_ASSIGNMENT, READ_SHIFT, POST_JOURNAL_ENTRY, CREATE_GUARDIAN, ROLE_ADMINISTRATOR, CREATE_TEMPORARY_ASSIGNMENT, READ_PAYMENT, CREATE_RATE, EXTEND_ASSIGNMENT_ASSIGNMENT, READ_INVOICE, REACTIVATE_USER_IDENTITY, UPDATE_APPOINTMENT, UPDATE_RATE, DELETE_JOURNAL_ENTRY, CREATE_SHIFT, READ_JOURNAL_ENTRY, MARK_DELETED_ROLE_ROLE, CREATE_INVOICE, UPDATE_SHIFT, SUSPEND_ROLE_ROLE, UPDATE_PATIENT, UPDATE_PROVIDED_SERVICE, SUSPEND_USER_IDENTITY]]
2026-03-22 18:33:06 TRACE [http-nio-8080-exec-6] o.s.s.w.a.s.CompositeSessionAuthenticationStrategy - Preparing session with ChangeSessionIdAuthenticationStrategy (1/1)
2026-03-22 18:33:06 DEBUG [http-nio-8080-exec-6] o.s.security.web.FilterChainProxy - Secured PATCH /api/v1/users/2/deactivate?reason=Prueba
2026-03-22 18:33:06 DEBUG [http-nio-8080-exec-6] o.s.web.servlet.DispatcherServlet - PATCH "/api/v1/users/2/deactivate?reason=Prueba", parameters={masked}
2026-03-22 18:33:06 DEBUG [http-nio-8080-exec-6] o.s.w.s.m.m.a.RequestMappingHandlerMapping - Mapped to com.example.ClinicaDefinitiva.infrastructure.rest.controller.authentication.UserIdentityController#deactivate(Long, String, CustomUserDetails)
2026-03-22 18:33:06 DEBUG [http-nio-8080-exec-6] o.s.web.servlet.DispatcherServlet - Failed to complete request: com.example.ClinicaDefinitiva.domain.exceptions.AggregateBusinessRuleViolationException: El usuario activo debe estar verificado para realizar acciones sensibles
2026-03-22 18:33:06 ERROR [http-nio-8080-exec-6] o.a.c.c.C.[.[.[.[dispatcherServlet] - Servlet.service() for servlet [dispatcherServlet] in context with path [] threw exception [Request processing failed: com.example.ClinicaDefinitiva.domain.exceptions.AggregateBusinessRuleViolationException: El usuario activo debe estar verificado para realizar acciones sensibles] with root cause
com.example.ClinicaDefinitiva.domain.exceptions.AggregateBusinessRuleViolationException: El usuario activo debe estar verificado para realizar acciones sensibles
	at com.example.ClinicaDefinitiva.application.service.authentication.UserIdentityApplicationService.deactivate(UserIdentityApplicationService.java:289)
	at java.base/jdk.internal.reflect.NativeMethodAccessorImpl.invoke0(Native Method)
	at java.base/jdk.internal.reflect.NativeMethodAccessorImpl.invoke(NativeMethodAccessorImpl.java:77)
	at java.base/jdk.internal.reflect.DelegatingMethodAccessorImpl.invoke(DelegatingMethodAccessorImpl.java:43)
	at java.base/java.lang.reflect.Method.invoke(Method.java:568)
	at org.springframework.aop.support.AopUtils.invokeJoinpointUsingReflection(AopUtils.java:359)
	at org.springframework.aop.framework.ReflectiveMethodInvocation.invokeJoinpoint(ReflectiveMethodInvocation.java:196)
	at org.springframework.aop.framework.ReflectiveMethodInvocation.proceed(ReflectiveMethodInvocation.java:163)
	at org.springframework.aop.aspectj.MethodInvocationProceedingJoinPoint.proceed(MethodInvocationProceedingJoinPoint.java:89)
	at com.example.ClinicaDefinitiva.infrastructure.security.config.AuthorizationAspect.checkPermission(AuthorizationAspect.java:76)
	at java.base/jdk.internal.reflect.NativeMethodAccessorImpl.invoke0(Native Method)
	at java.base/jdk.internal.reflect.NativeMethodAccessorImpl.invoke(NativeMethodAccessorImpl.java:77)
	at java.base/jdk.internal.reflect.DelegatingMethodAccessorImpl.invoke(DelegatingMethodAccessorImpl.java:43)
	at java.base/java.lang.reflect.Method.invoke(Method.java:568)
	at org.springframework.aop.aspectj.AbstractAspectJAdvice.invokeAdviceMethodWithGivenArgs(AbstractAspectJAdvice.java:642)
	at org.springframework.aop.aspectj.AbstractAspectJAdvice.invokeAdviceMethod(AbstractAspectJAdvice.java:632)
	at org.springframework.aop.aspectj.AspectJAroundAdvice.invoke(AspectJAroundAdvice.java:71)
	at org.springframework.aop.framework.ReflectiveMethodInvocation.proceed(ReflectiveMethodInvocation.java:173)
	at org.springframework.transaction.interceptor.TransactionAspectSupport.invokeWithinTransaction(TransactionAspectSupport.java:380)
	at org.springframework.transaction.interceptor.TransactionInterceptor.invoke(TransactionInterceptor.java:119)
	at org.springframework.aop.framework.ReflectiveMethodInvocation.proceed(ReflectiveMethodInvocation.java:184)
	at org.springframework.aop.interceptor.ExposeInvocationInterceptor.invoke(ExposeInvocationInterceptor.java:97)
	at org.springframework.aop.framework.ReflectiveMethodInvocation.proceed(ReflectiveMethodInvocation.java:184)
	at org.springframework.aop.framework.CglibAopProxy$DynamicAdvisedInterceptor.intercept(CglibAopProxy.java:728)
	at com.example.ClinicaDefinitiva.application.service.authentication.UserIdentityApplicationService$$SpringCGLIB$$0.deactivate(<generated>)
	at com.example.ClinicaDefinitiva.infrastructure.rest.controller.authentication.UserIdentityController.deactivate(UserIdentityController.java:181)
	at java.base/jdk.internal.reflect.NativeMethodAccessorImpl.invoke0(Native Method)
	at java.base/jdk.internal.reflect.NativeMethodAccessorImpl.invoke(NativeMethodAccessorImpl.java:77)
	at java.base/jdk.internal.reflect.DelegatingMethodAccessorImpl.invoke(DelegatingMethodAccessorImpl.java:43)
	at java.base/java.lang.reflect.Method.invoke(Method.java:568)
	at org.springframework.aop.support.AopUtils.invokeJoinpointUsingReflection(AopUtils.java:359)
	at org.springframework.aop.framework.ReflectiveMethodInvocation.invokeJoinpoint(ReflectiveMethodInvocation.java:196)
	at org.springframework.aop.framework.ReflectiveMethodInvocation.proceed(ReflectiveMethodInvocation.java:163)
	at org.springframework.validation.beanvalidation.MethodValidationInterceptor.invoke(MethodValidationInterceptor.java:174)
	at org.springframework.aop.framework.ReflectiveMethodInvocation.proceed(ReflectiveMethodInvocation.java:184)
	at org.springframework.aop.framework.CglibAopProxy$DynamicAdvisedInterceptor.intercept(CglibAopProxy.java:728)
	at com.example.ClinicaDefinitiva.infrastructure.rest.controller.authentication.UserIdentityController$$SpringCGLIB$$0.deactivate(<generated>)
	at java.base/jdk.internal.reflect.NativeMethodAccessorImpl.invoke0(Native Method)
	at java.base/jdk.internal.reflect.NativeMethodAccessorImpl.invoke(NativeMethodAccessorImpl.java:77)
	at java.base/jdk.internal.reflect.DelegatingMethodAccessorImpl.invoke(DelegatingMethodAccessorImpl.java:43)
	at java.base/java.lang.reflect.Method.invoke(Method.java:568)
	at org.springframework.web.method.support.InvocableHandlerMethod.doInvoke(InvocableHandlerMethod.java:258)
	at org.springframework.web.method.support.InvocableHandlerMethod.invokeForRequest(InvocableHandlerMethod.java:191)
	at org.springframework.web.servlet.mvc.method.annotation.ServletInvocableHandlerMethod.invokeAndHandle(ServletInvocableHandlerMethod.java:118)
	at org.springframework.web.servlet.mvc.method.annotation.RequestMappingHandlerAdapter.invokeHandlerMethod(RequestMappingHandlerAdapter.java:986)
	at org.springframework.web.servlet.mvc.method.annotation.RequestMappingHandlerAdapter.handleInternal(RequestMappingHandlerAdapter.java:891)
	at org.springframework.web.servlet.mvc.method.AbstractHandlerMethodAdapter.handle(AbstractHandlerMethodAdapter.java:87)
	at org.springframework.web.servlet.DispatcherServlet.doDispatch(DispatcherServlet.java:1089)
	at org.springframework.web.servlet.DispatcherServlet.doService(DispatcherServlet.java:979)
	at org.springframework.web.servlet.FrameworkServlet.processRequest(FrameworkServlet.java:1014)
	at org.springframework.web.servlet.FrameworkServlet.service(FrameworkServlet.java:888)
	at jakarta.servlet.http.HttpServlet.service(HttpServlet.java:658)
	at org.apache.catalina.core.ApplicationFilterChain.internalDoFilter(ApplicationFilterChain.java:195)
	at org.apache.catalina.core.ApplicationFilterChain.doFilter(ApplicationFilterChain.java:140)
	at org.apache.tomcat.websocket.server.WsFilter.doFilter(WsFilter.java:51)
	at org.apache.catalina.core.ApplicationFilterChain.internalDoFilter(ApplicationFilterChain.java:164)
	at org.apache.catalina.core.ApplicationFilterChain.doFilter(ApplicationFilterChain.java:140)
	at com.example.ClinicaDefinitiva.util.RequestIdFilter.doFilterInternal(RequestIdFilter.java:76)
	at org.springframework.web.filter.OncePerRequestFilter.doFilter(OncePerRequestFilter.java:116)
	at org.apache.catalina.core.ApplicationFilterChain.internalDoFilter(ApplicationFilterChain.java:164)
	at org.apache.catalina.core.ApplicationFilterChain.doFilter(ApplicationFilterChain.java:140)
	at org.springframework.web.filter.CompositeFilter$VirtualFilterChain.doFilter(CompositeFilter.java:108)
	at org.springframework.web.filter.CompositeFilter$VirtualFilterChain.doFilter(CompositeFilter.java:108)
	at org.springframework.security.web.FilterChainProxy.lambda$doFilterInternal$3(FilterChainProxy.java:231)
	at org.springframework.security.web.ObservationFilterChainDecorator$FilterObservation$SimpleFilterObservation.lambda$wrap$1(ObservationFilterChainDecorator.java:479)
	at org.springframework.security.web.ObservationFilterChainDecorator$AroundFilterObservation$SimpleAroundFilterObservation.lambda$wrap$1(ObservationFilterChainDecorator.java:340)
	at org.springframework.security.web.ObservationFilterChainDecorator.lambda$wrapSecured$0(ObservationFilterChainDecorator.java:82)
	at org.springframework.security.web.ObservationFilterChainDecorator$VirtualFilterChain.doFilter(ObservationFilterChainDecorator.java:128)
	at org.springframework.security.web.access.intercept.AuthorizationFilter.doFilter(AuthorizationFilter.java:101)
	at org.springframework.security.web.ObservationFilterChainDecorator$ObservationFilter.wrapFilter(ObservationFilterChainDecorator.java:240)
	at org.springframework.security.web.ObservationFilterChainDecorator$ObservationFilter.doFilter(ObservationFilterChainDecorator.java:227)
	at org.springframework.security.web.ObservationFilterChainDecorator$VirtualFilterChain.doFilter(ObservationFilterChainDecorator.java:137)
	at org.springframework.security.web.access.ExceptionTranslationFilter.doFilter(ExceptionTranslationFilter.java:125)
	at org.springframework.security.web.access.ExceptionTranslationFilter.doFilter(ExceptionTranslationFilter.java:119)
	at org.springframework.security.web.ObservationFilterChainDecorator$ObservationFilter.wrapFilter(ObservationFilterChainDecorator.java:240)
	at org.springframework.security.web.ObservationFilterChainDecorator$ObservationFilter.doFilter(ObservationFilterChainDecorator.java:227)
	at org.springframework.security.web.ObservationFilterChainDecorator$VirtualFilterChain.doFilter(ObservationFilterChainDecorator.java:137)
	at org.springframework.security.web.session.SessionManagementFilter.doFilter(SessionManagementFilter.java:131)
	at org.springframework.security.web.session.SessionManagementFilter.doFilter(SessionManagementFilter.java:85)
	at org.springframework.security.web.ObservationFilterChainDecorator$ObservationFilter.wrapFilter(ObservationFilterChainDecorator.java:240)
	at org.springframework.security.web.ObservationFilterChainDecorator$ObservationFilter.doFilter(ObservationFilterChainDecorator.java:227)
	at org.springframework.security.web.ObservationFilterChainDecorator$VirtualFilterChain.doFilter(ObservationFilterChainDecorator.java:137)
	at org.springframework.security.web.authentication.AnonymousAuthenticationFilter.doFilter(AnonymousAuthenticationFilter.java:100)
	at org.springframework.security.web.ObservationFilterChainDecorator$ObservationFilter.wrapFilter(ObservationFilterChainDecorator.java:240)
	at org.springframework.security.web.ObservationFilterChainDecorator$ObservationFilter.doFilter(ObservationFilterChainDecorator.java:227)
	at org.springframework.security.web.ObservationFilterChainDecorator$VirtualFilterChain.doFilter(ObservationFilterChainDecorator.java:137)
	at org.springframework.security.web.servletapi.SecurityContextHolderAwareRequestFilter.doFilter(SecurityContextHolderAwareRequestFilter.java:179)
	at org.springframework.security.web.ObservationFilterChainDecorator$ObservationFilter.wrapFilter(ObservationFilterChainDecorator.java:240)
	at org.springframework.security.web.ObservationFilterChainDecorator$ObservationFilter.doFilter(ObservationFilterChainDecorator.java:227)
	at org.springframework.security.web.ObservationFilterChainDecorator$VirtualFilterChain.doFilter(ObservationFilterChainDecorator.java:137)
	at org.springframework.security.web.savedrequest.RequestCacheAwareFilter.doFilter(RequestCacheAwareFilter.java:63)
	at org.springframework.security.web.ObservationFilterChainDecorator$ObservationFilter.wrapFilter(ObservationFilterChainDecorator.java:240)
	at org.springframework.security.web.ObservationFilterChainDecorator$ObservationFilter.doFilter(ObservationFilterChainDecorator.java:227)
	at org.springframework.security.web.ObservationFilterChainDecorator$VirtualFilterChain.doFilter(ObservationFilterChainDecorator.java:137)
	at com.example.ClinicaDefinitiva.infrastructure.security.filter.JwtAuthenticationFilter.doFilterInternal(JwtAuthenticationFilter.java:40)
	at org.springframework.web.filter.OncePerRequestFilter.doFilter(OncePerRequestFilter.java:116)
	at org.springframework.security.web.ObservationFilterChainDecorator$ObservationFilter.wrapFilter(ObservationFilterChainDecorator.java:240)
	at org.springframework.security.web.ObservationFilterChainDecorator$ObservationFilter.doFilter(ObservationFilterChainDecorator.java:227)
	at org.springframework.security.web.ObservationFilterChainDecorator$VirtualFilterChain.doFilter(ObservationFilterChainDecorator.java:137)
	at org.springframework.security.web.authentication.logout.LogoutFilter.doFilter(LogoutFilter.java:107)
	at org.springframework.security.web.authentication.logout.LogoutFilter.doFilter(LogoutFilter.java:93)
	at org.springframework.security.web.ObservationFilterChainDecorator$ObservationFilter.wrapFilter(ObservationFilterChainDecorator.java:240)
	at org.springframework.security.web.ObservationFilterChainDecorator$ObservationFilter.doFilter(ObservationFilterChainDecorator.java:227)
	at org.springframework.security.web.ObservationFilterChainDecorator$VirtualFilterChain.doFilter(ObservationFilterChainDecorator.java:137)
	at org.springframework.security.web.header.HeaderWriterFilter.doHeadersAfter(HeaderWriterFilter.java:90)
	at org.springframework.security.web.header.HeaderWriterFilter.doFilterInternal(HeaderWriterFilter.java:75)
	at org.springframework.web.filter.OncePerRequestFilter.doFilter(OncePerRequestFilter.java:116)
	at org.springframework.security.web.ObservationFilterChainDecorator$ObservationFilter.wrapFilter(ObservationFilterChainDecorator.java:240)
	at org.springframework.security.web.ObservationFilterChainDecorator$ObservationFilter.doFilter(ObservationFilterChainDecorator.java:227)
	at org.springframework.security.web.ObservationFilterChainDecorator$VirtualFilterChain.doFilter(ObservationFilterChainDecorator.java:137)
	at org.springframework.security.web.context.SecurityContextHolderFilter.doFilter(SecurityContextHolderFilter.java:82)
	at org.springframework.security.web.context.SecurityContextHolderFilter.doFilter(SecurityContextHolderFilter.java:69)
	at org.springframework.security.web.ObservationFilterChainDecorator$ObservationFilter.wrapFilter(ObservationFilterChainDecorator.java:240)
	at org.springframework.security.web.ObservationFilterChainDecorator$ObservationFilter.doFilter(ObservationFilterChainDecorator.java:227)
	at org.springframework.security.web.ObservationFilterChainDecorator$VirtualFilterChain.doFilter(ObservationFilterChainDecorator.java:137)
	at org.springframework.security.web.context.request.async.WebAsyncManagerIntegrationFilter.doFilterInternal(WebAsyncManagerIntegrationFilter.java:62)
	at org.springframework.web.filter.OncePerRequestFilter.doFilter(OncePerRequestFilter.java:116)
	at org.springframework.security.web.ObservationFilterChainDecorator$ObservationFilter.wrapFilter(ObservationFilterChainDecorator.java:240)
	at org.springframework.security.web.ObservationFilterChainDecorator$ObservationFilter.doFilter(ObservationFilterChainDecorator.java:227)
	at org.springframework.security.web.ObservationFilterChainDecorator$VirtualFilterChain.doFilter(ObservationFilterChainDecorator.java:137)
	at org.springframework.security.web.session.DisableEncodeUrlFilter.doFilterInternal(DisableEncodeUrlFilter.java:42)
	at org.springframework.web.filter.OncePerRequestFilter.doFilter(OncePerRequestFilter.java:116)
	at org.springframework.security.web.ObservationFilterChainDecorator$ObservationFilter.wrapFilter(ObservationFilterChainDecorator.java:240)
	at org.springframework.security.web.ObservationFilterChainDecorator$AroundFilterObservation$SimpleAroundFilterObservation.lambda$wrap$0(ObservationFilterChainDecorator.java:323)
	at org.springframework.security.web.ObservationFilterChainDecorator$ObservationFilter.doFilter(ObservationFilterChainDecorator.java:224)
	at org.springframework.security.web.ObservationFilterChainDecorator$VirtualFilterChain.doFilter(ObservationFilterChainDecorator.java:137)
	at org.springframework.security.web.FilterChainProxy.doFilterInternal(FilterChainProxy.java:233)
	at org.springframework.security.web.FilterChainProxy.doFilter(FilterChainProxy.java:191)
	at org.springframework.web.filter.CompositeFilter$VirtualFilterChain.doFilter(CompositeFilter.java:113)
	at org.springframework.web.filter.ServletRequestPathFilter.doFilter(ServletRequestPathFilter.java:52)
	at org.springframework.web.filter.CompositeFilter$VirtualFilterChain.doFilter(CompositeFilter.java:113)
	at org.springframework.web.filter.CompositeFilter.doFilter(CompositeFilter.java:74)
	at org.springframework.security.config.annotation.web.configuration.WebSecurityConfiguration$CompositeFilterChainProxy.doFilter(WebSecurityConfiguration.java:319)
	at org.springframework.web.filter.CompositeFilter$VirtualFilterChain.doFilter(CompositeFilter.java:113)
	at org.springframework.web.servlet.handler.HandlerMappingIntrospector.lambda$createCacheFilter$3(HandlerMappingIntrospector.java:243)
	at org.springframework.web.filter.CompositeFilter$VirtualFilterChain.doFilter(CompositeFilter.java:113)
	at org.springframework.web.filter.CompositeFilter.doFilter(CompositeFilter.java:74)
	at org.springframework.security.config.annotation.web.configuration.WebMvcSecurityConfiguration$CompositeFilterChainProxy.doFilter(WebMvcSecurityConfiguration.java:240)
	at org.springframework.web.filter.DelegatingFilterProxy.invokeDelegate(DelegatingFilterProxy.java:362)
	at org.springframework.web.filter.DelegatingFilterProxy.doFilter(DelegatingFilterProxy.java:278)
	at org.apache.catalina.core.ApplicationFilterChain.internalDoFilter(ApplicationFilterChain.java:164)
	at org.apache.catalina.core.ApplicationFilterChain.doFilter(ApplicationFilterChain.java:140)
	at org.springframework.web.filter.RequestContextFilter.doFilterInternal(RequestContextFilter.java:100)
	at org.springframework.web.filter.OncePerRequestFilter.doFilter(OncePerRequestFilter.java:116)
	at org.apache.catalina.core.ApplicationFilterChain.internalDoFilter(ApplicationFilterChain.java:164)
	at org.apache.catalina.core.ApplicationFilterChain.doFilter(ApplicationFilterChain.java:140)
	at org.springframework.web.filter.FormContentFilter.doFilterInternal(FormContentFilter.java:93)
	at org.springframework.web.filter.OncePerRequestFilter.doFilter(OncePerRequestFilter.java:116)
	at org.apache.catalina.core.ApplicationFilterChain.internalDoFilter(ApplicationFilterChain.java:164)
	at org.apache.catalina.core.ApplicationFilterChain.doFilter(ApplicationFilterChain.java:140)
	at org.springframework.web.filter.ServerHttpObservationFilter.doFilterInternal(ServerHttpObservationFilter.java:114)
	at org.springframework.web.filter.OncePerRequestFilter.doFilter(OncePerRequestFilter.java:116)
	at org.apache.catalina.core.ApplicationFilterChain.internalDoFilter(ApplicationFilterChain.java:164)
	at org.apache.catalina.core.ApplicationFilterChain.doFilter(ApplicationFilterChain.java:140)
	at org.springframework.web.filter.CharacterEncodingFilter.doFilterInternal(CharacterEncodingFilter.java:201)
	at org.springframework.web.filter.OncePerRequestFilter.doFilter(OncePerRequestFilter.java:116)
	at org.apache.catalina.core.ApplicationFilterChain.internalDoFilter(ApplicationFilterChain.java:164)
	at org.apache.catalina.core.ApplicationFilterChain.doFilter(ApplicationFilterChain.java:140)
	at org.apache.catalina.core.StandardWrapperValve.invoke(StandardWrapperValve.java:167)
	at org.apache.catalina.core.StandardContextValve.invoke(StandardContextValve.java:90)
	at org.apache.catalina.authenticator.AuthenticatorBase.invoke(AuthenticatorBase.java:483)
	at org.apache.catalina.core.StandardHostValve.invoke(StandardHostValve.java:116)
	at org.apache.catalina.valves.ErrorReportValve.invoke(ErrorReportValve.java:93)
	at org.apache.catalina.core.StandardEngineValve.invoke(StandardEngineValve.java:74)
	at org.apache.catalina.connector.CoyoteAdapter.service(CoyoteAdapter.java:344)
	at org.apache.coyote.http11.Http11Processor.service(Http11Processor.java:398)
	at org.apache.coyote.AbstractProcessorLight.process(AbstractProcessorLight.java:63)
	at org.apache.coyote.AbstractProtocol$ConnectionHandler.process(AbstractProtocol.java:903)
	at org.apache.tomcat.util.net.NioEndpoint$SocketProcessor.doRun(NioEndpoint.java:1740)
	at org.apache.tomcat.util.net.SocketProcessorBase.run(SocketProcessorBase.java:52)
	at org.apache.tomcat.util.threads.ThreadPoolExecutor.runWorker(ThreadPoolExecutor.java:1189)
	at org.apache.tomcat.util.threads.ThreadPoolExecutor$Worker.run(ThreadPoolExecutor.java:658)
	at org.apache.tomcat.util.threads.TaskThread$WrappingRunnable.run(TaskThread.java:63)
	at java.base/java.lang.Thread.run(Thread.java:842)
2026-03-22 18:33:06 DEBUG [http-nio-8080-exec-6] o.s.security.web.FilterChainProxy - Securing PATCH /error?reason=Prueba
2026-03-22 18:33:06 TRACE [http-nio-8080-exec-6] o.s.s.w.a.logout.LogoutFilter - Did not match request to Or [Ant [pattern='/logout', GET], Ant [pattern='/logout', POST], Ant [pattern='/logout', PUT], Ant [pattern='/logout', DELETE]]
2026-03-22 18:33:06 TRACE [http-nio-8080-exec-6] o.s.s.w.a.AnonymousAuthenticationFilter - Set SecurityContextHolder to AnonymousAuthenticationToken [Principal=anonymousUser, Credentials=[PROTECTED], Authenticated=true, Details=WebAuthenticationDetails [RemoteIpAddress=0:0:0:0:0:0:0:1, SessionId=null], Granted Authorities=[ROLE_ANONYMOUS]]
2026-03-22 18:33:06 DEBUG [http-nio-8080-exec-6] o.s.s.w.a.Http403ForbiddenEntryPoint - Pre-authenticated entry point called. Rejecting access
2026-03-22 18:44:59 DEBUG [http-nio-8080-exec-7] o.s.security.web.FilterChainProxy - Securing PATCH /api/v1/users/2/deactivate?reason=Prueba
2026-03-22 18:44:59 TRACE [http-nio-8080-exec-7] o.s.s.w.a.logout.LogoutFilter - Did not match request to Or [Ant [pattern='/logout', GET], Ant [pattern='/logout', POST], Ant [pattern='/logout', PUT], Ant [pattern='/logout', DELETE]]
2026-03-22 18:44:59 TRACE [http-nio-8080-exec-7] o.s.s.w.a.AnonymousAuthenticationFilter - Did not set SecurityContextHolder since already authenticated UsernamePasswordAuthenticationToken [Principal=com.example.ClinicaDefinitiva.infrastructure.security.adapter.CustomUserDetails@2f8b3de0, Credentials=[PROTECTED], Authenticated=true, Details=null, Granted Authorities=[UPDATE_COMPANY, UPDATE_INVOICE, CREATE_ASSIGNMENT, UPDATE_GUARDIAN, CLONE_ROLE_ROLE, CANCEL_APPOINTMENT, UPDATE_JOURNAL_ENTRY, REVERSE_JOURNAL_ENTRY, CREATE_CONTRACT, DELETE_APPOINTMENT, RESCHEDULE_APPOINTMENT, SET_PERMISSIONS_ROLE, CREATE_PATIENT, READ_USER_IDENTITY, IS_CURRENTLY_ACTIVE_ASSIGNMENT, READ_RATE, ACTIVATE_ROLE_ROLE, DELETE_ROLE_ROLE, READ_APPOINTMENT, READ_DENTIST, CREATE_COMPANY, VIEW_ROLE_ROLE, SCHEDULE_APPOINTMENT, ROLE_RECEPTIONIST, DELETE_INVOICE, CREATE_CUSTOM_ROLE_ROLE, UPDATE_PAYMENT, CREATE_DENTIST, CHECK_PERMISSION_ROLE, READ_PATIENT, READ_ADMINISTRATIVE_REPORT, CREATE_APPOINTMENT, VIEW_ASSIGNMENT_ASSIGNMENT, READ_CONTRACT, DELETE_ADMINISTRATIVE_REPORT, DEACTIVATE_USER_IDENTITY, REVERSE_INVOICE, DEACTIVATE_ROLE_ROLE, APPROVE_INVOICE, READ_PROVIDED_SERVICE, REVOKE_ASSIGNMENT, READ_AVAILABILITY, READ_RECEPTIONIST, DELETE_RATE, UPDATE_PRIMARY_ASSIGNMENT, UPDATE_DENTIST, CREATE_USER_IDENTITY, DELETE_CONTRACT, DELETE_PAYMENT, DELETE_ASSIGNMENT, READ_COMPANY, UPDATE_ADMINISTRATIVE_REPORT, REMOVE_PERMISSION_ROLE, CREATE_PAYMENT, UPDATE_USER_IDENTITY, ADD_PERMISSION_ROLE, READ_GUARDIAN, UPDATE_CONTRACT, DELETE_COMPANY, IS_ACTIVE_AT_ASSIGNMENT, DELETE_DENTIST, READ_ASSIGNMENT, POST_INVOICE, REVOKE_ALL_ASSIGNMENT, CREATE_JOURNAL_ENTRY, CREATE_ADMINISTRATIVE_REPORT, UPDATE_ASSIGNMENT, READ_SHIFT, POST_JOURNAL_ENTRY, CREATE_GUARDIAN, ROLE_ADMINISTRATOR, CREATE_TEMPORARY_ASSIGNMENT, READ_PAYMENT, CREATE_RATE, EXTEND_ASSIGNMENT_ASSIGNMENT, READ_INVOICE, REACTIVATE_USER_IDENTITY, UPDATE_APPOINTMENT, UPDATE_RATE, DELETE_JOURNAL_ENTRY, CREATE_SHIFT, READ_JOURNAL_ENTRY, MARK_DELETED_ROLE_ROLE, CREATE_INVOICE, UPDATE_SHIFT, SUSPEND_ROLE_ROLE, UPDATE_PATIENT, UPDATE_PROVIDED_SERVICE, SUSPEND_USER_IDENTITY]]
2026-03-22 18:44:59 TRACE [http-nio-8080-exec-7] o.s.s.w.a.s.CompositeSessionAuthenticationStrategy - Preparing session with ChangeSessionIdAuthenticationStrategy (1/1)
2026-03-22 18:44:59 DEBUG [http-nio-8080-exec-7] o.s.security.web.FilterChainProxy - Secured PATCH /api/v1/users/2/deactivate?reason=Prueba
2026-03-22 18:44:59 DEBUG [http-nio-8080-exec-7] o.s.web.servlet.DispatcherServlet - PATCH "/api/v1/users/2/deactivate?reason=Prueba", parameters={masked}
2026-03-22 18:44:59 DEBUG [http-nio-8080-exec-7] o.s.w.s.m.m.a.RequestMappingHandlerMapping - Mapped to com.example.ClinicaDefinitiva.infrastructure.rest.controller.authentication.UserIdentityController#deactivate(Long, String, CustomUserDetails)
2026-03-22 18:44:59 DEBUG [http-nio-8080-exec-7] o.s.web.servlet.DispatcherServlet - Failed to complete request: com.example.ClinicaDefinitiva.domain.exceptions.AggregateBusinessRuleViolationException: El usuario activo debe estar verificado para realizar acciones sensibles
2026-03-22 18:44:59 ERROR [http-nio-8080-exec-7] o.a.c.c.C.[.[.[.[dispatcherServlet] - Servlet.service() for servlet [dispatcherServlet] in context with path [] threw exception [Request processing failed: com.example.ClinicaDefinitiva.domain.exceptions.AggregateBusinessRuleViolationException: El usuario activo debe estar verificado para realizar acciones sensibles] with root cause
com.example.ClinicaDefinitiva.domain.exceptions.AggregateBusinessRuleViolationException: El usuario activo debe estar verificado para realizar acciones sensibles
	at com.example.ClinicaDefinitiva.application.service.authentication.UserIdentityApplicationService.deactivate(UserIdentityApplicationService.java:289)
	at java.base/jdk.internal.reflect.NativeMethodAccessorImpl.invoke0(Native Method)
	at java.base/jdk.internal.reflect.NativeMethodAccessorImpl.invoke(NativeMethodAccessorImpl.java:77)
	at java.base/jdk.internal.reflect.DelegatingMethodAccessorImpl.invoke(DelegatingMethodAccessorImpl.java:43)
	at java.base/java.lang.reflect.Method.invoke(Method.java:568)
	at org.springframework.aop.support.AopUtils.invokeJoinpointUsingReflection(AopUtils.java:359)
	at org.springframework.aop.framework.ReflectiveMethodInvocation.invokeJoinpoint(ReflectiveMethodInvocation.java:196)
	at org.springframework.aop.framework.ReflectiveMethodInvocation.proceed(ReflectiveMethodInvocation.java:163)
	at org.springframework.aop.aspectj.MethodInvocationProceedingJoinPoint.proceed(MethodInvocationProceedingJoinPoint.java:89)
	at com.example.ClinicaDefinitiva.infrastructure.security.config.AuthorizationAspect.checkPermission(AuthorizationAspect.java:76)
	at java.base/jdk.internal.reflect.NativeMethodAccessorImpl.invoke0(Native Method)
	at java.base/jdk.internal.reflect.NativeMethodAccessorImpl.invoke(NativeMethodAccessorImpl.java:77)
	at java.base/jdk.internal.reflect.DelegatingMethodAccessorImpl.invoke(DelegatingMethodAccessorImpl.java:43)
	at java.base/java.lang.reflect.Method.invoke(Method.java:568)
	at org.springframework.aop.aspectj.AbstractAspectJAdvice.invokeAdviceMethodWithGivenArgs(AbstractAspectJAdvice.java:642)
	at org.springframework.aop.aspectj.AbstractAspectJAdvice.invokeAdviceMethod(AbstractAspectJAdvice.java:632)
	at org.springframework.aop.aspectj.AspectJAroundAdvice.invoke(AspectJAroundAdvice.java:71)
	at org.springframework.aop.framework.ReflectiveMethodInvocation.proceed(ReflectiveMethodInvocation.java:173)
	at org.springframework.transaction.interceptor.TransactionAspectSupport.invokeWithinTransaction(TransactionAspectSupport.java:380)
	at org.springframework.transaction.interceptor.TransactionInterceptor.invoke(TransactionInterceptor.java:119)
	at org.springframework.aop.framework.ReflectiveMethodInvocation.proceed(ReflectiveMethodInvocation.java:184)
	at org.springframework.aop.interceptor.ExposeInvocationInterceptor.invoke(ExposeInvocationInterceptor.java:97)
	at org.springframework.aop.framework.ReflectiveMethodInvocation.proceed(ReflectiveMethodInvocation.java:184)
	at org.springframework.aop.framework.CglibAopProxy$DynamicAdvisedInterceptor.intercept(CglibAopProxy.java:728)
	at com.example.ClinicaDefinitiva.application.service.authentication.UserIdentityApplicationService$$SpringCGLIB$$0.deactivate(<generated>)
	at com.example.ClinicaDefinitiva.infrastructure.rest.controller.authentication.UserIdentityController.deactivate(UserIdentityController.java:181)
	at java.base/jdk.internal.reflect.NativeMethodAccessorImpl.invoke0(Native Method)
	at java.base/jdk.internal.reflect.NativeMethodAccessorImpl.invoke(NativeMethodAccessorImpl.java:77)
	at java.base/jdk.internal.reflect.DelegatingMethodAccessorImpl.invoke(DelegatingMethodAccessorImpl.java:43)
	at java.base/java.lang.reflect.Method.invoke(Method.java:568)
	at org.springframework.aop.support.AopUtils.invokeJoinpointUsingReflection(AopUtils.java:359)
	at org.springframework.aop.framework.ReflectiveMethodInvocation.invokeJoinpoint(ReflectiveMethodInvocation.java:196)
	at org.springframework.aop.framework.ReflectiveMethodInvocation.proceed(ReflectiveMethodInvocation.java:163)
	at org.springframework.validation.beanvalidation.MethodValidationInterceptor.invoke(MethodValidationInterceptor.java:174)
	at org.springframework.aop.framework.ReflectiveMethodInvocation.proceed(ReflectiveMethodInvocation.java:184)
	at org.springframework.aop.framework.CglibAopProxy$DynamicAdvisedInterceptor.intercept(CglibAopProxy.java:728)
	at com.example.ClinicaDefinitiva.infrastructure.rest.controller.authentication.UserIdentityController$$SpringCGLIB$$0.deactivate(<generated>)
	at java.base/jdk.internal.reflect.NativeMethodAccessorImpl.invoke0(Native Method)
	at java.base/jdk.internal.reflect.NativeMethodAccessorImpl.invoke(NativeMethodAccessorImpl.java:77)
	at java.base/jdk.internal.reflect.DelegatingMethodAccessorImpl.invoke(DelegatingMethodAccessorImpl.java:43)
	at java.base/java.lang.reflect.Method.invoke(Method.java:568)
	at org.springframework.web.method.support.InvocableHandlerMethod.doInvoke(InvocableHandlerMethod.java:258)
	at org.springframework.web.method.support.InvocableHandlerMethod.invokeForRequest(InvocableHandlerMethod.java:191)
	at org.springframework.web.servlet.mvc.method.annotation.ServletInvocableHandlerMethod.invokeAndHandle(ServletInvocableHandlerMethod.java:118)
	at org.springframework.web.servlet.mvc.method.annotation.RequestMappingHandlerAdapter.invokeHandlerMethod(RequestMappingHandlerAdapter.java:986)
	at org.springframework.web.servlet.mvc.method.annotation.RequestMappingHandlerAdapter.handleInternal(RequestMappingHandlerAdapter.java:891)
	at org.springframework.web.servlet.mvc.method.AbstractHandlerMethodAdapter.handle(AbstractHandlerMethodAdapter.java:87)
	at org.springframework.web.servlet.DispatcherServlet.doDispatch(DispatcherServlet.java:1089)
	at org.springframework.web.servlet.DispatcherServlet.doService(DispatcherServlet.java:979)
	at org.springframework.web.servlet.FrameworkServlet.processRequest(FrameworkServlet.java:1014)
	at org.springframework.web.servlet.FrameworkServlet.service(FrameworkServlet.java:888)
	at jakarta.servlet.http.HttpServlet.service(HttpServlet.java:658)
	at org.apache.catalina.core.ApplicationFilterChain.internalDoFilter(ApplicationFilterChain.java:195)
	at org.apache.catalina.core.ApplicationFilterChain.doFilter(ApplicationFilterChain.java:140)
	at org.apache.tomcat.websocket.server.WsFilter.doFilter(WsFilter.java:51)
	at org.apache.catalina.core.ApplicationFilterChain.internalDoFilter(ApplicationFilterChain.java:164)
	at org.apache.catalina.core.ApplicationFilterChain.doFilter(ApplicationFilterChain.java:140)
	at com.example.ClinicaDefinitiva.util.RequestIdFilter.doFilterInternal(RequestIdFilter.java:76)
	at org.springframework.web.filter.OncePerRequestFilter.doFilter(OncePerRequestFilter.java:116)
	at org.apache.catalina.core.ApplicationFilterChain.internalDoFilter(ApplicationFilterChain.java:164)
	at org.apache.catalina.core.ApplicationFilterChain.doFilter(ApplicationFilterChain.java:140)
	at org.springframework.web.filter.CompositeFilter$VirtualFilterChain.doFilter(CompositeFilter.java:108)
	at org.springframework.web.filter.CompositeFilter$VirtualFilterChain.doFilter(CompositeFilter.java:108)
	at org.springframework.security.web.FilterChainProxy.lambda$doFilterInternal$3(FilterChainProxy.java:231)
	at org.springframework.security.web.ObservationFilterChainDecorator$FilterObservation$SimpleFilterObservation.lambda$wrap$1(ObservationFilterChainDecorator.java:479)
	at org.springframework.security.web.ObservationFilterChainDecorator$AroundFilterObservation$SimpleAroundFilterObservation.lambda$wrap$1(ObservationFilterChainDecorator.java:340)
	at org.springframework.security.web.ObservationFilterChainDecorator.lambda$wrapSecured$0(ObservationFilterChainDecorator.java:82)
	at org.springframework.security.web.ObservationFilterChainDecorator$VirtualFilterChain.doFilter(ObservationFilterChainDecorator.java:128)
	at org.springframework.security.web.access.intercept.AuthorizationFilter.doFilter(AuthorizationFilter.java:101)
	at org.springframework.security.web.ObservationFilterChainDecorator$ObservationFilter.wrapFilter(ObservationFilterChainDecorator.java:240)
	at org.springframework.security.web.ObservationFilterChainDecorator$ObservationFilter.doFilter(ObservationFilterChainDecorator.java:227)
	at org.springframework.security.web.ObservationFilterChainDecorator$VirtualFilterChain.doFilter(ObservationFilterChainDecorator.java:137)
	at org.springframework.security.web.access.ExceptionTranslationFilter.doFilter(ExceptionTranslationFilter.java:125)
	at org.springframework.security.web.access.ExceptionTranslationFilter.doFilter(ExceptionTranslationFilter.java:119)
	at org.springframework.security.web.ObservationFilterChainDecorator$ObservationFilter.wrapFilter(ObservationFilterChainDecorator.java:240)
	at org.springframework.security.web.ObservationFilterChainDecorator$ObservationFilter.doFilter(ObservationFilterChainDecorator.java:227)
	at org.springframework.security.web.ObservationFilterChainDecorator$VirtualFilterChain.doFilter(ObservationFilterChainDecorator.java:137)
	at org.springframework.security.web.session.SessionManagementFilter.doFilter(SessionManagementFilter.java:131)
	at org.springframework.security.web.session.SessionManagementFilter.doFilter(SessionManagementFilter.java:85)
	at org.springframework.security.web.ObservationFilterChainDecorator$ObservationFilter.wrapFilter(ObservationFilterChainDecorator.java:240)
	at org.springframework.security.web.ObservationFilterChainDecorator$ObservationFilter.doFilter(ObservationFilterChainDecorator.java:227)
	at org.springframework.security.web.ObservationFilterChainDecorator$VirtualFilterChain.doFilter(ObservationFilterChainDecorator.java:137)
	at org.springframework.security.web.authentication.AnonymousAuthenticationFilter.doFilter(AnonymousAuthenticationFilter.java:100)
	at org.springframework.security.web.ObservationFilterChainDecorator$ObservationFilter.wrapFilter(ObservationFilterChainDecorator.java:240)
	at org.springframework.security.web.ObservationFilterChainDecorator$ObservationFilter.doFilter(ObservationFilterChainDecorator.java:227)
	at org.springframework.security.web.ObservationFilterChainDecorator$VirtualFilterChain.doFilter(ObservationFilterChainDecorator.java:137)
	at org.springframework.security.web.servletapi.SecurityContextHolderAwareRequestFilter.doFilter(SecurityContextHolderAwareRequestFilter.java:179)
	at org.springframework.security.web.ObservationFilterChainDecorator$ObservationFilter.wrapFilter(ObservationFilterChainDecorator.java:240)
	at org.springframework.security.web.ObservationFilterChainDecorator$ObservationFilter.doFilter(ObservationFilterChainDecorator.java:227)
	at org.springframework.security.web.ObservationFilterChainDecorator$VirtualFilterChain.doFilter(ObservationFilterChainDecorator.java:137)
	at org.springframework.security.web.savedrequest.RequestCacheAwareFilter.doFilter(RequestCacheAwareFilter.java:63)
	at org.springframework.security.web.ObservationFilterChainDecorator$ObservationFilter.wrapFilter(ObservationFilterChainDecorator.java:240)
	at org.springframework.security.web.ObservationFilterChainDecorator$ObservationFilter.doFilter(ObservationFilterChainDecorator.java:227)
	at org.springframework.security.web.ObservationFilterChainDecorator$VirtualFilterChain.doFilter(ObservationFilterChainDecorator.java:137)
	at com.example.ClinicaDefinitiva.infrastructure.security.filter.JwtAuthenticationFilter.doFilterInternal(JwtAuthenticationFilter.java:40)
	at org.springframework.web.filter.OncePerRequestFilter.doFilter(OncePerRequestFilter.java:116)
	at org.springframework.security.web.ObservationFilterChainDecorator$ObservationFilter.wrapFilter(ObservationFilterChainDecorator.java:240)
	at org.springframework.security.web.ObservationFilterChainDecorator$ObservationFilter.doFilter(ObservationFilterChainDecorator.java:227)
	at org.springframework.security.web.ObservationFilterChainDecorator$VirtualFilterChain.doFilter(ObservationFilterChainDecorator.java:137)
	at org.springframework.security.web.authentication.logout.LogoutFilter.doFilter(LogoutFilter.java:107)
	at org.springframework.security.web.authentication.logout.LogoutFilter.doFilter(LogoutFilter.java:93)
	at org.springframework.security.web.ObservationFilterChainDecorator$ObservationFilter.wrapFilter(ObservationFilterChainDecorator.java:240)
	at org.springframework.security.web.ObservationFilterChainDecorator$ObservationFilter.doFilter(ObservationFilterChainDecorator.java:227)
	at org.springframework.security.web.ObservationFilterChainDecorator$VirtualFilterChain.doFilter(ObservationFilterChainDecorator.java:137)
	at org.springframework.security.web.header.HeaderWriterFilter.doHeadersAfter(HeaderWriterFilter.java:90)
	at org.springframework.security.web.header.HeaderWriterFilter.doFilterInternal(HeaderWriterFilter.java:75)
	at org.springframework.web.filter.OncePerRequestFilter.doFilter(OncePerRequestFilter.java:116)
	at org.springframework.security.web.ObservationFilterChainDecorator$ObservationFilter.wrapFilter(ObservationFilterChainDecorator.java:240)
	at org.springframework.security.web.ObservationFilterChainDecorator$ObservationFilter.doFilter(ObservationFilterChainDecorator.java:227)
	at org.springframework.security.web.ObservationFilterChainDecorator$VirtualFilterChain.doFilter(ObservationFilterChainDecorator.java:137)
	at org.springframework.security.web.context.SecurityContextHolderFilter.doFilter(SecurityContextHolderFilter.java:82)
	at org.springframework.security.web.context.SecurityContextHolderFilter.doFilter(SecurityContextHolderFilter.java:69)
	at org.springframework.security.web.ObservationFilterChainDecorator$ObservationFilter.wrapFilter(ObservationFilterChainDecorator.java:240)
	at org.springframework.security.web.ObservationFilterChainDecorator$ObservationFilter.doFilter(ObservationFilterChainDecorator.java:227)
	at org.springframework.security.web.ObservationFilterChainDecorator$VirtualFilterChain.doFilter(ObservationFilterChainDecorator.java:137)
	at org.springframework.security.web.context.request.async.WebAsyncManagerIntegrationFilter.doFilterInternal(WebAsyncManagerIntegrationFilter.java:62)
	at org.springframework.web.filter.OncePerRequestFilter.doFilter(OncePerRequestFilter.java:116)
	at org.springframework.security.web.ObservationFilterChainDecorator$ObservationFilter.wrapFilter(ObservationFilterChainDecorator.java:240)
	at org.springframework.security.web.ObservationFilterChainDecorator$ObservationFilter.doFilter(ObservationFilterChainDecorator.java:227)
	at org.springframework.security.web.ObservationFilterChainDecorator$VirtualFilterChain.doFilter(ObservationFilterChainDecorator.java:137)
	at org.springframework.security.web.session.DisableEncodeUrlFilter.doFilterInternal(DisableEncodeUrlFilter.java:42)
	at org.springframework.web.filter.OncePerRequestFilter.doFilter(OncePerRequestFilter.java:116)
	at org.springframework.security.web.ObservationFilterChainDecorator$ObservationFilter.wrapFilter(ObservationFilterChainDecorator.java:240)
	at org.springframework.security.web.ObservationFilterChainDecorator$AroundFilterObservation$SimpleAroundFilterObservation.lambda$wrap$0(ObservationFilterChainDecorator.java:323)
	at org.springframework.security.web.ObservationFilterChainDecorator$ObservationFilter.doFilter(ObservationFilterChainDecorator.java:224)
	at org.springframework.security.web.ObservationFilterChainDecorator$VirtualFilterChain.doFilter(ObservationFilterChainDecorator.java:137)
	at org.springframework.security.web.FilterChainProxy.doFilterInternal(FilterChainProxy.java:233)
	at org.springframework.security.web.FilterChainProxy.doFilter(FilterChainProxy.java:191)
	at org.springframework.web.filter.CompositeFilter$VirtualFilterChain.doFilter(CompositeFilter.java:113)
	at org.springframework.web.filter.ServletRequestPathFilter.doFilter(ServletRequestPathFilter.java:52)
	at org.springframework.web.filter.CompositeFilter$VirtualFilterChain.doFilter(CompositeFilter.java:113)
	at org.springframework.web.filter.CompositeFilter.doFilter(CompositeFilter.java:74)
	at org.springframework.security.config.annotation.web.configuration.WebSecurityConfiguration$CompositeFilterChainProxy.doFilter(WebSecurityConfiguration.java:319)
	at org.springframework.web.filter.CompositeFilter$VirtualFilterChain.doFilter(CompositeFilter.java:113)
	at org.springframework.web.servlet.handler.HandlerMappingIntrospector.lambda$createCacheFilter$3(HandlerMappingIntrospector.java:243)
	at org.springframework.web.filter.CompositeFilter$VirtualFilterChain.doFilter(CompositeFilter.java:113)
	at org.springframework.web.filter.CompositeFilter.doFilter(CompositeFilter.java:74)
	at org.springframework.security.config.annotation.web.configuration.WebMvcSecurityConfiguration$CompositeFilterChainProxy.doFilter(WebMvcSecurityConfiguration.java:240)
	at org.springframework.web.filter.DelegatingFilterProxy.invokeDelegate(DelegatingFilterProxy.java:362)
	at org.springframework.web.filter.DelegatingFilterProxy.doFilter(DelegatingFilterProxy.java:278)
	at org.apache.catalina.core.ApplicationFilterChain.internalDoFilter(ApplicationFilterChain.java:164)
	at org.apache.catalina.core.ApplicationFilterChain.doFilter(ApplicationFilterChain.java:140)
	at org.springframework.web.filter.RequestContextFilter.doFilterInternal(RequestContextFilter.java:100)
	at org.springframework.web.filter.OncePerRequestFilter.doFilter(OncePerRequestFilter.java:116)
	at org.apache.catalina.core.ApplicationFilterChain.internalDoFilter(ApplicationFilterChain.java:164)
	at org.apache.catalina.core.ApplicationFilterChain.doFilter(ApplicationFilterChain.java:140)
	at org.springframework.web.filter.FormContentFilter.doFilterInternal(FormContentFilter.java:93)
	at org.springframework.web.filter.OncePerRequestFilter.doFilter(OncePerRequestFilter.java:116)
	at org.apache.catalina.core.ApplicationFilterChain.internalDoFilter(ApplicationFilterChain.java:164)
	at org.apache.catalina.core.ApplicationFilterChain.doFilter(ApplicationFilterChain.java:140)
	at org.springframework.web.filter.ServerHttpObservationFilter.doFilterInternal(ServerHttpObservationFilter.java:114)
	at org.springframework.web.filter.OncePerRequestFilter.doFilter(OncePerRequestFilter.java:116)
	at org.apache.catalina.core.ApplicationFilterChain.internalDoFilter(ApplicationFilterChain.java:164)
	at org.apache.catalina.core.ApplicationFilterChain.doFilter(ApplicationFilterChain.java:140)
	at org.springframework.web.filter.CharacterEncodingFilter.doFilterInternal(CharacterEncodingFilter.java:201)
	at org.springframework.web.filter.OncePerRequestFilter.doFilter(OncePerRequestFilter.java:116)
	at org.apache.catalina.core.ApplicationFilterChain.internalDoFilter(ApplicationFilterChain.java:164)
	at org.apache.catalina.core.ApplicationFilterChain.doFilter(ApplicationFilterChain.java:140)
	at org.apache.catalina.core.StandardWrapperValve.invoke(StandardWrapperValve.java:167)
	at org.apache.catalina.core.StandardContextValve.invoke(StandardContextValve.java:90)
	at org.apache.catalina.authenticator.AuthenticatorBase.invoke(AuthenticatorBase.java:483)
	at org.apache.catalina.core.StandardHostValve.invoke(StandardHostValve.java:116)
	at org.apache.catalina.valves.ErrorReportValve.invoke(ErrorReportValve.java:93)
	at org.apache.catalina.core.StandardEngineValve.invoke(StandardEngineValve.java:74)
	at org.apache.catalina.connector.CoyoteAdapter.service(CoyoteAdapter.java:344)
	at org.apache.coyote.http11.Http11Processor.service(Http11Processor.java:398)
	at org.apache.coyote.AbstractProcessorLight.process(AbstractProcessorLight.java:63)
	at org.apache.coyote.AbstractProtocol$ConnectionHandler.process(AbstractProtocol.java:903)
	at org.apache.tomcat.util.net.NioEndpoint$SocketProcessor.doRun(NioEndpoint.java:1740)
	at org.apache.tomcat.util.net.SocketProcessorBase.run(SocketProcessorBase.java:52)
	at org.apache.tomcat.util.threads.ThreadPoolExecutor.runWorker(ThreadPoolExecutor.java:1189)
	at org.apache.tomcat.util.threads.ThreadPoolExecutor$Worker.run(ThreadPoolExecutor.java:658)
	at org.apache.tomcat.util.threads.TaskThread$WrappingRunnable.run(TaskThread.java:63)
	at java.base/java.lang.Thread.run(Thread.java:842)
2026-03-22 18:44:59 DEBUG [http-nio-8080-exec-7] o.s.security.web.FilterChainProxy - Securing PATCH /error?reason=Prueba
2026-03-22 18:44:59 TRACE [http-nio-8080-exec-7] o.s.s.w.a.logout.LogoutFilter - Did not match request to Or [Ant [pattern='/logout', GET], Ant [pattern='/logout', POST], Ant [pattern='/logout', PUT], Ant [pattern='/logout', DELETE]]
2026-03-22 18:44:59 TRACE [http-nio-8080-exec-7] o.s.s.w.a.AnonymousAuthenticationFilter - Set SecurityContextHolder to AnonymousAuthenticationToken [Principal=anonymousUser, Credentials=[PROTECTED], Authenticated=true, Details=WebAuthenticationDetails [RemoteIpAddress=0:0:0:0:0:0:0:1, SessionId=null], Granted Authorities=[ROLE_ANONYMOUS]]
2026-03-22 18:44:59 DEBUG [http-nio-8080-exec-7] o.s.s.w.a.Http403ForbiddenEntryPoint - Pre-authenticated entry point called. Rejecting access
2026-03-22 18:45:06 DEBUG [http-nio-8080-exec-10] o.s.security.web.FilterChainProxy - Securing PATCH /api/v1/users/2/deactivate?reason=Prueba
2026-03-22 18:45:06 TRACE [http-nio-8080-exec-10] o.s.s.w.a.logout.LogoutFilter - Did not match request to Or [Ant [pattern='/logout', GET], Ant [pattern='/logout', POST], Ant [pattern='/logout', PUT], Ant [pattern='/logout', DELETE]]
2026-03-22 18:45:06 TRACE [http-nio-8080-exec-10] o.s.s.w.a.AnonymousAuthenticationFilter - Did not set SecurityContextHolder since already authenticated UsernamePasswordAuthenticationToken [Principal=com.example.ClinicaDefinitiva.infrastructure.security.adapter.CustomUserDetails@5c654e0, Credentials=[PROTECTED], Authenticated=true, Details=null, Granted Authorities=[UPDATE_COMPANY, UPDATE_INVOICE, CREATE_ASSIGNMENT, UPDATE_GUARDIAN, CLONE_ROLE_ROLE, CANCEL_APPOINTMENT, UPDATE_JOURNAL_ENTRY, REVERSE_JOURNAL_ENTRY, CREATE_CONTRACT, DELETE_APPOINTMENT, RESCHEDULE_APPOINTMENT, SET_PERMISSIONS_ROLE, CREATE_PATIENT, READ_USER_IDENTITY, IS_CURRENTLY_ACTIVE_ASSIGNMENT, READ_RATE, ACTIVATE_ROLE_ROLE, DELETE_ROLE_ROLE, READ_APPOINTMENT, READ_DENTIST, CREATE_COMPANY, VIEW_ROLE_ROLE, SCHEDULE_APPOINTMENT, ROLE_RECEPTIONIST, DELETE_INVOICE, CREATE_CUSTOM_ROLE_ROLE, UPDATE_PAYMENT, CREATE_DENTIST, CHECK_PERMISSION_ROLE, READ_PATIENT, READ_ADMINISTRATIVE_REPORT, CREATE_APPOINTMENT, VIEW_ASSIGNMENT_ASSIGNMENT, READ_CONTRACT, DELETE_ADMINISTRATIVE_REPORT, DEACTIVATE_USER_IDENTITY, REVERSE_INVOICE, DEACTIVATE_ROLE_ROLE, APPROVE_INVOICE, READ_PROVIDED_SERVICE, REVOKE_ASSIGNMENT, READ_AVAILABILITY, READ_RECEPTIONIST, DELETE_RATE, UPDATE_PRIMARY_ASSIGNMENT, UPDATE_DENTIST, CREATE_USER_IDENTITY, DELETE_CONTRACT, DELETE_PAYMENT, DELETE_ASSIGNMENT, READ_COMPANY, UPDATE_ADMINISTRATIVE_REPORT, REMOVE_PERMISSION_ROLE, CREATE_PAYMENT, UPDATE_USER_IDENTITY, ADD_PERMISSION_ROLE, READ_GUARDIAN, UPDATE_CONTRACT, DELETE_COMPANY, IS_ACTIVE_AT_ASSIGNMENT, DELETE_DENTIST, READ_ASSIGNMENT, POST_INVOICE, REVOKE_ALL_ASSIGNMENT, CREATE_JOURNAL_ENTRY, CREATE_ADMINISTRATIVE_REPORT, UPDATE_ASSIGNMENT, READ_SHIFT, POST_JOURNAL_ENTRY, CREATE_GUARDIAN, ROLE_ADMINISTRATOR, CREATE_TEMPORARY_ASSIGNMENT, READ_PAYMENT, CREATE_RATE, EXTEND_ASSIGNMENT_ASSIGNMENT, READ_INVOICE, REACTIVATE_USER_IDENTITY, UPDATE_APPOINTMENT, UPDATE_RATE, DELETE_JOURNAL_ENTRY, CREATE_SHIFT, READ_JOURNAL_ENTRY, MARK_DELETED_ROLE_ROLE, CREATE_INVOICE, UPDATE_SHIFT, SUSPEND_ROLE_ROLE, UPDATE_PATIENT, UPDATE_PROVIDED_SERVICE, SUSPEND_USER_IDENTITY]]
2026-03-22 18:45:06 TRACE [http-nio-8080-exec-10] o.s.s.w.a.s.CompositeSessionAuthenticationStrategy - Preparing session with ChangeSessionIdAuthenticationStrategy (1/1)
2026-03-22 18:45:06 DEBUG [http-nio-8080-exec-10] o.s.security.web.FilterChainProxy - Secured PATCH /api/v1/users/2/deactivate?reason=Prueba
2026-03-22 18:45:06 DEBUG [http-nio-8080-exec-10] o.s.web.servlet.DispatcherServlet - PATCH "/api/v1/users/2/deactivate?reason=Prueba", parameters={masked}
2026-03-22 18:45:06 DEBUG [http-nio-8080-exec-10] o.s.w.s.m.m.a.RequestMappingHandlerMapping - Mapped to com.example.ClinicaDefinitiva.infrastructure.rest.controller.authentication.UserIdentityController#deactivate(Long, String, CustomUserDetails)
2026-03-22 18:45:06 DEBUG [http-nio-8080-exec-10] o.s.web.servlet.DispatcherServlet - Failed to complete request: com.example.ClinicaDefinitiva.domain.exceptions.AggregateBusinessRuleViolationException: El usuario activo debe estar verificado para realizar acciones sensibles
2026-03-22 18:45:06 ERROR [http-nio-8080-exec-10] o.a.c.c.C.[.[.[.[dispatcherServlet] - Servlet.service() for servlet [dispatcherServlet] in context with path [] threw exception [Request processing failed: com.example.ClinicaDefinitiva.domain.exceptions.AggregateBusinessRuleViolationException: El usuario activo debe estar verificado para realizar acciones sensibles] with root cause
com.example.ClinicaDefinitiva.domain.exceptions.AggregateBusinessRuleViolationException: El usuario activo debe estar verificado para realizar acciones sensibles
	at com.example.ClinicaDefinitiva.application.service.authentication.UserIdentityApplicationService.deactivate(UserIdentityApplicationService.java:289)
	at java.base/jdk.internal.reflect.NativeMethodAccessorImpl.invoke0(Native Method)
	at java.base/jdk.internal.reflect.NativeMethodAccessorImpl.invoke(NativeMethodAccessorImpl.java:77)
	at java.base/jdk.internal.reflect.DelegatingMethodAccessorImpl.invoke(DelegatingMethodAccessorImpl.java:43)
	at java.base/java.lang.reflect.Method.invoke(Method.java:568)
	at org.springframework.aop.support.AopUtils.invokeJoinpointUsingReflection(AopUtils.java:359)
	at org.springframework.aop.framework.ReflectiveMethodInvocation.invokeJoinpoint(ReflectiveMethodInvocation.java:196)
	at org.springframework.aop.framework.ReflectiveMethodInvocation.proceed(ReflectiveMethodInvocation.java:163)
	at org.springframework.aop.aspectj.MethodInvocationProceedingJoinPoint.proceed(MethodInvocationProceedingJoinPoint.java:89)
	at com.example.ClinicaDefinitiva.infrastructure.security.config.AuthorizationAspect.checkPermission(AuthorizationAspect.java:76)
	at java.base/jdk.internal.reflect.NativeMethodAccessorImpl.invoke0(Native Method)
	at java.base/jdk.internal.reflect.NativeMethodAccessorImpl.invoke(NativeMethodAccessorImpl.java:77)
	at java.base/jdk.internal.reflect.DelegatingMethodAccessorImpl.invoke(DelegatingMethodAccessorImpl.java:43)
	at java.base/java.lang.reflect.Method.invoke(Method.java:568)
	at org.springframework.aop.aspectj.AbstractAspectJAdvice.invokeAdviceMethodWithGivenArgs(AbstractAspectJAdvice.java:642)
	at org.springframework.aop.aspectj.AbstractAspectJAdvice.invokeAdviceMethod(AbstractAspectJAdvice.java:632)
	at org.springframework.aop.aspectj.AspectJAroundAdvice.invoke(AspectJAroundAdvice.java:71)
	at org.springframework.aop.framework.ReflectiveMethodInvocation.proceed(ReflectiveMethodInvocation.java:173)
	at org.springframework.transaction.interceptor.TransactionAspectSupport.invokeWithinTransaction(TransactionAspectSupport.java:380)
	at org.springframework.transaction.interceptor.TransactionInterceptor.invoke(TransactionInterceptor.java:119)
	at org.springframework.aop.framework.ReflectiveMethodInvocation.proceed(ReflectiveMethodInvocation.java:184)
	at org.springframework.aop.interceptor.ExposeInvocationInterceptor.invoke(ExposeInvocationInterceptor.java:97)
	at org.springframework.aop.framework.ReflectiveMethodInvocation.proceed(ReflectiveMethodInvocation.java:184)
	at org.springframework.aop.framework.CglibAopProxy$DynamicAdvisedInterceptor.intercept(CglibAopProxy.java:728)
	at com.example.ClinicaDefinitiva.application.service.authentication.UserIdentityApplicationService$$SpringCGLIB$$0.deactivate(<generated>)
	at com.example.ClinicaDefinitiva.infrastructure.rest.controller.authentication.UserIdentityController.deactivate(UserIdentityController.java:181)
	at jdk.internal.reflect.GeneratedMethodAccessor82.invoke(Unknown Source)
	at java.base/jdk.internal.reflect.DelegatingMethodAccessorImpl.invoke(DelegatingMethodAccessorImpl.java:43)
	at java.base/java.lang.reflect.Method.invoke(Method.java:568)
	at org.springframework.aop.support.AopUtils.invokeJoinpointUsingReflection(AopUtils.java:359)
	at org.springframework.aop.framework.ReflectiveMethodInvocation.invokeJoinpoint(ReflectiveMethodInvocation.java:196)
	at org.springframework.aop.framework.ReflectiveMethodInvocation.proceed(ReflectiveMethodInvocation.java:163)
	at org.springframework.validation.beanvalidation.MethodValidationInterceptor.invoke(MethodValidationInterceptor.java:174)
	at org.springframework.aop.framework.ReflectiveMethodInvocation.proceed(ReflectiveMethodInvocation.java:184)
	at org.springframework.aop.framework.CglibAopProxy$DynamicAdvisedInterceptor.intercept(CglibAopProxy.java:728)
	at com.example.ClinicaDefinitiva.infrastructure.rest.controller.authentication.UserIdentityController$$SpringCGLIB$$0.deactivate(<generated>)
	at jdk.internal.reflect.GeneratedMethodAccessor82.invoke(Unknown Source)
	at java.base/jdk.internal.reflect.DelegatingMethodAccessorImpl.invoke(DelegatingMethodAccessorImpl.java:43)
	at java.base/java.lang.reflect.Method.invoke(Method.java:568)
	at org.springframework.web.method.support.InvocableHandlerMethod.doInvoke(InvocableHandlerMethod.java:258)
	at org.springframework.web.method.support.InvocableHandlerMethod.invokeForRequest(InvocableHandlerMethod.java:191)
	at org.springframework.web.servlet.mvc.method.annotation.ServletInvocableHandlerMethod.invokeAndHandle(ServletInvocableHandlerMethod.java:118)
	at org.springframework.web.servlet.mvc.method.annotation.RequestMappingHandlerAdapter.invokeHandlerMethod(RequestMappingHandlerAdapter.java:986)
	at org.springframework.web.servlet.mvc.method.annotation.RequestMappingHandlerAdapter.handleInternal(RequestMappingHandlerAdapter.java:891)
	at org.springframework.web.servlet.mvc.method.AbstractHandlerMethodAdapter.handle(AbstractHandlerMethodAdapter.java:87)
	at org.springframework.web.servlet.DispatcherServlet.doDispatch(DispatcherServlet.java:1089)
	at org.springframework.web.servlet.DispatcherServlet.doService(DispatcherServlet.java:979)
	at org.springframework.web.servlet.FrameworkServlet.processRequest(FrameworkServlet.java:1014)
	at org.springframework.web.servlet.FrameworkServlet.service(FrameworkServlet.java:888)
	at jakarta.servlet.http.HttpServlet.service(HttpServlet.java:658)
	at org.apache.catalina.core.ApplicationFilterChain.internalDoFilter(ApplicationFilterChain.java:195)
	at org.apache.catalina.core.ApplicationFilterChain.doFilter(ApplicationFilterChain.java:140)
	at org.apache.tomcat.websocket.server.WsFilter.doFilter(WsFilter.java:51)
	at org.apache.catalina.core.ApplicationFilterChain.internalDoFilter(ApplicationFilterChain.java:164)
	at org.apache.catalina.core.ApplicationFilterChain.doFilter(ApplicationFilterChain.java:140)
	at com.example.ClinicaDefinitiva.util.RequestIdFilter.doFilterInternal(RequestIdFilter.java:76)
	at org.springframework.web.filter.OncePerRequestFilter.doFilter(OncePerRequestFilter.java:116)
	at org.apache.catalina.core.ApplicationFilterChain.internalDoFilter(ApplicationFilterChain.java:164)
	at org.apache.catalina.core.ApplicationFilterChain.doFilter(ApplicationFilterChain.java:140)
	at org.springframework.web.filter.CompositeFilter$VirtualFilterChain.doFilter(CompositeFilter.java:108)
	at org.springframework.web.filter.CompositeFilter$VirtualFilterChain.doFilter(CompositeFilter.java:108)
	at org.springframework.security.web.FilterChainProxy.lambda$doFilterInternal$3(FilterChainProxy.java:231)
	at org.springframework.security.web.ObservationFilterChainDecorator$FilterObservation$SimpleFilterObservation.lambda$wrap$1(ObservationFilterChainDecorator.java:479)
	at org.springframework.security.web.ObservationFilterChainDecorator$AroundFilterObservation$SimpleAroundFilterObservation.lambda$wrap$1(ObservationFilterChainDecorator.java:340)
	at org.springframework.security.web.ObservationFilterChainDecorator.lambda$wrapSecured$0(ObservationFilterChainDecorator.java:82)
	at org.springframework.security.web.ObservationFilterChainDecorator$VirtualFilterChain.doFilter(ObservationFilterChainDecorator.java:128)
	at org.springframework.security.web.access.intercept.AuthorizationFilter.doFilter(AuthorizationFilter.java:101)
	at org.springframework.security.web.ObservationFilterChainDecorator$ObservationFilter.wrapFilter(ObservationFilterChainDecorator.java:240)
	at org.springframework.security.web.ObservationFilterChainDecorator$ObservationFilter.doFilter(ObservationFilterChainDecorator.java:227)
	at org.springframework.security.web.ObservationFilterChainDecorator$VirtualFilterChain.doFilter(ObservationFilterChainDecorator.java:137)
	at org.springframework.security.web.access.ExceptionTranslationFilter.doFilter(ExceptionTranslationFilter.java:125)
	at org.springframework.security.web.access.ExceptionTranslationFilter.doFilter(ExceptionTranslationFilter.java:119)
	at org.springframework.security.web.ObservationFilterChainDecorator$ObservationFilter.wrapFilter(ObservationFilterChainDecorator.java:240)
	at org.springframework.security.web.ObservationFilterChainDecorator$ObservationFilter.doFilter(ObservationFilterChainDecorator.java:227)
	at org.springframework.security.web.ObservationFilterChainDecorator$VirtualFilterChain.doFilter(ObservationFilterChainDecorator.java:137)
	at org.springframework.security.web.session.SessionManagementFilter.doFilter(SessionManagementFilter.java:131)
	at org.springframework.security.web.session.SessionManagementFilter.doFilter(SessionManagementFilter.java:85)
	at org.springframework.security.web.ObservationFilterChainDecorator$ObservationFilter.wrapFilter(ObservationFilterChainDecorator.java:240)
	at org.springframework.security.web.ObservationFilterChainDecorator$ObservationFilter.doFilter(ObservationFilterChainDecorator.java:227)
	at org.springframework.security.web.ObservationFilterChainDecorator$VirtualFilterChain.doFilter(ObservationFilterChainDecorator.java:137)
	at org.springframework.security.web.authentication.AnonymousAuthenticationFilter.doFilter(AnonymousAuthenticationFilter.java:100)
	at org.springframework.security.web.ObservationFilterChainDecorator$ObservationFilter.wrapFilter(ObservationFilterChainDecorator.java:240)
	at org.springframework.security.web.ObservationFilterChainDecorator$ObservationFilter.doFilter(ObservationFilterChainDecorator.java:227)
	at org.springframework.security.web.ObservationFilterChainDecorator$VirtualFilterChain.doFilter(ObservationFilterChainDecorator.java:137)
	at org.springframework.security.web.servletapi.SecurityContextHolderAwareRequestFilter.doFilter(SecurityContextHolderAwareRequestFilter.java:179)
	at org.springframework.security.web.ObservationFilterChainDecorator$ObservationFilter.wrapFilter(ObservationFilterChainDecorator.java:240)
	at org.springframework.security.web.ObservationFilterChainDecorator$ObservationFilter.doFilter(ObservationFilterChainDecorator.java:227)
	at org.springframework.security.web.ObservationFilterChainDecorator$VirtualFilterChain.doFilter(ObservationFilterChainDecorator.java:137)
	at org.springframework.security.web.savedrequest.RequestCacheAwareFilter.doFilter(RequestCacheAwareFilter.java:63)
	at org.springframework.security.web.ObservationFilterChainDecorator$ObservationFilter.wrapFilter(ObservationFilterChainDecorator.java:240)
	at org.springframework.security.web.ObservationFilterChainDecorator$ObservationFilter.doFilter(ObservationFilterChainDecorator.java:227)
	at org.springframework.security.web.ObservationFilterChainDecorator$VirtualFilterChain.doFilter(ObservationFilterChainDecorator.java:137)
	at com.example.ClinicaDefinitiva.infrastructure.security.filter.JwtAuthenticationFilter.doFilterInternal(JwtAuthenticationFilter.java:40)
	at org.springframework.web.filter.OncePerRequestFilter.doFilter(OncePerRequestFilter.java:116)
	at org.springframework.security.web.ObservationFilterChainDecorator$ObservationFilter.wrapFilter(ObservationFilterChainDecorator.java:240)
	at org.springframework.security.web.ObservationFilterChainDecorator$ObservationFilter.doFilter(ObservationFilterChainDecorator.java:227)
	at org.springframework.security.web.ObservationFilterChainDecorator$VirtualFilterChain.doFilter(ObservationFilterChainDecorator.java:137)
	at org.springframework.security.web.authentication.logout.LogoutFilter.doFilter(LogoutFilter.java:107)
	at org.springframework.security.web.authentication.logout.LogoutFilter.doFilter(LogoutFilter.java:93)
	at org.springframework.security.web.ObservationFilterChainDecorator$ObservationFilter.wrapFilter(ObservationFilterChainDecorator.java:240)
	at org.springframework.security.web.ObservationFilterChainDecorator$ObservationFilter.doFilter(ObservationFilterChainDecorator.java:227)
	at org.springframework.security.web.ObservationFilterChainDecorator$VirtualFilterChain.doFilter(ObservationFilterChainDecorator.java:137)
	at org.springframework.security.web.header.HeaderWriterFilter.doHeadersAfter(HeaderWriterFilter.java:90)
	at org.springframework.security.web.header.HeaderWriterFilter.doFilterInternal(HeaderWriterFilter.java:75)
	at org.springframework.web.filter.OncePerRequestFilter.doFilter(OncePerRequestFilter.java:116)
	at org.springframework.security.web.ObservationFilterChainDecorator$ObservationFilter.wrapFilter(ObservationFilterChainDecorator.java:240)
	at org.springframework.security.web.ObservationFilterChainDecorator$ObservationFilter.doFilter(ObservationFilterChainDecorator.java:227)
	at org.springframework.security.web.ObservationFilterChainDecorator$VirtualFilterChain.doFilter(ObservationFilterChainDecorator.java:137)
	at org.springframework.security.web.context.SecurityContextHolderFilter.doFilter(SecurityContextHolderFilter.java:82)
	at org.springframework.security.web.context.SecurityContextHolderFilter.doFilter(SecurityContextHolderFilter.java:69)
	at org.springframework.security.web.ObservationFilterChainDecorator$ObservationFilter.wrapFilter(ObservationFilterChainDecorator.java:240)
	at org.springframework.security.web.ObservationFilterChainDecorator$ObservationFilter.doFilter(ObservationFilterChainDecorator.java:227)
	at org.springframework.security.web.ObservationFilterChainDecorator$VirtualFilterChain.doFilter(ObservationFilterChainDecorator.java:137)
	at org.springframework.security.web.context.request.async.WebAsyncManagerIntegrationFilter.doFilterInternal(WebAsyncManagerIntegrationFilter.java:62)
	at org.springframework.web.filter.OncePerRequestFilter.doFilter(OncePerRequestFilter.java:116)
	at org.springframework.security.web.ObservationFilterChainDecorator$ObservationFilter.wrapFilter(ObservationFilterChainDecorator.java:240)
	at org.springframework.security.web.ObservationFilterChainDecorator$ObservationFilter.doFilter(ObservationFilterChainDecorator.java:227)
	at org.springframework.security.web.ObservationFilterChainDecorator$VirtualFilterChain.doFilter(ObservationFilterChainDecorator.java:137)
	at org.springframework.security.web.session.DisableEncodeUrlFilter.doFilterInternal(DisableEncodeUrlFilter.java:42)
	at org.springframework.web.filter.OncePerRequestFilter.doFilter(OncePerRequestFilter.java:116)
	at org.springframework.security.web.ObservationFilterChainDecorator$ObservationFilter.wrapFilter(ObservationFilterChainDecorator.java:240)
	at org.springframework.security.web.ObservationFilterChainDecorator$AroundFilterObservation$SimpleAroundFilterObservation.lambda$wrap$0(ObservationFilterChainDecorator.java:323)
	at org.springframework.security.web.ObservationFilterChainDecorator$ObservationFilter.doFilter(ObservationFilterChainDecorator.java:224)
	at org.springframework.security.web.ObservationFilterChainDecorator$VirtualFilterChain.doFilter(ObservationFilterChainDecorator.java:137)
	at org.springframework.security.web.FilterChainProxy.doFilterInternal(FilterChainProxy.java:233)
	at org.springframework.security.web.FilterChainProxy.doFilter(FilterChainProxy.java:191)
	at org.springframework.web.filter.CompositeFilter$VirtualFilterChain.doFilter(CompositeFilter.java:113)
	at org.springframework.web.filter.ServletRequestPathFilter.doFilter(ServletRequestPathFilter.java:52)
	at org.springframework.web.filter.CompositeFilter$VirtualFilterChain.doFilter(CompositeFilter.java:113)
	at org.springframework.web.filter.CompositeFilter.doFilter(CompositeFilter.java:74)
	at org.springframework.security.config.annotation.web.configuration.WebSecurityConfiguration$CompositeFilterChainProxy.doFilter(WebSecurityConfiguration.java:319)
	at org.springframework.web.filter.CompositeFilter$VirtualFilterChain.doFilter(CompositeFilter.java:113)
	at org.springframework.web.servlet.handler.HandlerMappingIntrospector.lambda$createCacheFilter$3(HandlerMappingIntrospector.java:243)
	at org.springframework.web.filter.CompositeFilter$VirtualFilterChain.doFilter(CompositeFilter.java:113)
	at org.springframework.web.filter.CompositeFilter.doFilter(CompositeFilter.java:74)
	at org.springframework.security.config.annotation.web.configuration.WebMvcSecurityConfiguration$CompositeFilterChainProxy.doFilter(WebMvcSecurityConfiguration.java:240)
	at org.springframework.web.filter.DelegatingFilterProxy.invokeDelegate(DelegatingFilterProxy.java:362)
	at org.springframework.web.filter.DelegatingFilterProxy.doFilter(DelegatingFilterProxy.java:278)
	at org.apache.catalina.core.ApplicationFilterChain.internalDoFilter(ApplicationFilterChain.java:164)
	at org.apache.catalina.core.ApplicationFilterChain.doFilter(ApplicationFilterChain.java:140)
	at org.springframework.web.filter.RequestContextFilter.doFilterInternal(RequestContextFilter.java:100)
	at org.springframework.web.filter.OncePerRequestFilter.doFilter(OncePerRequestFilter.java:116)
	at org.apache.catalina.core.ApplicationFilterChain.internalDoFilter(ApplicationFilterChain.java:164)
	at org.apache.catalina.core.ApplicationFilterChain.doFilter(ApplicationFilterChain.java:140)
	at org.springframework.web.filter.FormContentFilter.doFilterInternal(FormContentFilter.java:93)
	at org.springframework.web.filter.OncePerRequestFilter.doFilter(OncePerRequestFilter.java:116)
	at org.apache.catalina.core.ApplicationFilterChain.internalDoFilter(ApplicationFilterChain.java:164)
	at org.apache.catalina.core.ApplicationFilterChain.doFilter(ApplicationFilterChain.java:140)
	at org.springframework.web.filter.ServerHttpObservationFilter.doFilterInternal(ServerHttpObservationFilter.java:114)
	at org.springframework.web.filter.OncePerRequestFilter.doFilter(OncePerRequestFilter.java:116)
	at org.apache.catalina.core.ApplicationFilterChain.internalDoFilter(ApplicationFilterChain.java:164)
	at org.apache.catalina.core.ApplicationFilterChain.doFilter(ApplicationFilterChain.java:140)
	at org.springframework.web.filter.CharacterEncodingFilter.doFilterInternal(CharacterEncodingFilter.java:201)
	at org.springframework.web.filter.OncePerRequestFilter.doFilter(OncePerRequestFilter.java:116)
	at org.apache.catalina.core.ApplicationFilterChain.internalDoFilter(ApplicationFilterChain.java:164)
	at org.apache.catalina.core.ApplicationFilterChain.doFilter(ApplicationFilterChain.java:140)
	at org.apache.catalina.core.StandardWrapperValve.invoke(StandardWrapperValve.java:167)
	at org.apache.catalina.core.StandardContextValve.invoke(StandardContextValve.java:90)
	at org.apache.catalina.authenticator.AuthenticatorBase.invoke(AuthenticatorBase.java:483)
	at org.apache.catalina.core.StandardHostValve.invoke(StandardHostValve.java:116)
	at org.apache.catalina.valves.ErrorReportValve.invoke(ErrorReportValve.java:93)
	at org.apache.catalina.core.StandardEngineValve.invoke(StandardEngineValve.java:74)
	at org.apache.catalina.connector.CoyoteAdapter.service(CoyoteAdapter.java:344)
	at org.apache.coyote.http11.Http11Processor.service(Http11Processor.java:398)
	at org.apache.coyote.AbstractProcessorLight.process(AbstractProcessorLight.java:63)
	at org.apache.coyote.AbstractProtocol$ConnectionHandler.process(AbstractProtocol.java:903)
	at org.apache.tomcat.util.net.NioEndpoint$SocketProcessor.doRun(NioEndpoint.java:1740)
	at org.apache.tomcat.util.net.SocketProcessorBase.run(SocketProcessorBase.java:52)
	at org.apache.tomcat.util.threads.ThreadPoolExecutor.runWorker(ThreadPoolExecutor.java:1189)
	at org.apache.tomcat.util.threads.ThreadPoolExecutor$Worker.run(ThreadPoolExecutor.java:658)
	at org.apache.tomcat.util.threads.TaskThread$WrappingRunnable.run(TaskThread.java:63)
	at java.base/java.lang.Thread.run(Thread.java:842)
2026-03-22 18:45:06 DEBUG [http-nio-8080-exec-10] o.s.security.web.FilterChainProxy - Securing PATCH /error?reason=Prueba
2026-03-22 18:45:06 TRACE [http-nio-8080-exec-10] o.s.s.w.a.logout.LogoutFilter - Did not match request to Or [Ant [pattern='/logout', GET], Ant [pattern='/logout', POST], Ant [pattern='/logout', PUT], Ant [pattern='/logout', DELETE]]
2026-03-22 18:45:06 TRACE [http-nio-8080-exec-10] o.s.s.w.a.AnonymousAuthenticationFilter - Set SecurityContextHolder to AnonymousAuthenticationToken [Principal=anonymousUser, Credentials=[PROTECTED], Authenticated=true, Details=WebAuthenticationDetails [RemoteIpAddress=0:0:0:0:0:0:0:1, SessionId=null], Granted Authorities=[ROLE_ANONYMOUS]]
2026-03-22 18:45:06 DEBUG [http-nio-8080-exec-10] o.s.s.w.a.Http403ForbiddenEntryPoint - Pre-authenticated entry point called. Rejecting access
2026-03-22 18:45:15 DEBUG [http-nio-8080-exec-9] o.s.security.web.FilterChainProxy - Securing PATCH /api/v1/users/3/deactivate?reason=Prueba
2026-03-22 18:45:15 TRACE [http-nio-8080-exec-9] o.s.s.w.a.logout.LogoutFilter - Did not match request to Or [Ant [pattern='/logout', GET], Ant [pattern='/logout', POST], Ant [pattern='/logout', PUT], Ant [pattern='/logout', DELETE]]
2026-03-22 18:45:15 TRACE [http-nio-8080-exec-9] o.s.s.w.a.AnonymousAuthenticationFilter - Did not set SecurityContextHolder since already authenticated UsernamePasswordAuthenticationToken [Principal=com.example.ClinicaDefinitiva.infrastructure.security.adapter.CustomUserDetails@1766944e, Credentials=[PROTECTED], Authenticated=true, Details=null, Granted Authorities=[UPDATE_COMPANY, UPDATE_INVOICE, CREATE_ASSIGNMENT, UPDATE_GUARDIAN, CLONE_ROLE_ROLE, CANCEL_APPOINTMENT, UPDATE_JOURNAL_ENTRY, REVERSE_JOURNAL_ENTRY, CREATE_CONTRACT, DELETE_APPOINTMENT, RESCHEDULE_APPOINTMENT, SET_PERMISSIONS_ROLE, CREATE_PATIENT, READ_USER_IDENTITY, IS_CURRENTLY_ACTIVE_ASSIGNMENT, READ_RATE, ACTIVATE_ROLE_ROLE, DELETE_ROLE_ROLE, READ_APPOINTMENT, READ_DENTIST, CREATE_COMPANY, VIEW_ROLE_ROLE, SCHEDULE_APPOINTMENT, ROLE_RECEPTIONIST, DELETE_INVOICE, CREATE_CUSTOM_ROLE_ROLE, UPDATE_PAYMENT, CREATE_DENTIST, CHECK_PERMISSION_ROLE, READ_PATIENT, READ_ADMINISTRATIVE_REPORT, CREATE_APPOINTMENT, VIEW_ASSIGNMENT_ASSIGNMENT, READ_CONTRACT, DELETE_ADMINISTRATIVE_REPORT, DEACTIVATE_USER_IDENTITY, REVERSE_INVOICE, DEACTIVATE_ROLE_ROLE, APPROVE_INVOICE, READ_PROVIDED_SERVICE, REVOKE_ASSIGNMENT, READ_AVAILABILITY, READ_RECEPTIONIST, DELETE_RATE, UPDATE_PRIMARY_ASSIGNMENT, UPDATE_DENTIST, CREATE_USER_IDENTITY, DELETE_CONTRACT, DELETE_PAYMENT, DELETE_ASSIGNMENT, READ_COMPANY, UPDATE_ADMINISTRATIVE_REPORT, REMOVE_PERMISSION_ROLE, CREATE_PAYMENT, UPDATE_USER_IDENTITY, ADD_PERMISSION_ROLE, READ_GUARDIAN, UPDATE_CONTRACT, DELETE_COMPANY, IS_ACTIVE_AT_ASSIGNMENT, DELETE_DENTIST, READ_ASSIGNMENT, POST_INVOICE, REVOKE_ALL_ASSIGNMENT, CREATE_JOURNAL_ENTRY, CREATE_ADMINISTRATIVE_REPORT, UPDATE_ASSIGNMENT, READ_SHIFT, POST_JOURNAL_ENTRY, CREATE_GUARDIAN, ROLE_ADMINISTRATOR, CREATE_TEMPORARY_ASSIGNMENT, READ_PAYMENT, CREATE_RATE, EXTEND_ASSIGNMENT_ASSIGNMENT, READ_INVOICE, REACTIVATE_USER_IDENTITY, UPDATE_APPOINTMENT, UPDATE_RATE, DELETE_JOURNAL_ENTRY, CREATE_SHIFT, READ_JOURNAL_ENTRY, MARK_DELETED_ROLE_ROLE, CREATE_INVOICE, UPDATE_SHIFT, SUSPEND_ROLE_ROLE, UPDATE_PATIENT, UPDATE_PROVIDED_SERVICE, SUSPEND_USER_IDENTITY]]
2026-03-22 18:45:15 TRACE [http-nio-8080-exec-9] o.s.s.w.a.s.CompositeSessionAuthenticationStrategy - Preparing session with ChangeSessionIdAuthenticationStrategy (1/1)
2026-03-22 18:45:15 DEBUG [http-nio-8080-exec-9] o.s.security.web.FilterChainProxy - Secured PATCH /api/v1/users/3/deactivate?reason=Prueba
2026-03-22 18:45:15 DEBUG [http-nio-8080-exec-9] o.s.web.servlet.DispatcherServlet - PATCH "/api/v1/users/3/deactivate?reason=Prueba", parameters={masked}
2026-03-22 18:45:15 DEBUG [http-nio-8080-exec-9] o.s.w.s.m.m.a.RequestMappingHandlerMapping - Mapped to com.example.ClinicaDefinitiva.infrastructure.rest.controller.authentication.UserIdentityController#deactivate(Long, String, CustomUserDetails)
2026-03-22 18:45:15 DEBUG [http-nio-8080-exec-9] o.s.web.servlet.DispatcherServlet - Failed to complete request: com.example.ClinicaDefinitiva.domain.exceptions.AggregateBusinessRuleViolationException: El usuario activo debe estar verificado para realizar acciones sensibles
2026-03-22 18:45:15 ERROR [http-nio-8080-exec-9] o.a.c.c.C.[.[.[.[dispatcherServlet] - Servlet.service() for servlet [dispatcherServlet] in context with path [] threw exception [Request processing failed: com.example.ClinicaDefinitiva.domain.exceptions.AggregateBusinessRuleViolationException: El usuario activo debe estar verificado para realizar acciones sensibles] with root cause
com.example.ClinicaDefinitiva.domain.exceptions.AggregateBusinessRuleViolationException: El usuario activo debe estar verificado para realizar acciones sensibles
	at com.example.ClinicaDefinitiva.application.service.authentication.UserIdentityApplicationService.deactivate(UserIdentityApplicationService.java:289)
	at java.base/jdk.internal.reflect.NativeMethodAccessorImpl.invoke0(Native Method)
	at java.base/jdk.internal.reflect.NativeMethodAccessorImpl.invoke(NativeMethodAccessorImpl.java:77)
	at java.base/jdk.internal.reflect.DelegatingMethodAccessorImpl.invoke(DelegatingMethodAccessorImpl.java:43)
	at java.base/java.lang.reflect.Method.invoke(Method.java:568)
	at org.springframework.aop.support.AopUtils.invokeJoinpointUsingReflection(AopUtils.java:359)
	at org.springframework.aop.framework.ReflectiveMethodInvocation.invokeJoinpoint(ReflectiveMethodInvocation.java:196)
	at org.springframework.aop.framework.ReflectiveMethodInvocation.proceed(ReflectiveMethodInvocation.java:163)
	at org.springframework.aop.aspectj.MethodInvocationProceedingJoinPoint.proceed(MethodInvocationProceedingJoinPoint.java:89)
	at com.example.ClinicaDefinitiva.infrastructure.security.config.AuthorizationAspect.checkPermission(AuthorizationAspect.java:76)
	at java.base/jdk.internal.reflect.NativeMethodAccessorImpl.invoke0(Native Method)
	at java.base/jdk.internal.reflect.NativeMethodAccessorImpl.invoke(NativeMethodAccessorImpl.java:77)
	at java.base/jdk.internal.reflect.DelegatingMethodAccessorImpl.invoke(DelegatingMethodAccessorImpl.java:43)
	at java.base/java.lang.reflect.Method.invoke(Method.java:568)
	at org.springframework.aop.aspectj.AbstractAspectJAdvice.invokeAdviceMethodWithGivenArgs(AbstractAspectJAdvice.java:642)
	at org.springframework.aop.aspectj.AbstractAspectJAdvice.invokeAdviceMethod(AbstractAspectJAdvice.java:632)
	at org.springframework.aop.aspectj.AspectJAroundAdvice.invoke(AspectJAroundAdvice.java:71)
	at org.springframework.aop.framework.ReflectiveMethodInvocation.proceed(ReflectiveMethodInvocation.java:173)
	at org.springframework.transaction.interceptor.TransactionAspectSupport.invokeWithinTransaction(TransactionAspectSupport.java:380)
	at org.springframework.transaction.interceptor.TransactionInterceptor.invoke(TransactionInterceptor.java:119)
	at org.springframework.aop.framework.ReflectiveMethodInvocation.proceed(ReflectiveMethodInvocation.java:184)
	at org.springframework.aop.interceptor.ExposeInvocationInterceptor.invoke(ExposeInvocationInterceptor.java:97)
	at org.springframework.aop.framework.ReflectiveMethodInvocation.proceed(ReflectiveMethodInvocation.java:184)
	at org.springframework.aop.framework.CglibAopProxy$DynamicAdvisedInterceptor.intercept(CglibAopProxy.java:728)
	at com.example.ClinicaDefinitiva.application.service.authentication.UserIdentityApplicationService$$SpringCGLIB$$0.deactivate(<generated>)
	at com.example.ClinicaDefinitiva.infrastructure.rest.controller.authentication.UserIdentityController.deactivate(UserIdentityController.java:181)
	at jdk.internal.reflect.GeneratedMethodAccessor82.invoke(Unknown Source)
	at java.base/jdk.internal.reflect.DelegatingMethodAccessorImpl.invoke(DelegatingMethodAccessorImpl.java:43)
	at java.base/java.lang.reflect.Method.invoke(Method.java:568)
	at org.springframework.aop.support.AopUtils.invokeJoinpointUsingReflection(AopUtils.java:359)
	at org.springframework.aop.framework.ReflectiveMethodInvocation.invokeJoinpoint(ReflectiveMethodInvocation.java:196)
	at org.springframework.aop.framework.ReflectiveMethodInvocation.proceed(ReflectiveMethodInvocation.java:163)
	at org.springframework.validation.beanvalidation.MethodValidationInterceptor.invoke(MethodValidationInterceptor.java:174)
	at org.springframework.aop.framework.ReflectiveMethodInvocation.proceed(ReflectiveMethodInvocation.java:184)
	at org.springframework.aop.framework.CglibAopProxy$DynamicAdvisedInterceptor.intercept(CglibAopProxy.java:728)
	at com.example.ClinicaDefinitiva.infrastructure.rest.controller.authentication.UserIdentityController$$SpringCGLIB$$0.deactivate(<generated>)
	at jdk.internal.reflect.GeneratedMethodAccessor82.invoke(Unknown Source)
	at java.base/jdk.internal.reflect.DelegatingMethodAccessorImpl.invoke(DelegatingMethodAccessorImpl.java:43)
	at java.base/java.lang.reflect.Method.invoke(Method.java:568)
	at org.springframework.web.method.support.InvocableHandlerMethod.doInvoke(InvocableHandlerMethod.java:258)
	at org.springframework.web.method.support.InvocableHandlerMethod.invokeForRequest(InvocableHandlerMethod.java:191)
	at org.springframework.web.servlet.mvc.method.annotation.ServletInvocableHandlerMethod.invokeAndHandle(ServletInvocableHandlerMethod.java:118)
	at org.springframework.web.servlet.mvc.method.annotation.RequestMappingHandlerAdapter.invokeHandlerMethod(RequestMappingHandlerAdapter.java:986)
	at org.springframework.web.servlet.mvc.method.annotation.RequestMappingHandlerAdapter.handleInternal(RequestMappingHandlerAdapter.java:891)
	at org.springframework.web.servlet.mvc.method.AbstractHandlerMethodAdapter.handle(AbstractHandlerMethodAdapter.java:87)
	at org.springframework.web.servlet.DispatcherServlet.doDispatch(DispatcherServlet.java:1089)
	at org.springframework.web.servlet.DispatcherServlet.doService(DispatcherServlet.java:979)
	at org.springframework.web.servlet.FrameworkServlet.processRequest(FrameworkServlet.java:1014)
	at org.springframework.web.servlet.FrameworkServlet.service(FrameworkServlet.java:888)
	at jakarta.servlet.http.HttpServlet.service(HttpServlet.java:658)
	at org.apache.catalina.core.ApplicationFilterChain.internalDoFilter(ApplicationFilterChain.java:195)
	at org.apache.catalina.core.ApplicationFilterChain.doFilter(ApplicationFilterChain.java:140)
	at org.apache.tomcat.websocket.server.WsFilter.doFilter(WsFilter.java:51)
	at org.apache.catalina.core.ApplicationFilterChain.internalDoFilter(ApplicationFilterChain.java:164)
	at org.apache.catalina.core.ApplicationFilterChain.doFilter(ApplicationFilterChain.java:140)
	at com.example.ClinicaDefinitiva.util.RequestIdFilter.doFilterInternal(RequestIdFilter.java:76)
	at org.springframework.web.filter.OncePerRequestFilter.doFilter(OncePerRequestFilter.java:116)
	at org.apache.catalina.core.ApplicationFilterChain.internalDoFilter(ApplicationFilterChain.java:164)
	at org.apache.catalina.core.ApplicationFilterChain.doFilter(ApplicationFilterChain.java:140)
	at org.springframework.web.filter.CompositeFilter$VirtualFilterChain.doFilter(CompositeFilter.java:108)
	at org.springframework.web.filter.CompositeFilter$VirtualFilterChain.doFilter(CompositeFilter.java:108)
	at org.springframework.security.web.FilterChainProxy.lambda$doFilterInternal$3(FilterChainProxy.java:231)
	at org.springframework.security.web.ObservationFilterChainDecorator$FilterObservation$SimpleFilterObservation.lambda$wrap$1(ObservationFilterChainDecorator.java:479)
	at org.springframework.security.web.ObservationFilterChainDecorator$AroundFilterObservation$SimpleAroundFilterObservation.lambda$wrap$1(ObservationFilterChainDecorator.java:340)
	at org.springframework.security.web.ObservationFilterChainDecorator.lambda$wrapSecured$0(ObservationFilterChainDecorator.java:82)
	at org.springframework.security.web.ObservationFilterChainDecorator$VirtualFilterChain.doFilter(ObservationFilterChainDecorator.java:128)
	at org.springframework.security.web.access.intercept.AuthorizationFilter.doFilter(AuthorizationFilter.java:101)
	at org.springframework.security.web.ObservationFilterChainDecorator$ObservationFilter.wrapFilter(ObservationFilterChainDecorator.java:240)
	at org.springframework.security.web.ObservationFilterChainDecorator$ObservationFilter.doFilter(ObservationFilterChainDecorator.java:227)
	at org.springframework.security.web.ObservationFilterChainDecorator$VirtualFilterChain.doFilter(ObservationFilterChainDecorator.java:137)
	at org.springframework.security.web.access.ExceptionTranslationFilter.doFilter(ExceptionTranslationFilter.java:125)
	at org.springframework.security.web.access.ExceptionTranslationFilter.doFilter(ExceptionTranslationFilter.java:119)
	at org.springframework.security.web.ObservationFilterChainDecorator$ObservationFilter.wrapFilter(ObservationFilterChainDecorator.java:240)
	at org.springframework.security.web.ObservationFilterChainDecorator$ObservationFilter.doFilter(ObservationFilterChainDecorator.java:227)
	at org.springframework.security.web.ObservationFilterChainDecorator$VirtualFilterChain.doFilter(ObservationFilterChainDecorator.java:137)
	at org.springframework.security.web.session.SessionManagementFilter.doFilter(SessionManagementFilter.java:131)
	at org.springframework.security.web.session.SessionManagementFilter.doFilter(SessionManagementFilter.java:85)
	at org.springframework.security.web.ObservationFilterChainDecorator$ObservationFilter.wrapFilter(ObservationFilterChainDecorator.java:240)
	at org.springframework.security.web.ObservationFilterChainDecorator$ObservationFilter.doFilter(ObservationFilterChainDecorator.java:227)
	at org.springframework.security.web.ObservationFilterChainDecorator$VirtualFilterChain.doFilter(ObservationFilterChainDecorator.java:137)
	at org.springframework.security.web.authentication.AnonymousAuthenticationFilter.doFilter(AnonymousAuthenticationFilter.java:100)
	at org.springframework.security.web.ObservationFilterChainDecorator$ObservationFilter.wrapFilter(ObservationFilterChainDecorator.java:240)
	at org.springframework.security.web.ObservationFilterChainDecorator$ObservationFilter.doFilter(ObservationFilterChainDecorator.java:227)
	at org.springframework.security.web.ObservationFilterChainDecorator$VirtualFilterChain.doFilter(ObservationFilterChainDecorator.java:137)
	at org.springframework.security.web.servletapi.SecurityContextHolderAwareRequestFilter.doFilter(SecurityContextHolderAwareRequestFilter.java:179)
	at org.springframework.security.web.ObservationFilterChainDecorator$ObservationFilter.wrapFilter(ObservationFilterChainDecorator.java:240)
	at org.springframework.security.web.ObservationFilterChainDecorator$ObservationFilter.doFilter(ObservationFilterChainDecorator.java:227)
	at org.springframework.security.web.ObservationFilterChainDecorator$VirtualFilterChain.doFilter(ObservationFilterChainDecorator.java:137)
	at org.springframework.security.web.savedrequest.RequestCacheAwareFilter.doFilter(RequestCacheAwareFilter.java:63)
	at org.springframework.security.web.ObservationFilterChainDecorator$ObservationFilter.wrapFilter(ObservationFilterChainDecorator.java:240)
	at org.springframework.security.web.ObservationFilterChainDecorator$ObservationFilter.doFilter(ObservationFilterChainDecorator.java:227)
	at org.springframework.security.web.ObservationFilterChainDecorator$VirtualFilterChain.doFilter(ObservationFilterChainDecorator.java:137)
	at com.example.ClinicaDefinitiva.infrastructure.security.filter.JwtAuthenticationFilter.doFilterInternal(JwtAuthenticationFilter.java:40)
	at org.springframework.web.filter.OncePerRequestFilter.doFilter(OncePerRequestFilter.java:116)
	at org.springframework.security.web.ObservationFilterChainDecorator$ObservationFilter.wrapFilter(ObservationFilterChainDecorator.java:240)
	at org.springframework.security.web.ObservationFilterChainDecorator$ObservationFilter.doFilter(ObservationFilterChainDecorator.java:227)
	at org.springframework.security.web.ObservationFilterChainDecorator$VirtualFilterChain.doFilter(ObservationFilterChainDecorator.java:137)
	at org.springframework.security.web.authentication.logout.LogoutFilter.doFilter(LogoutFilter.java:107)
	at org.springframework.security.web.authentication.logout.LogoutFilter.doFilter(LogoutFilter.java:93)
	at org.springframework.security.web.ObservationFilterChainDecorator$ObservationFilter.wrapFilter(ObservationFilterChainDecorator.java:240)
	at org.springframework.security.web.ObservationFilterChainDecorator$ObservationFilter.doFilter(ObservationFilterChainDecorator.java:227)
	at org.springframework.security.web.ObservationFilterChainDecorator$VirtualFilterChain.doFilter(ObservationFilterChainDecorator.java:137)
	at org.springframework.security.web.header.HeaderWriterFilter.doHeadersAfter(HeaderWriterFilter.java:90)
	at org.springframework.security.web.header.HeaderWriterFilter.doFilterInternal(HeaderWriterFilter.java:75)
	at org.springframework.web.filter.OncePerRequestFilter.doFilter(OncePerRequestFilter.java:116)
	at org.springframework.security.web.ObservationFilterChainDecorator$ObservationFilter.wrapFilter(ObservationFilterChainDecorator.java:240)
	at org.springframework.security.web.ObservationFilterChainDecorator$ObservationFilter.doFilter(ObservationFilterChainDecorator.java:227)
	at org.springframework.security.web.ObservationFilterChainDecorator$VirtualFilterChain.doFilter(ObservationFilterChainDecorator.java:137)
	at org.springframework.security.web.context.SecurityContextHolderFilter.doFilter(SecurityContextHolderFilter.java:82)
	at org.springframework.security.web.context.SecurityContextHolderFilter.doFilter(SecurityContextHolderFilter.java:69)
	at org.springframework.security.web.ObservationFilterChainDecorator$ObservationFilter.wrapFilter(ObservationFilterChainDecorator.java:240)
	at org.springframework.security.web.ObservationFilterChainDecorator$ObservationFilter.doFilter(ObservationFilterChainDecorator.java:227)
	at org.springframework.security.web.ObservationFilterChainDecorator$VirtualFilterChain.doFilter(ObservationFilterChainDecorator.java:137)
	at org.springframework.security.web.context.request.async.WebAsyncManagerIntegrationFilter.doFilterInternal(WebAsyncManagerIntegrationFilter.java:62)
	at org.springframework.web.filter.OncePerRequestFilter.doFilter(OncePerRequestFilter.java:116)
	at org.springframework.security.web.ObservationFilterChainDecorator$ObservationFilter.wrapFilter(ObservationFilterChainDecorator.java:240)
	at org.springframework.security.web.ObservationFilterChainDecorator$ObservationFilter.doFilter(ObservationFilterChainDecorator.java:227)
	at org.springframework.security.web.ObservationFilterChainDecorator$VirtualFilterChain.doFilter(ObservationFilterChainDecorator.java:137)
	at org.springframework.security.web.session.DisableEncodeUrlFilter.doFilterInternal(DisableEncodeUrlFilter.java:42)
	at org.springframework.web.filter.OncePerRequestFilter.doFilter(OncePerRequestFilter.java:116)
	at org.springframework.security.web.ObservationFilterChainDecorator$ObservationFilter.wrapFilter(ObservationFilterChainDecorator.java:240)
	at org.springframework.security.web.ObservationFilterChainDecorator$AroundFilterObservation$SimpleAroundFilterObservation.lambda$wrap$0(ObservationFilterChainDecorator.java:323)
	at org.springframework.security.web.ObservationFilterChainDecorator$ObservationFilter.doFilter(ObservationFilterChainDecorator.java:224)
	at org.springframework.security.web.ObservationFilterChainDecorator$VirtualFilterChain.doFilter(ObservationFilterChainDecorator.java:137)
	at org.springframework.security.web.FilterChainProxy.doFilterInternal(FilterChainProxy.java:233)
	at org.springframework.security.web.FilterChainProxy.doFilter(FilterChainProxy.java:191)
	at org.springframework.web.filter.CompositeFilter$VirtualFilterChain.doFilter(CompositeFilter.java:113)
	at org.springframework.web.filter.ServletRequestPathFilter.doFilter(ServletRequestPathFilter.java:52)
	at org.springframework.web.filter.CompositeFilter$VirtualFilterChain.doFilter(CompositeFilter.java:113)
	at org.springframework.web.filter.CompositeFilter.doFilter(CompositeFilter.java:74)
	at org.springframework.security.config.annotation.web.configuration.WebSecurityConfiguration$CompositeFilterChainProxy.doFilter(WebSecurityConfiguration.java:319)
	at org.springframework.web.filter.CompositeFilter$VirtualFilterChain.doFilter(CompositeFilter.java:113)
	at org.springframework.web.servlet.handler.HandlerMappingIntrospector.lambda$createCacheFilter$3(HandlerMappingIntrospector.java:243)
	at org.springframework.web.filter.CompositeFilter$VirtualFilterChain.doFilter(CompositeFilter.java:113)
	at org.springframework.web.filter.CompositeFilter.doFilter(CompositeFilter.java:74)
	at org.springframework.security.config.annotation.web.configuration.WebMvcSecurityConfiguration$CompositeFilterChainProxy.doFilter(WebMvcSecurityConfiguration.java:240)
	at org.springframework.web.filter.DelegatingFilterProxy.invokeDelegate(DelegatingFilterProxy.java:362)
	at org.springframework.web.filter.DelegatingFilterProxy.doFilter(DelegatingFilterProxy.java:278)
	at org.apache.catalina.core.ApplicationFilterChain.internalDoFilter(ApplicationFilterChain.java:164)
	at org.apache.catalina.core.ApplicationFilterChain.doFilter(ApplicationFilterChain.java:140)
	at org.springframework.web.filter.RequestContextFilter.doFilterInternal(RequestContextFilter.java:100)
	at org.springframework.web.filter.OncePerRequestFilter.doFilter(OncePerRequestFilter.java:116)
	at org.apache.catalina.core.ApplicationFilterChain.internalDoFilter(ApplicationFilterChain.java:164)
	at org.apache.catalina.core.ApplicationFilterChain.doFilter(ApplicationFilterChain.java:140)
	at org.springframework.web.filter.FormContentFilter.doFilterInternal(FormContentFilter.java:93)
	at org.springframework.web.filter.OncePerRequestFilter.doFilter(OncePerRequestFilter.java:116)
	at org.apache.catalina.core.ApplicationFilterChain.internalDoFilter(ApplicationFilterChain.java:164)
	at org.apache.catalina.core.ApplicationFilterChain.doFilter(ApplicationFilterChain.java:140)
	at org.springframework.web.filter.ServerHttpObservationFilter.doFilterInternal(ServerHttpObservationFilter.java:114)
	at org.springframework.web.filter.OncePerRequestFilter.doFilter(OncePerRequestFilter.java:116)
	at org.apache.catalina.core.ApplicationFilterChain.internalDoFilter(ApplicationFilterChain.java:164)
	at org.apache.catalina.core.ApplicationFilterChain.doFilter(ApplicationFilterChain.java:140)
	at org.springframework.web.filter.CharacterEncodingFilter.doFilterInternal(CharacterEncodingFilter.java:201)
	at org.springframework.web.filter.OncePerRequestFilter.doFilter(OncePerRequestFilter.java:116)
	at org.apache.catalina.core.ApplicationFilterChain.internalDoFilter(ApplicationFilterChain.java:164)
	at org.apache.catalina.core.ApplicationFilterChain.doFilter(ApplicationFilterChain.java:140)
	at org.apache.catalina.core.StandardWrapperValve.invoke(StandardWrapperValve.java:167)
	at org.apache.catalina.core.StandardContextValve.invoke(StandardContextValve.java:90)
	at org.apache.catalina.authenticator.AuthenticatorBase.invoke(AuthenticatorBase.java:483)
	at org.apache.catalina.core.StandardHostValve.invoke(StandardHostValve.java:116)
	at org.apache.catalina.valves.ErrorReportValve.invoke(ErrorReportValve.java:93)
	at org.apache.catalina.core.StandardEngineValve.invoke(StandardEngineValve.java:74)
	at org.apache.catalina.connector.CoyoteAdapter.service(CoyoteAdapter.java:344)
	at org.apache.coyote.http11.Http11Processor.service(Http11Processor.java:398)
	at org.apache.coyote.AbstractProcessorLight.process(AbstractProcessorLight.java:63)
	at org.apache.coyote.AbstractProtocol$ConnectionHandler.process(AbstractProtocol.java:903)
	at org.apache.tomcat.util.net.NioEndpoint$SocketProcessor.doRun(NioEndpoint.java:1740)
	at org.apache.tomcat.util.net.SocketProcessorBase.run(SocketProcessorBase.java:52)
	at org.apache.tomcat.util.threads.ThreadPoolExecutor.runWorker(ThreadPoolExecutor.java:1189)
	at org.apache.tomcat.util.threads.ThreadPoolExecutor$Worker.run(ThreadPoolExecutor.java:658)
	at org.apache.tomcat.util.threads.TaskThread$WrappingRunnable.run(TaskThread.java:63)
	at java.base/java.lang.Thread.run(Thread.java:842)
2026-03-22 18:45:15 DEBUG [http-nio-8080-exec-9] o.s.security.web.FilterChainProxy - Securing PATCH /error?reason=Prueba
2026-03-22 18:45:15 TRACE [http-nio-8080-exec-9] o.s.s.w.a.logout.LogoutFilter - Did not match request to Or [Ant [pattern='/logout', GET], Ant [pattern='/logout', POST], Ant [pattern='/logout', PUT], Ant [pattern='/logout', DELETE]]
2026-03-22 18:45:15 TRACE [http-nio-8080-exec-9] o.s.s.w.a.AnonymousAuthenticationFilter - Set SecurityContextHolder to AnonymousAuthenticationToken [Principal=anonymousUser, Credentials=[PROTECTED], Authenticated=true, Details=WebAuthenticationDetails [RemoteIpAddress=0:0:0:0:0:0:0:1, SessionId=null], Granted Authorities=[ROLE_ANONYMOUS]]
2026-03-22 18:45:15 DEBUG [http-nio-8080-exec-9] o.s.s.w.a.Http403ForbiddenEntryPoint - Pre-authenticated entry point called. Rejecting access
2026-03-22 20:27:42 WARN  [HikariPool-1:housekeeper] com.zaxxer.hikari.pool.HikariPool - HikariPool-1 - Thread starvation or clock leap detected (housekeeper delta=53m55s537ms242µs).
2026-03-22 20:31:06 DEBUG [http-nio-8080-exec-2] o.s.security.web.FilterChainProxy - Securing PATCH /api/v1/users/2/deactivate?reason=Prueba
2026-03-22 20:31:06 TRACE [http-nio-8080-exec-2] o.s.s.w.a.logout.LogoutFilter - Did not match request to Or [Ant [pattern='/logout', GET], Ant [pattern='/logout', POST], Ant [pattern='/logout', PUT], Ant [pattern='/logout', DELETE]]
2026-03-22 20:31:06 TRACE [http-nio-8080-exec-2] o.s.s.w.a.AnonymousAuthenticationFilter - Set SecurityContextHolder to AnonymousAuthenticationToken [Principal=anonymousUser, Credentials=[PROTECTED], Authenticated=true, Details=WebAuthenticationDetails [RemoteIpAddress=0:0:0:0:0:0:0:1, SessionId=null], Granted Authorities=[ROLE_ANONYMOUS]]
2026-03-22 20:31:06 DEBUG [http-nio-8080-exec-2] o.s.s.w.a.Http403ForbiddenEntryPoint - Pre-authenticated entry point called. Rejecting access
2026-03-22 20:31:06 DEBUG [http-nio-8080-exec-2] o.s.security.web.FilterChainProxy - Securing PATCH /error?reason=Prueba
2026-03-22 20:31:06 TRACE [http-nio-8080-exec-2] o.s.s.w.a.logout.LogoutFilter - Did not match request to Or [Ant [pattern='/logout', GET], Ant [pattern='/logout', POST], Ant [pattern='/logout', PUT], Ant [pattern='/logout', DELETE]]
2026-03-22 20:31:06 TRACE [http-nio-8080-exec-2] o.s.s.w.a.AnonymousAuthenticationFilter - Set SecurityContextHolder to AnonymousAuthenticationToken [Principal=anonymousUser, Credentials=[PROTECTED], Authenticated=true, Details=WebAuthenticationDetails [RemoteIpAddress=0:0:0:0:0:0:0:1, SessionId=null], Granted Authorities=[ROLE_ANONYMOUS]]
2026-03-22 20:31:06 DEBUG [http-nio-8080-exec-2] o.s.s.w.a.Http403ForbiddenEntryPoint - Pre-authenticated entry point called. Rejecting access
2026-03-22 20:37:45 DEBUG [http-nio-8080-exec-4] o.s.security.web.FilterChainProxy - Securing PATCH /api/v1/users/2/deactivate?reason=Prueba
2026-03-22 20:37:45 TRACE [http-nio-8080-exec-4] o.s.s.w.a.logout.LogoutFilter - Did not match request to Or [Ant [pattern='/logout', GET], Ant [pattern='/logout', POST], Ant [pattern='/logout', PUT], Ant [pattern='/logout', DELETE]]
2026-03-22 20:37:45 TRACE [http-nio-8080-exec-4] o.s.s.w.a.AnonymousAuthenticationFilter - Set SecurityContextHolder to AnonymousAuthenticationToken [Principal=anonymousUser, Credentials=[PROTECTED], Authenticated=true, Details=WebAuthenticationDetails [RemoteIpAddress=0:0:0:0:0:0:0:1, SessionId=null], Granted Authorities=[ROLE_ANONYMOUS]]
2026-03-22 20:37:45 DEBUG [http-nio-8080-exec-4] o.s.s.w.a.Http403ForbiddenEntryPoint - Pre-authenticated entry point called. Rejecting access
2026-03-22 20:37:45 DEBUG [http-nio-8080-exec-4] o.s.security.web.FilterChainProxy - Securing PATCH /error?reason=Prueba
2026-03-22 20:37:45 TRACE [http-nio-8080-exec-4] o.s.s.w.a.logout.LogoutFilter - Did not match request to Or [Ant [pattern='/logout', GET], Ant [pattern='/logout', POST], Ant [pattern='/logout', PUT], Ant [pattern='/logout', DELETE]]
2026-03-22 20:37:45 TRACE [http-nio-8080-exec-4] o.s.s.w.a.AnonymousAuthenticationFilter - Set SecurityContextHolder to AnonymousAuthenticationToken [Principal=anonymousUser, Credentials=[PROTECTED], Authenticated=true, Details=WebAuthenticationDetails [RemoteIpAddress=0:0:0:0:0:0:0:1, SessionId=null], Granted Authorities=[ROLE_ANONYMOUS]]
2026-03-22 20:37:45 DEBUG [http-nio-8080-exec-4] o.s.s.w.a.Http403ForbiddenEntryPoint - Pre-authenticated entry point called. Rejecting access
2026-03-22 20:37:54 DEBUG [http-nio-8080-exec-8] o.s.security.web.FilterChainProxy - Securing POST /api/v1/auth/login
2026-03-22 20:37:54 TRACE [http-nio-8080-exec-8] o.s.s.w.a.logout.LogoutFilter - Did not match request to Or [Ant [pattern='/logout', GET], Ant [pattern='/logout', POST], Ant [pattern='/logout', PUT], Ant [pattern='/logout', DELETE]]
2026-03-22 20:37:54 TRACE [http-nio-8080-exec-8] o.s.s.w.a.AnonymousAuthenticationFilter - Set SecurityContextHolder to AnonymousAuthenticationToken [Principal=anonymousUser, Credentials=[PROTECTED], Authenticated=true, Details=WebAuthenticationDetails [RemoteIpAddress=0:0:0:0:0:0:0:1, SessionId=null], Granted Authorities=[ROLE_ANONYMOUS]]
2026-03-22 20:37:54 DEBUG [http-nio-8080-exec-8] o.s.security.web.FilterChainProxy - Secured POST /api/v1/auth/login
2026-03-22 20:37:54 DEBUG [http-nio-8080-exec-8] o.s.web.servlet.DispatcherServlet - POST "/api/v1/auth/login", parameters={}
2026-03-22 20:37:54 DEBUG [http-nio-8080-exec-8] o.s.w.s.m.m.a.RequestMappingHandlerMapping - Mapped to com.example.ClinicaDefinitiva.infrastructure.rest.controller.auth.AuthController#login(LoginRequest)
2026-03-22 20:37:54 DEBUG [http-nio-8080-exec-8] o.s.w.s.m.m.a.RequestResponseBodyMethodProcessor - Read "application/json;charset=UTF-8" to [LoginRequest[email=admin@test.com, password=admin123]]
2026-03-22 20:37:54 DEBUG [http-nio-8080-exec-8] o.s.s.a.d.DaoAuthenticationProvider - Authenticated user
2026-03-22 20:37:54 DEBUG [http-nio-8080-exec-8] o.s.w.s.m.m.a.HttpEntityMethodProcessor - Using 'application/json', given [*/*] and supported [application/json, application/*+json]
2026-03-22 20:37:54 DEBUG [http-nio-8080-exec-8] o.s.w.s.m.m.a.HttpEntityMethodProcessor - Writing [{token=eyJhbGciOiJIUzI1NiJ9.eyJzdWIiOiJhZG1pbkB0ZXN0LmNvbSIsInJvbGVzIjpbIlJPTEVfVVNFUiJdLCJpYXQiOjE3 (truncated)...]
2026-03-22 20:37:54 DEBUG [http-nio-8080-exec-8] o.s.web.servlet.DispatcherServlet - Completed 200 OK
2026-03-22 20:38:11 DEBUG [http-nio-8080-exec-7] o.s.security.web.FilterChainProxy - Securing PATCH /api/v1/users/2/deactivate?reason=Prueba
2026-03-22 20:38:11 TRACE [http-nio-8080-exec-7] o.s.s.w.a.logout.LogoutFilter - Did not match request to Or [Ant [pattern='/logout', GET], Ant [pattern='/logout', POST], Ant [pattern='/logout', PUT], Ant [pattern='/logout', DELETE]]
2026-03-22 20:38:11 TRACE [http-nio-8080-exec-7] o.s.s.w.a.AnonymousAuthenticationFilter - Did not set SecurityContextHolder since already authenticated UsernamePasswordAuthenticationToken [Principal=com.example.ClinicaDefinitiva.infrastructure.security.adapter.CustomUserDetails@471f8f2a, Credentials=[PROTECTED], Authenticated=true, Details=null, Granted Authorities=[UPDATE_COMPANY, UPDATE_INVOICE, CREATE_ASSIGNMENT, UPDATE_GUARDIAN, CLONE_ROLE_ROLE, CANCEL_APPOINTMENT, UPDATE_JOURNAL_ENTRY, REVERSE_JOURNAL_ENTRY, CREATE_CONTRACT, DELETE_APPOINTMENT, RESCHEDULE_APPOINTMENT, SET_PERMISSIONS_ROLE, CREATE_PATIENT, READ_USER_IDENTITY, IS_CURRENTLY_ACTIVE_ASSIGNMENT, READ_RATE, ACTIVATE_ROLE_ROLE, DELETE_ROLE_ROLE, READ_APPOINTMENT, READ_DENTIST, CREATE_COMPANY, VIEW_ROLE_ROLE, SCHEDULE_APPOINTMENT, ROLE_RECEPTIONIST, DELETE_INVOICE, CREATE_CUSTOM_ROLE_ROLE, UPDATE_PAYMENT, CREATE_DENTIST, CHECK_PERMISSION_ROLE, READ_PATIENT, READ_ADMINISTRATIVE_REPORT, CREATE_APPOINTMENT, VIEW_ASSIGNMENT_ASSIGNMENT, READ_CONTRACT, DELETE_ADMINISTRATIVE_REPORT, DEACTIVATE_USER_IDENTITY, REVERSE_INVOICE, DEACTIVATE_ROLE_ROLE, APPROVE_INVOICE, READ_PROVIDED_SERVICE, REVOKE_ASSIGNMENT, READ_AVAILABILITY, READ_RECEPTIONIST, DELETE_RATE, UPDATE_PRIMARY_ASSIGNMENT, UPDATE_DENTIST, CREATE_USER_IDENTITY, DELETE_CONTRACT, DELETE_PAYMENT, DELETE_ASSIGNMENT, READ_COMPANY, UPDATE_ADMINISTRATIVE_REPORT, REMOVE_PERMISSION_ROLE, CREATE_PAYMENT, UPDATE_USER_IDENTITY, ADD_PERMISSION_ROLE, READ_GUARDIAN, UPDATE_CONTRACT, DELETE_COMPANY, IS_ACTIVE_AT_ASSIGNMENT, DELETE_DENTIST, READ_ASSIGNMENT, POST_INVOICE, REVOKE_ALL_ASSIGNMENT, CREATE_JOURNAL_ENTRY, CREATE_ADMINISTRATIVE_REPORT, UPDATE_ASSIGNMENT, READ_SHIFT, POST_JOURNAL_ENTRY, CREATE_GUARDIAN, ROLE_ADMINISTRATOR, CREATE_TEMPORARY_ASSIGNMENT, READ_PAYMENT, CREATE_RATE, EXTEND_ASSIGNMENT_ASSIGNMENT, READ_INVOICE, REACTIVATE_USER_IDENTITY, UPDATE_APPOINTMENT, UPDATE_RATE, DELETE_JOURNAL_ENTRY, CREATE_SHIFT, READ_JOURNAL_ENTRY, MARK_DELETED_ROLE_ROLE, CREATE_INVOICE, UPDATE_SHIFT, SUSPEND_ROLE_ROLE, UPDATE_PATIENT, UPDATE_PROVIDED_SERVICE, SUSPEND_USER_IDENTITY]]
2026-03-22 20:38:11 TRACE [http-nio-8080-exec-7] o.s.s.w.a.s.CompositeSessionAuthenticationStrategy - Preparing session with ChangeSessionIdAuthenticationStrategy (1/1)
2026-03-22 20:38:11 DEBUG [http-nio-8080-exec-7] o.s.security.web.FilterChainProxy - Secured PATCH /api/v1/users/2/deactivate?reason=Prueba
2026-03-22 20:38:11 DEBUG [http-nio-8080-exec-7] o.s.web.servlet.DispatcherServlet - PATCH "/api/v1/users/2/deactivate?reason=Prueba", parameters={masked}
2026-03-22 20:38:11 DEBUG [http-nio-8080-exec-7] o.s.w.s.m.m.a.RequestMappingHandlerMapping - Mapped to com.example.ClinicaDefinitiva.infrastructure.rest.controller.authentication.UserIdentityController#deactivate(Long, String, CustomUserDetails)
2026-03-22 20:38:12 DEBUG [http-nio-8080-exec-7] o.s.w.s.m.m.a.HttpEntityMethodProcessor - Using 'application/json', given [*/*] and supported [application/json, application/*+json]
2026-03-22 20:38:12 DEBUG [http-nio-8080-exec-7] o.s.w.s.m.m.a.HttpEntityMethodProcessor - Writing [ReadUserIdentityResponse[id=2, email=admin1742073890123@gmail.com, name=Admin User 1742073890123, cr (truncated)...]
2026-03-22 20:38:12 DEBUG [http-nio-8080-exec-7] o.s.web.servlet.DispatcherServlet - Completed 200 OK
2026-03-22 21:42:00 DEBUG [http-nio-8080-exec-1] o.s.security.web.FilterChainProxy - Securing PATCH /api/v1/users/2/reactivate?reason=Prueba
2026-03-22 21:42:00 TRACE [http-nio-8080-exec-1] o.s.s.w.a.logout.LogoutFilter - Did not match request to Or [Ant [pattern='/logout', GET], Ant [pattern='/logout', POST], Ant [pattern='/logout', PUT], Ant [pattern='/logout', DELETE]]
2026-03-22 21:42:00 TRACE [http-nio-8080-exec-1] o.s.s.w.a.AnonymousAuthenticationFilter - Did not set SecurityContextHolder since already authenticated UsernamePasswordAuthenticationToken [Principal=com.example.ClinicaDefinitiva.infrastructure.security.adapter.CustomUserDetails@6783a48b, Credentials=[PROTECTED], Authenticated=true, Details=null, Granted Authorities=[UPDATE_COMPANY, UPDATE_INVOICE, CREATE_ASSIGNMENT, UPDATE_GUARDIAN, CLONE_ROLE_ROLE, CANCEL_APPOINTMENT, UPDATE_JOURNAL_ENTRY, REVERSE_JOURNAL_ENTRY, CREATE_CONTRACT, DELETE_APPOINTMENT, RESCHEDULE_APPOINTMENT, SET_PERMISSIONS_ROLE, CREATE_PATIENT, READ_USER_IDENTITY, IS_CURRENTLY_ACTIVE_ASSIGNMENT, READ_RATE, ACTIVATE_ROLE_ROLE, DELETE_ROLE_ROLE, READ_APPOINTMENT, READ_DENTIST, CREATE_COMPANY, VIEW_ROLE_ROLE, SCHEDULE_APPOINTMENT, ROLE_RECEPTIONIST, DELETE_INVOICE, CREATE_CUSTOM_ROLE_ROLE, UPDATE_PAYMENT, CREATE_DENTIST, CHECK_PERMISSION_ROLE, READ_PATIENT, READ_ADMINISTRATIVE_REPORT, CREATE_APPOINTMENT, VIEW_ASSIGNMENT_ASSIGNMENT, READ_CONTRACT, DELETE_ADMINISTRATIVE_REPORT, DEACTIVATE_USER_IDENTITY, REVERSE_INVOICE, DEACTIVATE_ROLE_ROLE, APPROVE_INVOICE, READ_PROVIDED_SERVICE, REVOKE_ASSIGNMENT, READ_AVAILABILITY, READ_RECEPTIONIST, DELETE_RATE, UPDATE_PRIMARY_ASSIGNMENT, UPDATE_DENTIST, CREATE_USER_IDENTITY, DELETE_CONTRACT, DELETE_PAYMENT, DELETE_ASSIGNMENT, READ_COMPANY, UPDATE_ADMINISTRATIVE_REPORT, REMOVE_PERMISSION_ROLE, CREATE_PAYMENT, UPDATE_USER_IDENTITY, ADD_PERMISSION_ROLE, READ_GUARDIAN, UPDATE_CONTRACT, DELETE_COMPANY, IS_ACTIVE_AT_ASSIGNMENT, DELETE_DENTIST, READ_ASSIGNMENT, POST_INVOICE, REVOKE_ALL_ASSIGNMENT, CREATE_JOURNAL_ENTRY, CREATE_ADMINISTRATIVE_REPORT, UPDATE_ASSIGNMENT, READ_SHIFT, POST_JOURNAL_ENTRY, CREATE_GUARDIAN, ROLE_ADMINISTRATOR, CREATE_TEMPORARY_ASSIGNMENT, READ_PAYMENT, CREATE_RATE, EXTEND_ASSIGNMENT_ASSIGNMENT, READ_INVOICE, REACTIVATE_USER_IDENTITY, UPDATE_APPOINTMENT, UPDATE_RATE, DELETE_JOURNAL_ENTRY, CREATE_SHIFT, READ_JOURNAL_ENTRY, MARK_DELETED_ROLE_ROLE, CREATE_INVOICE, UPDATE_SHIFT, SUSPEND_ROLE_ROLE, UPDATE_PATIENT, UPDATE_PROVIDED_SERVICE, SUSPEND_USER_IDENTITY]]
2026-03-22 21:42:00 TRACE [http-nio-8080-exec-1] o.s.s.w.a.s.CompositeSessionAuthenticationStrategy - Preparing session with ChangeSessionIdAuthenticationStrategy (1/1)
2026-03-22 21:42:00 DEBUG [http-nio-8080-exec-1] o.s.security.web.FilterChainProxy - Secured PATCH /api/v1/users/2/reactivate?reason=Prueba
2026-03-22 21:42:00 DEBUG [http-nio-8080-exec-1] o.s.web.servlet.DispatcherServlet - PATCH "/api/v1/users/2/reactivate?reason=Prueba", parameters={masked}
2026-03-22 21:42:00 DEBUG [http-nio-8080-exec-1] o.s.w.s.m.m.a.RequestMappingHandlerMapping - Mapped to com.example.ClinicaDefinitiva.infrastructure.rest.controller.authentication.UserIdentityController#reactivate(Long, String, CustomUserDetails)
2026-03-22 21:42:00 DEBUG [http-nio-8080-exec-1] o.s.w.s.m.m.a.HttpEntityMethodProcessor - Using 'application/json', given [*/*] and supported [application/json, application/*+json]
2026-03-22 21:42:00 DEBUG [http-nio-8080-exec-1] o.s.w.s.m.m.a.HttpEntityMethodProcessor - Writing [ReadUserIdentityResponse[id=2, email=admin1742073890123@gmail.com, name=Admin User 1742073890123, cr (truncated)...]
2026-03-22 21:42:00 DEBUG [http-nio-8080-exec-1] o.s.web.servlet.DispatcherServlet - Completed 200 OK
2026-03-22 21:47:46 DEBUG [http-nio-8080-exec-5] o.s.security.web.FilterChainProxy - Securing PATCH /api/v1/users/2/suspend?reason=Prueba
2026-03-22 21:47:46 TRACE [http-nio-8080-exec-5] o.s.s.w.a.logout.LogoutFilter - Did not match request to Or [Ant [pattern='/logout', GET], Ant [pattern='/logout', POST], Ant [pattern='/logout', PUT], Ant [pattern='/logout', DELETE]]
2026-03-22 21:47:46 TRACE [http-nio-8080-exec-5] o.s.s.w.a.AnonymousAuthenticationFilter - Did not set SecurityContextHolder since already authenticated UsernamePasswordAuthenticationToken [Principal=com.example.ClinicaDefinitiva.infrastructure.security.adapter.CustomUserDetails@3a8b64d7, Credentials=[PROTECTED], Authenticated=true, Details=null, Granted Authorities=[UPDATE_COMPANY, UPDATE_INVOICE, CREATE_ASSIGNMENT, UPDATE_GUARDIAN, CLONE_ROLE_ROLE, CANCEL_APPOINTMENT, UPDATE_JOURNAL_ENTRY, REVERSE_JOURNAL_ENTRY, CREATE_CONTRACT, DELETE_APPOINTMENT, RESCHEDULE_APPOINTMENT, SET_PERMISSIONS_ROLE, CREATE_PATIENT, READ_USER_IDENTITY, IS_CURRENTLY_ACTIVE_ASSIGNMENT, READ_RATE, ACTIVATE_ROLE_ROLE, DELETE_ROLE_ROLE, READ_APPOINTMENT, READ_DENTIST, CREATE_COMPANY, VIEW_ROLE_ROLE, SCHEDULE_APPOINTMENT, ROLE_RECEPTIONIST, DELETE_INVOICE, CREATE_CUSTOM_ROLE_ROLE, UPDATE_PAYMENT, CREATE_DENTIST, CHECK_PERMISSION_ROLE, READ_PATIENT, READ_ADMINISTRATIVE_REPORT, CREATE_APPOINTMENT, VIEW_ASSIGNMENT_ASSIGNMENT, READ_CONTRACT, DELETE_ADMINISTRATIVE_REPORT, DEACTIVATE_USER_IDENTITY, REVERSE_INVOICE, DEACTIVATE_ROLE_ROLE, APPROVE_INVOICE, READ_PROVIDED_SERVICE, REVOKE_ASSIGNMENT, READ_AVAILABILITY, READ_RECEPTIONIST, DELETE_RATE, UPDATE_PRIMARY_ASSIGNMENT, UPDATE_DENTIST, CREATE_USER_IDENTITY, DELETE_CONTRACT, DELETE_PAYMENT, DELETE_ASSIGNMENT, READ_COMPANY, UPDATE_ADMINISTRATIVE_REPORT, REMOVE_PERMISSION_ROLE, CREATE_PAYMENT, UPDATE_USER_IDENTITY, ADD_PERMISSION_ROLE, READ_GUARDIAN, UPDATE_CONTRACT, DELETE_COMPANY, IS_ACTIVE_AT_ASSIGNMENT, DELETE_DENTIST, READ_ASSIGNMENT, POST_INVOICE, REVOKE_ALL_ASSIGNMENT, CREATE_JOURNAL_ENTRY, CREATE_ADMINISTRATIVE_REPORT, UPDATE_ASSIGNMENT, READ_SHIFT, POST_JOURNAL_ENTRY, CREATE_GUARDIAN, ROLE_ADMINISTRATOR, CREATE_TEMPORARY_ASSIGNMENT, READ_PAYMENT, CREATE_RATE, EXTEND_ASSIGNMENT_ASSIGNMENT, READ_INVOICE, REACTIVATE_USER_IDENTITY, UPDATE_APPOINTMENT, UPDATE_RATE, DELETE_JOURNAL_ENTRY, CREATE_SHIFT, READ_JOURNAL_ENTRY, MARK_DELETED_ROLE_ROLE, CREATE_INVOICE, UPDATE_SHIFT, SUSPEND_ROLE_ROLE, UPDATE_PATIENT, UPDATE_PROVIDED_SERVICE, SUSPEND_USER_IDENTITY]]
2026-03-22 21:47:46 TRACE [http-nio-8080-exec-5] o.s.s.w.a.s.CompositeSessionAuthenticationStrategy - Preparing session with ChangeSessionIdAuthenticationStrategy (1/1)
2026-03-22 21:47:46 DEBUG [http-nio-8080-exec-5] o.s.security.web.FilterChainProxy - Secured PATCH /api/v1/users/2/suspend?reason=Prueba
2026-03-22 21:47:46 DEBUG [http-nio-8080-exec-5] o.s.web.servlet.DispatcherServlet - PATCH "/api/v1/users/2/suspend?reason=Prueba", parameters={masked}
2026-03-22 21:47:46 DEBUG [http-nio-8080-exec-5] o.s.w.s.m.m.a.RequestMappingHandlerMapping - Mapped to com.example.ClinicaDefinitiva.infrastructure.rest.controller.authentication.UserIdentityController#suspend(Long, String, CustomUserDetails)
2026-03-22 21:47:46 DEBUG [http-nio-8080-exec-5] o.s.w.s.m.m.a.HttpEntityMethodProcessor - Using 'application/json', given [*/*] and supported [application/json, application/*+json]
2026-03-22 21:47:46 DEBUG [http-nio-8080-exec-5] o.s.w.s.m.m.a.HttpEntityMethodProcessor - Writing [ReadUserIdentityResponse[id=2, email=admin1742073890123@gmail.com, name=Admin User 1742073890123, cr (truncated)...]
2026-03-22 21:47:46 DEBUG [http-nio-8080-exec-5] o.s.web.servlet.DispatcherServlet - Completed 200 OK
2026-03-22 21:50:56 DEBUG [http-nio-8080-exec-4] o.s.security.web.FilterChainProxy - Securing PUT /api/v1/users/2
2026-03-22 21:50:56 TRACE [http-nio-8080-exec-4] o.s.s.w.a.logout.LogoutFilter - Did not match request to Or [Ant [pattern='/logout', GET], Ant [pattern='/logout', POST], Ant [pattern='/logout', PUT], Ant [pattern='/logout', DELETE]]
2026-03-22 21:50:56 TRACE [http-nio-8080-exec-4] o.s.s.w.a.AnonymousAuthenticationFilter - Did not set SecurityContextHolder since already authenticated UsernamePasswordAuthenticationToken [Principal=com.example.ClinicaDefinitiva.infrastructure.security.adapter.CustomUserDetails@5b7e8103, Credentials=[PROTECTED], Authenticated=true, Details=null, Granted Authorities=[UPDATE_COMPANY, UPDATE_INVOICE, CREATE_ASSIGNMENT, UPDATE_GUARDIAN, CLONE_ROLE_ROLE, CANCEL_APPOINTMENT, UPDATE_JOURNAL_ENTRY, REVERSE_JOURNAL_ENTRY, CREATE_CONTRACT, DELETE_APPOINTMENT, RESCHEDULE_APPOINTMENT, SET_PERMISSIONS_ROLE, CREATE_PATIENT, READ_USER_IDENTITY, IS_CURRENTLY_ACTIVE_ASSIGNMENT, READ_RATE, ACTIVATE_ROLE_ROLE, DELETE_ROLE_ROLE, READ_APPOINTMENT, READ_DENTIST, CREATE_COMPANY, VIEW_ROLE_ROLE, SCHEDULE_APPOINTMENT, ROLE_RECEPTIONIST, DELETE_INVOICE, CREATE_CUSTOM_ROLE_ROLE, UPDATE_PAYMENT, CREATE_DENTIST, CHECK_PERMISSION_ROLE, READ_PATIENT, READ_ADMINISTRATIVE_REPORT, CREATE_APPOINTMENT, VIEW_ASSIGNMENT_ASSIGNMENT, READ_CONTRACT, DELETE_ADMINISTRATIVE_REPORT, DEACTIVATE_USER_IDENTITY, REVERSE_INVOICE, DEACTIVATE_ROLE_ROLE, APPROVE_INVOICE, READ_PROVIDED_SERVICE, REVOKE_ASSIGNMENT, READ_AVAILABILITY, READ_RECEPTIONIST, DELETE_RATE, UPDATE_PRIMARY_ASSIGNMENT, UPDATE_DENTIST, CREATE_USER_IDENTITY, DELETE_CONTRACT, DELETE_PAYMENT, DELETE_ASSIGNMENT, READ_COMPANY, UPDATE_ADMINISTRATIVE_REPORT, REMOVE_PERMISSION_ROLE, CREATE_PAYMENT, UPDATE_USER_IDENTITY, ADD_PERMISSION_ROLE, READ_GUARDIAN, UPDATE_CONTRACT, DELETE_COMPANY, IS_ACTIVE_AT_ASSIGNMENT, DELETE_DENTIST, READ_ASSIGNMENT, POST_INVOICE, REVOKE_ALL_ASSIGNMENT, CREATE_JOURNAL_ENTRY, CREATE_ADMINISTRATIVE_REPORT, UPDATE_ASSIGNMENT, READ_SHIFT, POST_JOURNAL_ENTRY, CREATE_GUARDIAN, ROLE_ADMINISTRATOR, CREATE_TEMPORARY_ASSIGNMENT, READ_PAYMENT, CREATE_RATE, EXTEND_ASSIGNMENT_ASSIGNMENT, READ_INVOICE, REACTIVATE_USER_IDENTITY, UPDATE_APPOINTMENT, UPDATE_RATE, DELETE_JOURNAL_ENTRY, CREATE_SHIFT, READ_JOURNAL_ENTRY, MARK_DELETED_ROLE_ROLE, CREATE_INVOICE, UPDATE_SHIFT, SUSPEND_ROLE_ROLE, UPDATE_PATIENT, UPDATE_PROVIDED_SERVICE, SUSPEND_USER_IDENTITY]]
2026-03-22 21:50:56 TRACE [http-nio-8080-exec-4] o.s.s.w.a.s.CompositeSessionAuthenticationStrategy - Preparing session with ChangeSessionIdAuthenticationStrategy (1/1)
2026-03-22 21:50:56 DEBUG [http-nio-8080-exec-4] o.s.security.web.FilterChainProxy - Secured PUT /api/v1/users/2
2026-03-22 21:50:56 DEBUG [http-nio-8080-exec-4] o.s.web.servlet.DispatcherServlet - PUT "/api/v1/users/2", parameters={}
2026-03-22 21:50:56 DEBUG [http-nio-8080-exec-4] o.s.w.s.m.m.a.RequestMappingHandlerMapping - Mapped to com.example.ClinicaDefinitiva.infrastructure.rest.controller.authentication.UserIdentityController#update(Long, UpdateUserIdentityRequest, CustomUserDetails)
2026-03-22 21:50:56 DEBUG [http-nio-8080-exec-4] o.s.w.s.m.m.a.RequestResponseBodyMethodProcessor - Read "application/json;charset=UTF-8" to [UpdateUserIdentityRequest[email=PERICO742073890123@gmail.com, name=tuci, verified=false, status=null (truncated)...]
2026-03-22 21:50:56 DEBUG [http-nio-8080-exec-4] o.s.w.s.m.m.a.HttpEntityMethodProcessor - Using 'application/json', given [*/*] and supported [application/json, application/*+json]
2026-03-22 21:50:56 DEBUG [http-nio-8080-exec-4] o.s.w.s.m.m.a.HttpEntityMethodProcessor - Writing [ReadUserIdentityResponse[id=2, email=admin1742073890123@gmail.com, name=Admin User 1742073890123, cr (truncated)...]
2026-03-22 21:50:56 DEBUG [http-nio-8080-exec-4] o.s.web.servlet.DispatcherServlet - Completed 200 OK
2026-03-22 22:05:43 DEBUG [http-nio-8080-exec-9] o.s.security.web.FilterChainProxy - Securing PATCH /api/v1/users/2
2026-03-22 22:05:43 TRACE [http-nio-8080-exec-9] o.s.s.w.a.logout.LogoutFilter - Did not match request to Or [Ant [pattern='/logout', GET], Ant [pattern='/logout', POST], Ant [pattern='/logout', PUT], Ant [pattern='/logout', DELETE]]
2026-03-22 22:05:43 TRACE [http-nio-8080-exec-9] o.s.s.w.a.AnonymousAuthenticationFilter - Did not set SecurityContextHolder since already authenticated UsernamePasswordAuthenticationToken [Principal=com.example.ClinicaDefinitiva.infrastructure.security.adapter.CustomUserDetails@600fc826, Credentials=[PROTECTED], Authenticated=true, Details=null, Granted Authorities=[UPDATE_COMPANY, UPDATE_INVOICE, CREATE_ASSIGNMENT, UPDATE_GUARDIAN, CLONE_ROLE_ROLE, CANCEL_APPOINTMENT, UPDATE_JOURNAL_ENTRY, REVERSE_JOURNAL_ENTRY, CREATE_CONTRACT, DELETE_APPOINTMENT, RESCHEDULE_APPOINTMENT, SET_PERMISSIONS_ROLE, CREATE_PATIENT, READ_USER_IDENTITY, IS_CURRENTLY_ACTIVE_ASSIGNMENT, READ_RATE, ACTIVATE_ROLE_ROLE, DELETE_ROLE_ROLE, READ_APPOINTMENT, READ_DENTIST, CREATE_COMPANY, VIEW_ROLE_ROLE, SCHEDULE_APPOINTMENT, ROLE_RECEPTIONIST, DELETE_INVOICE, CREATE_CUSTOM_ROLE_ROLE, UPDATE_PAYMENT, CREATE_DENTIST, CHECK_PERMISSION_ROLE, READ_PATIENT, READ_ADMINISTRATIVE_REPORT, CREATE_APPOINTMENT, VIEW_ASSIGNMENT_ASSIGNMENT, READ_CONTRACT, DELETE_ADMINISTRATIVE_REPORT, DEACTIVATE_USER_IDENTITY, REVERSE_INVOICE, DEACTIVATE_ROLE_ROLE, APPROVE_INVOICE, READ_PROVIDED_SERVICE, REVOKE_ASSIGNMENT, READ_AVAILABILITY, READ_RECEPTIONIST, DELETE_RATE, UPDATE_PRIMARY_ASSIGNMENT, UPDATE_DENTIST, CREATE_USER_IDENTITY, DELETE_CONTRACT, DELETE_PAYMENT, DELETE_ASSIGNMENT, READ_COMPANY, UPDATE_ADMINISTRATIVE_REPORT, REMOVE_PERMISSION_ROLE, CREATE_PAYMENT, UPDATE_USER_IDENTITY, ADD_PERMISSION_ROLE, READ_GUARDIAN, UPDATE_CONTRACT, DELETE_COMPANY, IS_ACTIVE_AT_ASSIGNMENT, DELETE_DENTIST, READ_ASSIGNMENT, POST_INVOICE, REVOKE_ALL_ASSIGNMENT, CREATE_JOURNAL_ENTRY, CREATE_ADMINISTRATIVE_REPORT, UPDATE_ASSIGNMENT, READ_SHIFT, POST_JOURNAL_ENTRY, CREATE_GUARDIAN, ROLE_ADMINISTRATOR, CREATE_TEMPORARY_ASSIGNMENT, READ_PAYMENT, CREATE_RATE, EXTEND_ASSIGNMENT_ASSIGNMENT, READ_INVOICE, REACTIVATE_USER_IDENTITY, UPDATE_APPOINTMENT, UPDATE_RATE, DELETE_JOURNAL_ENTRY, CREATE_SHIFT, READ_JOURNAL_ENTRY, MARK_DELETED_ROLE_ROLE, CREATE_INVOICE, UPDATE_SHIFT, SUSPEND_ROLE_ROLE, UPDATE_PATIENT, UPDATE_PROVIDED_SERVICE, SUSPEND_USER_IDENTITY]]
2026-03-22 22:05:43 TRACE [http-nio-8080-exec-9] o.s.s.w.a.s.CompositeSessionAuthenticationStrategy - Preparing session with ChangeSessionIdAuthenticationStrategy (1/1)
2026-03-22 22:05:43 DEBUG [http-nio-8080-exec-9] o.s.security.web.FilterChainProxy - Secured PATCH /api/v1/users/2
2026-03-22 22:05:43 DEBUG [http-nio-8080-exec-9] o.s.web.servlet.DispatcherServlet - PATCH "/api/v1/users/2", parameters={}
2026-03-22 22:05:43 WARN  [http-nio-8080-exec-9] o.s.w.s.m.s.DefaultHandlerExceptionResolver - Resolved [org.springframework.web.HttpRequestMethodNotSupportedException: Request method 'PATCH' is not supported]
2026-03-22 22:05:43 DEBUG [http-nio-8080-exec-9] o.s.web.servlet.DispatcherServlet - Completed 405 METHOD_NOT_ALLOWED
2026-03-22 22:05:43 DEBUG [http-nio-8080-exec-9] o.s.security.web.FilterChainProxy - Securing PATCH /error
2026-03-22 22:05:43 TRACE [http-nio-8080-exec-9] o.s.s.w.a.logout.LogoutFilter - Did not match request to Or [Ant [pattern='/logout', GET], Ant [pattern='/logout', POST], Ant [pattern='/logout', PUT], Ant [pattern='/logout', DELETE]]
2026-03-22 22:05:43 TRACE [http-nio-8080-exec-9] o.s.s.w.a.AnonymousAuthenticationFilter - Set SecurityContextHolder to AnonymousAuthenticationToken [Principal=anonymousUser, Credentials=[PROTECTED], Authenticated=true, Details=WebAuthenticationDetails [RemoteIpAddress=0:0:0:0:0:0:0:1, SessionId=null], Granted Authorities=[ROLE_ANONYMOUS]]
2026-03-22 22:05:43 DEBUG [http-nio-8080-exec-9] o.s.s.w.a.Http403ForbiddenEntryPoint - Pre-authenticated entry point called. Rejecting access
2026-03-22 22:05:57 DEBUG [http-nio-8080-exec-1] o.s.security.web.FilterChainProxy - Securing PUT /api/v1/users/2
2026-03-22 22:05:57 TRACE [http-nio-8080-exec-1] o.s.s.w.a.logout.LogoutFilter - Did not match request to Or [Ant [pattern='/logout', GET], Ant [pattern='/logout', POST], Ant [pattern='/logout', PUT], Ant [pattern='/logout', DELETE]]
2026-03-22 22:05:57 TRACE [http-nio-8080-exec-1] o.s.s.w.a.AnonymousAuthenticationFilter - Did not set SecurityContextHolder since already authenticated UsernamePasswordAuthenticationToken [Principal=com.example.ClinicaDefinitiva.infrastructure.security.adapter.CustomUserDetails@4d67dc1b, Credentials=[PROTECTED], Authenticated=true, Details=null, Granted Authorities=[UPDATE_COMPANY, UPDATE_INVOICE, CREATE_ASSIGNMENT, UPDATE_GUARDIAN, CLONE_ROLE_ROLE, CANCEL_APPOINTMENT, UPDATE_JOURNAL_ENTRY, REVERSE_JOURNAL_ENTRY, CREATE_CONTRACT, DELETE_APPOINTMENT, RESCHEDULE_APPOINTMENT, SET_PERMISSIONS_ROLE, CREATE_PATIENT, READ_USER_IDENTITY, IS_CURRENTLY_ACTIVE_ASSIGNMENT, READ_RATE, ACTIVATE_ROLE_ROLE, DELETE_ROLE_ROLE, READ_APPOINTMENT, READ_DENTIST, CREATE_COMPANY, VIEW_ROLE_ROLE, SCHEDULE_APPOINTMENT, ROLE_RECEPTIONIST, DELETE_INVOICE, CREATE_CUSTOM_ROLE_ROLE, UPDATE_PAYMENT, CREATE_DENTIST, CHECK_PERMISSION_ROLE, READ_PATIENT, READ_ADMINISTRATIVE_REPORT, CREATE_APPOINTMENT, VIEW_ASSIGNMENT_ASSIGNMENT, READ_CONTRACT, DELETE_ADMINISTRATIVE_REPORT, DEACTIVATE_USER_IDENTITY, REVERSE_INVOICE, DEACTIVATE_ROLE_ROLE, APPROVE_INVOICE, READ_PROVIDED_SERVICE, REVOKE_ASSIGNMENT, READ_AVAILABILITY, READ_RECEPTIONIST, DELETE_RATE, UPDATE_PRIMARY_ASSIGNMENT, UPDATE_DENTIST, CREATE_USER_IDENTITY, DELETE_CONTRACT, DELETE_PAYMENT, DELETE_ASSIGNMENT, READ_COMPANY, UPDATE_ADMINISTRATIVE_REPORT, REMOVE_PERMISSION_ROLE, CREATE_PAYMENT, UPDATE_USER_IDENTITY, ADD_PERMISSION_ROLE, READ_GUARDIAN, UPDATE_CONTRACT, DELETE_COMPANY, IS_ACTIVE_AT_ASSIGNMENT, DELETE_DENTIST, READ_ASSIGNMENT, POST_INVOICE, REVOKE_ALL_ASSIGNMENT, CREATE_JOURNAL_ENTRY, CREATE_ADMINISTRATIVE_REPORT, UPDATE_ASSIGNMENT, READ_SHIFT, POST_JOURNAL_ENTRY, CREATE_GUARDIAN, ROLE_ADMINISTRATOR, CREATE_TEMPORARY_ASSIGNMENT, READ_PAYMENT, CREATE_RATE, EXTEND_ASSIGNMENT_ASSIGNMENT, READ_INVOICE, REACTIVATE_USER_IDENTITY, UPDATE_APPOINTMENT, UPDATE_RATE, DELETE_JOURNAL_ENTRY, CREATE_SHIFT, READ_JOURNAL_ENTRY, MARK_DELETED_ROLE_ROLE, CREATE_INVOICE, UPDATE_SHIFT, SUSPEND_ROLE_ROLE, UPDATE_PATIENT, UPDATE_PROVIDED_SERVICE, SUSPEND_USER_IDENTITY]]
2026-03-22 22:05:57 TRACE [http-nio-8080-exec-1] o.s.s.w.a.s.CompositeSessionAuthenticationStrategy - Preparing session with ChangeSessionIdAuthenticationStrategy (1/1)
2026-03-22 22:05:57 DEBUG [http-nio-8080-exec-1] o.s.security.web.FilterChainProxy - Secured PUT /api/v1/users/2
2026-03-22 22:05:57 DEBUG [http-nio-8080-exec-1] o.s.web.servlet.DispatcherServlet - PUT "/api/v1/users/2", parameters={}
2026-03-22 22:05:57 DEBUG [http-nio-8080-exec-1] o.s.w.s.m.m.a.RequestMappingHandlerMapping - Mapped to com.example.ClinicaDefinitiva.infrastructure.rest.controller.authentication.UserIdentityController#update(Long, UpdateUserIdentityRequest, CustomUserDetails)
2026-03-22 22:05:57 DEBUG [http-nio-8080-exec-1] o.s.w.s.m.m.a.RequestResponseBodyMethodProcessor - Read "application/json;charset=UTF-8" to [UpdateUserIdentityRequest[email=PERICO742073890123@gmail.com, name=tuci, verified=true, status=ACTIV (truncated)...]
2026-03-22 22:05:57 DEBUG [http-nio-8080-exec-1] o.s.w.s.m.m.a.HttpEntityMethodProcessor - Using 'application/json', given [*/*] and supported [application/json, application/*+json]
2026-03-22 22:05:57 DEBUG [http-nio-8080-exec-1] o.s.w.s.m.m.a.HttpEntityMethodProcessor - Writing [ReadUserIdentityResponse[id=2, email=admin1742073890123@gmail.com, name=Admin User 1742073890123, cr (truncated)...]
2026-03-22 22:05:57 DEBUG [http-nio-8080-exec-1] o.s.web.servlet.DispatcherServlet - Completed 200 OK
2026-03-22 22:10:37 DEBUG [http-nio-8080-exec-5] o.s.security.web.FilterChainProxy - Securing PUT /api/v1/users/2
2026-03-22 22:10:37 TRACE [http-nio-8080-exec-5] o.s.s.w.a.logout.LogoutFilter - Did not match request to Or [Ant [pattern='/logout', GET], Ant [pattern='/logout', POST], Ant [pattern='/logout', PUT], Ant [pattern='/logout', DELETE]]
2026-03-22 22:10:38 TRACE [http-nio-8080-exec-5] o.s.s.w.a.AnonymousAuthenticationFilter - Did not set SecurityContextHolder since already authenticated UsernamePasswordAuthenticationToken [Principal=com.example.ClinicaDefinitiva.infrastructure.security.adapter.CustomUserDetails@7dbe2e26, Credentials=[PROTECTED], Authenticated=true, Details=null, Granted Authorities=[UPDATE_COMPANY, UPDATE_INVOICE, CREATE_ASSIGNMENT, UPDATE_GUARDIAN, CLONE_ROLE_ROLE, CANCEL_APPOINTMENT, UPDATE_JOURNAL_ENTRY, REVERSE_JOURNAL_ENTRY, CREATE_CONTRACT, DELETE_APPOINTMENT, RESCHEDULE_APPOINTMENT, SET_PERMISSIONS_ROLE, CREATE_PATIENT, READ_USER_IDENTITY, IS_CURRENTLY_ACTIVE_ASSIGNMENT, READ_RATE, ACTIVATE_ROLE_ROLE, DELETE_ROLE_ROLE, READ_APPOINTMENT, READ_DENTIST, CREATE_COMPANY, VIEW_ROLE_ROLE, SCHEDULE_APPOINTMENT, ROLE_RECEPTIONIST, DELETE_INVOICE, CREATE_CUSTOM_ROLE_ROLE, UPDATE_PAYMENT, CREATE_DENTIST, CHECK_PERMISSION_ROLE, READ_PATIENT, READ_ADMINISTRATIVE_REPORT, CREATE_APPOINTMENT, VIEW_ASSIGNMENT_ASSIGNMENT, READ_CONTRACT, DELETE_ADMINISTRATIVE_REPORT, DEACTIVATE_USER_IDENTITY, REVERSE_INVOICE, DEACTIVATE_ROLE_ROLE, APPROVE_INVOICE, READ_PROVIDED_SERVICE, REVOKE_ASSIGNMENT, READ_AVAILABILITY, READ_RECEPTIONIST, DELETE_RATE, UPDATE_PRIMARY_ASSIGNMENT, UPDATE_DENTIST, CREATE_USER_IDENTITY, DELETE_CONTRACT, DELETE_PAYMENT, DELETE_ASSIGNMENT, READ_COMPANY, UPDATE_ADMINISTRATIVE_REPORT, REMOVE_PERMISSION_ROLE, CREATE_PAYMENT, UPDATE_USER_IDENTITY, ADD_PERMISSION_ROLE, READ_GUARDIAN, UPDATE_CONTRACT, DELETE_COMPANY, IS_ACTIVE_AT_ASSIGNMENT, DELETE_DENTIST, READ_ASSIGNMENT, POST_INVOICE, REVOKE_ALL_ASSIGNMENT, CREATE_JOURNAL_ENTRY, CREATE_ADMINISTRATIVE_REPORT, UPDATE_ASSIGNMENT, READ_SHIFT, POST_JOURNAL_ENTRY, CREATE_GUARDIAN, ROLE_ADMINISTRATOR, CREATE_TEMPORARY_ASSIGNMENT, READ_PAYMENT, CREATE_RATE, EXTEND_ASSIGNMENT_ASSIGNMENT, READ_INVOICE, REACTIVATE_USER_IDENTITY, UPDATE_APPOINTMENT, UPDATE_RATE, DELETE_JOURNAL_ENTRY, CREATE_SHIFT, READ_JOURNAL_ENTRY, MARK_DELETED_ROLE_ROLE, CREATE_INVOICE, UPDATE_SHIFT, SUSPEND_ROLE_ROLE, UPDATE_PATIENT, UPDATE_PROVIDED_SERVICE, SUSPEND_USER_IDENTITY]]
2026-03-22 22:10:38 TRACE [http-nio-8080-exec-5] o.s.s.w.a.s.CompositeSessionAuthenticationStrategy - Preparing session with ChangeSessionIdAuthenticationStrategy (1/1)
2026-03-22 22:10:38 DEBUG [http-nio-8080-exec-5] o.s.security.web.FilterChainProxy - Secured PUT /api/v1/users/2
2026-03-22 22:10:38 DEBUG [http-nio-8080-exec-5] o.s.web.servlet.DispatcherServlet - PUT "/api/v1/users/2", parameters={}
2026-03-22 22:10:38 DEBUG [http-nio-8080-exec-5] o.s.w.s.m.m.a.RequestMappingHandlerMapping - Mapped to com.example.ClinicaDefinitiva.infrastructure.rest.controller.authentication.UserIdentityController#update(Long, UpdateUserIdentityRequest, CustomUserDetails)
2026-03-22 22:10:38 DEBUG [http-nio-8080-exec-5] o.s.w.s.m.m.a.RequestResponseBodyMethodProcessor - Read "application/json;charset=UTF-8" to [UpdateUserIdentityRequest[email=PERICO742073890123@gmail.com, name=tuci, verified=true, status=ACTIV (truncated)...]
2026-03-22 22:10:38 DEBUG [http-nio-8080-exec-5] o.s.w.s.m.m.a.HttpEntityMethodProcessor - Using 'application/json', given [*/*] and supported [application/json, application/*+json]
2026-03-22 22:10:38 DEBUG [http-nio-8080-exec-5] o.s.w.s.m.m.a.HttpEntityMethodProcessor - Writing [ReadUserIdentityResponse[id=2, email=admin1742073890123@gmail.com, name=Admin User 1742073890123, cr (truncated)...]
2026-03-22 22:10:38 DEBUG [http-nio-8080-exec-5] o.s.web.servlet.DispatcherServlet - Completed 200 OK
2026-03-22 23:22:00 INFO  [background-preinit] o.h.validator.internal.util.Version - HV000001: Hibernate Validator 8.0.2.Final
2026-03-22 23:22:00 DEBUG [background-preinit] o.h.v.i.x.config.ValidationXmlParser - Trying to load META-INF/validation.xml for XML based Validator configuration.
2026-03-22 23:22:00 DEBUG [background-preinit] o.h.v.i.x.c.ResourceLoaderHelper - Trying to load META-INF/validation.xml via TCCL
2026-03-22 23:22:00 DEBUG [background-preinit] o.h.v.i.x.c.ResourceLoaderHelper - Trying to load META-INF/validation.xml via Hibernate Validator's class loader
2026-03-22 23:22:00 DEBUG [background-preinit] o.h.v.i.x.config.ValidationXmlParser - No META-INF/validation.xml found. Using annotation based configuration only.
2026-03-22 23:22:00 DEBUG [background-preinit] o.h.v.i.e.r.TraversableResolvers - Found jakarta.persistence.Persistence on classpath containing 'getPersistenceUtil'. Assuming JPA 2 environment. Trying to instantiate JPA aware TraversableResolver
2026-03-22 23:22:00 DEBUG [background-preinit] o.h.v.i.e.r.TraversableResolvers - Instantiated JPA aware TraversableResolver of type org.hibernate.validator.internal.engine.resolver.JPATraversableResolver.
2026-03-22 23:22:00 DEBUG [background-preinit] o.h.v.m.ResourceBundleMessageInterpolator - Loaded expression factory via original TCCL
2026-03-22 23:22:00 INFO  [main] c.e.C.ClinicaDefinitivaApplication - Starting ClinicaDefinitivaApplication using Java 17.0.10 with PID 14768 (C:\Users\David\OneDrive\Documents\proyectosJava\ClinicaDefinitiva\target\classes started by David in C:\Users\David\OneDrive\Documents\proyectosJava\ClinicaDefinitiva)
2026-03-22 23:22:00 INFO  [main] c.e.C.ClinicaDefinitivaApplication - No active profile set, falling back to 1 default profile: "default"
2026-03-22 23:22:01 DEBUG [background-preinit] o.h.v.i.e.ValidatorFactoryConfigurationHelper - HV000252: Using org.hibernate.validator.internal.engine.DefaultPropertyNodeNameProvider as property node name provider.
2026-03-22 23:22:01 DEBUG [background-preinit] o.h.v.i.e.ValidatorFactoryConfigurationHelper - HV000234: Using org.hibernate.validator.messageinterpolation.ResourceBundleMessageInterpolator as ValidatorFactory-scoped message interpolator.
2026-03-22 23:22:01 DEBUG [background-preinit] o.h.v.i.e.ValidatorFactoryConfigurationHelper - HV000234: Using org.hibernate.validator.internal.engine.resolver.JPATraversableResolver as ValidatorFactory-scoped traversable resolver.
2026-03-22 23:22:01 DEBUG [background-preinit] o.h.v.i.e.ValidatorFactoryConfigurationHelper - HV000234: Using org.hibernate.validator.internal.util.ExecutableParameterNameProvider as ValidatorFactory-scoped parameter name provider.
2026-03-22 23:22:01 DEBUG [background-preinit] o.h.v.i.e.ValidatorFactoryConfigurationHelper - HV000234: Using org.hibernate.validator.internal.engine.DefaultClockProvider as ValidatorFactory-scoped clock provider.
2026-03-22 23:22:01 DEBUG [background-preinit] o.h.v.i.e.ValidatorFactoryConfigurationHelper - HV000234: Using org.hibernate.validator.internal.engine.scripting.DefaultScriptEvaluatorFactory as ValidatorFactory-scoped script evaluator factory.
2026-03-22 23:22:08 INFO  [main] o.s.d.r.c.RepositoryConfigurationDelegate - Bootstrapping Spring Data JPA repositories in DEFAULT mode.
2026-03-22 23:22:11 INFO  [main] o.s.d.r.c.RepositoryConfigurationDelegate - Finished Spring Data repository scanning in 2954 ms. Found 21 JPA repository interfaces.
2026-03-22 23:22:17 INFO  [main] o.s.b.w.e.tomcat.TomcatWebServer - Tomcat initialized with port 8080 (http)
2026-03-22 23:22:18 INFO  [main] o.a.coyote.http11.Http11NioProtocol - Initializing ProtocolHandler ["http-nio-8080"]
2026-03-22 23:22:18 INFO  [main] o.a.catalina.core.StandardService - Starting service [Tomcat]
2026-03-22 23:22:18 INFO  [main] o.a.catalina.core.StandardEngine - Starting Servlet engine: [Apache Tomcat/10.1.41]
2026-03-22 23:22:18 INFO  [main] o.a.c.c.C.[Tomcat].[localhost].[/] - Initializing Spring embedded WebApplicationContext
2026-03-22 23:22:18 INFO  [main] o.s.b.w.s.c.ServletWebServerApplicationContext - Root WebApplicationContext: initialization completed in 17333 ms
2026-03-22 23:22:19 DEBUG [main] o.s.w.f.ServerHttpObservationFilter - Filter 'webMvcObservationFilter' configured for use
2026-03-22 23:22:22 INFO  [main] o.h.jpa.internal.util.LogHelper - HHH000204: Processing PersistenceUnitInfo [name: default]
2026-03-22 23:22:22 INFO  [main] org.hibernate.Version - HHH000412: Hibernate ORM core version 6.6.15.Final
2026-03-22 23:22:22 INFO  [main] o.h.c.i.RegionFactoryInitiator - HHH000026: Second-level cache disabled
2026-03-22 23:22:24 INFO  [main] o.s.o.j.p.SpringPersistenceUnitInfo - No LoadTimeWeaver setup: ignoring JPA class transformer
2026-03-22 23:22:24 INFO  [main] com.zaxxer.hikari.HikariDataSource - HikariPool-1 - Starting...
2026-03-22 23:22:25 INFO  [main] com.zaxxer.hikari.pool.HikariPool - HikariPool-1 - Added connection com.mysql.cj.jdbc.ConnectionImpl@62d6ac
2026-03-22 23:22:25 INFO  [main] com.zaxxer.hikari.HikariDataSource - HikariPool-1 - Start completed.
2026-03-22 23:22:25 WARN  [main] org.hibernate.dialect.Dialect - HHH000511: The 5.5.5 version for [org.hibernate.dialect.MySQLDialect] is no longer supported, hence certain features may not work properly. The minimum supported version is 8.0.0. Check the community dialects project for available legacy versions.
2026-03-22 23:22:25 WARN  [main] org.hibernate.orm.deprecation - HHH90000025: MySQLDialect does not need to be specified explicitly using 'hibernate.dialect' (remove the property setting and it will be selected by default)
2026-03-22 23:22:25 INFO  [main] o.hibernate.orm.connections.pooling - HHH10001005: Database info:
	Database JDBC URL [Connecting through datasource 'HikariDataSource (HikariPool-1)']
	Database driver: undefined/unknown
	Database version: 5.5.5
	Autocommit mode: undefined/unknown
	Isolation level: undefined/unknown
	Minimum pool size: undefined/unknown
	Maximum pool size: undefined/unknown
2026-03-22 23:22:28 DEBUG [main] o.h.v.i.x.config.ValidationXmlParser - Trying to load META-INF/validation.xml for XML based Validator configuration.
2026-03-22 23:22:28 DEBUG [main] o.h.v.i.x.c.ResourceLoaderHelper - Trying to load META-INF/validation.xml via TCCL
2026-03-22 23:22:28 DEBUG [main] o.h.v.i.x.c.ResourceLoaderHelper - Trying to load META-INF/validation.xml via Hibernate Validator's class loader
2026-03-22 23:22:28 DEBUG [main] o.h.v.i.x.config.ValidationXmlParser - No META-INF/validation.xml found. Using annotation based configuration only.
2026-03-22 23:22:28 DEBUG [main] o.h.v.i.e.r.TraversableResolvers - Found jakarta.persistence.Persistence on classpath containing 'getPersistenceUtil'. Assuming JPA 2 environment. Trying to instantiate JPA aware TraversableResolver
2026-03-22 23:22:28 DEBUG [main] o.h.v.i.e.r.TraversableResolvers - Instantiated JPA aware TraversableResolver of type org.hibernate.validator.internal.engine.resolver.JPATraversableResolver.
2026-03-22 23:22:28 DEBUG [main] o.h.v.m.ResourceBundleMessageInterpolator - Loaded expression factory via original TCCL
2026-03-22 23:22:28 DEBUG [main] o.h.v.i.e.ValidatorFactoryConfigurationHelper - HV000252: Using org.hibernate.validator.internal.engine.DefaultPropertyNodeNameProvider as property node name provider.
2026-03-22 23:22:28 DEBUG [main] o.h.v.i.e.ValidatorFactoryConfigurationHelper - HV000234: Using org.hibernate.validator.messageinterpolation.ResourceBundleMessageInterpolator as ValidatorFactory-scoped message interpolator.
2026-03-22 23:22:28 DEBUG [main] o.h.v.i.e.ValidatorFactoryConfigurationHelper - HV000234: Using org.hibernate.validator.internal.engine.resolver.JPATraversableResolver as ValidatorFactory-scoped traversable resolver.
2026-03-22 23:22:28 DEBUG [main] o.h.v.i.e.ValidatorFactoryConfigurationHelper - HV000234: Using org.hibernate.validator.internal.util.ExecutableParameterNameProvider as ValidatorFactory-scoped parameter name provider.
2026-03-22 23:22:28 DEBUG [main] o.h.v.i.e.ValidatorFactoryConfigurationHelper - HV000234: Using org.hibernate.validator.internal.engine.DefaultClockProvider as ValidatorFactory-scoped clock provider.
2026-03-22 23:22:28 DEBUG [main] o.h.v.i.e.ValidatorFactoryConfigurationHelper - HV000234: Using org.hibernate.validator.internal.engine.scripting.DefaultScriptEvaluatorFactory as ValidatorFactory-scoped script evaluator factory.
2026-03-22 23:22:33 INFO  [main] o.h.e.t.j.p.i.JtaPlatformInitiator - HHH000489: No JTA platform available (set 'hibernate.transaction.jta.platform' to enable JTA platform integration)
2026-03-22 23:22:35 INFO  [main] o.s.o.j.LocalContainerEntityManagerFactoryBean - Initialized JPA EntityManagerFactory for persistence unit 'default'
2026-03-22 23:22:37 INFO  [main] o.s.d.j.r.query.QueryEnhancerFactory - Hibernate is in classpath; If applicable, HQL parser will be used.
2026-03-22 23:22:50 INFO  [main] c.e.C.i.p.s.StripePaymentGateway - ? Stripe payment gateway initialized
2026-03-22 23:22:50 INFO  [main] c.e.C.i.p.s.StripePaymentGateway - ? Stripe payment gateway initialized
2026-03-22 23:22:52 INFO  [main] o.s.s.c.a.a.c.InitializeAuthenticationProviderBeanManagerConfigurer$InitializeAuthenticationProviderManagerConfigurer - Global AuthenticationManager configured with AuthenticationProvider bean with name authenticationProvider
2026-03-22 23:22:52 WARN  [main] o.s.s.c.a.a.c.InitializeUserDetailsBeanManagerConfigurer$InitializeUserDetailsManagerConfigurer - Global AuthenticationManager configured with an AuthenticationProvider bean. UserDetailsService beans will not be used by Spring Security for automatically configuring username/password login. Consider removing the AuthenticationProvider bean. Alternatively, consider using the UserDetailsService in a manually instantiated DaoAuthenticationProvider. If the current configuration is intentional, to turn off this warning, increase the logging level of 'org.springframework.security.config.annotation.authentication.configuration.InitializeUserDetailsBeanManagerConfigurer' to ERROR
2026-03-22 23:22:52 INFO  [main] c.e.C.i.p.s.StripePaymentGateway - ? Stripe payment gateway initialized
2026-03-22 23:22:52 WARN  [main] o.s.b.a.o.j.JpaBaseConfiguration$JpaWebConfiguration - spring.jpa.open-in-view is enabled by default. Therefore, database queries may be performed during view rendering. Explicitly configure spring.jpa.open-in-view to disable this warning
2026-03-22 23:22:53 DEBUG [main] o.s.w.s.m.m.a.RequestMappingHandlerMapping - 193 mappings in 'requestMappingHandlerMapping'
2026-03-22 23:22:53 DEBUG [main] o.s.w.s.h.SimpleUrlHandlerMapping - Patterns [/webjars/**, /**] in 'resourceHandlerMapping'
2026-03-22 23:22:53 INFO  [main] o.s.b.a.e.web.EndpointLinksResolver - Exposing 1 endpoint beneath base path '/actuator'
2026-03-22 23:22:54 DEBUG [main] o.s.s.web.DefaultSecurityFilterChain - Will secure any request with filters: DisableEncodeUrlFilter, WebAsyncManagerIntegrationFilter, SecurityContextHolderFilter, HeaderWriterFilter, LogoutFilter, JwtAuthenticationFilter, RequestCacheAwareFilter, SecurityContextHolderAwareRequestFilter, AnonymousAuthenticationFilter, SessionManagementFilter, ExceptionTranslationFilter, AuthorizationFilter
2026-03-22 23:22:55 DEBUG [main] o.h.v.m.ResourceBundleMessageInterpolator - Loaded expression factory via original TCCL
2026-03-22 23:22:55 DEBUG [main] o.h.v.i.e.AbstractConfigurationImpl - Setting custom MessageInterpolator of type org.springframework.validation.beanvalidation.LocaleContextMessageInterpolator
2026-03-22 23:22:55 DEBUG [main] o.h.v.i.e.AbstractConfigurationImpl - Setting custom ConstraintValidatorFactory of type org.springframework.validation.beanvalidation.SpringConstraintValidatorFactory
2026-03-22 23:22:55 DEBUG [main] o.h.v.i.x.config.ValidationXmlParser - Trying to load META-INF/validation.xml for XML based Validator configuration.
2026-03-22 23:22:55 DEBUG [main] o.h.v.i.x.c.ResourceLoaderHelper - Trying to load META-INF/validation.xml via user class loader
2026-03-22 23:22:55 DEBUG [main] o.h.v.i.x.c.ResourceLoaderHelper - Trying to load META-INF/validation.xml via TCCL
2026-03-22 23:22:55 DEBUG [main] o.h.v.i.x.c.ResourceLoaderHelper - Trying to load META-INF/validation.xml via Hibernate Validator's class loader
2026-03-22 23:22:55 DEBUG [main] o.h.v.i.x.config.ValidationXmlParser - No META-INF/validation.xml found. Using annotation based configuration only.
2026-03-22 23:22:55 DEBUG [main] o.h.v.i.e.r.TraversableResolvers - Found jakarta.persistence.Persistence on classpath containing 'getPersistenceUtil'. Assuming JPA 2 environment. Trying to instantiate JPA aware TraversableResolver
2026-03-22 23:22:55 DEBUG [main] o.h.v.i.e.r.TraversableResolvers - Instantiated JPA aware TraversableResolver of type org.hibernate.validator.internal.engine.resolver.JPATraversableResolver.
2026-03-22 23:22:55 DEBUG [main] o.h.v.i.e.ValidatorFactoryConfigurationHelper - HV000252: Using org.hibernate.validator.internal.engine.DefaultPropertyNodeNameProvider as property node name provider.
2026-03-22 23:22:55 DEBUG [main] o.h.v.i.e.ValidatorFactoryConfigurationHelper - HV000234: Using org.springframework.validation.beanvalidation.LocaleContextMessageInterpolator as ValidatorFactory-scoped message interpolator.
2026-03-22 23:22:55 DEBUG [main] o.h.v.i.e.ValidatorFactoryConfigurationHelper - HV000234: Using org.hibernate.validator.internal.engine.resolver.JPATraversableResolver as ValidatorFactory-scoped traversable resolver.
2026-03-22 23:22:55 DEBUG [main] o.h.v.i.e.ValidatorFactoryConfigurationHelper - HV000234: Using org.hibernate.validator.internal.util.ExecutableParameterNameProvider as ValidatorFactory-scoped parameter name provider.
2026-03-22 23:22:55 DEBUG [main] o.h.v.i.e.ValidatorFactoryConfigurationHelper - HV000234: Using org.hibernate.validator.internal.engine.DefaultClockProvider as ValidatorFactory-scoped clock provider.
2026-03-22 23:22:55 DEBUG [main] o.h.v.i.e.ValidatorFactoryConfigurationHelper - HV000234: Using org.hibernate.validator.internal.engine.scripting.DefaultScriptEvaluatorFactory as ValidatorFactory-scoped script evaluator factory.
2026-03-22 23:22:55 DEBUG [main] o.s.w.s.m.m.a.RequestMappingHandlerAdapter - ControllerAdvice beans: 0 @ModelAttribute, 0 @InitBinder, 1 RequestBodyAdvice, 1 ResponseBodyAdvice
2026-03-22 23:22:55 DEBUG [main] o.s.w.s.m.m.a.ExceptionHandlerExceptionResolver - ControllerAdvice beans: 0 @ExceptionHandler, 1 ResponseBodyAdvice
2026-03-22 23:22:56 INFO  [main] o.a.coyote.http11.Http11NioProtocol - Starting ProtocolHandler ["http-nio-8080"]
2026-03-22 23:22:56 INFO  [main] o.s.b.w.e.tomcat.TomcatWebServer - Tomcat started on port 8080 (http) with context path '/'
2026-03-22 23:22:56 INFO  [main] c.e.C.ClinicaDefinitivaApplication - Started ClinicaDefinitivaApplication in 58.514 seconds (process running for 60.341)
2026-03-22 23:22:56 INFO  [main] c.e.C.ClinicaDefinitivaApplication - Logger funciona correctamente
2026-03-22 23:23:15 INFO  [http-nio-8080-exec-3] o.a.c.c.C.[Tomcat].[localhost].[/] - Initializing Spring DispatcherServlet 'dispatcherServlet'
2026-03-22 23:23:15 INFO  [http-nio-8080-exec-3] o.s.web.servlet.DispatcherServlet - Initializing Servlet 'dispatcherServlet'
2026-03-22 23:23:15 DEBUG [http-nio-8080-exec-3] o.s.web.servlet.DispatcherServlet - Detected StandardServletMultipartResolver
2026-03-22 23:23:15 DEBUG [http-nio-8080-exec-3] o.s.web.servlet.DispatcherServlet - Detected AcceptHeaderLocaleResolver
2026-03-22 23:23:15 DEBUG [http-nio-8080-exec-3] o.s.web.servlet.DispatcherServlet - Detected FixedThemeResolver
2026-03-22 23:23:15 DEBUG [http-nio-8080-exec-3] o.s.web.servlet.DispatcherServlet - Detected org.springframework.web.servlet.view.DefaultRequestToViewNameTranslator@a278841
2026-03-22 23:23:15 DEBUG [http-nio-8080-exec-3] o.s.web.servlet.DispatcherServlet - Detected org.springframework.web.servlet.support.SessionFlashMapManager@437fe629
2026-03-22 23:23:15 DEBUG [http-nio-8080-exec-3] o.s.web.servlet.DispatcherServlet - enableLoggingRequestDetails='false': request parameters and headers will be masked to prevent unsafe logging of potentially sensitive data
2026-03-22 23:23:15 INFO  [http-nio-8080-exec-3] o.s.web.servlet.DispatcherServlet - Completed initialization in 12 ms
2026-03-22 23:23:15 DEBUG [http-nio-8080-exec-3] o.s.security.web.FilterChainProxy - Securing POST /api/v1/auth/login
2026-03-22 23:23:15 TRACE [http-nio-8080-exec-3] o.s.s.w.a.logout.LogoutFilter - Did not match request to Or [Ant [pattern='/logout', GET], Ant [pattern='/logout', POST], Ant [pattern='/logout', PUT], Ant [pattern='/logout', DELETE]]
2026-03-22 23:23:15 TRACE [http-nio-8080-exec-3] o.s.s.w.a.AnonymousAuthenticationFilter - Set SecurityContextHolder to AnonymousAuthenticationToken [Principal=anonymousUser, Credentials=[PROTECTED], Authenticated=true, Details=WebAuthenticationDetails [RemoteIpAddress=0:0:0:0:0:0:0:1, SessionId=null], Granted Authorities=[ROLE_ANONYMOUS]]
2026-03-22 23:23:15 DEBUG [http-nio-8080-exec-3] o.s.security.web.FilterChainProxy - Secured POST /api/v1/auth/login
2026-03-22 23:23:15 DEBUG [http-nio-8080-exec-3] o.s.web.servlet.DispatcherServlet - POST "/api/v1/auth/login", parameters={}
2026-03-22 23:23:15 DEBUG [http-nio-8080-exec-3] o.s.w.s.m.m.a.RequestMappingHandlerMapping - Mapped to com.example.ClinicaDefinitiva.infrastructure.rest.controller.auth.AuthController#login(LoginRequest)
2026-03-22 23:23:16 DEBUG [http-nio-8080-exec-3] o.s.w.s.m.m.a.RequestResponseBodyMethodProcessor - Read "application/json;charset=UTF-8" to [LoginRequest[email=admin@test.com, password=admin123]]
2026-03-22 23:23:17 DEBUG [http-nio-8080-exec-3] o.s.s.a.d.DaoAuthenticationProvider - Authenticated user
2026-03-22 23:23:18 DEBUG [http-nio-8080-exec-3] o.s.w.s.m.m.a.HttpEntityMethodProcessor - Using 'application/json', given [*/*] and supported [application/json, application/*+json]
2026-03-22 23:23:18 DEBUG [http-nio-8080-exec-3] o.s.w.s.m.m.a.HttpEntityMethodProcessor - Writing [{token=eyJhbGciOiJIUzI1NiJ9.eyJzdWIiOiJhZG1pbkB0ZXN0LmNvbSIsInJvbGVzIjpbIlJPTEVfVVNFUiJdLCJpYXQiOjE3 (truncated)...]
2026-03-22 23:23:18 DEBUG [http-nio-8080-exec-3] o.s.web.servlet.DispatcherServlet - Completed 200 OK
2026-03-22 23:23:46 DEBUG [http-nio-8080-exec-2] o.s.security.web.FilterChainProxy - Securing PUT /api/v1/users/2
2026-03-22 23:23:46 TRACE [http-nio-8080-exec-2] o.s.s.w.a.logout.LogoutFilter - Did not match request to Or [Ant [pattern='/logout', GET], Ant [pattern='/logout', POST], Ant [pattern='/logout', PUT], Ant [pattern='/logout', DELETE]]
2026-03-22 23:23:46 TRACE [http-nio-8080-exec-2] o.s.s.w.a.AnonymousAuthenticationFilter - Did not set SecurityContextHolder since already authenticated UsernamePasswordAuthenticationToken [Principal=com.example.ClinicaDefinitiva.infrastructure.security.adapter.CustomUserDetails@2e5da0c7, Credentials=[PROTECTED], Authenticated=true, Details=null, Granted Authorities=[UPDATE_COMPANY, UPDATE_INVOICE, CREATE_ASSIGNMENT, UPDATE_GUARDIAN, CLONE_ROLE_ROLE, CANCEL_APPOINTMENT, UPDATE_JOURNAL_ENTRY, REVERSE_JOURNAL_ENTRY, CREATE_CONTRACT, DELETE_APPOINTMENT, RESCHEDULE_APPOINTMENT, SET_PERMISSIONS_ROLE, CREATE_PATIENT, READ_USER_IDENTITY, IS_CURRENTLY_ACTIVE_ASSIGNMENT, READ_RATE, ACTIVATE_ROLE_ROLE, DELETE_ROLE_ROLE, READ_APPOINTMENT, READ_DENTIST, CREATE_COMPANY, VIEW_ROLE_ROLE, SCHEDULE_APPOINTMENT, ROLE_RECEPTIONIST, DELETE_INVOICE, CREATE_CUSTOM_ROLE_ROLE, UPDATE_PAYMENT, CREATE_DENTIST, CHECK_PERMISSION_ROLE, READ_PATIENT, READ_ADMINISTRATIVE_REPORT, CREATE_APPOINTMENT, VIEW_ASSIGNMENT_ASSIGNMENT, READ_CONTRACT, DELETE_ADMINISTRATIVE_REPORT, DEACTIVATE_USER_IDENTITY, REVERSE_INVOICE, DEACTIVATE_ROLE_ROLE, APPROVE_INVOICE, READ_PROVIDED_SERVICE, REVOKE_ASSIGNMENT, READ_AVAILABILITY, READ_RECEPTIONIST, DELETE_RATE, UPDATE_PRIMARY_ASSIGNMENT, UPDATE_DENTIST, CREATE_USER_IDENTITY, DELETE_CONTRACT, DELETE_PAYMENT, DELETE_ASSIGNMENT, READ_COMPANY, UPDATE_ADMINISTRATIVE_REPORT, REMOVE_PERMISSION_ROLE, CREATE_PAYMENT, UPDATE_USER_IDENTITY, ADD_PERMISSION_ROLE, READ_GUARDIAN, UPDATE_CONTRACT, DELETE_COMPANY, IS_ACTIVE_AT_ASSIGNMENT, DELETE_DENTIST, READ_ASSIGNMENT, POST_INVOICE, REVOKE_ALL_ASSIGNMENT, CREATE_JOURNAL_ENTRY, CREATE_ADMINISTRATIVE_REPORT, UPDATE_ASSIGNMENT, READ_SHIFT, POST_JOURNAL_ENTRY, CREATE_GUARDIAN, ROLE_ADMINISTRATOR, CREATE_TEMPORARY_ASSIGNMENT, READ_PAYMENT, CREATE_RATE, EXTEND_ASSIGNMENT_ASSIGNMENT, READ_INVOICE, REACTIVATE_USER_IDENTITY, UPDATE_APPOINTMENT, UPDATE_RATE, DELETE_JOURNAL_ENTRY, CREATE_SHIFT, READ_JOURNAL_ENTRY, MARK_DELETED_ROLE_ROLE, CREATE_INVOICE, UPDATE_SHIFT, SUSPEND_ROLE_ROLE, UPDATE_PATIENT, UPDATE_PROVIDED_SERVICE, SUSPEND_USER_IDENTITY]]
2026-03-22 23:23:46 TRACE [http-nio-8080-exec-2] o.s.s.w.a.s.CompositeSessionAuthenticationStrategy - Preparing session with ChangeSessionIdAuthenticationStrategy (1/1)
2026-03-22 23:23:46 DEBUG [http-nio-8080-exec-2] o.s.security.web.FilterChainProxy - Secured PUT /api/v1/users/2
2026-03-22 23:23:46 DEBUG [http-nio-8080-exec-2] o.s.web.servlet.DispatcherServlet - PUT "/api/v1/users/2", parameters={}
2026-03-22 23:23:46 DEBUG [http-nio-8080-exec-2] o.s.w.s.m.m.a.RequestMappingHandlerMapping - Mapped to com.example.ClinicaDefinitiva.infrastructure.rest.controller.authentication.UserIdentityController#update(Long, UpdateUserIdentityRequest, CustomUserDetails)
2026-03-22 23:23:46 DEBUG [http-nio-8080-exec-2] o.s.w.s.m.m.a.RequestResponseBodyMethodProcessor - Read "application/json;charset=UTF-8" to [UpdateUserIdentityRequest[email=PERICO742073890123@gmail.com, name=tuci, verified=true, status=ACTIV (truncated)...]
2026-03-22 23:23:46 DEBUG [http-nio-8080-exec-2] o.s.w.s.m.m.a.HttpEntityMethodProcessor - Using 'application/json', given [*/*] and supported [application/json, application/*+json]
2026-03-22 23:23:46 DEBUG [http-nio-8080-exec-2] o.s.w.s.m.m.a.HttpEntityMethodProcessor - Writing [ReadUserIdentityResponse[id=2, email=admin1742073890123@gmail.com, name=Admin User 1742073890123, cr (truncated)...]
2026-03-22 23:23:46 DEBUG [http-nio-8080-exec-2] o.s.web.servlet.DispatcherServlet - Completed 200 OK
2026-03-22 23:46:45 WARN  [HikariPool-1:housekeeper] com.zaxxer.hikari.pool.HikariPool - HikariPool-1 - Thread starvation or clock leap detected (housekeeper delta=17m50s94ms107µs200ns).
