2026-03-24 10:09:57 WARN  [HikariPool-1:housekeeper] com.zaxxer.hikari.pool.HikariPool - HikariPool-1 - Thread starvation or clock leap detected (housekeeper delta=10h57m40s671ms562µs700ns).
2026-03-24 10:10:37 WARN  [HikariPool-1:housekeeper] com.zaxxer.hikari.pool.PoolBase - HikariPool-1 - Failed to validate connection com.mysql.cj.jdbc.ConnectionImpl@391f06df (No operations allowed after connection closed.). Possibly consider using a shorter maxLifetime value.
2026-03-24 10:10:37 WARN  [HikariPool-1:housekeeper] com.zaxxer.hikari.pool.PoolBase - HikariPool-1 - Failed to validate connection com.mysql.cj.jdbc.ConnectionImpl@6a86c520 (No operations allowed after connection closed.). Possibly consider using a shorter maxLifetime value.
2026-03-24 10:10:37 WARN  [HikariPool-1:housekeeper] com.zaxxer.hikari.pool.PoolBase - HikariPool-1 - Failed to validate connection com.mysql.cj.jdbc.ConnectionImpl@7f745334 (No operations allowed after connection closed.). Possibly consider using a shorter maxLifetime value.
2026-03-24 10:10:37 WARN  [HikariPool-1:housekeeper] com.zaxxer.hikari.pool.PoolBase - HikariPool-1 - Failed to validate connection com.mysql.cj.jdbc.ConnectionImpl@3e1c9bfb (No operations allowed after connection closed.). Possibly consider using a shorter maxLifetime value.
2026-03-24 10:10:37 WARN  [HikariPool-1:housekeeper] com.zaxxer.hikari.pool.PoolBase - HikariPool-1 - Failed to validate connection com.mysql.cj.jdbc.ConnectionImpl@566d2637 (No operations allowed after connection closed.). Possibly consider using a shorter maxLifetime value.
2026-03-24 10:10:37 WARN  [HikariPool-1:housekeeper] com.zaxxer.hikari.pool.PoolBase - HikariPool-1 - Failed to validate connection com.mysql.cj.jdbc.ConnectionImpl@a1e561f (No operations allowed after connection closed.). Possibly consider using a shorter maxLifetime value.
2026-03-24 10:10:37 WARN  [HikariPool-1:housekeeper] com.zaxxer.hikari.pool.PoolBase - HikariPool-1 - Failed to validate connection com.mysql.cj.jdbc.ConnectionImpl@57ae499b (No operations allowed after connection closed.). Possibly consider using a shorter maxLifetime value.
2026-03-24 10:10:37 WARN  [HikariPool-1:housekeeper] com.zaxxer.hikari.pool.PoolBase - HikariPool-1 - Failed to validate connection com.mysql.cj.jdbc.ConnectionImpl@d37c3d6 (No operations allowed after connection closed.). Possibly consider using a shorter maxLifetime value.
2026-03-24 10:10:37 WARN  [HikariPool-1:housekeeper] com.zaxxer.hikari.pool.PoolBase - HikariPool-1 - Failed to validate connection com.mysql.cj.jdbc.ConnectionImpl@32d400d9 (No operations allowed after connection closed.). Possibly consider using a shorter maxLifetime value.
2026-03-24 10:10:37 WARN  [HikariPool-1:housekeeper] com.zaxxer.hikari.pool.PoolBase - HikariPool-1 - Failed to validate connection com.mysql.cj.jdbc.ConnectionImpl@4a821632 (No operations allowed after connection closed.). Possibly consider using a shorter maxLifetime value.
2026-03-24 10:24:41 DEBUG [http-nio-8080-exec-3] o.s.security.web.FilterChainProxy - Securing GET /api/v1/user-assignments/user/4/active
2026-03-24 10:24:41 TRACE [http-nio-8080-exec-3] o.s.s.w.a.logout.LogoutFilter - Did not match request to Or [Ant [pattern='/logout', GET], Ant [pattern='/logout', POST], Ant [pattern='/logout', PUT], Ant [pattern='/logout', DELETE]]
2026-03-24 10:24:41 TRACE [http-nio-8080-exec-3] o.s.s.w.a.AnonymousAuthenticationFilter - Set SecurityContextHolder to AnonymousAuthenticationToken [Principal=anonymousUser, Credentials=[PROTECTED], Authenticated=true, Details=WebAuthenticationDetails [RemoteIpAddress=0:0:0:0:0:0:0:1, SessionId=null], Granted Authorities=[ROLE_ANONYMOUS]]
2026-03-24 10:24:41 DEBUG [http-nio-8080-exec-3] o.s.s.w.a.Http403ForbiddenEntryPoint - Pre-authenticated entry point called. Rejecting access
2026-03-24 10:24:41 DEBUG [http-nio-8080-exec-3] o.s.security.web.FilterChainProxy - Securing GET /error
2026-03-24 10:24:41 TRACE [http-nio-8080-exec-3] o.s.s.w.a.logout.LogoutFilter - Did not match request to Or [Ant [pattern='/logout', GET], Ant [pattern='/logout', POST], Ant [pattern='/logout', PUT], Ant [pattern='/logout', DELETE]]
2026-03-24 10:24:41 TRACE [http-nio-8080-exec-3] o.s.s.w.a.AnonymousAuthenticationFilter - Set SecurityContextHolder to AnonymousAuthenticationToken [Principal=anonymousUser, Credentials=[PROTECTED], Authenticated=true, Details=WebAuthenticationDetails [RemoteIpAddress=0:0:0:0:0:0:0:1, SessionId=null], Granted Authorities=[ROLE_ANONYMOUS]]
2026-03-24 10:24:41 DEBUG [http-nio-8080-exec-3] o.s.s.w.a.Http403ForbiddenEntryPoint - Pre-authenticated entry point called. Rejecting access
2026-03-24 10:24:53 DEBUG [http-nio-8080-exec-1] o.s.security.web.FilterChainProxy - Securing POST /api/v1/auth/login
2026-03-24 10:24:53 TRACE [http-nio-8080-exec-1] o.s.s.w.a.logout.LogoutFilter - Did not match request to Or [Ant [pattern='/logout', GET], Ant [pattern='/logout', POST], Ant [pattern='/logout', PUT], Ant [pattern='/logout', DELETE]]
2026-03-24 10:24:53 TRACE [http-nio-8080-exec-1] o.s.s.w.a.AnonymousAuthenticationFilter - Set SecurityContextHolder to AnonymousAuthenticationToken [Principal=anonymousUser, Credentials=[PROTECTED], Authenticated=true, Details=WebAuthenticationDetails [RemoteIpAddress=0:0:0:0:0:0:0:1, SessionId=null], Granted Authorities=[ROLE_ANONYMOUS]]
2026-03-24 10:24:53 DEBUG [http-nio-8080-exec-1] o.s.security.web.FilterChainProxy - Secured POST /api/v1/auth/login
2026-03-24 10:24:53 DEBUG [http-nio-8080-exec-1] o.s.web.servlet.DispatcherServlet - POST "/api/v1/auth/login", parameters={}
2026-03-24 10:24:53 DEBUG [http-nio-8080-exec-1] o.s.w.s.m.m.a.RequestMappingHandlerMapping - Mapped to com.example.ClinicaDefinitiva.infrastructure.rest.controller.auth.AuthController#login(LoginRequest)
2026-03-24 10:24:53 DEBUG [http-nio-8080-exec-1] o.s.w.s.m.m.a.RequestResponseBodyMethodProcessor - Read "application/json;charset=UTF-8" to [LoginRequest[email=admin@test.com, password=admin123]]
2026-03-24 10:24:53 DEBUG [http-nio-8080-exec-1] o.s.s.a.d.DaoAuthenticationProvider - Authenticated user
2026-03-24 10:24:53 DEBUG [http-nio-8080-exec-1] o.s.w.s.m.m.a.HttpEntityMethodProcessor - Using 'application/json', given [*/*] and supported [application/json, application/*+json]
2026-03-24 10:24:53 DEBUG [http-nio-8080-exec-1] o.s.w.s.m.m.a.HttpEntityMethodProcessor - Writing [{token=eyJhbGciOiJIUzI1NiJ9.eyJzdWIiOiJhZG1pbkB0ZXN0LmNvbSIsInJvbGVzIjpbIlJPTEVfVVNFUiJdLCJpYXQiOjE3 (truncated)...]
2026-03-24 10:24:53 DEBUG [http-nio-8080-exec-1] o.s.web.servlet.DispatcherServlet - Completed 200 OK
2026-03-24 10:25:13 DEBUG [http-nio-8080-exec-2] o.s.security.web.FilterChainProxy - Securing GET /api/v1/user-assignments/user/4/active
2026-03-24 10:25:13 TRACE [http-nio-8080-exec-2] o.s.s.w.a.logout.LogoutFilter - Did not match request to Or [Ant [pattern='/logout', GET], Ant [pattern='/logout', POST], Ant [pattern='/logout', PUT], Ant [pattern='/logout', DELETE]]
2026-03-24 10:25:13 TRACE [http-nio-8080-exec-2] o.s.s.w.a.AnonymousAuthenticationFilter - Did not set SecurityContextHolder since already authenticated UsernamePasswordAuthenticationToken [Principal=com.example.ClinicaDefinitiva.infrastructure.security.adapter.CustomUserDetails@7f7bfd18, Credentials=[PROTECTED], Authenticated=true, Details=null, Granted Authorities=[UPDATE_COMPANY, UPDATE_INVOICE, CREATE_ASSIGNMENT, UPDATE_GUARDIAN, CLONE_ROLE_ROLE, CANCEL_APPOINTMENT, UPDATE_JOURNAL_ENTRY, REVERSE_JOURNAL_ENTRY, CREATE_CONTRACT, DELETE_APPOINTMENT, RESCHEDULE_APPOINTMENT, SET_PERMISSIONS_ROLE, CREATE_PATIENT, READ_USER_IDENTITY, IS_CURRENTLY_ACTIVE_ASSIGNMENT, READ_RATE, ACTIVATE_ROLE_ROLE, DELETE_ROLE_ROLE, READ_APPOINTMENT, READ_DENTIST, CREATE_COMPANY, VIEW_ROLE_ROLE, SCHEDULE_APPOINTMENT, ROLE_RECEPTIONIST, DELETE_INVOICE, CREATE_CUSTOM_ROLE_ROLE, UPDATE_PAYMENT, CREATE_DENTIST, CHECK_PERMISSION_ROLE, READ_PATIENT, READ_ADMINISTRATIVE_REPORT, CREATE_APPOINTMENT, VIEW_ASSIGNMENT_ASSIGNMENT, READ_CONTRACT, DELETE_ADMINISTRATIVE_REPORT, DEACTIVATE_USER_IDENTITY, REVERSE_INVOICE, DEACTIVATE_ROLE_ROLE, APPROVE_INVOICE, READ_PROVIDED_SERVICE, REVOKE_ASSIGNMENT, READ_AVAILABILITY, READ_RECEPTIONIST, DELETE_RATE, UPDATE_PRIMARY_ASSIGNMENT, UPDATE_DENTIST, CREATE_USER_IDENTITY, DELETE_CONTRACT, DELETE_PAYMENT, DELETE_ASSIGNMENT, READ_COMPANY, UPDATE_ADMINISTRATIVE_REPORT, REMOVE_PERMISSION_ROLE, CREATE_PAYMENT, UPDATE_USER_IDENTITY, ADD_PERMISSION_ROLE, READ_GUARDIAN, UPDATE_CONTRACT, DELETE_COMPANY, IS_ACTIVE_AT_ASSIGNMENT, DELETE_DENTIST, READ_ASSIGNMENT, POST_INVOICE, REVOKE_ALL_ASSIGNMENT, CREATE_JOURNAL_ENTRY, CREATE_ADMINISTRATIVE_REPORT, UPDATE_ASSIGNMENT, READ_SHIFT, POST_JOURNAL_ENTRY, CREATE_GUARDIAN, ROLE_ADMINISTRATOR, CREATE_TEMPORARY_ASSIGNMENT, READ_PAYMENT, CREATE_RATE, EXTEND_ASSIGNMENT_ASSIGNMENT, READ_INVOICE, REACTIVATE_USER_IDENTITY, UPDATE_APPOINTMENT, UPDATE_RATE, DELETE_JOURNAL_ENTRY, CREATE_SHIFT, READ_JOURNAL_ENTRY, MARK_DELETED_ROLE_ROLE, CREATE_INVOICE, UPDATE_SHIFT, SUSPEND_ROLE_ROLE, UPDATE_PATIENT, UPDATE_PROVIDED_SERVICE, SUSPEND_USER_IDENTITY]]
2026-03-24 10:25:13 TRACE [http-nio-8080-exec-2] o.s.s.w.a.s.CompositeSessionAuthenticationStrategy - Preparing session with ChangeSessionIdAuthenticationStrategy (1/1)
2026-03-24 10:25:13 DEBUG [http-nio-8080-exec-2] o.s.security.web.FilterChainProxy - Secured GET /api/v1/user-assignments/user/4/active
2026-03-24 10:25:13 DEBUG [http-nio-8080-exec-2] o.s.web.servlet.DispatcherServlet - GET "/api/v1/user-assignments/user/4/active", parameters={}
2026-03-24 10:25:13 DEBUG [http-nio-8080-exec-2] o.s.w.s.h.SimpleUrlHandlerMapping - Mapped to ResourceHttpRequestHandler [classpath [META-INF/resources/], classpath [resources/], classpath [static/], classpath [public/], ServletContext [/]]
2026-03-24 10:25:13 DEBUG [http-nio-8080-exec-2] o.s.w.s.r.ResourceHttpRequestHandler - Resource not found
2026-03-24 10:25:13 DEBUG [http-nio-8080-exec-2] o.s.w.s.m.m.a.ExceptionHandlerExceptionResolver - Using @ExceptionHandler com.example.ClinicaDefinitiva.infrastructure.rest.advice.GlobalControllerAdvice#handleGenericException(Exception)
2026-03-24 10:25:13 ERROR [http-nio-8080-exec-2] c.e.C.i.r.a.GlobalControllerAdvice - Error interno no manejado [requestId=195ab0d0-e42a-4ad8-bd10-aa9746e40d00, usuario=admin@test.com]
org.springframework.web.servlet.resource.NoResourceFoundException: No static resource api/v1/user-assignments/user/4/active.
	at org.springframework.web.servlet.resource.ResourceHttpRequestHandler.handleRequest(ResourceHttpRequestHandler.java:585)
	at org.springframework.web.servlet.mvc.HttpRequestHandlerAdapter.handle(HttpRequestHandlerAdapter.java:52)
	at org.springframework.web.servlet.DispatcherServlet.doDispatch(DispatcherServlet.java:1089)
	at org.springframework.web.servlet.DispatcherServlet.doService(DispatcherServlet.java:979)
	at org.springframework.web.servlet.FrameworkServlet.processRequest(FrameworkServlet.java:1014)
	at org.springframework.web.servlet.FrameworkServlet.doGet(FrameworkServlet.java:903)
	at jakarta.servlet.http.HttpServlet.service(HttpServlet.java:564)
	at org.springframework.web.servlet.FrameworkServlet.service(FrameworkServlet.java:885)
	at jakarta.servlet.http.HttpServlet.service(HttpServlet.java:658)
	at org.apache.catalina.core.ApplicationFilterChain.internalDoFilter(ApplicationFilterChain.java:195)
	at org.apache.catalina.core.ApplicationFilterChain.doFilter(ApplicationFilterChain.java:140)
	at org.apache.tomcat.websocket.server.WsFilter.doFilter(WsFilter.java:51)
	at org.apache.catalina.core.ApplicationFilterChain.internalDoFilter(ApplicationFilterChain.java:164)
	at org.apache.catalina.core.ApplicationFilterChain.doFilter(ApplicationFilterChain.java:140)
	at com.example.ClinicaDefinitiva.util.RequestIdFilter.doFilterInternal(RequestIdFilter.java:76)
	at org.springframework.web.filter.OncePerRequestFilter.doFilter(OncePerRequestFilter.java:116)
	at org.apache.catalina.core.ApplicationFilterChain.internalDoFilter(ApplicationFilterChain.java:164)
	at org.apache.catalina.core.ApplicationFilterChain.doFilter(ApplicationFilterChain.java:140)
	at org.springframework.web.filter.CompositeFilter$VirtualFilterChain.doFilter(CompositeFilter.java:108)
	at org.springframework.web.filter.CompositeFilter$VirtualFilterChain.doFilter(CompositeFilter.java:108)
	at org.springframework.security.web.FilterChainProxy.lambda$doFilterInternal$3(FilterChainProxy.java:231)
	at org.springframework.security.web.ObservationFilterChainDecorator$FilterObservation$SimpleFilterObservation.lambda$wrap$1(ObservationFilterChainDecorator.java:479)
	at org.springframework.security.web.ObservationFilterChainDecorator$AroundFilterObservation$SimpleAroundFilterObservation.lambda$wrap$1(ObservationFilterChainDecorator.java:340)
	at org.springframework.security.web.ObservationFilterChainDecorator.lambda$wrapSecured$0(ObservationFilterChainDecorator.java:82)
	at org.springframework.security.web.ObservationFilterChainDecorator$VirtualFilterChain.doFilter(ObservationFilterChainDecorator.java:128)
	at org.springframework.security.web.access.intercept.AuthorizationFilter.doFilter(AuthorizationFilter.java:101)
	at org.springframework.security.web.ObservationFilterChainDecorator$ObservationFilter.wrapFilter(ObservationFilterChainDecorator.java:240)
	at org.springframework.security.web.ObservationFilterChainDecorator$ObservationFilter.doFilter(ObservationFilterChainDecorator.java:227)
	at org.springframework.security.web.ObservationFilterChainDecorator$VirtualFilterChain.doFilter(ObservationFilterChainDecorator.java:137)
	at org.springframework.security.web.access.ExceptionTranslationFilter.doFilter(ExceptionTranslationFilter.java:125)
	at org.springframework.security.web.access.ExceptionTranslationFilter.doFilter(ExceptionTranslationFilter.java:119)
	at org.springframework.security.web.ObservationFilterChainDecorator$ObservationFilter.wrapFilter(ObservationFilterChainDecorator.java:240)
	at org.springframework.security.web.ObservationFilterChainDecorator$ObservationFilter.doFilter(ObservationFilterChainDecorator.java:227)
	at org.springframework.security.web.ObservationFilterChainDecorator$VirtualFilterChain.doFilter(ObservationFilterChainDecorator.java:137)
	at org.springframework.security.web.session.SessionManagementFilter.doFilter(SessionManagementFilter.java:131)
	at org.springframework.security.web.session.SessionManagementFilter.doFilter(SessionManagementFilter.java:85)
	at org.springframework.security.web.ObservationFilterChainDecorator$ObservationFilter.wrapFilter(ObservationFilterChainDecorator.java:240)
	at org.springframework.security.web.ObservationFilterChainDecorator$ObservationFilter.doFilter(ObservationFilterChainDecorator.java:227)
	at org.springframework.security.web.ObservationFilterChainDecorator$VirtualFilterChain.doFilter(ObservationFilterChainDecorator.java:137)
	at org.springframework.security.web.authentication.AnonymousAuthenticationFilter.doFilter(AnonymousAuthenticationFilter.java:100)
	at org.springframework.security.web.ObservationFilterChainDecorator$ObservationFilter.wrapFilter(ObservationFilterChainDecorator.java:240)
	at org.springframework.security.web.ObservationFilterChainDecorator$ObservationFilter.doFilter(ObservationFilterChainDecorator.java:227)
	at org.springframework.security.web.ObservationFilterChainDecorator$VirtualFilterChain.doFilter(ObservationFilterChainDecorator.java:137)
	at org.springframework.security.web.servletapi.SecurityContextHolderAwareRequestFilter.doFilter(SecurityContextHolderAwareRequestFilter.java:179)
	at org.springframework.security.web.ObservationFilterChainDecorator$ObservationFilter.wrapFilter(ObservationFilterChainDecorator.java:240)
	at org.springframework.security.web.ObservationFilterChainDecorator$ObservationFilter.doFilter(ObservationFilterChainDecorator.java:227)
	at org.springframework.security.web.ObservationFilterChainDecorator$VirtualFilterChain.doFilter(ObservationFilterChainDecorator.java:137)
	at org.springframework.security.web.savedrequest.RequestCacheAwareFilter.doFilter(RequestCacheAwareFilter.java:63)
	at org.springframework.security.web.ObservationFilterChainDecorator$ObservationFilter.wrapFilter(ObservationFilterChainDecorator.java:240)
	at org.springframework.security.web.ObservationFilterChainDecorator$ObservationFilter.doFilter(ObservationFilterChainDecorator.java:227)
	at org.springframework.security.web.ObservationFilterChainDecorator$VirtualFilterChain.doFilter(ObservationFilterChainDecorator.java:137)
	at com.example.ClinicaDefinitiva.infrastructure.security.filter.JwtAuthenticationFilter.doFilterInternal(JwtAuthenticationFilter.java:40)
	at org.springframework.web.filter.OncePerRequestFilter.doFilter(OncePerRequestFilter.java:116)
	at org.springframework.security.web.ObservationFilterChainDecorator$ObservationFilter.wrapFilter(ObservationFilterChainDecorator.java:240)
	at org.springframework.security.web.ObservationFilterChainDecorator$ObservationFilter.doFilter(ObservationFilterChainDecorator.java:227)
	at org.springframework.security.web.ObservationFilterChainDecorator$VirtualFilterChain.doFilter(ObservationFilterChainDecorator.java:137)
	at org.springframework.security.web.authentication.logout.LogoutFilter.doFilter(LogoutFilter.java:107)
	at org.springframework.security.web.authentication.logout.LogoutFilter.doFilter(LogoutFilter.java:93)
	at org.springframework.security.web.ObservationFilterChainDecorator$ObservationFilter.wrapFilter(ObservationFilterChainDecorator.java:240)
	at org.springframework.security.web.ObservationFilterChainDecorator$ObservationFilter.doFilter(ObservationFilterChainDecorator.java:227)
	at org.springframework.security.web.ObservationFilterChainDecorator$VirtualFilterChain.doFilter(ObservationFilterChainDecorator.java:137)
	at org.springframework.security.web.header.HeaderWriterFilter.doHeadersAfter(HeaderWriterFilter.java:90)
	at org.springframework.security.web.header.HeaderWriterFilter.doFilterInternal(HeaderWriterFilter.java:75)
	at org.springframework.web.filter.OncePerRequestFilter.doFilter(OncePerRequestFilter.java:116)
	at org.springframework.security.web.ObservationFilterChainDecorator$ObservationFilter.wrapFilter(ObservationFilterChainDecorator.java:240)
	at org.springframework.security.web.ObservationFilterChainDecorator$ObservationFilter.doFilter(ObservationFilterChainDecorator.java:227)
	at org.springframework.security.web.ObservationFilterChainDecorator$VirtualFilterChain.doFilter(ObservationFilterChainDecorator.java:137)
	at org.springframework.security.web.context.SecurityContextHolderFilter.doFilter(SecurityContextHolderFilter.java:82)
	at org.springframework.security.web.context.SecurityContextHolderFilter.doFilter(SecurityContextHolderFilter.java:69)
	at org.springframework.security.web.ObservationFilterChainDecorator$ObservationFilter.wrapFilter(ObservationFilterChainDecorator.java:240)
	at org.springframework.security.web.ObservationFilterChainDecorator$ObservationFilter.doFilter(ObservationFilterChainDecorator.java:227)
	at org.springframework.security.web.ObservationFilterChainDecorator$VirtualFilterChain.doFilter(ObservationFilterChainDecorator.java:137)
	at org.springframework.security.web.context.request.async.WebAsyncManagerIntegrationFilter.doFilterInternal(WebAsyncManagerIntegrationFilter.java:62)
	at org.springframework.web.filter.OncePerRequestFilter.doFilter(OncePerRequestFilter.java:116)
	at org.springframework.security.web.ObservationFilterChainDecorator$ObservationFilter.wrapFilter(ObservationFilterChainDecorator.java:240)
	at org.springframework.security.web.ObservationFilterChainDecorator$ObservationFilter.doFilter(ObservationFilterChainDecorator.java:227)
	at org.springframework.security.web.ObservationFilterChainDecorator$VirtualFilterChain.doFilter(ObservationFilterChainDecorator.java:137)
	at org.springframework.security.web.session.DisableEncodeUrlFilter.doFilterInternal(DisableEncodeUrlFilter.java:42)
	at org.springframework.web.filter.OncePerRequestFilter.doFilter(OncePerRequestFilter.java:116)
	at org.springframework.security.web.ObservationFilterChainDecorator$ObservationFilter.wrapFilter(ObservationFilterChainDecorator.java:240)
	at org.springframework.security.web.ObservationFilterChainDecorator$AroundFilterObservation$SimpleAroundFilterObservation.lambda$wrap$0(ObservationFilterChainDecorator.java:323)
	at org.springframework.security.web.ObservationFilterChainDecorator$ObservationFilter.doFilter(ObservationFilterChainDecorator.java:224)
	at org.springframework.security.web.ObservationFilterChainDecorator$VirtualFilterChain.doFilter(ObservationFilterChainDecorator.java:137)
	at org.springframework.security.web.FilterChainProxy.doFilterInternal(FilterChainProxy.java:233)
	at org.springframework.security.web.FilterChainProxy.doFilter(FilterChainProxy.java:191)
	at org.springframework.web.filter.CompositeFilter$VirtualFilterChain.doFilter(CompositeFilter.java:113)
	at org.springframework.web.filter.ServletRequestPathFilter.doFilter(ServletRequestPathFilter.java:52)
	at org.springframework.web.filter.CompositeFilter$VirtualFilterChain.doFilter(CompositeFilter.java:113)
	at org.springframework.web.filter.CompositeFilter.doFilter(CompositeFilter.java:74)
	at org.springframework.security.config.annotation.web.configuration.WebSecurityConfiguration$CompositeFilterChainProxy.doFilter(WebSecurityConfiguration.java:319)
	at org.springframework.web.filter.CompositeFilter$VirtualFilterChain.doFilter(CompositeFilter.java:113)
	at org.springframework.web.servlet.handler.HandlerMappingIntrospector.lambda$createCacheFilter$3(HandlerMappingIntrospector.java:243)
	at org.springframework.web.filter.CompositeFilter$VirtualFilterChain.doFilter(CompositeFilter.java:113)
	at org.springframework.web.filter.CompositeFilter.doFilter(CompositeFilter.java:74)
	at org.springframework.security.config.annotation.web.configuration.WebMvcSecurityConfiguration$CompositeFilterChainProxy.doFilter(WebMvcSecurityConfiguration.java:240)
	at org.springframework.web.filter.DelegatingFilterProxy.invokeDelegate(DelegatingFilterProxy.java:362)
	at org.springframework.web.filter.DelegatingFilterProxy.doFilter(DelegatingFilterProxy.java:278)
	at org.apache.catalina.core.ApplicationFilterChain.internalDoFilter(ApplicationFilterChain.java:164)
	at org.apache.catalina.core.ApplicationFilterChain.doFilter(ApplicationFilterChain.java:140)
	at org.springframework.web.filter.RequestContextFilter.doFilterInternal(RequestContextFilter.java:100)
	at org.springframework.web.filter.OncePerRequestFilter.doFilter(OncePerRequestFilter.java:116)
	at org.apache.catalina.core.ApplicationFilterChain.internalDoFilter(ApplicationFilterChain.java:164)
	at org.apache.catalina.core.ApplicationFilterChain.doFilter(ApplicationFilterChain.java:140)
	at org.springframework.web.filter.FormContentFilter.doFilterInternal(FormContentFilter.java:93)
	at org.springframework.web.filter.OncePerRequestFilter.doFilter(OncePerRequestFilter.java:116)
	at org.apache.catalina.core.ApplicationFilterChain.internalDoFilter(ApplicationFilterChain.java:164)
	at org.apache.catalina.core.ApplicationFilterChain.doFilter(ApplicationFilterChain.java:140)
	at org.springframework.web.filter.ServerHttpObservationFilter.doFilterInternal(ServerHttpObservationFilter.java:114)
	at org.springframework.web.filter.OncePerRequestFilter.doFilter(OncePerRequestFilter.java:116)
	at org.apache.catalina.core.ApplicationFilterChain.internalDoFilter(ApplicationFilterChain.java:164)
	at org.apache.catalina.core.ApplicationFilterChain.doFilter(ApplicationFilterChain.java:140)
	at org.springframework.web.filter.CharacterEncodingFilter.doFilterInternal(CharacterEncodingFilter.java:201)
	at org.springframework.web.filter.OncePerRequestFilter.doFilter(OncePerRequestFilter.java:116)
	at org.apache.catalina.core.ApplicationFilterChain.internalDoFilter(ApplicationFilterChain.java:164)
	at org.apache.catalina.core.ApplicationFilterChain.doFilter(ApplicationFilterChain.java:140)
	at org.apache.catalina.core.StandardWrapperValve.invoke(StandardWrapperValve.java:167)
	at org.apache.catalina.core.StandardContextValve.invoke(StandardContextValve.java:90)
	at org.apache.catalina.authenticator.AuthenticatorBase.invoke(AuthenticatorBase.java:483)
	at org.apache.catalina.core.StandardHostValve.invoke(StandardHostValve.java:116)
	at org.apache.catalina.valves.ErrorReportValve.invoke(ErrorReportValve.java:93)
	at org.apache.catalina.core.StandardEngineValve.invoke(StandardEngineValve.java:74)
	at org.apache.catalina.connector.CoyoteAdapter.service(CoyoteAdapter.java:344)
	at org.apache.coyote.http11.Http11Processor.service(Http11Processor.java:398)
	at org.apache.coyote.AbstractProcessorLight.process(AbstractProcessorLight.java:63)
	at org.apache.coyote.AbstractProtocol$ConnectionHandler.process(AbstractProtocol.java:903)
	at org.apache.tomcat.util.net.NioEndpoint$SocketProcessor.doRun(NioEndpoint.java:1740)
	at org.apache.tomcat.util.net.SocketProcessorBase.run(SocketProcessorBase.java:52)
	at org.apache.tomcat.util.threads.ThreadPoolExecutor.runWorker(ThreadPoolExecutor.java:1189)
	at org.apache.tomcat.util.threads.ThreadPoolExecutor$Worker.run(ThreadPoolExecutor.java:658)
	at org.apache.tomcat.util.threads.TaskThread$WrappingRunnable.run(TaskThread.java:63)
	at java.base/java.lang.Thread.run(Thread.java:842)
2026-03-24 10:25:13 DEBUG [http-nio-8080-exec-2] o.s.w.s.m.m.a.HttpEntityMethodProcessor - Using 'application/json', given [*/*] and supported [application/json, application/*+json]
2026-03-24 10:25:13 DEBUG [http-nio-8080-exec-2] o.s.w.s.m.m.a.HttpEntityMethodProcessor - Writing [com.example.ClinicaDefinitiva.infrastructure.rest.dto.ErrorResponse@39a23b]
2026-03-24 10:25:13 DEBUG [http-nio-8080-exec-2] o.s.w.s.m.m.a.ExceptionHandlerExceptionResolver - Resolved [org.springframework.web.servlet.resource.NoResourceFoundException: No static resource api/v1/user-assignments/user/4/active.]
2026-03-24 10:25:13 DEBUG [http-nio-8080-exec-2] o.s.web.servlet.DispatcherServlet - Completed 500 INTERNAL_SERVER_ERROR
2026-03-24 10:25:51 DEBUG [http-nio-8080-exec-4] o.s.security.web.FilterChainProxy - Securing GET /api/v1/user-assignments/4/active
2026-03-24 10:25:51 TRACE [http-nio-8080-exec-4] o.s.s.w.a.logout.LogoutFilter - Did not match request to Or [Ant [pattern='/logout', GET], Ant [pattern='/logout', POST], Ant [pattern='/logout', PUT], Ant [pattern='/logout', DELETE]]
2026-03-24 10:25:51 TRACE [http-nio-8080-exec-4] o.s.s.w.a.AnonymousAuthenticationFilter - Did not set SecurityContextHolder since already authenticated UsernamePasswordAuthenticationToken [Principal=com.example.ClinicaDefinitiva.infrastructure.security.adapter.CustomUserDetails@3010b9ea, Credentials=[PROTECTED], Authenticated=true, Details=null, Granted Authorities=[UPDATE_COMPANY, UPDATE_INVOICE, CREATE_ASSIGNMENT, UPDATE_GUARDIAN, CLONE_ROLE_ROLE, CANCEL_APPOINTMENT, UPDATE_JOURNAL_ENTRY, REVERSE_JOURNAL_ENTRY, CREATE_CONTRACT, DELETE_APPOINTMENT, RESCHEDULE_APPOINTMENT, SET_PERMISSIONS_ROLE, CREATE_PATIENT, READ_USER_IDENTITY, IS_CURRENTLY_ACTIVE_ASSIGNMENT, READ_RATE, ACTIVATE_ROLE_ROLE, DELETE_ROLE_ROLE, READ_APPOINTMENT, READ_DENTIST, CREATE_COMPANY, VIEW_ROLE_ROLE, SCHEDULE_APPOINTMENT, ROLE_RECEPTIONIST, DELETE_INVOICE, CREATE_CUSTOM_ROLE_ROLE, UPDATE_PAYMENT, CREATE_DENTIST, CHECK_PERMISSION_ROLE, READ_PATIENT, READ_ADMINISTRATIVE_REPORT, CREATE_APPOINTMENT, VIEW_ASSIGNMENT_ASSIGNMENT, READ_CONTRACT, DELETE_ADMINISTRATIVE_REPORT, DEACTIVATE_USER_IDENTITY, REVERSE_INVOICE, DEACTIVATE_ROLE_ROLE, APPROVE_INVOICE, READ_PROVIDED_SERVICE, REVOKE_ASSIGNMENT, READ_AVAILABILITY, READ_RECEPTIONIST, DELETE_RATE, UPDATE_PRIMARY_ASSIGNMENT, UPDATE_DENTIST, CREATE_USER_IDENTITY, DELETE_CONTRACT, DELETE_PAYMENT, DELETE_ASSIGNMENT, READ_COMPANY, UPDATE_ADMINISTRATIVE_REPORT, REMOVE_PERMISSION_ROLE, CREATE_PAYMENT, UPDATE_USER_IDENTITY, ADD_PERMISSION_ROLE, READ_GUARDIAN, UPDATE_CONTRACT, DELETE_COMPANY, IS_ACTIVE_AT_ASSIGNMENT, DELETE_DENTIST, READ_ASSIGNMENT, POST_INVOICE, REVOKE_ALL_ASSIGNMENT, CREATE_JOURNAL_ENTRY, CREATE_ADMINISTRATIVE_REPORT, UPDATE_ASSIGNMENT, READ_SHIFT, POST_JOURNAL_ENTRY, CREATE_GUARDIAN, ROLE_ADMINISTRATOR, CREATE_TEMPORARY_ASSIGNMENT, READ_PAYMENT, CREATE_RATE, EXTEND_ASSIGNMENT_ASSIGNMENT, READ_INVOICE, REACTIVATE_USER_IDENTITY, UPDATE_APPOINTMENT, UPDATE_RATE, DELETE_JOURNAL_ENTRY, CREATE_SHIFT, READ_JOURNAL_ENTRY, MARK_DELETED_ROLE_ROLE, CREATE_INVOICE, UPDATE_SHIFT, SUSPEND_ROLE_ROLE, UPDATE_PATIENT, UPDATE_PROVIDED_SERVICE, SUSPEND_USER_IDENTITY]]
2026-03-24 10:25:51 TRACE [http-nio-8080-exec-4] o.s.s.w.a.s.CompositeSessionAuthenticationStrategy - Preparing session with ChangeSessionIdAuthenticationStrategy (1/1)
2026-03-24 10:25:51 DEBUG [http-nio-8080-exec-4] o.s.security.web.FilterChainProxy - Secured GET /api/v1/user-assignments/4/active
2026-03-24 10:25:51 DEBUG [http-nio-8080-exec-4] o.s.web.servlet.DispatcherServlet - GET "/api/v1/user-assignments/4/active", parameters={}
2026-03-24 10:25:51 DEBUG [http-nio-8080-exec-4] o.s.w.s.m.m.a.RequestMappingHandlerMapping - Mapped to com.example.ClinicaDefinitiva.infrastructure.rest.controller.administration.authorization.UserRolAssignmentController#isCurrentlyActive(Long, CustomUserDetails)
2026-03-24 10:25:51 DEBUG [http-nio-8080-exec-4] o.s.w.s.m.m.a.HttpEntityMethodProcessor - Using 'application/json', given [*/*] and supported [application/json, application/*+json]
2026-03-24 10:25:51 DEBUG [http-nio-8080-exec-4] o.s.w.s.m.m.a.HttpEntityMethodProcessor - Writing [true]
2026-03-24 10:25:51 DEBUG [http-nio-8080-exec-4] o.s.web.servlet.DispatcherServlet - Completed 200 OK
2026-03-24 10:28:01 DEBUG [http-nio-8080-exec-9] o.s.security.web.FilterChainProxy - Securing PUT /api/v1/user-assignments/4/extend?newValidTo=2026-05-31
2026-03-24 10:28:01 TRACE [http-nio-8080-exec-9] o.s.s.w.a.logout.LogoutFilter - Did not match request to Or [Ant [pattern='/logout', GET], Ant [pattern='/logout', POST], Ant [pattern='/logout', PUT], Ant [pattern='/logout', DELETE]]
2026-03-24 10:28:01 TRACE [http-nio-8080-exec-9] o.s.s.w.a.AnonymousAuthenticationFilter - Did not set SecurityContextHolder since already authenticated UsernamePasswordAuthenticationToken [Principal=com.example.ClinicaDefinitiva.infrastructure.security.adapter.CustomUserDetails@bbb898f, Credentials=[PROTECTED], Authenticated=true, Details=null, Granted Authorities=[UPDATE_COMPANY, UPDATE_INVOICE, CREATE_ASSIGNMENT, UPDATE_GUARDIAN, CLONE_ROLE_ROLE, CANCEL_APPOINTMENT, UPDATE_JOURNAL_ENTRY, REVERSE_JOURNAL_ENTRY, CREATE_CONTRACT, DELETE_APPOINTMENT, RESCHEDULE_APPOINTMENT, SET_PERMISSIONS_ROLE, CREATE_PATIENT, READ_USER_IDENTITY, IS_CURRENTLY_ACTIVE_ASSIGNMENT, READ_RATE, ACTIVATE_ROLE_ROLE, DELETE_ROLE_ROLE, READ_APPOINTMENT, READ_DENTIST, CREATE_COMPANY, VIEW_ROLE_ROLE, SCHEDULE_APPOINTMENT, ROLE_RECEPTIONIST, DELETE_INVOICE, CREATE_CUSTOM_ROLE_ROLE, UPDATE_PAYMENT, CREATE_DENTIST, CHECK_PERMISSION_ROLE, READ_PATIENT, READ_ADMINISTRATIVE_REPORT, CREATE_APPOINTMENT, VIEW_ASSIGNMENT_ASSIGNMENT, READ_CONTRACT, DELETE_ADMINISTRATIVE_REPORT, DEACTIVATE_USER_IDENTITY, REVERSE_INVOICE, DEACTIVATE_ROLE_ROLE, APPROVE_INVOICE, READ_PROVIDED_SERVICE, REVOKE_ASSIGNMENT, READ_AVAILABILITY, READ_RECEPTIONIST, DELETE_RATE, UPDATE_PRIMARY_ASSIGNMENT, UPDATE_DENTIST, CREATE_USER_IDENTITY, DELETE_CONTRACT, DELETE_PAYMENT, DELETE_ASSIGNMENT, READ_COMPANY, UPDATE_ADMINISTRATIVE_REPORT, REMOVE_PERMISSION_ROLE, CREATE_PAYMENT, UPDATE_USER_IDENTITY, ADD_PERMISSION_ROLE, READ_GUARDIAN, UPDATE_CONTRACT, DELETE_COMPANY, IS_ACTIVE_AT_ASSIGNMENT, DELETE_DENTIST, READ_ASSIGNMENT, POST_INVOICE, REVOKE_ALL_ASSIGNMENT, CREATE_JOURNAL_ENTRY, CREATE_ADMINISTRATIVE_REPORT, UPDATE_ASSIGNMENT, READ_SHIFT, POST_JOURNAL_ENTRY, CREATE_GUARDIAN, ROLE_ADMINISTRATOR, CREATE_TEMPORARY_ASSIGNMENT, READ_PAYMENT, CREATE_RATE, EXTEND_ASSIGNMENT_ASSIGNMENT, READ_INVOICE, REACTIVATE_USER_IDENTITY, UPDATE_APPOINTMENT, UPDATE_RATE, DELETE_JOURNAL_ENTRY, CREATE_SHIFT, READ_JOURNAL_ENTRY, MARK_DELETED_ROLE_ROLE, CREATE_INVOICE, UPDATE_SHIFT, SUSPEND_ROLE_ROLE, UPDATE_PATIENT, UPDATE_PROVIDED_SERVICE, SUSPEND_USER_IDENTITY]]
2026-03-24 10:28:01 TRACE [http-nio-8080-exec-9] o.s.s.w.a.s.CompositeSessionAuthenticationStrategy - Preparing session with ChangeSessionIdAuthenticationStrategy (1/1)
2026-03-24 10:28:01 DEBUG [http-nio-8080-exec-9] o.s.security.web.FilterChainProxy - Secured PUT /api/v1/user-assignments/4/extend?newValidTo=2026-05-31
2026-03-24 10:28:01 DEBUG [http-nio-8080-exec-9] o.s.web.servlet.DispatcherServlet - PUT "/api/v1/user-assignments/4/extend?newValidTo=2026-05-31", parameters={masked}
2026-03-24 10:28:01 DEBUG [http-nio-8080-exec-9] o.s.w.s.m.m.a.RequestMappingHandlerMapping - Mapped to com.example.ClinicaDefinitiva.infrastructure.rest.controller.administration.authorization.UserRolAssignmentController#extend(Long, LocalDate, CustomUserDetails)
2026-03-24 10:28:01 DEBUG [http-nio-8080-exec-9] o.s.web.servlet.DispatcherServlet - Completed 204 NO_CONTENT
2026-03-24 10:31:03 DEBUG [http-nio-8080-exec-3] o.s.security.web.FilterChainProxy - Securing PATCH /api/v1/user-assignments/4/primary?isPrimary=true
2026-03-24 10:31:03 TRACE [http-nio-8080-exec-3] o.s.s.w.a.logout.LogoutFilter - Did not match request to Or [Ant [pattern='/logout', GET], Ant [pattern='/logout', POST], Ant [pattern='/logout', PUT], Ant [pattern='/logout', DELETE]]
2026-03-24 10:31:03 TRACE [http-nio-8080-exec-3] o.s.s.w.a.AnonymousAuthenticationFilter - Did not set SecurityContextHolder since already authenticated UsernamePasswordAuthenticationToken [Principal=com.example.ClinicaDefinitiva.infrastructure.security.adapter.CustomUserDetails@1c5ac52b, Credentials=[PROTECTED], Authenticated=true, Details=null, Granted Authorities=[UPDATE_COMPANY, UPDATE_INVOICE, CREATE_ASSIGNMENT, UPDATE_GUARDIAN, CLONE_ROLE_ROLE, CANCEL_APPOINTMENT, UPDATE_JOURNAL_ENTRY, REVERSE_JOURNAL_ENTRY, CREATE_CONTRACT, DELETE_APPOINTMENT, RESCHEDULE_APPOINTMENT, SET_PERMISSIONS_ROLE, CREATE_PATIENT, READ_USER_IDENTITY, IS_CURRENTLY_ACTIVE_ASSIGNMENT, READ_RATE, ACTIVATE_ROLE_ROLE, DELETE_ROLE_ROLE, READ_APPOINTMENT, READ_DENTIST, CREATE_COMPANY, VIEW_ROLE_ROLE, SCHEDULE_APPOINTMENT, ROLE_RECEPTIONIST, DELETE_INVOICE, CREATE_CUSTOM_ROLE_ROLE, UPDATE_PAYMENT, CREATE_DENTIST, CHECK_PERMISSION_ROLE, READ_PATIENT, READ_ADMINISTRATIVE_REPORT, CREATE_APPOINTMENT, VIEW_ASSIGNMENT_ASSIGNMENT, READ_CONTRACT, DELETE_ADMINISTRATIVE_REPORT, DEACTIVATE_USER_IDENTITY, REVERSE_INVOICE, DEACTIVATE_ROLE_ROLE, APPROVE_INVOICE, READ_PROVIDED_SERVICE, REVOKE_ASSIGNMENT, READ_AVAILABILITY, READ_RECEPTIONIST, DELETE_RATE, UPDATE_PRIMARY_ASSIGNMENT, UPDATE_DENTIST, CREATE_USER_IDENTITY, DELETE_CONTRACT, DELETE_PAYMENT, DELETE_ASSIGNMENT, READ_COMPANY, UPDATE_ADMINISTRATIVE_REPORT, REMOVE_PERMISSION_ROLE, CREATE_PAYMENT, UPDATE_USER_IDENTITY, ADD_PERMISSION_ROLE, READ_GUARDIAN, UPDATE_CONTRACT, DELETE_COMPANY, IS_ACTIVE_AT_ASSIGNMENT, DELETE_DENTIST, READ_ASSIGNMENT, POST_INVOICE, REVOKE_ALL_ASSIGNMENT, CREATE_JOURNAL_ENTRY, CREATE_ADMINISTRATIVE_REPORT, UPDATE_ASSIGNMENT, READ_SHIFT, POST_JOURNAL_ENTRY, CREATE_GUARDIAN, ROLE_ADMINISTRATOR, CREATE_TEMPORARY_ASSIGNMENT, READ_PAYMENT, CREATE_RATE, EXTEND_ASSIGNMENT_ASSIGNMENT, READ_INVOICE, REACTIVATE_USER_IDENTITY, UPDATE_APPOINTMENT, UPDATE_RATE, DELETE_JOURNAL_ENTRY, CREATE_SHIFT, READ_JOURNAL_ENTRY, MARK_DELETED_ROLE_ROLE, CREATE_INVOICE, UPDATE_SHIFT, SUSPEND_ROLE_ROLE, UPDATE_PATIENT, UPDATE_PROVIDED_SERVICE, SUSPEND_USER_IDENTITY]]
2026-03-24 10:31:03 TRACE [http-nio-8080-exec-3] o.s.s.w.a.s.CompositeSessionAuthenticationStrategy - Preparing session with ChangeSessionIdAuthenticationStrategy (1/1)
2026-03-24 10:31:03 DEBUG [http-nio-8080-exec-3] o.s.security.web.FilterChainProxy - Secured PATCH /api/v1/user-assignments/4/primary?isPrimary=true
2026-03-24 10:31:03 DEBUG [http-nio-8080-exec-3] o.s.web.servlet.DispatcherServlet - PATCH "/api/v1/user-assignments/4/primary?isPrimary=true", parameters={masked}
2026-03-24 10:31:03 DEBUG [http-nio-8080-exec-3] o.s.w.s.m.m.a.RequestMappingHandlerMapping - Mapped to com.example.ClinicaDefinitiva.infrastructure.rest.controller.administration.authorization.UserRolAssignmentController#updatePrimary(Long, boolean, CustomUserDetails)
2026-03-24 10:31:04 DEBUG [http-nio-8080-exec-3] o.s.w.s.m.m.a.HttpEntityMethodProcessor - Using 'application/json', given [*/*] and supported [application/json, application/*+json]
2026-03-24 10:31:04 DEBUG [http-nio-8080-exec-3] o.s.w.s.m.m.a.HttpEntityMethodProcessor - Writing [ReadAssignmentResponse[id=4, userId=4, rolId=8, isPrimary=false, validFrom=2026-03-23, validTo=2026- (truncated)...]
2026-03-24 10:31:04 DEBUG [http-nio-8080-exec-3] o.s.web.servlet.DispatcherServlet - Completed 200 OK
2026-03-24 10:31:50 DEBUG [http-nio-8080-exec-1] o.s.security.web.FilterChainProxy - Securing PATCH /api/v1/user-assignments/2primary?isPrimary=true
2026-03-24 10:31:50 TRACE [http-nio-8080-exec-1] o.s.s.w.a.logout.LogoutFilter - Did not match request to Or [Ant [pattern='/logout', GET], Ant [pattern='/logout', POST], Ant [pattern='/logout', PUT], Ant [pattern='/logout', DELETE]]
2026-03-24 10:31:50 TRACE [http-nio-8080-exec-1] o.s.s.w.a.AnonymousAuthenticationFilter - Did not set SecurityContextHolder since already authenticated UsernamePasswordAuthenticationToken [Principal=com.example.ClinicaDefinitiva.infrastructure.security.adapter.CustomUserDetails@371f0698, Credentials=[PROTECTED], Authenticated=true, Details=null, Granted Authorities=[UPDATE_COMPANY, UPDATE_INVOICE, CREATE_ASSIGNMENT, UPDATE_GUARDIAN, CLONE_ROLE_ROLE, CANCEL_APPOINTMENT, UPDATE_JOURNAL_ENTRY, REVERSE_JOURNAL_ENTRY, CREATE_CONTRACT, DELETE_APPOINTMENT, RESCHEDULE_APPOINTMENT, SET_PERMISSIONS_ROLE, CREATE_PATIENT, READ_USER_IDENTITY, IS_CURRENTLY_ACTIVE_ASSIGNMENT, READ_RATE, ACTIVATE_ROLE_ROLE, DELETE_ROLE_ROLE, READ_APPOINTMENT, READ_DENTIST, CREATE_COMPANY, VIEW_ROLE_ROLE, SCHEDULE_APPOINTMENT, ROLE_RECEPTIONIST, DELETE_INVOICE, CREATE_CUSTOM_ROLE_ROLE, UPDATE_PAYMENT, CREATE_DENTIST, CHECK_PERMISSION_ROLE, READ_PATIENT, READ_ADMINISTRATIVE_REPORT, CREATE_APPOINTMENT, VIEW_ASSIGNMENT_ASSIGNMENT, READ_CONTRACT, DELETE_ADMINISTRATIVE_REPORT, DEACTIVATE_USER_IDENTITY, REVERSE_INVOICE, DEACTIVATE_ROLE_ROLE, APPROVE_INVOICE, READ_PROVIDED_SERVICE, REVOKE_ASSIGNMENT, READ_AVAILABILITY, READ_RECEPTIONIST, DELETE_RATE, UPDATE_PRIMARY_ASSIGNMENT, UPDATE_DENTIST, CREATE_USER_IDENTITY, DELETE_CONTRACT, DELETE_PAYMENT, DELETE_ASSIGNMENT, READ_COMPANY, UPDATE_ADMINISTRATIVE_REPORT, REMOVE_PERMISSION_ROLE, CREATE_PAYMENT, UPDATE_USER_IDENTITY, ADD_PERMISSION_ROLE, READ_GUARDIAN, UPDATE_CONTRACT, DELETE_COMPANY, IS_ACTIVE_AT_ASSIGNMENT, DELETE_DENTIST, READ_ASSIGNMENT, POST_INVOICE, REVOKE_ALL_ASSIGNMENT, CREATE_JOURNAL_ENTRY, CREATE_ADMINISTRATIVE_REPORT, UPDATE_ASSIGNMENT, READ_SHIFT, POST_JOURNAL_ENTRY, CREATE_GUARDIAN, ROLE_ADMINISTRATOR, CREATE_TEMPORARY_ASSIGNMENT, READ_PAYMENT, CREATE_RATE, EXTEND_ASSIGNMENT_ASSIGNMENT, READ_INVOICE, REACTIVATE_USER_IDENTITY, UPDATE_APPOINTMENT, UPDATE_RATE, DELETE_JOURNAL_ENTRY, CREATE_SHIFT, READ_JOURNAL_ENTRY, MARK_DELETED_ROLE_ROLE, CREATE_INVOICE, UPDATE_SHIFT, SUSPEND_ROLE_ROLE, UPDATE_PATIENT, UPDATE_PROVIDED_SERVICE, SUSPEND_USER_IDENTITY]]
2026-03-24 10:31:50 TRACE [http-nio-8080-exec-1] o.s.s.w.a.s.CompositeSessionAuthenticationStrategy - Preparing session with ChangeSessionIdAuthenticationStrategy (1/1)
2026-03-24 10:31:50 DEBUG [http-nio-8080-exec-1] o.s.security.web.FilterChainProxy - Secured PATCH /api/v1/user-assignments/2primary?isPrimary=true
2026-03-24 10:31:50 DEBUG [http-nio-8080-exec-1] o.s.web.servlet.DispatcherServlet - PATCH "/api/v1/user-assignments/2primary?isPrimary=true", parameters={masked}
2026-03-24 10:31:50 DEBUG [http-nio-8080-exec-1] o.s.w.s.m.m.a.ExceptionHandlerExceptionResolver - Using @ExceptionHandler com.example.ClinicaDefinitiva.infrastructure.rest.advice.GlobalControllerAdvice#handleMethodNotAllowed(HttpRequestMethodNotSupportedException)
2026-03-24 10:31:50 WARN  [http-nio-8080-exec-1] c.e.C.i.r.a.GlobalControllerAdvice - Método no soportado [requestId=580c3c20-e50d-4f93-b611-6afb651dbde4, usuario=admin@test.com]: Request method 'PATCH' is not supported
2026-03-24 10:31:50 DEBUG [http-nio-8080-exec-1] o.s.w.s.m.m.a.HttpEntityMethodProcessor - Using 'application/json', given [*/*] and supported [application/json, application/*+json]
2026-03-24 10:31:50 DEBUG [http-nio-8080-exec-1] o.s.w.s.m.m.a.HttpEntityMethodProcessor - Writing [com.example.ClinicaDefinitiva.infrastructure.rest.dto.ErrorResponse@15254545]
2026-03-24 10:31:50 DEBUG [http-nio-8080-exec-1] o.s.w.s.m.m.a.ExceptionHandlerExceptionResolver - Resolved [org.springframework.web.HttpRequestMethodNotSupportedException: Request method 'PATCH' is not supported]
2026-03-24 10:31:50 DEBUG [http-nio-8080-exec-1] o.s.web.servlet.DispatcherServlet - Completed 405 METHOD_NOT_ALLOWED
2026-03-24 10:32:01 DEBUG [http-nio-8080-exec-2] o.s.security.web.FilterChainProxy - Securing PATCH /api/v1/user-assignments/2/primary?isPrimary=true
2026-03-24 10:32:01 TRACE [http-nio-8080-exec-2] o.s.s.w.a.logout.LogoutFilter - Did not match request to Or [Ant [pattern='/logout', GET], Ant [pattern='/logout', POST], Ant [pattern='/logout', PUT], Ant [pattern='/logout', DELETE]]
2026-03-24 10:32:03 TRACE [http-nio-8080-exec-2] o.s.s.w.a.AnonymousAuthenticationFilter - Did not set SecurityContextHolder since already authenticated UsernamePasswordAuthenticationToken [Principal=com.example.ClinicaDefinitiva.infrastructure.security.adapter.CustomUserDetails@55e163a2, Credentials=[PROTECTED], Authenticated=true, Details=null, Granted Authorities=[UPDATE_COMPANY, UPDATE_INVOICE, CREATE_ASSIGNMENT, UPDATE_GUARDIAN, CLONE_ROLE_ROLE, CANCEL_APPOINTMENT, UPDATE_JOURNAL_ENTRY, REVERSE_JOURNAL_ENTRY, CREATE_CONTRACT, DELETE_APPOINTMENT, RESCHEDULE_APPOINTMENT, SET_PERMISSIONS_ROLE, CREATE_PATIENT, READ_USER_IDENTITY, IS_CURRENTLY_ACTIVE_ASSIGNMENT, READ_RATE, ACTIVATE_ROLE_ROLE, DELETE_ROLE_ROLE, READ_APPOINTMENT, READ_DENTIST, CREATE_COMPANY, VIEW_ROLE_ROLE, SCHEDULE_APPOINTMENT, ROLE_RECEPTIONIST, DELETE_INVOICE, CREATE_CUSTOM_ROLE_ROLE, UPDATE_PAYMENT, CREATE_DENTIST, CHECK_PERMISSION_ROLE, READ_PATIENT, READ_ADMINISTRATIVE_REPORT, CREATE_APPOINTMENT, VIEW_ASSIGNMENT_ASSIGNMENT, READ_CONTRACT, DELETE_ADMINISTRATIVE_REPORT, DEACTIVATE_USER_IDENTITY, REVERSE_INVOICE, DEACTIVATE_ROLE_ROLE, APPROVE_INVOICE, READ_PROVIDED_SERVICE, REVOKE_ASSIGNMENT, READ_AVAILABILITY, READ_RECEPTIONIST, DELETE_RATE, UPDATE_PRIMARY_ASSIGNMENT, UPDATE_DENTIST, CREATE_USER_IDENTITY, DELETE_CONTRACT, DELETE_PAYMENT, DELETE_ASSIGNMENT, READ_COMPANY, UPDATE_ADMINISTRATIVE_REPORT, REMOVE_PERMISSION_ROLE, CREATE_PAYMENT, UPDATE_USER_IDENTITY, ADD_PERMISSION_ROLE, READ_GUARDIAN, UPDATE_CONTRACT, DELETE_COMPANY, IS_ACTIVE_AT_ASSIGNMENT, DELETE_DENTIST, READ_ASSIGNMENT, POST_INVOICE, REVOKE_ALL_ASSIGNMENT, CREATE_JOURNAL_ENTRY, CREATE_ADMINISTRATIVE_REPORT, UPDATE_ASSIGNMENT, READ_SHIFT, POST_JOURNAL_ENTRY, CREATE_GUARDIAN, ROLE_ADMINISTRATOR, CREATE_TEMPORARY_ASSIGNMENT, READ_PAYMENT, CREATE_RATE, EXTEND_ASSIGNMENT_ASSIGNMENT, READ_INVOICE, REACTIVATE_USER_IDENTITY, UPDATE_APPOINTMENT, UPDATE_RATE, DELETE_JOURNAL_ENTRY, CREATE_SHIFT, READ_JOURNAL_ENTRY, MARK_DELETED_ROLE_ROLE, CREATE_INVOICE, UPDATE_SHIFT, SUSPEND_ROLE_ROLE, UPDATE_PATIENT, UPDATE_PROVIDED_SERVICE, SUSPEND_USER_IDENTITY]]
2026-03-24 10:32:03 TRACE [http-nio-8080-exec-2] o.s.s.w.a.s.CompositeSessionAuthenticationStrategy - Preparing session with ChangeSessionIdAuthenticationStrategy (1/1)
2026-03-24 10:32:03 DEBUG [http-nio-8080-exec-2] o.s.security.web.FilterChainProxy - Secured PATCH /api/v1/user-assignments/2/primary?isPrimary=true
2026-03-24 10:32:03 DEBUG [http-nio-8080-exec-2] o.s.web.servlet.DispatcherServlet - PATCH "/api/v1/user-assignments/2/primary?isPrimary=true", parameters={masked}
2026-03-24 10:32:03 DEBUG [http-nio-8080-exec-2] o.s.w.s.m.m.a.RequestMappingHandlerMapping - Mapped to com.example.ClinicaDefinitiva.infrastructure.rest.controller.administration.authorization.UserRolAssignmentController#updatePrimary(Long, boolean, CustomUserDetails)
2026-03-24 10:32:03 DEBUG [http-nio-8080-exec-2] o.s.w.s.m.m.a.HttpEntityMethodProcessor - Using 'application/json', given [*/*] and supported [application/json, application/*+json]
2026-03-24 10:32:03 DEBUG [http-nio-8080-exec-2] o.s.w.s.m.m.a.HttpEntityMethodProcessor - Writing [ReadAssignmentResponse[id=2, userId=1, rolId=2, isPrimary=true, validFrom=2026-03-13, validTo=null]]
2026-03-24 10:32:03 DEBUG [http-nio-8080-exec-2] o.s.web.servlet.DispatcherServlet - Completed 200 OK
2026-03-24 10:35:45 DEBUG [http-nio-8080-exec-6] o.s.security.web.FilterChainProxy - Securing DELETE /api/v1/user-assignments/user/1/roles/1
2026-03-24 10:35:45 TRACE [http-nio-8080-exec-6] o.s.s.w.a.logout.LogoutFilter - Did not match request to Or [Ant [pattern='/logout', GET], Ant [pattern='/logout', POST], Ant [pattern='/logout', PUT], Ant [pattern='/logout', DELETE]]
2026-03-24 10:35:45 TRACE [http-nio-8080-exec-6] o.s.s.w.a.AnonymousAuthenticationFilter - Set SecurityContextHolder to AnonymousAuthenticationToken [Principal=anonymousUser, Credentials=[PROTECTED], Authenticated=true, Details=WebAuthenticationDetails [RemoteIpAddress=0:0:0:0:0:0:0:1, SessionId=null], Granted Authorities=[ROLE_ANONYMOUS]]
2026-03-24 10:35:45 DEBUG [http-nio-8080-exec-6] o.s.s.w.a.Http403ForbiddenEntryPoint - Pre-authenticated entry point called. Rejecting access
2026-03-24 10:35:45 DEBUG [http-nio-8080-exec-6] o.s.security.web.FilterChainProxy - Securing DELETE /error
2026-03-24 10:35:45 TRACE [http-nio-8080-exec-6] o.s.s.w.a.logout.LogoutFilter - Did not match request to Or [Ant [pattern='/logout', GET], Ant [pattern='/logout', POST], Ant [pattern='/logout', PUT], Ant [pattern='/logout', DELETE]]
2026-03-24 10:35:45 TRACE [http-nio-8080-exec-6] o.s.s.w.a.AnonymousAuthenticationFilter - Set SecurityContextHolder to AnonymousAuthenticationToken [Principal=anonymousUser, Credentials=[PROTECTED], Authenticated=true, Details=WebAuthenticationDetails [RemoteIpAddress=0:0:0:0:0:0:0:1, SessionId=null], Granted Authorities=[ROLE_ANONYMOUS]]
2026-03-24 10:35:45 DEBUG [http-nio-8080-exec-6] o.s.s.w.a.Http403ForbiddenEntryPoint - Pre-authenticated entry point called. Rejecting access
2026-03-24 10:36:51 DEBUG [http-nio-8080-exec-10] o.s.security.web.FilterChainProxy - Securing DELETE /api/v1/user-assignments/user/1/roles/1
2026-03-24 10:36:51 TRACE [http-nio-8080-exec-10] o.s.s.w.a.logout.LogoutFilter - Did not match request to Or [Ant [pattern='/logout', GET], Ant [pattern='/logout', POST], Ant [pattern='/logout', PUT], Ant [pattern='/logout', DELETE]]
2026-03-24 10:36:51 TRACE [http-nio-8080-exec-10] o.s.s.w.a.AnonymousAuthenticationFilter - Did not set SecurityContextHolder since already authenticated UsernamePasswordAuthenticationToken [Principal=com.example.ClinicaDefinitiva.infrastructure.security.adapter.CustomUserDetails@58e8697d, Credentials=[PROTECTED], Authenticated=true, Details=null, Granted Authorities=[UPDATE_COMPANY, UPDATE_INVOICE, CREATE_ASSIGNMENT, UPDATE_GUARDIAN, CLONE_ROLE_ROLE, CANCEL_APPOINTMENT, UPDATE_JOURNAL_ENTRY, REVERSE_JOURNAL_ENTRY, CREATE_CONTRACT, DELETE_APPOINTMENT, RESCHEDULE_APPOINTMENT, SET_PERMISSIONS_ROLE, CREATE_PATIENT, READ_USER_IDENTITY, IS_CURRENTLY_ACTIVE_ASSIGNMENT, READ_RATE, ACTIVATE_ROLE_ROLE, DELETE_ROLE_ROLE, READ_APPOINTMENT, READ_DENTIST, CREATE_COMPANY, VIEW_ROLE_ROLE, SCHEDULE_APPOINTMENT, ROLE_RECEPTIONIST, DELETE_INVOICE, CREATE_CUSTOM_ROLE_ROLE, UPDATE_PAYMENT, CREATE_DENTIST, CHECK_PERMISSION_ROLE, READ_PATIENT, READ_ADMINISTRATIVE_REPORT, CREATE_APPOINTMENT, VIEW_ASSIGNMENT_ASSIGNMENT, READ_CONTRACT, DELETE_ADMINISTRATIVE_REPORT, DEACTIVATE_USER_IDENTITY, REVERSE_INVOICE, DEACTIVATE_ROLE_ROLE, APPROVE_INVOICE, READ_PROVIDED_SERVICE, REVOKE_ASSIGNMENT, READ_AVAILABILITY, READ_RECEPTIONIST, DELETE_RATE, UPDATE_PRIMARY_ASSIGNMENT, UPDATE_DENTIST, CREATE_USER_IDENTITY, DELETE_CONTRACT, DELETE_PAYMENT, DELETE_ASSIGNMENT, READ_COMPANY, UPDATE_ADMINISTRATIVE_REPORT, REMOVE_PERMISSION_ROLE, CREATE_PAYMENT, UPDATE_USER_IDENTITY, ADD_PERMISSION_ROLE, READ_GUARDIAN, UPDATE_CONTRACT, DELETE_COMPANY, IS_ACTIVE_AT_ASSIGNMENT, DELETE_DENTIST, READ_ASSIGNMENT, POST_INVOICE, REVOKE_ALL_ASSIGNMENT, CREATE_JOURNAL_ENTRY, CREATE_ADMINISTRATIVE_REPORT, UPDATE_ASSIGNMENT, READ_SHIFT, POST_JOURNAL_ENTRY, CREATE_GUARDIAN, ROLE_ADMINISTRATOR, CREATE_TEMPORARY_ASSIGNMENT, READ_PAYMENT, CREATE_RATE, EXTEND_ASSIGNMENT_ASSIGNMENT, READ_INVOICE, REACTIVATE_USER_IDENTITY, UPDATE_APPOINTMENT, UPDATE_RATE, DELETE_JOURNAL_ENTRY, CREATE_SHIFT, READ_JOURNAL_ENTRY, MARK_DELETED_ROLE_ROLE, CREATE_INVOICE, UPDATE_SHIFT, SUSPEND_ROLE_ROLE, UPDATE_PATIENT, UPDATE_PROVIDED_SERVICE, SUSPEND_USER_IDENTITY]]
2026-03-24 10:36:51 TRACE [http-nio-8080-exec-10] o.s.s.w.a.s.CompositeSessionAuthenticationStrategy - Preparing session with ChangeSessionIdAuthenticationStrategy (1/1)
2026-03-24 10:36:51 DEBUG [http-nio-8080-exec-10] o.s.security.web.FilterChainProxy - Secured DELETE /api/v1/user-assignments/user/1/roles/1
2026-03-24 10:36:51 DEBUG [http-nio-8080-exec-10] o.s.web.servlet.DispatcherServlet - DELETE "/api/v1/user-assignments/user/1/roles/1", parameters={}
2026-03-24 10:36:51 DEBUG [http-nio-8080-exec-10] o.s.w.s.m.m.a.RequestMappingHandlerMapping - Mapped to com.example.ClinicaDefinitiva.infrastructure.rest.controller.administration.authorization.UserRolAssignmentController#revokeRole(Long, Long, CustomUserDetails)
2026-03-24 10:36:51 DEBUG [http-nio-8080-exec-10] o.s.web.servlet.DispatcherServlet - Completed 204 NO_CONTENT
2026-03-24 10:40:22 DEBUG [http-nio-8080-exec-1] o.s.security.web.FilterChainProxy - Securing DELETE /api/v1/user-assignments/user/4/roles
2026-03-24 10:40:22 TRACE [http-nio-8080-exec-1] o.s.s.w.a.logout.LogoutFilter - Did not match request to Or [Ant [pattern='/logout', GET], Ant [pattern='/logout', POST], Ant [pattern='/logout', PUT], Ant [pattern='/logout', DELETE]]
2026-03-24 10:40:22 ERROR [http-nio-8080-exec-1] o.a.c.c.C.[.[.[.[dispatcherServlet] - Servlet.service() for servlet [dispatcherServlet] in context with path [] threw exception
java.lang.IllegalStateException: RolEnum not found for RolId: RolId[getValue=1]
	at com.example.ClinicaDefinitiva.infrastructure.security.adapter.CustomUserDetails.lambda$new$1(CustomUserDetails.java:44)
	at java.base/java.util.Optional.orElseThrow(Optional.java:403)
	at com.example.ClinicaDefinitiva.infrastructure.security.adapter.CustomUserDetails.lambda$new$3(CustomUserDetails.java:44)
	at java.base/java.util.stream.ReferencePipeline$7$1.accept(ReferencePipeline.java:273)
	at java.base/java.util.ArrayList$ArrayListSpliterator.forEachRemaining(ArrayList.java:1625)
	at java.base/java.util.stream.AbstractPipeline.copyInto(AbstractPipeline.java:509)
	at java.base/java.util.stream.AbstractPipeline.wrapAndCopyInto(AbstractPipeline.java:499)
	at java.base/java.util.stream.ReduceOps$ReduceOp.evaluateSequential(ReduceOps.java:921)
	at java.base/java.util.stream.AbstractPipeline.evaluate(AbstractPipeline.java:234)
	at java.base/java.util.stream.ReferencePipeline.collect(ReferencePipeline.java:682)
	at com.example.ClinicaDefinitiva.infrastructure.security.adapter.CustomUserDetails.<init>(CustomUserDetails.java:52)
	at com.example.ClinicaDefinitiva.infrastructure.security.adapter.CustomUserDetailsService.loadUserByUsername(CustomUserDetailsService.java:62)
	at com.example.ClinicaDefinitiva.infrastructure.security.filter.JwtAuthenticationFilter.doFilterInternal(JwtAuthenticationFilter.java:33)
	at org.springframework.web.filter.OncePerRequestFilter.doFilter(OncePerRequestFilter.java:116)
	at org.springframework.security.web.ObservationFilterChainDecorator$ObservationFilter.wrapFilter(ObservationFilterChainDecorator.java:240)
	at org.springframework.security.web.ObservationFilterChainDecorator$ObservationFilter.doFilter(ObservationFilterChainDecorator.java:227)
	at org.springframework.security.web.ObservationFilterChainDecorator$VirtualFilterChain.doFilter(ObservationFilterChainDecorator.java:137)
	at org.springframework.security.web.authentication.logout.LogoutFilter.doFilter(LogoutFilter.java:107)
	at org.springframework.security.web.authentication.logout.LogoutFilter.doFilter(LogoutFilter.java:93)
	at org.springframework.security.web.ObservationFilterChainDecorator$ObservationFilter.wrapFilter(ObservationFilterChainDecorator.java:240)
	at org.springframework.security.web.ObservationFilterChainDecorator$ObservationFilter.doFilter(ObservationFilterChainDecorator.java:227)
	at org.springframework.security.web.ObservationFilterChainDecorator$VirtualFilterChain.doFilter(ObservationFilterChainDecorator.java:137)
	at org.springframework.security.web.header.HeaderWriterFilter.doHeadersAfter(HeaderWriterFilter.java:90)
	at org.springframework.security.web.header.HeaderWriterFilter.doFilterInternal(HeaderWriterFilter.java:75)
	at org.springframework.web.filter.OncePerRequestFilter.doFilter(OncePerRequestFilter.java:116)
	at org.springframework.security.web.ObservationFilterChainDecorator$ObservationFilter.wrapFilter(ObservationFilterChainDecorator.java:240)
	at org.springframework.security.web.ObservationFilterChainDecorator$ObservationFilter.doFilter(ObservationFilterChainDecorator.java:227)
	at org.springframework.security.web.ObservationFilterChainDecorator$VirtualFilterChain.doFilter(ObservationFilterChainDecorator.java:137)
	at org.springframework.security.web.context.SecurityContextHolderFilter.doFilter(SecurityContextHolderFilter.java:82)
	at org.springframework.security.web.context.SecurityContextHolderFilter.doFilter(SecurityContextHolderFilter.java:69)
	at org.springframework.security.web.ObservationFilterChainDecorator$ObservationFilter.wrapFilter(ObservationFilterChainDecorator.java:240)
	at org.springframework.security.web.ObservationFilterChainDecorator$ObservationFilter.doFilter(ObservationFilterChainDecorator.java:227)
	at org.springframework.security.web.ObservationFilterChainDecorator$VirtualFilterChain.doFilter(ObservationFilterChainDecorator.java:137)
	at org.springframework.security.web.context.request.async.WebAsyncManagerIntegrationFilter.doFilterInternal(WebAsyncManagerIntegrationFilter.java:62)
	at org.springframework.web.filter.OncePerRequestFilter.doFilter(OncePerRequestFilter.java:116)
	at org.springframework.security.web.ObservationFilterChainDecorator$ObservationFilter.wrapFilter(ObservationFilterChainDecorator.java:240)
	at org.springframework.security.web.ObservationFilterChainDecorator$ObservationFilter.doFilter(ObservationFilterChainDecorator.java:227)
	at org.springframework.security.web.ObservationFilterChainDecorator$VirtualFilterChain.doFilter(ObservationFilterChainDecorator.java:137)
	at org.springframework.security.web.session.DisableEncodeUrlFilter.doFilterInternal(DisableEncodeUrlFilter.java:42)
	at org.springframework.web.filter.OncePerRequestFilter.doFilter(OncePerRequestFilter.java:116)
	at org.springframework.security.web.ObservationFilterChainDecorator$ObservationFilter.wrapFilter(ObservationFilterChainDecorator.java:240)
	at org.springframework.security.web.ObservationFilterChainDecorator$AroundFilterObservation$SimpleAroundFilterObservation.lambda$wrap$0(ObservationFilterChainDecorator.java:323)
	at org.springframework.security.web.ObservationFilterChainDecorator$ObservationFilter.doFilter(ObservationFilterChainDecorator.java:224)
	at org.springframework.security.web.ObservationFilterChainDecorator$VirtualFilterChain.doFilter(ObservationFilterChainDecorator.java:137)
	at org.springframework.security.web.FilterChainProxy.doFilterInternal(FilterChainProxy.java:233)
	at org.springframework.security.web.FilterChainProxy.doFilter(FilterChainProxy.java:191)
	at org.springframework.web.filter.CompositeFilter$VirtualFilterChain.doFilter(CompositeFilter.java:113)
	at org.springframework.web.filter.ServletRequestPathFilter.doFilter(ServletRequestPathFilter.java:52)
	at org.springframework.web.filter.CompositeFilter$VirtualFilterChain.doFilter(CompositeFilter.java:113)
	at org.springframework.web.filter.CompositeFilter.doFilter(CompositeFilter.java:74)
	at org.springframework.security.config.annotation.web.configuration.WebSecurityConfiguration$CompositeFilterChainProxy.doFilter(WebSecurityConfiguration.java:319)
	at org.springframework.web.filter.CompositeFilter$VirtualFilterChain.doFilter(CompositeFilter.java:113)
	at org.springframework.web.servlet.handler.HandlerMappingIntrospector.lambda$createCacheFilter$3(HandlerMappingIntrospector.java:243)
	at org.springframework.web.filter.CompositeFilter$VirtualFilterChain.doFilter(CompositeFilter.java:113)
	at org.springframework.web.filter.CompositeFilter.doFilter(CompositeFilter.java:74)
	at org.springframework.security.config.annotation.web.configuration.WebMvcSecurityConfiguration$CompositeFilterChainProxy.doFilter(WebMvcSecurityConfiguration.java:240)
	at org.springframework.web.filter.DelegatingFilterProxy.invokeDelegate(DelegatingFilterProxy.java:362)
	at org.springframework.web.filter.DelegatingFilterProxy.doFilter(DelegatingFilterProxy.java:278)
	at org.apache.catalina.core.ApplicationFilterChain.internalDoFilter(ApplicationFilterChain.java:164)
	at org.apache.catalina.core.ApplicationFilterChain.doFilter(ApplicationFilterChain.java:140)
	at org.springframework.web.filter.RequestContextFilter.doFilterInternal(RequestContextFilter.java:100)
	at org.springframework.web.filter.OncePerRequestFilter.doFilter(OncePerRequestFilter.java:116)
	at org.apache.catalina.core.ApplicationFilterChain.internalDoFilter(ApplicationFilterChain.java:164)
	at org.apache.catalina.core.ApplicationFilterChain.doFilter(ApplicationFilterChain.java:140)
	at org.springframework.web.filter.FormContentFilter.doFilterInternal(FormContentFilter.java:93)
	at org.springframework.web.filter.OncePerRequestFilter.doFilter(OncePerRequestFilter.java:116)
	at org.apache.catalina.core.ApplicationFilterChain.internalDoFilter(ApplicationFilterChain.java:164)
	at org.apache.catalina.core.ApplicationFilterChain.doFilter(ApplicationFilterChain.java:140)
	at org.springframework.web.filter.ServerHttpObservationFilter.doFilterInternal(ServerHttpObservationFilter.java:114)
	at org.springframework.web.filter.OncePerRequestFilter.doFilter(OncePerRequestFilter.java:116)
	at org.apache.catalina.core.ApplicationFilterChain.internalDoFilter(ApplicationFilterChain.java:164)
	at org.apache.catalina.core.ApplicationFilterChain.doFilter(ApplicationFilterChain.java:140)
	at org.springframework.web.filter.CharacterEncodingFilter.doFilterInternal(CharacterEncodingFilter.java:201)
	at org.springframework.web.filter.OncePerRequestFilter.doFilter(OncePerRequestFilter.java:116)
	at org.apache.catalina.core.ApplicationFilterChain.internalDoFilter(ApplicationFilterChain.java:164)
	at org.apache.catalina.core.ApplicationFilterChain.doFilter(ApplicationFilterChain.java:140)
	at org.apache.catalina.core.StandardWrapperValve.invoke(StandardWrapperValve.java:167)
	at org.apache.catalina.core.StandardContextValve.invoke(StandardContextValve.java:90)
	at org.apache.catalina.authenticator.AuthenticatorBase.invoke(AuthenticatorBase.java:483)
	at org.apache.catalina.core.StandardHostValve.invoke(StandardHostValve.java:116)
	at org.apache.catalina.valves.ErrorReportValve.invoke(ErrorReportValve.java:93)
	at org.apache.catalina.core.StandardEngineValve.invoke(StandardEngineValve.java:74)
	at org.apache.catalina.connector.CoyoteAdapter.service(CoyoteAdapter.java:344)
	at org.apache.coyote.http11.Http11Processor.service(Http11Processor.java:398)
	at org.apache.coyote.AbstractProcessorLight.process(AbstractProcessorLight.java:63)
	at org.apache.coyote.AbstractProtocol$ConnectionHandler.process(AbstractProtocol.java:903)
	at org.apache.tomcat.util.net.NioEndpoint$SocketProcessor.doRun(NioEndpoint.java:1740)
	at org.apache.tomcat.util.net.SocketProcessorBase.run(SocketProcessorBase.java:52)
	at org.apache.tomcat.util.threads.ThreadPoolExecutor.runWorker(ThreadPoolExecutor.java:1189)
	at org.apache.tomcat.util.threads.ThreadPoolExecutor$Worker.run(ThreadPoolExecutor.java:658)
	at org.apache.tomcat.util.threads.TaskThread$WrappingRunnable.run(TaskThread.java:63)
	at java.base/java.lang.Thread.run(Thread.java:842)
2026-03-24 10:40:22 DEBUG [http-nio-8080-exec-1] o.s.security.web.FilterChainProxy - Securing DELETE /error
2026-03-24 10:40:22 TRACE [http-nio-8080-exec-1] o.s.s.w.a.logout.LogoutFilter - Did not match request to Or [Ant [pattern='/logout', GET], Ant [pattern='/logout', POST], Ant [pattern='/logout', PUT], Ant [pattern='/logout', DELETE]]
2026-03-24 10:40:22 TRACE [http-nio-8080-exec-1] o.s.s.w.a.AnonymousAuthenticationFilter - Set SecurityContextHolder to AnonymousAuthenticationToken [Principal=anonymousUser, Credentials=[PROTECTED], Authenticated=true, Details=WebAuthenticationDetails [RemoteIpAddress=0:0:0:0:0:0:0:1, SessionId=null], Granted Authorities=[ROLE_ANONYMOUS]]
2026-03-24 10:40:22 DEBUG [http-nio-8080-exec-1] o.s.s.w.a.Http403ForbiddenEntryPoint - Pre-authenticated entry point called. Rejecting access
2026-03-24 10:41:34 DEBUG [http-nio-8080-exec-4] o.s.security.web.FilterChainProxy - Securing DELETE /api/v1/user-assignments/user/4/roles
2026-03-24 10:41:34 TRACE [http-nio-8080-exec-4] o.s.s.w.a.logout.LogoutFilter - Did not match request to Or [Ant [pattern='/logout', GET], Ant [pattern='/logout', POST], Ant [pattern='/logout', PUT], Ant [pattern='/logout', DELETE]]
2026-03-24 10:41:34 ERROR [http-nio-8080-exec-4] o.a.c.c.C.[.[.[.[dispatcherServlet] - Servlet.service() for servlet [dispatcherServlet] in context with path [] threw exception
java.lang.IllegalStateException: RolEnum not found for RolId: RolId[getValue=1]
	at com.example.ClinicaDefinitiva.infrastructure.security.adapter.CustomUserDetails.lambda$new$1(CustomUserDetails.java:44)
	at java.base/java.util.Optional.orElseThrow(Optional.java:403)
	at com.example.ClinicaDefinitiva.infrastructure.security.adapter.CustomUserDetails.lambda$new$3(CustomUserDetails.java:44)
	at java.base/java.util.stream.ReferencePipeline$7$1.accept(ReferencePipeline.java:273)
	at java.base/java.util.ArrayList$ArrayListSpliterator.forEachRemaining(ArrayList.java:1625)
	at java.base/java.util.stream.AbstractPipeline.copyInto(AbstractPipeline.java:509)
	at java.base/java.util.stream.AbstractPipeline.wrapAndCopyInto(AbstractPipeline.java:499)
	at java.base/java.util.stream.ReduceOps$ReduceOp.evaluateSequential(ReduceOps.java:921)
	at java.base/java.util.stream.AbstractPipeline.evaluate(AbstractPipeline.java:234)
	at java.base/java.util.stream.ReferencePipeline.collect(ReferencePipeline.java:682)
	at com.example.ClinicaDefinitiva.infrastructure.security.adapter.CustomUserDetails.<init>(CustomUserDetails.java:52)
	at com.example.ClinicaDefinitiva.infrastructure.security.adapter.CustomUserDetailsService.loadUserByUsername(CustomUserDetailsService.java:62)
	at com.example.ClinicaDefinitiva.infrastructure.security.filter.JwtAuthenticationFilter.doFilterInternal(JwtAuthenticationFilter.java:33)
	at org.springframework.web.filter.OncePerRequestFilter.doFilter(OncePerRequestFilter.java:116)
	at org.springframework.security.web.ObservationFilterChainDecorator$ObservationFilter.wrapFilter(ObservationFilterChainDecorator.java:240)
	at org.springframework.security.web.ObservationFilterChainDecorator$ObservationFilter.doFilter(ObservationFilterChainDecorator.java:227)
	at org.springframework.security.web.ObservationFilterChainDecorator$VirtualFilterChain.doFilter(ObservationFilterChainDecorator.java:137)
	at org.springframework.security.web.authentication.logout.LogoutFilter.doFilter(LogoutFilter.java:107)
	at org.springframework.security.web.authentication.logout.LogoutFilter.doFilter(LogoutFilter.java:93)
	at org.springframework.security.web.ObservationFilterChainDecorator$ObservationFilter.wrapFilter(ObservationFilterChainDecorator.java:240)
	at org.springframework.security.web.ObservationFilterChainDecorator$ObservationFilter.doFilter(ObservationFilterChainDecorator.java:227)
	at org.springframework.security.web.ObservationFilterChainDecorator$VirtualFilterChain.doFilter(ObservationFilterChainDecorator.java:137)
	at org.springframework.security.web.header.HeaderWriterFilter.doHeadersAfter(HeaderWriterFilter.java:90)
	at org.springframework.security.web.header.HeaderWriterFilter.doFilterInternal(HeaderWriterFilter.java:75)
	at org.springframework.web.filter.OncePerRequestFilter.doFilter(OncePerRequestFilter.java:116)
	at org.springframework.security.web.ObservationFilterChainDecorator$ObservationFilter.wrapFilter(ObservationFilterChainDecorator.java:240)
	at org.springframework.security.web.ObservationFilterChainDecorator$ObservationFilter.doFilter(ObservationFilterChainDecorator.java:227)
	at org.springframework.security.web.ObservationFilterChainDecorator$VirtualFilterChain.doFilter(ObservationFilterChainDecorator.java:137)
	at org.springframework.security.web.context.SecurityContextHolderFilter.doFilter(SecurityContextHolderFilter.java:82)
	at org.springframework.security.web.context.SecurityContextHolderFilter.doFilter(SecurityContextHolderFilter.java:69)
	at org.springframework.security.web.ObservationFilterChainDecorator$ObservationFilter.wrapFilter(ObservationFilterChainDecorator.java:240)
	at org.springframework.security.web.ObservationFilterChainDecorator$ObservationFilter.doFilter(ObservationFilterChainDecorator.java:227)
	at org.springframework.security.web.ObservationFilterChainDecorator$VirtualFilterChain.doFilter(ObservationFilterChainDecorator.java:137)
	at org.springframework.security.web.context.request.async.WebAsyncManagerIntegrationFilter.doFilterInternal(WebAsyncManagerIntegrationFilter.java:62)
	at org.springframework.web.filter.OncePerRequestFilter.doFilter(OncePerRequestFilter.java:116)
	at org.springframework.security.web.ObservationFilterChainDecorator$ObservationFilter.wrapFilter(ObservationFilterChainDecorator.java:240)
	at org.springframework.security.web.ObservationFilterChainDecorator$ObservationFilter.doFilter(ObservationFilterChainDecorator.java:227)
	at org.springframework.security.web.ObservationFilterChainDecorator$VirtualFilterChain.doFilter(ObservationFilterChainDecorator.java:137)
	at org.springframework.security.web.session.DisableEncodeUrlFilter.doFilterInternal(DisableEncodeUrlFilter.java:42)
	at org.springframework.web.filter.OncePerRequestFilter.doFilter(OncePerRequestFilter.java:116)
	at org.springframework.security.web.ObservationFilterChainDecorator$ObservationFilter.wrapFilter(ObservationFilterChainDecorator.java:240)
	at org.springframework.security.web.ObservationFilterChainDecorator$AroundFilterObservation$SimpleAroundFilterObservation.lambda$wrap$0(ObservationFilterChainDecorator.java:323)
	at org.springframework.security.web.ObservationFilterChainDecorator$ObservationFilter.doFilter(ObservationFilterChainDecorator.java:224)
	at org.springframework.security.web.ObservationFilterChainDecorator$VirtualFilterChain.doFilter(ObservationFilterChainDecorator.java:137)
	at org.springframework.security.web.FilterChainProxy.doFilterInternal(FilterChainProxy.java:233)
	at org.springframework.security.web.FilterChainProxy.doFilter(FilterChainProxy.java:191)
	at org.springframework.web.filter.CompositeFilter$VirtualFilterChain.doFilter(CompositeFilter.java:113)
	at org.springframework.web.filter.ServletRequestPathFilter.doFilter(ServletRequestPathFilter.java:52)
	at org.springframework.web.filter.CompositeFilter$VirtualFilterChain.doFilter(CompositeFilter.java:113)
	at org.springframework.web.filter.CompositeFilter.doFilter(CompositeFilter.java:74)
	at org.springframework.security.config.annotation.web.configuration.WebSecurityConfiguration$CompositeFilterChainProxy.doFilter(WebSecurityConfiguration.java:319)
	at org.springframework.web.filter.CompositeFilter$VirtualFilterChain.doFilter(CompositeFilter.java:113)
	at org.springframework.web.servlet.handler.HandlerMappingIntrospector.lambda$createCacheFilter$3(HandlerMappingIntrospector.java:243)
	at org.springframework.web.filter.CompositeFilter$VirtualFilterChain.doFilter(CompositeFilter.java:113)
	at org.springframework.web.filter.CompositeFilter.doFilter(CompositeFilter.java:74)
	at org.springframework.security.config.annotation.web.configuration.WebMvcSecurityConfiguration$CompositeFilterChainProxy.doFilter(WebMvcSecurityConfiguration.java:240)
	at org.springframework.web.filter.DelegatingFilterProxy.invokeDelegate(DelegatingFilterProxy.java:362)
	at org.springframework.web.filter.DelegatingFilterProxy.doFilter(DelegatingFilterProxy.java:278)
	at org.apache.catalina.core.ApplicationFilterChain.internalDoFilter(ApplicationFilterChain.java:164)
	at org.apache.catalina.core.ApplicationFilterChain.doFilter(ApplicationFilterChain.java:140)
	at org.springframework.web.filter.RequestContextFilter.doFilterInternal(RequestContextFilter.java:100)
	at org.springframework.web.filter.OncePerRequestFilter.doFilter(OncePerRequestFilter.java:116)
	at org.apache.catalina.core.ApplicationFilterChain.internalDoFilter(ApplicationFilterChain.java:164)
	at org.apache.catalina.core.ApplicationFilterChain.doFilter(ApplicationFilterChain.java:140)
	at org.springframework.web.filter.FormContentFilter.doFilterInternal(FormContentFilter.java:93)
	at org.springframework.web.filter.OncePerRequestFilter.doFilter(OncePerRequestFilter.java:116)
	at org.apache.catalina.core.ApplicationFilterChain.internalDoFilter(ApplicationFilterChain.java:164)
	at org.apache.catalina.core.ApplicationFilterChain.doFilter(ApplicationFilterChain.java:140)
	at org.springframework.web.filter.ServerHttpObservationFilter.doFilterInternal(ServerHttpObservationFilter.java:114)
	at org.springframework.web.filter.OncePerRequestFilter.doFilter(OncePerRequestFilter.java:116)
	at org.apache.catalina.core.ApplicationFilterChain.internalDoFilter(ApplicationFilterChain.java:164)
	at org.apache.catalina.core.ApplicationFilterChain.doFilter(ApplicationFilterChain.java:140)
	at org.springframework.web.filter.CharacterEncodingFilter.doFilterInternal(CharacterEncodingFilter.java:201)
	at org.springframework.web.filter.OncePerRequestFilter.doFilter(OncePerRequestFilter.java:116)
	at org.apache.catalina.core.ApplicationFilterChain.internalDoFilter(ApplicationFilterChain.java:164)
	at org.apache.catalina.core.ApplicationFilterChain.doFilter(ApplicationFilterChain.java:140)
	at org.apache.catalina.core.StandardWrapperValve.invoke(StandardWrapperValve.java:167)
	at org.apache.catalina.core.StandardContextValve.invoke(StandardContextValve.java:90)
	at org.apache.catalina.authenticator.AuthenticatorBase.invoke(AuthenticatorBase.java:483)
	at org.apache.catalina.core.StandardHostValve.invoke(StandardHostValve.java:116)
	at org.apache.catalina.valves.ErrorReportValve.invoke(ErrorReportValve.java:93)
	at org.apache.catalina.core.StandardEngineValve.invoke(StandardEngineValve.java:74)
	at org.apache.catalina.connector.CoyoteAdapter.service(CoyoteAdapter.java:344)
	at org.apache.coyote.http11.Http11Processor.service(Http11Processor.java:398)
	at org.apache.coyote.AbstractProcessorLight.process(AbstractProcessorLight.java:63)
	at org.apache.coyote.AbstractProtocol$ConnectionHandler.process(AbstractProtocol.java:903)
	at org.apache.tomcat.util.net.NioEndpoint$SocketProcessor.doRun(NioEndpoint.java:1740)
	at org.apache.tomcat.util.net.SocketProcessorBase.run(SocketProcessorBase.java:52)
	at org.apache.tomcat.util.threads.ThreadPoolExecutor.runWorker(ThreadPoolExecutor.java:1189)
	at org.apache.tomcat.util.threads.ThreadPoolExecutor$Worker.run(ThreadPoolExecutor.java:658)
	at org.apache.tomcat.util.threads.TaskThread$WrappingRunnable.run(TaskThread.java:63)
	at java.base/java.lang.Thread.run(Thread.java:842)
2026-03-24 10:41:34 DEBUG [http-nio-8080-exec-4] o.s.security.web.FilterChainProxy - Securing DELETE /error
2026-03-24 10:41:34 TRACE [http-nio-8080-exec-4] o.s.s.w.a.logout.LogoutFilter - Did not match request to Or [Ant [pattern='/logout', GET], Ant [pattern='/logout', POST], Ant [pattern='/logout', PUT], Ant [pattern='/logout', DELETE]]
2026-03-24 10:41:34 TRACE [http-nio-8080-exec-4] o.s.s.w.a.AnonymousAuthenticationFilter - Set SecurityContextHolder to AnonymousAuthenticationToken [Principal=anonymousUser, Credentials=[PROTECTED], Authenticated=true, Details=WebAuthenticationDetails [RemoteIpAddress=0:0:0:0:0:0:0:1, SessionId=null], Granted Authorities=[ROLE_ANONYMOUS]]
2026-03-24 10:41:34 DEBUG [http-nio-8080-exec-4] o.s.s.w.a.Http403ForbiddenEntryPoint - Pre-authenticated entry point called. Rejecting access
2026-03-24 10:42:56 DEBUG [http-nio-8080-exec-9] o.s.security.web.FilterChainProxy - Securing GET /api/v1/user-assignments/4
2026-03-24 10:42:56 TRACE [http-nio-8080-exec-9] o.s.s.w.a.logout.LogoutFilter - Did not match request to Or [Ant [pattern='/logout', GET], Ant [pattern='/logout', POST], Ant [pattern='/logout', PUT], Ant [pattern='/logout', DELETE]]
2026-03-24 10:42:56 ERROR [http-nio-8080-exec-9] o.a.c.c.C.[.[.[.[dispatcherServlet] - Servlet.service() for servlet [dispatcherServlet] in context with path [] threw exception
java.lang.IllegalStateException: RolEnum not found for RolId: RolId[getValue=1]
	at com.example.ClinicaDefinitiva.infrastructure.security.adapter.CustomUserDetails.lambda$new$1(CustomUserDetails.java:44)
	at java.base/java.util.Optional.orElseThrow(Optional.java:403)
	at com.example.ClinicaDefinitiva.infrastructure.security.adapter.CustomUserDetails.lambda$new$3(CustomUserDetails.java:44)
	at java.base/java.util.stream.ReferencePipeline$7$1.accept(ReferencePipeline.java:273)
	at java.base/java.util.ArrayList$ArrayListSpliterator.forEachRemaining(ArrayList.java:1625)
	at java.base/java.util.stream.AbstractPipeline.copyInto(AbstractPipeline.java:509)
	at java.base/java.util.stream.AbstractPipeline.wrapAndCopyInto(AbstractPipeline.java:499)
	at java.base/java.util.stream.ReduceOps$ReduceOp.evaluateSequential(ReduceOps.java:921)
	at java.base/java.util.stream.AbstractPipeline.evaluate(AbstractPipeline.java:234)
	at java.base/java.util.stream.ReferencePipeline.collect(ReferencePipeline.java:682)
	at com.example.ClinicaDefinitiva.infrastructure.security.adapter.CustomUserDetails.<init>(CustomUserDetails.java:52)
	at com.example.ClinicaDefinitiva.infrastructure.security.adapter.CustomUserDetailsService.loadUserByUsername(CustomUserDetailsService.java:62)
	at com.example.ClinicaDefinitiva.infrastructure.security.filter.JwtAuthenticationFilter.doFilterInternal(JwtAuthenticationFilter.java:33)
	at org.springframework.web.filter.OncePerRequestFilter.doFilter(OncePerRequestFilter.java:116)
	at org.springframework.security.web.ObservationFilterChainDecorator$ObservationFilter.wrapFilter(ObservationFilterChainDecorator.java:240)
	at org.springframework.security.web.ObservationFilterChainDecorator$ObservationFilter.doFilter(ObservationFilterChainDecorator.java:227)
	at org.springframework.security.web.ObservationFilterChainDecorator$VirtualFilterChain.doFilter(ObservationFilterChainDecorator.java:137)
	at org.springframework.security.web.authentication.logout.LogoutFilter.doFilter(LogoutFilter.java:107)
	at org.springframework.security.web.authentication.logout.LogoutFilter.doFilter(LogoutFilter.java:93)
	at org.springframework.security.web.ObservationFilterChainDecorator$ObservationFilter.wrapFilter(ObservationFilterChainDecorator.java:240)
	at org.springframework.security.web.ObservationFilterChainDecorator$ObservationFilter.doFilter(ObservationFilterChainDecorator.java:227)
	at org.springframework.security.web.ObservationFilterChainDecorator$VirtualFilterChain.doFilter(ObservationFilterChainDecorator.java:137)
	at org.springframework.security.web.header.HeaderWriterFilter.doHeadersAfter(HeaderWriterFilter.java:90)
	at org.springframework.security.web.header.HeaderWriterFilter.doFilterInternal(HeaderWriterFilter.java:75)
	at org.springframework.web.filter.OncePerRequestFilter.doFilter(OncePerRequestFilter.java:116)
	at org.springframework.security.web.ObservationFilterChainDecorator$ObservationFilter.wrapFilter(ObservationFilterChainDecorator.java:240)
	at org.springframework.security.web.ObservationFilterChainDecorator$ObservationFilter.doFilter(ObservationFilterChainDecorator.java:227)
	at org.springframework.security.web.ObservationFilterChainDecorator$VirtualFilterChain.doFilter(ObservationFilterChainDecorator.java:137)
	at org.springframework.security.web.context.SecurityContextHolderFilter.doFilter(SecurityContextHolderFilter.java:82)
	at org.springframework.security.web.context.SecurityContextHolderFilter.doFilter(SecurityContextHolderFilter.java:69)
	at org.springframework.security.web.ObservationFilterChainDecorator$ObservationFilter.wrapFilter(ObservationFilterChainDecorator.java:240)
	at org.springframework.security.web.ObservationFilterChainDecorator$ObservationFilter.doFilter(ObservationFilterChainDecorator.java:227)
	at org.springframework.security.web.ObservationFilterChainDecorator$VirtualFilterChain.doFilter(ObservationFilterChainDecorator.java:137)
	at org.springframework.security.web.context.request.async.WebAsyncManagerIntegrationFilter.doFilterInternal(WebAsyncManagerIntegrationFilter.java:62)
	at org.springframework.web.filter.OncePerRequestFilter.doFilter(OncePerRequestFilter.java:116)
	at org.springframework.security.web.ObservationFilterChainDecorator$ObservationFilter.wrapFilter(ObservationFilterChainDecorator.java:240)
	at org.springframework.security.web.ObservationFilterChainDecorator$ObservationFilter.doFilter(ObservationFilterChainDecorator.java:227)
	at org.springframework.security.web.ObservationFilterChainDecorator$VirtualFilterChain.doFilter(ObservationFilterChainDecorator.java:137)
	at org.springframework.security.web.session.DisableEncodeUrlFilter.doFilterInternal(DisableEncodeUrlFilter.java:42)
	at org.springframework.web.filter.OncePerRequestFilter.doFilter(OncePerRequestFilter.java:116)
	at org.springframework.security.web.ObservationFilterChainDecorator$ObservationFilter.wrapFilter(ObservationFilterChainDecorator.java:240)
	at org.springframework.security.web.ObservationFilterChainDecorator$AroundFilterObservation$SimpleAroundFilterObservation.lambda$wrap$0(ObservationFilterChainDecorator.java:323)
	at org.springframework.security.web.ObservationFilterChainDecorator$ObservationFilter.doFilter(ObservationFilterChainDecorator.java:224)
	at org.springframework.security.web.ObservationFilterChainDecorator$VirtualFilterChain.doFilter(ObservationFilterChainDecorator.java:137)
	at org.springframework.security.web.FilterChainProxy.doFilterInternal(FilterChainProxy.java:233)
	at org.springframework.security.web.FilterChainProxy.doFilter(FilterChainProxy.java:191)
	at org.springframework.web.filter.CompositeFilter$VirtualFilterChain.doFilter(CompositeFilter.java:113)
	at org.springframework.web.filter.ServletRequestPathFilter.doFilter(ServletRequestPathFilter.java:52)
	at org.springframework.web.filter.CompositeFilter$VirtualFilterChain.doFilter(CompositeFilter.java:113)
	at org.springframework.web.filter.CompositeFilter.doFilter(CompositeFilter.java:74)
	at org.springframework.security.config.annotation.web.configuration.WebSecurityConfiguration$CompositeFilterChainProxy.doFilter(WebSecurityConfiguration.java:319)
	at org.springframework.web.filter.CompositeFilter$VirtualFilterChain.doFilter(CompositeFilter.java:113)
	at org.springframework.web.servlet.handler.HandlerMappingIntrospector.lambda$createCacheFilter$3(HandlerMappingIntrospector.java:243)
	at org.springframework.web.filter.CompositeFilter$VirtualFilterChain.doFilter(CompositeFilter.java:113)
	at org.springframework.web.filter.CompositeFilter.doFilter(CompositeFilter.java:74)
	at org.springframework.security.config.annotation.web.configuration.WebMvcSecurityConfiguration$CompositeFilterChainProxy.doFilter(WebMvcSecurityConfiguration.java:240)
	at org.springframework.web.filter.DelegatingFilterProxy.invokeDelegate(DelegatingFilterProxy.java:362)
	at org.springframework.web.filter.DelegatingFilterProxy.doFilter(DelegatingFilterProxy.java:278)
	at org.apache.catalina.core.ApplicationFilterChain.internalDoFilter(ApplicationFilterChain.java:164)
	at org.apache.catalina.core.ApplicationFilterChain.doFilter(ApplicationFilterChain.java:140)
	at org.springframework.web.filter.RequestContextFilter.doFilterInternal(RequestContextFilter.java:100)
	at org.springframework.web.filter.OncePerRequestFilter.doFilter(OncePerRequestFilter.java:116)
	at org.apache.catalina.core.ApplicationFilterChain.internalDoFilter(ApplicationFilterChain.java:164)
	at org.apache.catalina.core.ApplicationFilterChain.doFilter(ApplicationFilterChain.java:140)
	at org.springframework.web.filter.FormContentFilter.doFilterInternal(FormContentFilter.java:93)
	at org.springframework.web.filter.OncePerRequestFilter.doFilter(OncePerRequestFilter.java:116)
	at org.apache.catalina.core.ApplicationFilterChain.internalDoFilter(ApplicationFilterChain.java:164)
	at org.apache.catalina.core.ApplicationFilterChain.doFilter(ApplicationFilterChain.java:140)
	at org.springframework.web.filter.ServerHttpObservationFilter.doFilterInternal(ServerHttpObservationFilter.java:114)
	at org.springframework.web.filter.OncePerRequestFilter.doFilter(OncePerRequestFilter.java:116)
	at org.apache.catalina.core.ApplicationFilterChain.internalDoFilter(ApplicationFilterChain.java:164)
	at org.apache.catalina.core.ApplicationFilterChain.doFilter(ApplicationFilterChain.java:140)
	at org.springframework.web.filter.CharacterEncodingFilter.doFilterInternal(CharacterEncodingFilter.java:201)
	at org.springframework.web.filter.OncePerRequestFilter.doFilter(OncePerRequestFilter.java:116)
	at org.apache.catalina.core.ApplicationFilterChain.internalDoFilter(ApplicationFilterChain.java:164)
	at org.apache.catalina.core.ApplicationFilterChain.doFilter(ApplicationFilterChain.java:140)
	at org.apache.catalina.core.StandardWrapperValve.invoke(StandardWrapperValve.java:167)
	at org.apache.catalina.core.StandardContextValve.invoke(StandardContextValve.java:90)
	at org.apache.catalina.authenticator.AuthenticatorBase.invoke(AuthenticatorBase.java:483)
	at org.apache.catalina.core.StandardHostValve.invoke(StandardHostValve.java:116)
	at org.apache.catalina.valves.ErrorReportValve.invoke(ErrorReportValve.java:93)
	at org.apache.catalina.core.StandardEngineValve.invoke(StandardEngineValve.java:74)
	at org.apache.catalina.connector.CoyoteAdapter.service(CoyoteAdapter.java:344)
	at org.apache.coyote.http11.Http11Processor.service(Http11Processor.java:398)
	at org.apache.coyote.AbstractProcessorLight.process(AbstractProcessorLight.java:63)
	at org.apache.coyote.AbstractProtocol$ConnectionHandler.process(AbstractProtocol.java:903)
	at org.apache.tomcat.util.net.NioEndpoint$SocketProcessor.doRun(NioEndpoint.java:1740)
	at org.apache.tomcat.util.net.SocketProcessorBase.run(SocketProcessorBase.java:52)
	at org.apache.tomcat.util.threads.ThreadPoolExecutor.runWorker(ThreadPoolExecutor.java:1189)
	at org.apache.tomcat.util.threads.ThreadPoolExecutor$Worker.run(ThreadPoolExecutor.java:658)
	at org.apache.tomcat.util.threads.TaskThread$WrappingRunnable.run(TaskThread.java:63)
	at java.base/java.lang.Thread.run(Thread.java:842)
2026-03-24 10:42:56 DEBUG [http-nio-8080-exec-9] o.s.security.web.FilterChainProxy - Securing GET /error
2026-03-24 10:42:56 TRACE [http-nio-8080-exec-9] o.s.s.w.a.logout.LogoutFilter - Did not match request to Or [Ant [pattern='/logout', GET], Ant [pattern='/logout', POST], Ant [pattern='/logout', PUT], Ant [pattern='/logout', DELETE]]
2026-03-24 10:42:56 TRACE [http-nio-8080-exec-9] o.s.s.w.a.AnonymousAuthenticationFilter - Set SecurityContextHolder to AnonymousAuthenticationToken [Principal=anonymousUser, Credentials=[PROTECTED], Authenticated=true, Details=WebAuthenticationDetails [RemoteIpAddress=0:0:0:0:0:0:0:1, SessionId=null], Granted Authorities=[ROLE_ANONYMOUS]]
2026-03-24 10:42:56 DEBUG [http-nio-8080-exec-9] o.s.s.w.a.Http403ForbiddenEntryPoint - Pre-authenticated entry point called. Rejecting access
2026-03-24 10:46:49 DEBUG [http-nio-8080-exec-3] o.s.security.web.FilterChainProxy - Securing DELETE /api/v1/user-assignments/user/4/roles
2026-03-24 10:46:49 TRACE [http-nio-8080-exec-3] o.s.s.w.a.logout.LogoutFilter - Did not match request to Or [Ant [pattern='/logout', GET], Ant [pattern='/logout', POST], Ant [pattern='/logout', PUT], Ant [pattern='/logout', DELETE]]
2026-03-24 10:46:49 TRACE [http-nio-8080-exec-3] o.s.s.w.a.AnonymousAuthenticationFilter - Did not set SecurityContextHolder since already authenticated UsernamePasswordAuthenticationToken [Principal=com.example.ClinicaDefinitiva.infrastructure.security.adapter.CustomUserDetails@11545b5, Credentials=[PROTECTED], Authenticated=true, Details=null, Granted Authorities=[UPDATE_COMPANY, UPDATE_INVOICE, CREATE_ASSIGNMENT, UPDATE_GUARDIAN, CLONE_ROLE_ROLE, CANCEL_APPOINTMENT, UPDATE_JOURNAL_ENTRY, REVERSE_JOURNAL_ENTRY, CREATE_CONTRACT, DELETE_APPOINTMENT, RESCHEDULE_APPOINTMENT, SET_PERMISSIONS_ROLE, CREATE_PATIENT, READ_USER_IDENTITY, IS_CURRENTLY_ACTIVE_ASSIGNMENT, READ_RATE, ACTIVATE_ROLE_ROLE, DELETE_ROLE_ROLE, READ_APPOINTMENT, READ_DENTIST, CREATE_COMPANY, VIEW_ROLE_ROLE, SCHEDULE_APPOINTMENT, ROLE_RECEPTIONIST, DELETE_INVOICE, CREATE_CUSTOM_ROLE_ROLE, UPDATE_PAYMENT, CREATE_DENTIST, CHECK_PERMISSION_ROLE, READ_PATIENT, READ_ADMINISTRATIVE_REPORT, CREATE_APPOINTMENT, VIEW_ASSIGNMENT_ASSIGNMENT, READ_CONTRACT, DELETE_ADMINISTRATIVE_REPORT, DEACTIVATE_USER_IDENTITY, REVERSE_INVOICE, DEACTIVATE_ROLE_ROLE, APPROVE_INVOICE, READ_PROVIDED_SERVICE, REVOKE_ASSIGNMENT, READ_AVAILABILITY, READ_RECEPTIONIST, DELETE_RATE, UPDATE_PRIMARY_ASSIGNMENT, UPDATE_DENTIST, CREATE_USER_IDENTITY, DELETE_CONTRACT, DELETE_PAYMENT, DELETE_ASSIGNMENT, READ_COMPANY, UPDATE_ADMINISTRATIVE_REPORT, REMOVE_PERMISSION_ROLE, CREATE_PAYMENT, UPDATE_USER_IDENTITY, ADD_PERMISSION_ROLE, READ_GUARDIAN, UPDATE_CONTRACT, DELETE_COMPANY, IS_ACTIVE_AT_ASSIGNMENT, DELETE_DENTIST, READ_ASSIGNMENT, POST_INVOICE, REVOKE_ALL_ASSIGNMENT, CREATE_JOURNAL_ENTRY, CREATE_ADMINISTRATIVE_REPORT, UPDATE_ASSIGNMENT, READ_SHIFT, POST_JOURNAL_ENTRY, CREATE_GUARDIAN, ROLE_ADMINISTRATOR, CREATE_TEMPORARY_ASSIGNMENT, READ_PAYMENT, CREATE_RATE, EXTEND_ASSIGNMENT_ASSIGNMENT, READ_INVOICE, REACTIVATE_USER_IDENTITY, UPDATE_APPOINTMENT, UPDATE_RATE, DELETE_JOURNAL_ENTRY, CREATE_SHIFT, READ_JOURNAL_ENTRY, MARK_DELETED_ROLE_ROLE, CREATE_INVOICE, UPDATE_SHIFT, SUSPEND_ROLE_ROLE, UPDATE_PATIENT, UPDATE_PROVIDED_SERVICE, SUSPEND_USER_IDENTITY]]
2026-03-24 10:46:49 TRACE [http-nio-8080-exec-3] o.s.s.w.a.s.CompositeSessionAuthenticationStrategy - Preparing session with ChangeSessionIdAuthenticationStrategy (1/1)
2026-03-24 10:46:49 DEBUG [http-nio-8080-exec-3] o.s.security.web.FilterChainProxy - Secured DELETE /api/v1/user-assignments/user/4/roles
2026-03-24 10:46:49 DEBUG [http-nio-8080-exec-3] o.s.web.servlet.DispatcherServlet - DELETE "/api/v1/user-assignments/user/4/roles", parameters={}
2026-03-24 10:46:49 DEBUG [http-nio-8080-exec-3] o.s.w.s.m.m.a.RequestMappingHandlerMapping - Mapped to com.example.ClinicaDefinitiva.infrastructure.rest.controller.administration.authorization.UserRolAssignmentController#revokeAllRoles(Long, CustomUserDetails)
2026-03-24 10:46:49 DEBUG [http-nio-8080-exec-3] o.s.web.servlet.DispatcherServlet - Completed 204 NO_CONTENT
2026-03-24 10:53:31 DEBUG [http-nio-8080-exec-5] o.s.security.web.FilterChainProxy - Securing DELETE /api/v1/user-assignments/4
2026-03-24 10:53:31 TRACE [http-nio-8080-exec-5] o.s.s.w.a.logout.LogoutFilter - Did not match request to Or [Ant [pattern='/logout', GET], Ant [pattern='/logout', POST], Ant [pattern='/logout', PUT], Ant [pattern='/logout', DELETE]]
2026-03-24 10:53:31 TRACE [http-nio-8080-exec-5] o.s.s.w.a.AnonymousAuthenticationFilter - Did not set SecurityContextHolder since already authenticated UsernamePasswordAuthenticationToken [Principal=com.example.ClinicaDefinitiva.infrastructure.security.adapter.CustomUserDetails@281dae5b, Credentials=[PROTECTED], Authenticated=true, Details=null, Granted Authorities=[UPDATE_COMPANY, UPDATE_INVOICE, CREATE_ASSIGNMENT, UPDATE_GUARDIAN, CLONE_ROLE_ROLE, CANCEL_APPOINTMENT, UPDATE_JOURNAL_ENTRY, REVERSE_JOURNAL_ENTRY, CREATE_CONTRACT, DELETE_APPOINTMENT, RESCHEDULE_APPOINTMENT, SET_PERMISSIONS_ROLE, CREATE_PATIENT, READ_USER_IDENTITY, IS_CURRENTLY_ACTIVE_ASSIGNMENT, READ_RATE, ACTIVATE_ROLE_ROLE, DELETE_ROLE_ROLE, READ_APPOINTMENT, READ_DENTIST, CREATE_COMPANY, VIEW_ROLE_ROLE, SCHEDULE_APPOINTMENT, ROLE_RECEPTIONIST, DELETE_INVOICE, CREATE_CUSTOM_ROLE_ROLE, UPDATE_PAYMENT, CREATE_DENTIST, CHECK_PERMISSION_ROLE, READ_PATIENT, READ_ADMINISTRATIVE_REPORT, CREATE_APPOINTMENT, VIEW_ASSIGNMENT_ASSIGNMENT, READ_CONTRACT, DELETE_ADMINISTRATIVE_REPORT, DEACTIVATE_USER_IDENTITY, REVERSE_INVOICE, DEACTIVATE_ROLE_ROLE, APPROVE_INVOICE, READ_PROVIDED_SERVICE, REVOKE_ASSIGNMENT, READ_AVAILABILITY, READ_RECEPTIONIST, DELETE_RATE, UPDATE_PRIMARY_ASSIGNMENT, UPDATE_DENTIST, CREATE_USER_IDENTITY, DELETE_CONTRACT, DELETE_PAYMENT, DELETE_ASSIGNMENT, READ_COMPANY, UPDATE_ADMINISTRATIVE_REPORT, REMOVE_PERMISSION_ROLE, CREATE_PAYMENT, UPDATE_USER_IDENTITY, ADD_PERMISSION_ROLE, READ_GUARDIAN, UPDATE_CONTRACT, DELETE_COMPANY, IS_ACTIVE_AT_ASSIGNMENT, DELETE_DENTIST, READ_ASSIGNMENT, POST_INVOICE, REVOKE_ALL_ASSIGNMENT, CREATE_JOURNAL_ENTRY, CREATE_ADMINISTRATIVE_REPORT, UPDATE_ASSIGNMENT, READ_SHIFT, POST_JOURNAL_ENTRY, CREATE_GUARDIAN, ROLE_ADMINISTRATOR, CREATE_TEMPORARY_ASSIGNMENT, READ_PAYMENT, CREATE_RATE, EXTEND_ASSIGNMENT_ASSIGNMENT, READ_INVOICE, REACTIVATE_USER_IDENTITY, UPDATE_APPOINTMENT, UPDATE_RATE, DELETE_JOURNAL_ENTRY, CREATE_SHIFT, READ_JOURNAL_ENTRY, MARK_DELETED_ROLE_ROLE, CREATE_INVOICE, UPDATE_SHIFT, SUSPEND_ROLE_ROLE, UPDATE_PATIENT, UPDATE_PROVIDED_SERVICE, SUSPEND_USER_IDENTITY]]
2026-03-24 10:53:31 TRACE [http-nio-8080-exec-5] o.s.s.w.a.s.CompositeSessionAuthenticationStrategy - Preparing session with ChangeSessionIdAuthenticationStrategy (1/1)
2026-03-24 10:53:31 DEBUG [http-nio-8080-exec-5] o.s.security.web.FilterChainProxy - Secured DELETE /api/v1/user-assignments/4
2026-03-24 10:53:31 DEBUG [http-nio-8080-exec-5] o.s.web.servlet.DispatcherServlet - DELETE "/api/v1/user-assignments/4", parameters={}
2026-03-24 10:53:31 DEBUG [http-nio-8080-exec-5] o.s.w.s.m.m.a.RequestMappingHandlerMapping - Mapped to com.example.ClinicaDefinitiva.infrastructure.rest.controller.administration.authorization.UserRolAssignmentController#deleteAssignment(Long, CustomUserDetails)
2026-03-24 10:53:31 DEBUG [http-nio-8080-exec-5] o.s.w.s.m.m.a.ExceptionHandlerExceptionResolver - Using @ExceptionHandler com.example.ClinicaDefinitiva.infrastructure.rest.advice.GlobalControllerAdvice#handleAccessDenied(AccessDeniedException)
2026-03-24 10:53:31 WARN  [http-nio-8080-exec-5] c.e.C.i.r.a.GlobalControllerAdvice - Acceso denegado [requestId=23e6bc4f-f6e2-492d-9deb-90008c5bba03, usuario=admin@test.com]: Rol no tiene permiso base: REVOKE_ASSIGNMENT_ASSIGNMENT
2026-03-24 10:53:31 DEBUG [http-nio-8080-exec-5] o.s.w.s.m.m.a.HttpEntityMethodProcessor - Using 'application/json', given [*/*] and supported [application/json, application/*+json]
2026-03-24 10:53:31 DEBUG [http-nio-8080-exec-5] o.s.w.s.m.m.a.HttpEntityMethodProcessor - Writing [com.example.ClinicaDefinitiva.infrastructure.rest.dto.ErrorResponse@6d859ff6]
2026-03-24 10:53:31 DEBUG [http-nio-8080-exec-5] o.s.w.s.m.m.a.ExceptionHandlerExceptionResolver - Resolved [org.springframework.security.access.AccessDeniedException: Rol no tiene permiso base: REVOKE_ASSIGNMENT_ASSIGNMENT]
2026-03-24 10:53:31 DEBUG [http-nio-8080-exec-5] o.s.web.servlet.DispatcherServlet - Completed 403 FORBIDDEN
2026-03-24 10:54:19 DEBUG [http-nio-8080-exec-4] o.s.security.web.FilterChainProxy - Securing DELETE /api/v1/user-assignments/4
2026-03-24 10:54:19 TRACE [http-nio-8080-exec-4] o.s.s.w.a.logout.LogoutFilter - Did not match request to Or [Ant [pattern='/logout', GET], Ant [pattern='/logout', POST], Ant [pattern='/logout', PUT], Ant [pattern='/logout', DELETE]]
2026-03-24 10:54:19 TRACE [http-nio-8080-exec-4] o.s.s.w.a.AnonymousAuthenticationFilter - Did not set SecurityContextHolder since already authenticated UsernamePasswordAuthenticationToken [Principal=com.example.ClinicaDefinitiva.infrastructure.security.adapter.CustomUserDetails@5552a7b5, Credentials=[PROTECTED], Authenticated=true, Details=null, Granted Authorities=[UPDATE_COMPANY, UPDATE_INVOICE, CREATE_ASSIGNMENT, UPDATE_GUARDIAN, CLONE_ROLE_ROLE, CANCEL_APPOINTMENT, UPDATE_JOURNAL_ENTRY, REVERSE_JOURNAL_ENTRY, CREATE_CONTRACT, DELETE_APPOINTMENT, RESCHEDULE_APPOINTMENT, SET_PERMISSIONS_ROLE, CREATE_PATIENT, READ_USER_IDENTITY, IS_CURRENTLY_ACTIVE_ASSIGNMENT, READ_RATE, ACTIVATE_ROLE_ROLE, DELETE_ROLE_ROLE, READ_APPOINTMENT, READ_DENTIST, CREATE_COMPANY, VIEW_ROLE_ROLE, SCHEDULE_APPOINTMENT, ROLE_RECEPTIONIST, DELETE_INVOICE, CREATE_CUSTOM_ROLE_ROLE, UPDATE_PAYMENT, CREATE_DENTIST, CHECK_PERMISSION_ROLE, READ_PATIENT, READ_ADMINISTRATIVE_REPORT, CREATE_APPOINTMENT, VIEW_ASSIGNMENT_ASSIGNMENT, READ_CONTRACT, DELETE_ADMINISTRATIVE_REPORT, DEACTIVATE_USER_IDENTITY, REVERSE_INVOICE, DEACTIVATE_ROLE_ROLE, APPROVE_INVOICE, READ_PROVIDED_SERVICE, REVOKE_ASSIGNMENT, READ_AVAILABILITY, READ_RECEPTIONIST, DELETE_RATE, UPDATE_PRIMARY_ASSIGNMENT, UPDATE_DENTIST, CREATE_USER_IDENTITY, DELETE_CONTRACT, DELETE_PAYMENT, DELETE_ASSIGNMENT, READ_COMPANY, UPDATE_ADMINISTRATIVE_REPORT, REMOVE_PERMISSION_ROLE, CREATE_PAYMENT, UPDATE_USER_IDENTITY, ADD_PERMISSION_ROLE, READ_GUARDIAN, UPDATE_CONTRACT, DELETE_COMPANY, IS_ACTIVE_AT_ASSIGNMENT, DELETE_DENTIST, READ_ASSIGNMENT, POST_INVOICE, REVOKE_ALL_ASSIGNMENT, CREATE_JOURNAL_ENTRY, CREATE_ADMINISTRATIVE_REPORT, UPDATE_ASSIGNMENT, READ_SHIFT, POST_JOURNAL_ENTRY, CREATE_GUARDIAN, ROLE_ADMINISTRATOR, CREATE_TEMPORARY_ASSIGNMENT, READ_PAYMENT, CREATE_RATE, EXTEND_ASSIGNMENT_ASSIGNMENT, READ_INVOICE, REACTIVATE_USER_IDENTITY, UPDATE_APPOINTMENT, UPDATE_RATE, DELETE_JOURNAL_ENTRY, CREATE_SHIFT, READ_JOURNAL_ENTRY, MARK_DELETED_ROLE_ROLE, CREATE_INVOICE, UPDATE_SHIFT, SUSPEND_ROLE_ROLE, UPDATE_PATIENT, UPDATE_PROVIDED_SERVICE, SUSPEND_USER_IDENTITY]]
2026-03-24 10:54:19 TRACE [http-nio-8080-exec-4] o.s.s.w.a.s.CompositeSessionAuthenticationStrategy - Preparing session with ChangeSessionIdAuthenticationStrategy (1/1)
2026-03-24 10:54:19 DEBUG [http-nio-8080-exec-4] o.s.security.web.FilterChainProxy - Secured DELETE /api/v1/user-assignments/4
2026-03-24 10:54:19 DEBUG [http-nio-8080-exec-4] o.s.web.servlet.DispatcherServlet - DELETE "/api/v1/user-assignments/4", parameters={}
2026-03-24 10:54:19 DEBUG [http-nio-8080-exec-4] o.s.w.s.m.m.a.RequestMappingHandlerMapping - Mapped to com.example.ClinicaDefinitiva.infrastructure.rest.controller.administration.authorization.UserRolAssignmentController#deleteAssignment(Long, CustomUserDetails)
2026-03-24 10:54:19 DEBUG [http-nio-8080-exec-4] o.s.w.s.m.m.a.ExceptionHandlerExceptionResolver - Using @ExceptionHandler com.example.ClinicaDefinitiva.infrastructure.rest.advice.GlobalControllerAdvice#handleAccessDenied(AccessDeniedException)
2026-03-24 10:54:19 WARN  [http-nio-8080-exec-4] c.e.C.i.r.a.GlobalControllerAdvice - Acceso denegado [requestId=87767481-1bc4-4f64-8072-63a4d29a218f, usuario=admin@test.com]: Rol no tiene permiso base: REVOKE_ASSIGNMENT_ASSIGNMENT
2026-03-24 10:54:19 DEBUG [http-nio-8080-exec-4] o.s.w.s.m.m.a.HttpEntityMethodProcessor - Using 'application/json', given [*/*] and supported [application/json, application/*+json]
2026-03-24 10:54:19 DEBUG [http-nio-8080-exec-4] o.s.w.s.m.m.a.HttpEntityMethodProcessor - Writing [com.example.ClinicaDefinitiva.infrastructure.rest.dto.ErrorResponse@1d66926f]
2026-03-24 10:54:19 DEBUG [http-nio-8080-exec-4] o.s.w.s.m.m.a.ExceptionHandlerExceptionResolver - Resolved [org.springframework.security.access.AccessDeniedException: Rol no tiene permiso base: REVOKE_ASSIGNMENT_ASSIGNMENT]
2026-03-24 10:54:19 DEBUG [http-nio-8080-exec-4] o.s.web.servlet.DispatcherServlet - Completed 403 FORBIDDEN
2026-03-24 10:57:24 DEBUG [http-nio-8080-exec-9] o.s.security.web.FilterChainProxy - Securing GET /api/v1/user-assignments/user/1/primary
2026-03-24 10:57:24 TRACE [http-nio-8080-exec-9] o.s.s.w.a.logout.LogoutFilter - Did not match request to Or [Ant [pattern='/logout', GET], Ant [pattern='/logout', POST], Ant [pattern='/logout', PUT], Ant [pattern='/logout', DELETE]]
2026-03-24 10:57:24 TRACE [http-nio-8080-exec-9] o.s.s.w.a.AnonymousAuthenticationFilter - Set SecurityContextHolder to AnonymousAuthenticationToken [Principal=anonymousUser, Credentials=[PROTECTED], Authenticated=true, Details=WebAuthenticationDetails [RemoteIpAddress=0:0:0:0:0:0:0:1, SessionId=null], Granted Authorities=[ROLE_ANONYMOUS]]
2026-03-24 10:57:24 DEBUG [http-nio-8080-exec-9] o.s.s.w.a.Http403ForbiddenEntryPoint - Pre-authenticated entry point called. Rejecting access
2026-03-24 10:57:24 DEBUG [http-nio-8080-exec-9] o.s.security.web.FilterChainProxy - Securing GET /error
2026-03-24 10:57:24 TRACE [http-nio-8080-exec-9] o.s.s.w.a.logout.LogoutFilter - Did not match request to Or [Ant [pattern='/logout', GET], Ant [pattern='/logout', POST], Ant [pattern='/logout', PUT], Ant [pattern='/logout', DELETE]]
2026-03-24 10:57:24 TRACE [http-nio-8080-exec-9] o.s.s.w.a.AnonymousAuthenticationFilter - Set SecurityContextHolder to AnonymousAuthenticationToken [Principal=anonymousUser, Credentials=[PROTECTED], Authenticated=true, Details=WebAuthenticationDetails [RemoteIpAddress=0:0:0:0:0:0:0:1, SessionId=null], Granted Authorities=[ROLE_ANONYMOUS]]
2026-03-24 10:57:24 DEBUG [http-nio-8080-exec-9] o.s.s.w.a.Http403ForbiddenEntryPoint - Pre-authenticated entry point called. Rejecting access
2026-03-24 10:57:37 DEBUG [http-nio-8080-exec-10] o.s.security.web.FilterChainProxy - Securing GET /api/v1/user-assignments/user/1/primary
2026-03-24 10:57:37 TRACE [http-nio-8080-exec-10] o.s.s.w.a.logout.LogoutFilter - Did not match request to Or [Ant [pattern='/logout', GET], Ant [pattern='/logout', POST], Ant [pattern='/logout', PUT], Ant [pattern='/logout', DELETE]]
2026-03-24 10:57:37 TRACE [http-nio-8080-exec-10] o.s.s.w.a.AnonymousAuthenticationFilter - Did not set SecurityContextHolder since already authenticated UsernamePasswordAuthenticationToken [Principal=com.example.ClinicaDefinitiva.infrastructure.security.adapter.CustomUserDetails@75de9a74, Credentials=[PROTECTED], Authenticated=true, Details=null, Granted Authorities=[UPDATE_COMPANY, UPDATE_INVOICE, CREATE_ASSIGNMENT, UPDATE_GUARDIAN, CLONE_ROLE_ROLE, CANCEL_APPOINTMENT, UPDATE_JOURNAL_ENTRY, REVERSE_JOURNAL_ENTRY, CREATE_CONTRACT, DELETE_APPOINTMENT, RESCHEDULE_APPOINTMENT, SET_PERMISSIONS_ROLE, CREATE_PATIENT, READ_USER_IDENTITY, IS_CURRENTLY_ACTIVE_ASSIGNMENT, READ_RATE, ACTIVATE_ROLE_ROLE, DELETE_ROLE_ROLE, READ_APPOINTMENT, READ_DENTIST, CREATE_COMPANY, VIEW_ROLE_ROLE, SCHEDULE_APPOINTMENT, ROLE_RECEPTIONIST, DELETE_INVOICE, CREATE_CUSTOM_ROLE_ROLE, UPDATE_PAYMENT, CREATE_DENTIST, CHECK_PERMISSION_ROLE, READ_PATIENT, READ_ADMINISTRATIVE_REPORT, CREATE_APPOINTMENT, VIEW_ASSIGNMENT_ASSIGNMENT, READ_CONTRACT, DELETE_ADMINISTRATIVE_REPORT, DEACTIVATE_USER_IDENTITY, REVERSE_INVOICE, DEACTIVATE_ROLE_ROLE, APPROVE_INVOICE, READ_PROVIDED_SERVICE, REVOKE_ASSIGNMENT, READ_AVAILABILITY, READ_RECEPTIONIST, DELETE_RATE, UPDATE_PRIMARY_ASSIGNMENT, UPDATE_DENTIST, CREATE_USER_IDENTITY, DELETE_CONTRACT, DELETE_PAYMENT, DELETE_ASSIGNMENT, READ_COMPANY, UPDATE_ADMINISTRATIVE_REPORT, REMOVE_PERMISSION_ROLE, CREATE_PAYMENT, UPDATE_USER_IDENTITY, ADD_PERMISSION_ROLE, READ_GUARDIAN, UPDATE_CONTRACT, DELETE_COMPANY, IS_ACTIVE_AT_ASSIGNMENT, DELETE_DENTIST, READ_ASSIGNMENT, POST_INVOICE, REVOKE_ALL_ASSIGNMENT, CREATE_JOURNAL_ENTRY, CREATE_ADMINISTRATIVE_REPORT, UPDATE_ASSIGNMENT, READ_SHIFT, POST_JOURNAL_ENTRY, CREATE_GUARDIAN, ROLE_ADMINISTRATOR, CREATE_TEMPORARY_ASSIGNMENT, READ_PAYMENT, CREATE_RATE, EXTEND_ASSIGNMENT_ASSIGNMENT, READ_INVOICE, REACTIVATE_USER_IDENTITY, UPDATE_APPOINTMENT, UPDATE_RATE, DELETE_JOURNAL_ENTRY, CREATE_SHIFT, READ_JOURNAL_ENTRY, MARK_DELETED_ROLE_ROLE, CREATE_INVOICE, UPDATE_SHIFT, SUSPEND_ROLE_ROLE, UPDATE_PATIENT, UPDATE_PROVIDED_SERVICE, SUSPEND_USER_IDENTITY]]
2026-03-24 10:57:37 TRACE [http-nio-8080-exec-10] o.s.s.w.a.s.CompositeSessionAuthenticationStrategy - Preparing session with ChangeSessionIdAuthenticationStrategy (1/1)
2026-03-24 10:57:37 DEBUG [http-nio-8080-exec-10] o.s.security.web.FilterChainProxy - Secured GET /api/v1/user-assignments/user/1/primary
2026-03-24 10:57:37 DEBUG [http-nio-8080-exec-10] o.s.web.servlet.DispatcherServlet - GET "/api/v1/user-assignments/user/1/primary", parameters={}
2026-03-24 10:57:37 DEBUG [http-nio-8080-exec-10] o.s.w.s.m.m.a.RequestMappingHandlerMapping - Mapped to com.example.ClinicaDefinitiva.infrastructure.rest.controller.administration.authorization.UserRolAssignmentController#findByUserIdAndIsPrimary(Long, CustomUserDetails)
2026-03-24 10:57:37 DEBUG [http-nio-8080-exec-10] o.s.w.s.m.m.a.ExceptionHandlerExceptionResolver - Using @ExceptionHandler com.example.ClinicaDefinitiva.infrastructure.rest.advice.GlobalControllerAdvice#handleGenericException(Exception)
2026-03-24 10:57:37 ERROR [http-nio-8080-exec-10] c.e.C.i.r.a.GlobalControllerAdvice - Error interno no manejado [requestId=c46051c6-0e62-45be-86b0-ef8d38276dd3, usuario=admin@test.com]
org.springframework.dao.IncorrectResultSizeDataAccessException: Query did not return a unique result: 2 results were returned
	at org.springframework.orm.jpa.vendor.HibernateJpaDialect.convertHibernateAccessException(HibernateJpaDialect.java:305)
	at org.springframework.orm.jpa.vendor.HibernateJpaDialect.convertHibernateAccessException(HibernateJpaDialect.java:256)
	at org.springframework.orm.jpa.vendor.HibernateJpaDialect.translateExceptionIfPossible(HibernateJpaDialect.java:244)
	at org.springframework.orm.jpa.AbstractEntityManagerFactoryBean.translateExceptionIfPossible(AbstractEntityManagerFactoryBean.java:560)
	at org.springframework.dao.support.ChainedPersistenceExceptionTranslator.translateExceptionIfPossible(ChainedPersistenceExceptionTranslator.java:61)
	at org.springframework.dao.support.DataAccessUtils.translateIfNecessary(DataAccessUtils.java:343)
	at org.springframework.dao.support.PersistenceExceptionTranslationInterceptor.invoke(PersistenceExceptionTranslationInterceptor.java:160)
	at org.springframework.aop.framework.ReflectiveMethodInvocation.proceed(ReflectiveMethodInvocation.java:184)
	at org.springframework.data.jpa.repository.support.CrudMethodMetadataPostProcessor$CrudMethodMetadataPopulatingMethodInterceptor.invoke(CrudMethodMetadataPostProcessor.java:136)
	at org.springframework.aop.framework.ReflectiveMethodInvocation.proceed(ReflectiveMethodInvocation.java:184)
	at org.springframework.aop.framework.JdkDynamicAopProxy.invoke(JdkDynamicAopProxy.java:223)
	at jdk.proxy2/jdk.proxy2.$Proxy179.findByUserIdentityIdAndIsPrimary(Unknown Source)
	at com.example.ClinicaDefinitiva.infrastructure.persistence.adapters.administration.authorization.UserRolAssignmentAdapter.findByUserIdAndIsPrimary(UserRolAssignmentAdapter.java:73)
	at java.base/jdk.internal.reflect.NativeMethodAccessorImpl.invoke0(Native Method)
	at java.base/jdk.internal.reflect.NativeMethodAccessorImpl.invoke(NativeMethodAccessorImpl.java:77)
	at java.base/jdk.internal.reflect.DelegatingMethodAccessorImpl.invoke(DelegatingMethodAccessorImpl.java:43)
	at java.base/java.lang.reflect.Method.invoke(Method.java:568)
	at org.springframework.aop.support.AopUtils.invokeJoinpointUsingReflection(AopUtils.java:359)
	at org.springframework.aop.framework.ReflectiveMethodInvocation.invokeJoinpoint(ReflectiveMethodInvocation.java:196)
	at org.springframework.aop.framework.ReflectiveMethodInvocation.proceed(ReflectiveMethodInvocation.java:163)
	at org.springframework.transaction.interceptor.TransactionAspectSupport.invokeWithinTransaction(TransactionAspectSupport.java:380)
	at org.springframework.transaction.interceptor.TransactionInterceptor.invoke(TransactionInterceptor.java:119)
	at org.springframework.aop.framework.ReflectiveMethodInvocation.proceed(ReflectiveMethodInvocation.java:184)
	at org.springframework.aop.framework.CglibAopProxy$DynamicAdvisedInterceptor.intercept(CglibAopProxy.java:728)
	at com.example.ClinicaDefinitiva.infrastructure.persistence.adapters.administration.authorization.UserRolAssignmentAdapter$$SpringCGLIB$$0.findByUserIdAndIsPrimary(<generated>)
	at com.example.ClinicaDefinitiva.application.service.administration.authorization.UserRolAssignmentApplicationService.findByUserIdAndIsPrimary(UserRolAssignmentApplicationService.java:358)
	at java.base/jdk.internal.reflect.NativeMethodAccessorImpl.invoke0(Native Method)
	at java.base/jdk.internal.reflect.NativeMethodAccessorImpl.invoke(NativeMethodAccessorImpl.java:77)
	at java.base/jdk.internal.reflect.DelegatingMethodAccessorImpl.invoke(DelegatingMethodAccessorImpl.java:43)
	at java.base/java.lang.reflect.Method.invoke(Method.java:568)
	at org.springframework.aop.support.AopUtils.invokeJoinpointUsingReflection(AopUtils.java:359)
	at org.springframework.aop.framework.ReflectiveMethodInvocation.invokeJoinpoint(ReflectiveMethodInvocation.java:196)
	at org.springframework.aop.framework.ReflectiveMethodInvocation.proceed(ReflectiveMethodInvocation.java:163)
	at org.springframework.aop.aspectj.MethodInvocationProceedingJoinPoint.proceed(MethodInvocationProceedingJoinPoint.java:89)
	at com.example.ClinicaDefinitiva.infrastructure.security.config.AuthorizationAspect.checkPermission(AuthorizationAspect.java:76)
	at jdk.internal.reflect.GeneratedMethodAccessor73.invoke(Unknown Source)
	at java.base/jdk.internal.reflect.DelegatingMethodAccessorImpl.invoke(DelegatingMethodAccessorImpl.java:43)
	at java.base/java.lang.reflect.Method.invoke(Method.java:568)
	at org.springframework.aop.aspectj.AbstractAspectJAdvice.invokeAdviceMethodWithGivenArgs(AbstractAspectJAdvice.java:642)
	at org.springframework.aop.aspectj.AbstractAspectJAdvice.invokeAdviceMethod(AbstractAspectJAdvice.java:632)
	at org.springframework.aop.aspectj.AspectJAroundAdvice.invoke(AspectJAroundAdvice.java:71)
	at org.springframework.aop.framework.ReflectiveMethodInvocation.proceed(ReflectiveMethodInvocation.java:173)
	at org.springframework.transaction.interceptor.TransactionAspectSupport.invokeWithinTransaction(TransactionAspectSupport.java:380)
	at org.springframework.transaction.interceptor.TransactionInterceptor.invoke(TransactionInterceptor.java:119)
	at org.springframework.aop.framework.ReflectiveMethodInvocation.proceed(ReflectiveMethodInvocation.java:184)
	at org.springframework.aop.interceptor.ExposeInvocationInterceptor.invoke(ExposeInvocationInterceptor.java:97)
	at org.springframework.aop.framework.ReflectiveMethodInvocation.proceed(ReflectiveMethodInvocation.java:184)
	at org.springframework.aop.framework.CglibAopProxy$DynamicAdvisedInterceptor.intercept(CglibAopProxy.java:728)
	at com.example.ClinicaDefinitiva.application.service.administration.authorization.UserRolAssignmentApplicationService$$SpringCGLIB$$0.findByUserIdAndIsPrimary(<generated>)
	at com.example.ClinicaDefinitiva.infrastructure.rest.controller.administration.authorization.UserRolAssignmentController.findByUserIdAndIsPrimary(UserRolAssignmentController.java:99)
	at java.base/jdk.internal.reflect.NativeMethodAccessorImpl.invoke0(Native Method)
	at java.base/jdk.internal.reflect.NativeMethodAccessorImpl.invoke(NativeMethodAccessorImpl.java:77)
	at java.base/jdk.internal.reflect.DelegatingMethodAccessorImpl.invoke(DelegatingMethodAccessorImpl.java:43)
	at java.base/java.lang.reflect.Method.invoke(Method.java:568)
	at org.springframework.aop.support.AopUtils.invokeJoinpointUsingReflection(AopUtils.java:359)
	at org.springframework.aop.framework.ReflectiveMethodInvocation.invokeJoinpoint(ReflectiveMethodInvocation.java:196)
	at org.springframework.aop.framework.ReflectiveMethodInvocation.proceed(ReflectiveMethodInvocation.java:163)
	at org.springframework.validation.beanvalidation.MethodValidationInterceptor.invoke(MethodValidationInterceptor.java:174)
	at org.springframework.aop.framework.ReflectiveMethodInvocation.proceed(ReflectiveMethodInvocation.java:184)
	at org.springframework.aop.framework.CglibAopProxy$DynamicAdvisedInterceptor.intercept(CglibAopProxy.java:728)
	at com.example.ClinicaDefinitiva.infrastructure.rest.controller.administration.authorization.UserRolAssignmentController$$SpringCGLIB$$0.findByUserIdAndIsPrimary(<generated>)
	at java.base/jdk.internal.reflect.NativeMethodAccessorImpl.invoke0(Native Method)
	at java.base/jdk.internal.reflect.NativeMethodAccessorImpl.invoke(NativeMethodAccessorImpl.java:77)
	at java.base/jdk.internal.reflect.DelegatingMethodAccessorImpl.invoke(DelegatingMethodAccessorImpl.java:43)
	at java.base/java.lang.reflect.Method.invoke(Method.java:568)
	at org.springframework.web.method.support.InvocableHandlerMethod.doInvoke(InvocableHandlerMethod.java:258)
	at org.springframework.web.method.support.InvocableHandlerMethod.invokeForRequest(InvocableHandlerMethod.java:191)
	at org.springframework.web.servlet.mvc.method.annotation.ServletInvocableHandlerMethod.invokeAndHandle(ServletInvocableHandlerMethod.java:118)
	at org.springframework.web.servlet.mvc.method.annotation.RequestMappingHandlerAdapter.invokeHandlerMethod(RequestMappingHandlerAdapter.java:986)
	at org.springframework.web.servlet.mvc.method.annotation.RequestMappingHandlerAdapter.handleInternal(RequestMappingHandlerAdapter.java:891)
	at org.springframework.web.servlet.mvc.method.AbstractHandlerMethodAdapter.handle(AbstractHandlerMethodAdapter.java:87)
	at org.springframework.web.servlet.DispatcherServlet.doDispatch(DispatcherServlet.java:1089)
	at org.springframework.web.servlet.DispatcherServlet.doService(DispatcherServlet.java:979)
	at org.springframework.web.servlet.FrameworkServlet.processRequest(FrameworkServlet.java:1014)
	at org.springframework.web.servlet.FrameworkServlet.doGet(FrameworkServlet.java:903)
	at jakarta.servlet.http.HttpServlet.service(HttpServlet.java:564)
	at org.springframework.web.servlet.FrameworkServlet.service(FrameworkServlet.java:885)
	at jakarta.servlet.http.HttpServlet.service(HttpServlet.java:658)
	at org.apache.catalina.core.ApplicationFilterChain.internalDoFilter(ApplicationFilterChain.java:195)
	at org.apache.catalina.core.ApplicationFilterChain.doFilter(ApplicationFilterChain.java:140)
	at org.apache.tomcat.websocket.server.WsFilter.doFilter(WsFilter.java:51)
	at org.apache.catalina.core.ApplicationFilterChain.internalDoFilter(ApplicationFilterChain.java:164)
	at org.apache.catalina.core.ApplicationFilterChain.doFilter(ApplicationFilterChain.java:140)
	at com.example.ClinicaDefinitiva.util.RequestIdFilter.doFilterInternal(RequestIdFilter.java:76)
	at org.springframework.web.filter.OncePerRequestFilter.doFilter(OncePerRequestFilter.java:116)
	at org.apache.catalina.core.ApplicationFilterChain.internalDoFilter(ApplicationFilterChain.java:164)
	at org.apache.catalina.core.ApplicationFilterChain.doFilter(ApplicationFilterChain.java:140)
	at org.springframework.web.filter.CompositeFilter$VirtualFilterChain.doFilter(CompositeFilter.java:108)
	at org.springframework.web.filter.CompositeFilter$VirtualFilterChain.doFilter(CompositeFilter.java:108)
	at org.springframework.security.web.FilterChainProxy.lambda$doFilterInternal$3(FilterChainProxy.java:231)
	at org.springframework.security.web.ObservationFilterChainDecorator$FilterObservation$SimpleFilterObservation.lambda$wrap$1(ObservationFilterChainDecorator.java:479)
	at org.springframework.security.web.ObservationFilterChainDecorator$AroundFilterObservation$SimpleAroundFilterObservation.lambda$wrap$1(ObservationFilterChainDecorator.java:340)
	at org.springframework.security.web.ObservationFilterChainDecorator.lambda$wrapSecured$0(ObservationFilterChainDecorator.java:82)
	at org.springframework.security.web.ObservationFilterChainDecorator$VirtualFilterChain.doFilter(ObservationFilterChainDecorator.java:128)
	at org.springframework.security.web.access.intercept.AuthorizationFilter.doFilter(AuthorizationFilter.java:101)
	at org.springframework.security.web.ObservationFilterChainDecorator$ObservationFilter.wrapFilter(ObservationFilterChainDecorator.java:240)
	at org.springframework.security.web.ObservationFilterChainDecorator$ObservationFilter.doFilter(ObservationFilterChainDecorator.java:227)
	at org.springframework.security.web.ObservationFilterChainDecorator$VirtualFilterChain.doFilter(ObservationFilterChainDecorator.java:137)
	at org.springframework.security.web.access.ExceptionTranslationFilter.doFilter(ExceptionTranslationFilter.java:125)
	at org.springframework.security.web.access.ExceptionTranslationFilter.doFilter(ExceptionTranslationFilter.java:119)
	at org.springframework.security.web.ObservationFilterChainDecorator$ObservationFilter.wrapFilter(ObservationFilterChainDecorator.java:240)
	at org.springframework.security.web.ObservationFilterChainDecorator$ObservationFilter.doFilter(ObservationFilterChainDecorator.java:227)
	at org.springframework.security.web.ObservationFilterChainDecorator$VirtualFilterChain.doFilter(ObservationFilterChainDecorator.java:137)
	at org.springframework.security.web.session.SessionManagementFilter.doFilter(SessionManagementFilter.java:131)
	at org.springframework.security.web.session.SessionManagementFilter.doFilter(SessionManagementFilter.java:85)
	at org.springframework.security.web.ObservationFilterChainDecorator$ObservationFilter.wrapFilter(ObservationFilterChainDecorator.java:240)
	at org.springframework.security.web.ObservationFilterChainDecorator$ObservationFilter.doFilter(ObservationFilterChainDecorator.java:227)
	at org.springframework.security.web.ObservationFilterChainDecorator$VirtualFilterChain.doFilter(ObservationFilterChainDecorator.java:137)
	at org.springframework.security.web.authentication.AnonymousAuthenticationFilter.doFilter(AnonymousAuthenticationFilter.java:100)
	at org.springframework.security.web.ObservationFilterChainDecorator$ObservationFilter.wrapFilter(ObservationFilterChainDecorator.java:240)
	at org.springframework.security.web.ObservationFilterChainDecorator$ObservationFilter.doFilter(ObservationFilterChainDecorator.java:227)
	at org.springframework.security.web.ObservationFilterChainDecorator$VirtualFilterChain.doFilter(ObservationFilterChainDecorator.java:137)
	at org.springframework.security.web.servletapi.SecurityContextHolderAwareRequestFilter.doFilter(SecurityContextHolderAwareRequestFilter.java:179)
	at org.springframework.security.web.ObservationFilterChainDecorator$ObservationFilter.wrapFilter(ObservationFilterChainDecorator.java:240)
	at org.springframework.security.web.ObservationFilterChainDecorator$ObservationFilter.doFilter(ObservationFilterChainDecorator.java:227)
	at org.springframework.security.web.ObservationFilterChainDecorator$VirtualFilterChain.doFilter(ObservationFilterChainDecorator.java:137)
	at org.springframework.security.web.savedrequest.RequestCacheAwareFilter.doFilter(RequestCacheAwareFilter.java:63)
	at org.springframework.security.web.ObservationFilterChainDecorator$ObservationFilter.wrapFilter(ObservationFilterChainDecorator.java:240)
	at org.springframework.security.web.ObservationFilterChainDecorator$ObservationFilter.doFilter(ObservationFilterChainDecorator.java:227)
	at org.springframework.security.web.ObservationFilterChainDecorator$VirtualFilterChain.doFilter(ObservationFilterChainDecorator.java:137)
	at com.example.ClinicaDefinitiva.infrastructure.security.filter.JwtAuthenticationFilter.doFilterInternal(JwtAuthenticationFilter.java:40)
	at org.springframework.web.filter.OncePerRequestFilter.doFilter(OncePerRequestFilter.java:116)
	at org.springframework.security.web.ObservationFilterChainDecorator$ObservationFilter.wrapFilter(ObservationFilterChainDecorator.java:240)
	at org.springframework.security.web.ObservationFilterChainDecorator$ObservationFilter.doFilter(ObservationFilterChainDecorator.java:227)
	at org.springframework.security.web.ObservationFilterChainDecorator$VirtualFilterChain.doFilter(ObservationFilterChainDecorator.java:137)
	at org.springframework.security.web.authentication.logout.LogoutFilter.doFilter(LogoutFilter.java:107)
	at org.springframework.security.web.authentication.logout.LogoutFilter.doFilter(LogoutFilter.java:93)
	at org.springframework.security.web.ObservationFilterChainDecorator$ObservationFilter.wrapFilter(ObservationFilterChainDecorator.java:240)
	at org.springframework.security.web.ObservationFilterChainDecorator$ObservationFilter.doFilter(ObservationFilterChainDecorator.java:227)
	at org.springframework.security.web.ObservationFilterChainDecorator$VirtualFilterChain.doFilter(ObservationFilterChainDecorator.java:137)
	at org.springframework.security.web.header.HeaderWriterFilter.doHeadersAfter(HeaderWriterFilter.java:90)
	at org.springframework.security.web.header.HeaderWriterFilter.doFilterInternal(HeaderWriterFilter.java:75)
	at org.springframework.web.filter.OncePerRequestFilter.doFilter(OncePerRequestFilter.java:116)
	at org.springframework.security.web.ObservationFilterChainDecorator$ObservationFilter.wrapFilter(ObservationFilterChainDecorator.java:240)
	at org.springframework.security.web.ObservationFilterChainDecorator$ObservationFilter.doFilter(ObservationFilterChainDecorator.java:227)
	at org.springframework.security.web.ObservationFilterChainDecorator$VirtualFilterChain.doFilter(ObservationFilterChainDecorator.java:137)
	at org.springframework.security.web.context.SecurityContextHolderFilter.doFilter(SecurityContextHolderFilter.java:82)
	at org.springframework.security.web.context.SecurityContextHolderFilter.doFilter(SecurityContextHolderFilter.java:69)
	at org.springframework.security.web.ObservationFilterChainDecorator$ObservationFilter.wrapFilter(ObservationFilterChainDecorator.java:240)
	at org.springframework.security.web.ObservationFilterChainDecorator$ObservationFilter.doFilter(ObservationFilterChainDecorator.java:227)
	at org.springframework.security.web.ObservationFilterChainDecorator$VirtualFilterChain.doFilter(ObservationFilterChainDecorator.java:137)
	at org.springframework.security.web.context.request.async.WebAsyncManagerIntegrationFilter.doFilterInternal(WebAsyncManagerIntegrationFilter.java:62)
	at org.springframework.web.filter.OncePerRequestFilter.doFilter(OncePerRequestFilter.java:116)
	at org.springframework.security.web.ObservationFilterChainDecorator$ObservationFilter.wrapFilter(ObservationFilterChainDecorator.java:240)
	at org.springframework.security.web.ObservationFilterChainDecorator$ObservationFilter.doFilter(ObservationFilterChainDecorator.java:227)
	at org.springframework.security.web.ObservationFilterChainDecorator$VirtualFilterChain.doFilter(ObservationFilterChainDecorator.java:137)
	at org.springframework.security.web.session.DisableEncodeUrlFilter.doFilterInternal(DisableEncodeUrlFilter.java:42)
	at org.springframework.web.filter.OncePerRequestFilter.doFilter(OncePerRequestFilter.java:116)
	at org.springframework.security.web.ObservationFilterChainDecorator$ObservationFilter.wrapFilter(ObservationFilterChainDecorator.java:240)
	at org.springframework.security.web.ObservationFilterChainDecorator$AroundFilterObservation$SimpleAroundFilterObservation.lambda$wrap$0(ObservationFilterChainDecorator.java:323)
	at org.springframework.security.web.ObservationFilterChainDecorator$ObservationFilter.doFilter(ObservationFilterChainDecorator.java:224)
	at org.springframework.security.web.ObservationFilterChainDecorator$VirtualFilterChain.doFilter(ObservationFilterChainDecorator.java:137)
	at org.springframework.security.web.FilterChainProxy.doFilterInternal(FilterChainProxy.java:233)
	at org.springframework.security.web.FilterChainProxy.doFilter(FilterChainProxy.java:191)
	at org.springframework.web.filter.CompositeFilter$VirtualFilterChain.doFilter(CompositeFilter.java:113)
	at org.springframework.web.filter.ServletRequestPathFilter.doFilter(ServletRequestPathFilter.java:52)
	at org.springframework.web.filter.CompositeFilter$VirtualFilterChain.doFilter(CompositeFilter.java:113)
	at org.springframework.web.filter.CompositeFilter.doFilter(CompositeFilter.java:74)
	at org.springframework.security.config.annotation.web.configuration.WebSecurityConfiguration$CompositeFilterChainProxy.doFilter(WebSecurityConfiguration.java:319)
	at org.springframework.web.filter.CompositeFilter$VirtualFilterChain.doFilter(CompositeFilter.java:113)
	at org.springframework.web.servlet.handler.HandlerMappingIntrospector.lambda$createCacheFilter$3(HandlerMappingIntrospector.java:243)
	at org.springframework.web.filter.CompositeFilter$VirtualFilterChain.doFilter(CompositeFilter.java:113)
	at org.springframework.web.filter.CompositeFilter.doFilter(CompositeFilter.java:74)
	at org.springframework.security.config.annotation.web.configuration.WebMvcSecurityConfiguration$CompositeFilterChainProxy.doFilter(WebMvcSecurityConfiguration.java:240)
	at org.springframework.web.filter.DelegatingFilterProxy.invokeDelegate(DelegatingFilterProxy.java:362)
	at org.springframework.web.filter.DelegatingFilterProxy.doFilter(DelegatingFilterProxy.java:278)
	at org.apache.catalina.core.ApplicationFilterChain.internalDoFilter(ApplicationFilterChain.java:164)
	at org.apache.catalina.core.ApplicationFilterChain.doFilter(ApplicationFilterChain.java:140)
	at org.springframework.web.filter.RequestContextFilter.doFilterInternal(RequestContextFilter.java:100)
	at org.springframework.web.filter.OncePerRequestFilter.doFilter(OncePerRequestFilter.java:116)
	at org.apache.catalina.core.ApplicationFilterChain.internalDoFilter(ApplicationFilterChain.java:164)
	at org.apache.catalina.core.ApplicationFilterChain.doFilter(ApplicationFilterChain.java:140)
	at org.springframework.web.filter.FormContentFilter.doFilterInternal(FormContentFilter.java:93)
	at org.springframework.web.filter.OncePerRequestFilter.doFilter(OncePerRequestFilter.java:116)
	at org.apache.catalina.core.ApplicationFilterChain.internalDoFilter(ApplicationFilterChain.java:164)
	at org.apache.catalina.core.ApplicationFilterChain.doFilter(ApplicationFilterChain.java:140)
	at org.springframework.web.filter.ServerHttpObservationFilter.doFilterInternal(ServerHttpObservationFilter.java:114)
	at org.springframework.web.filter.OncePerRequestFilter.doFilter(OncePerRequestFilter.java:116)
	at org.apache.catalina.core.ApplicationFilterChain.internalDoFilter(ApplicationFilterChain.java:164)
	at org.apache.catalina.core.ApplicationFilterChain.doFilter(ApplicationFilterChain.java:140)
	at org.springframework.web.filter.CharacterEncodingFilter.doFilterInternal(CharacterEncodingFilter.java:201)
	at org.springframework.web.filter.OncePerRequestFilter.doFilter(OncePerRequestFilter.java:116)
	at org.apache.catalina.core.ApplicationFilterChain.internalDoFilter(ApplicationFilterChain.java:164)
	at org.apache.catalina.core.ApplicationFilterChain.doFilter(ApplicationFilterChain.java:140)
	at org.apache.catalina.core.StandardWrapperValve.invoke(StandardWrapperValve.java:167)
	at org.apache.catalina.core.StandardContextValve.invoke(StandardContextValve.java:90)
	at org.apache.catalina.authenticator.AuthenticatorBase.invoke(AuthenticatorBase.java:483)
	at org.apache.catalina.core.StandardHostValve.invoke(StandardHostValve.java:116)
	at org.apache.catalina.valves.ErrorReportValve.invoke(ErrorReportValve.java:93)
	at org.apache.catalina.core.StandardEngineValve.invoke(StandardEngineValve.java:74)
	at org.apache.catalina.connector.CoyoteAdapter.service(CoyoteAdapter.java:344)
	at org.apache.coyote.http11.Http11Processor.service(Http11Processor.java:398)
	at org.apache.coyote.AbstractProcessorLight.process(AbstractProcessorLight.java:63)
	at org.apache.coyote.AbstractProtocol$ConnectionHandler.process(AbstractProtocol.java:903)
	at org.apache.tomcat.util.net.NioEndpoint$SocketProcessor.doRun(NioEndpoint.java:1740)
	at org.apache.tomcat.util.net.SocketProcessorBase.run(SocketProcessorBase.java:52)
	at org.apache.tomcat.util.threads.ThreadPoolExecutor.runWorker(ThreadPoolExecutor.java:1189)
	at org.apache.tomcat.util.threads.ThreadPoolExecutor$Worker.run(ThreadPoolExecutor.java:658)
	at org.apache.tomcat.util.threads.TaskThread$WrappingRunnable.run(TaskThread.java:63)
	at java.base/java.lang.Thread.run(Thread.java:842)
Caused by: org.hibernate.NonUniqueResultException: Query did not return a unique result: 2 results were returned
	at org.hibernate.query.spi.AbstractSelectionQuery.uniqueElement(AbstractSelectionQuery.java:298)
	at org.hibernate.query.spi.AbstractSelectionQuery.getSingleResult(AbstractSelectionQuery.java:281)
	at org.springframework.data.jpa.repository.query.JpaQueryExecution$SingleEntityExecution.doExecute(JpaQueryExecution.java:224)
	at org.springframework.data.jpa.repository.query.JpaQueryExecution.execute(JpaQueryExecution.java:93)
	at org.springframework.data.jpa.repository.query.AbstractJpaQuery.doExecute(AbstractJpaQuery.java:159)
	at org.springframework.data.jpa.repository.query.AbstractJpaQuery.execute(AbstractJpaQuery.java:147)
	at org.springframework.data.repository.core.support.RepositoryMethodInvoker.doInvoke(RepositoryMethodInvoker.java:170)
	at org.springframework.data.repository.core.support.RepositoryMethodInvoker.invoke(RepositoryMethodInvoker.java:158)
	at org.springframework.data.repository.core.support.QueryExecutorMethodInterceptor.doInvoke(QueryExecutorMethodInterceptor.java:170)
	at org.springframework.data.repository.core.support.QueryExecutorMethodInterceptor.invoke(QueryExecutorMethodInterceptor.java:149)
	at org.springframework.aop.framework.ReflectiveMethodInvocation.proceed(ReflectiveMethodInvocation.java:184)
	at org.springframework.data.projection.DefaultMethodInvokingMethodInterceptor.invoke(DefaultMethodInvokingMethodInterceptor.java:69)
	at org.springframework.aop.framework.ReflectiveMethodInvocation.proceed(ReflectiveMethodInvocation.java:184)
	at org.springframework.transaction.interceptor.TransactionAspectSupport.invokeWithinTransaction(TransactionAspectSupport.java:380)
	at org.springframework.transaction.interceptor.TransactionInterceptor.invoke(TransactionInterceptor.java:119)
	at org.springframework.aop.framework.ReflectiveMethodInvocation.proceed(ReflectiveMethodInvocation.java:184)
	at org.springframework.dao.support.PersistenceExceptionTranslationInterceptor.invoke(PersistenceExceptionTranslationInterceptor.java:138)
	... 193 common frames omitted
2026-03-24 10:57:37 DEBUG [http-nio-8080-exec-10] o.s.w.s.m.m.a.HttpEntityMethodProcessor - Using 'application/json', given [*/*] and supported [application/json, application/*+json]
2026-03-24 10:57:37 DEBUG [http-nio-8080-exec-10] o.s.w.s.m.m.a.HttpEntityMethodProcessor - Writing [com.example.ClinicaDefinitiva.infrastructure.rest.dto.ErrorResponse@2d0d4f6e]
2026-03-24 10:57:37 DEBUG [http-nio-8080-exec-10] o.s.w.s.m.m.a.ExceptionHandlerExceptionResolver - Resolved [org.springframework.dao.IncorrectResultSizeDataAccessException: Query did not return a unique result: 2 results were returned]
2026-03-24 10:57:37 DEBUG [http-nio-8080-exec-10] o.s.web.servlet.DispatcherServlet - Completed 500 INTERNAL_SERVER_ERROR
2026-03-24 10:58:31 DEBUG [http-nio-8080-exec-3] o.s.security.web.FilterChainProxy - Securing GET /api/v1/user-assignments/user/2/primary
2026-03-24 10:58:31 TRACE [http-nio-8080-exec-3] o.s.s.w.a.logout.LogoutFilter - Did not match request to Or [Ant [pattern='/logout', GET], Ant [pattern='/logout', POST], Ant [pattern='/logout', PUT], Ant [pattern='/logout', DELETE]]
2026-03-24 10:58:31 TRACE [http-nio-8080-exec-3] o.s.s.w.a.AnonymousAuthenticationFilter - Did not set SecurityContextHolder since already authenticated UsernamePasswordAuthenticationToken [Principal=com.example.ClinicaDefinitiva.infrastructure.security.adapter.CustomUserDetails@5e76567a, Credentials=[PROTECTED], Authenticated=true, Details=null, Granted Authorities=[UPDATE_COMPANY, UPDATE_INVOICE, CREATE_ASSIGNMENT, UPDATE_GUARDIAN, CLONE_ROLE_ROLE, CANCEL_APPOINTMENT, UPDATE_JOURNAL_ENTRY, REVERSE_JOURNAL_ENTRY, CREATE_CONTRACT, DELETE_APPOINTMENT, RESCHEDULE_APPOINTMENT, SET_PERMISSIONS_ROLE, CREATE_PATIENT, READ_USER_IDENTITY, IS_CURRENTLY_ACTIVE_ASSIGNMENT, READ_RATE, ACTIVATE_ROLE_ROLE, DELETE_ROLE_ROLE, READ_APPOINTMENT, READ_DENTIST, CREATE_COMPANY, VIEW_ROLE_ROLE, SCHEDULE_APPOINTMENT, ROLE_RECEPTIONIST, DELETE_INVOICE, CREATE_CUSTOM_ROLE_ROLE, UPDATE_PAYMENT, CREATE_DENTIST, CHECK_PERMISSION_ROLE, READ_PATIENT, READ_ADMINISTRATIVE_REPORT, CREATE_APPOINTMENT, VIEW_ASSIGNMENT_ASSIGNMENT, READ_CONTRACT, DELETE_ADMINISTRATIVE_REPORT, DEACTIVATE_USER_IDENTITY, REVERSE_INVOICE, DEACTIVATE_ROLE_ROLE, APPROVE_INVOICE, READ_PROVIDED_SERVICE, REVOKE_ASSIGNMENT, READ_AVAILABILITY, READ_RECEPTIONIST, DELETE_RATE, UPDATE_PRIMARY_ASSIGNMENT, UPDATE_DENTIST, CREATE_USER_IDENTITY, DELETE_CONTRACT, DELETE_PAYMENT, DELETE_ASSIGNMENT, READ_COMPANY, UPDATE_ADMINISTRATIVE_REPORT, REMOVE_PERMISSION_ROLE, CREATE_PAYMENT, UPDATE_USER_IDENTITY, ADD_PERMISSION_ROLE, READ_GUARDIAN, UPDATE_CONTRACT, DELETE_COMPANY, IS_ACTIVE_AT_ASSIGNMENT, DELETE_DENTIST, READ_ASSIGNMENT, POST_INVOICE, REVOKE_ALL_ASSIGNMENT, CREATE_JOURNAL_ENTRY, CREATE_ADMINISTRATIVE_REPORT, UPDATE_ASSIGNMENT, READ_SHIFT, POST_JOURNAL_ENTRY, CREATE_GUARDIAN, ROLE_ADMINISTRATOR, CREATE_TEMPORARY_ASSIGNMENT, READ_PAYMENT, CREATE_RATE, EXTEND_ASSIGNMENT_ASSIGNMENT, READ_INVOICE, REACTIVATE_USER_IDENTITY, UPDATE_APPOINTMENT, UPDATE_RATE, DELETE_JOURNAL_ENTRY, CREATE_SHIFT, READ_JOURNAL_ENTRY, MARK_DELETED_ROLE_ROLE, CREATE_INVOICE, UPDATE_SHIFT, SUSPEND_ROLE_ROLE, UPDATE_PATIENT, UPDATE_PROVIDED_SERVICE, SUSPEND_USER_IDENTITY]]
2026-03-24 10:58:31 TRACE [http-nio-8080-exec-3] o.s.s.w.a.s.CompositeSessionAuthenticationStrategy - Preparing session with ChangeSessionIdAuthenticationStrategy (1/1)
2026-03-24 10:58:31 DEBUG [http-nio-8080-exec-3] o.s.security.web.FilterChainProxy - Secured GET /api/v1/user-assignments/user/2/primary
2026-03-24 10:58:31 DEBUG [http-nio-8080-exec-3] o.s.web.servlet.DispatcherServlet - GET "/api/v1/user-assignments/user/2/primary", parameters={}
2026-03-24 10:58:31 DEBUG [http-nio-8080-exec-3] o.s.w.s.m.m.a.RequestMappingHandlerMapping - Mapped to com.example.ClinicaDefinitiva.infrastructure.rest.controller.administration.authorization.UserRolAssignmentController#findByUserIdAndIsPrimary(Long, CustomUserDetails)
2026-03-24 10:58:31 DEBUG [http-nio-8080-exec-3] o.s.w.s.m.m.a.HttpEntityMethodProcessor - Using 'application/json', given [*/*] and supported [application/json, application/*+json]
2026-03-24 10:58:31 DEBUG [http-nio-8080-exec-3] o.s.w.s.m.m.a.HttpEntityMethodProcessor - Nothing to write: null body
2026-03-24 10:58:31 DEBUG [http-nio-8080-exec-3] o.s.web.servlet.DispatcherServlet - Completed 404 NOT_FOUND
2026-03-24 10:58:53 DEBUG [http-nio-8080-exec-1] o.s.security.web.FilterChainProxy - Securing GET /api/v1/user-assignments/user/4/primary
2026-03-24 10:58:53 TRACE [http-nio-8080-exec-1] o.s.s.w.a.logout.LogoutFilter - Did not match request to Or [Ant [pattern='/logout', GET], Ant [pattern='/logout', POST], Ant [pattern='/logout', PUT], Ant [pattern='/logout', DELETE]]
2026-03-24 10:58:53 TRACE [http-nio-8080-exec-1] o.s.s.w.a.AnonymousAuthenticationFilter - Did not set SecurityContextHolder since already authenticated UsernamePasswordAuthenticationToken [Principal=com.example.ClinicaDefinitiva.infrastructure.security.adapter.CustomUserDetails@23dd7257, Credentials=[PROTECTED], Authenticated=true, Details=null, Granted Authorities=[UPDATE_COMPANY, UPDATE_INVOICE, CREATE_ASSIGNMENT, UPDATE_GUARDIAN, CLONE_ROLE_ROLE, CANCEL_APPOINTMENT, UPDATE_JOURNAL_ENTRY, REVERSE_JOURNAL_ENTRY, CREATE_CONTRACT, DELETE_APPOINTMENT, RESCHEDULE_APPOINTMENT, SET_PERMISSIONS_ROLE, CREATE_PATIENT, READ_USER_IDENTITY, IS_CURRENTLY_ACTIVE_ASSIGNMENT, READ_RATE, ACTIVATE_ROLE_ROLE, DELETE_ROLE_ROLE, READ_APPOINTMENT, READ_DENTIST, CREATE_COMPANY, VIEW_ROLE_ROLE, SCHEDULE_APPOINTMENT, ROLE_RECEPTIONIST, DELETE_INVOICE, CREATE_CUSTOM_ROLE_ROLE, UPDATE_PAYMENT, CREATE_DENTIST, CHECK_PERMISSION_ROLE, READ_PATIENT, READ_ADMINISTRATIVE_REPORT, CREATE_APPOINTMENT, VIEW_ASSIGNMENT_ASSIGNMENT, READ_CONTRACT, DELETE_ADMINISTRATIVE_REPORT, DEACTIVATE_USER_IDENTITY, REVERSE_INVOICE, DEACTIVATE_ROLE_ROLE, APPROVE_INVOICE, READ_PROVIDED_SERVICE, REVOKE_ASSIGNMENT, READ_AVAILABILITY, READ_RECEPTIONIST, DELETE_RATE, UPDATE_PRIMARY_ASSIGNMENT, UPDATE_DENTIST, CREATE_USER_IDENTITY, DELETE_CONTRACT, DELETE_PAYMENT, DELETE_ASSIGNMENT, READ_COMPANY, UPDATE_ADMINISTRATIVE_REPORT, REMOVE_PERMISSION_ROLE, CREATE_PAYMENT, UPDATE_USER_IDENTITY, ADD_PERMISSION_ROLE, READ_GUARDIAN, UPDATE_CONTRACT, DELETE_COMPANY, IS_ACTIVE_AT_ASSIGNMENT, DELETE_DENTIST, READ_ASSIGNMENT, POST_INVOICE, REVOKE_ALL_ASSIGNMENT, CREATE_JOURNAL_ENTRY, CREATE_ADMINISTRATIVE_REPORT, UPDATE_ASSIGNMENT, READ_SHIFT, POST_JOURNAL_ENTRY, CREATE_GUARDIAN, ROLE_ADMINISTRATOR, CREATE_TEMPORARY_ASSIGNMENT, READ_PAYMENT, CREATE_RATE, EXTEND_ASSIGNMENT_ASSIGNMENT, READ_INVOICE, REACTIVATE_USER_IDENTITY, UPDATE_APPOINTMENT, UPDATE_RATE, DELETE_JOURNAL_ENTRY, CREATE_SHIFT, READ_JOURNAL_ENTRY, MARK_DELETED_ROLE_ROLE, CREATE_INVOICE, UPDATE_SHIFT, SUSPEND_ROLE_ROLE, UPDATE_PATIENT, UPDATE_PROVIDED_SERVICE, SUSPEND_USER_IDENTITY]]
2026-03-24 10:58:53 TRACE [http-nio-8080-exec-1] o.s.s.w.a.s.CompositeSessionAuthenticationStrategy - Preparing session with ChangeSessionIdAuthenticationStrategy (1/1)
2026-03-24 10:58:53 DEBUG [http-nio-8080-exec-1] o.s.security.web.FilterChainProxy - Secured GET /api/v1/user-assignments/user/4/primary
2026-03-24 10:58:53 DEBUG [http-nio-8080-exec-1] o.s.web.servlet.DispatcherServlet - GET "/api/v1/user-assignments/user/4/primary", parameters={}
2026-03-24 10:58:53 DEBUG [http-nio-8080-exec-1] o.s.w.s.m.m.a.RequestMappingHandlerMapping - Mapped to com.example.ClinicaDefinitiva.infrastructure.rest.controller.administration.authorization.UserRolAssignmentController#findByUserIdAndIsPrimary(Long, CustomUserDetails)
2026-03-24 10:58:53 DEBUG [http-nio-8080-exec-1] o.s.w.s.m.m.a.HttpEntityMethodProcessor - Using 'application/json', given [*/*] and supported [application/json, application/*+json]
2026-03-24 10:58:53 DEBUG [http-nio-8080-exec-1] o.s.w.s.m.m.a.HttpEntityMethodProcessor - Writing [ReadAssignmentResponse[id=4, userId=4, rolId=8, isPrimary=true, validFrom=2026-03-23, validTo=2026-0 (truncated)...]
2026-03-24 10:58:53 DEBUG [http-nio-8080-exec-1] o.s.web.servlet.DispatcherServlet - Completed 200 OK
2026-03-24 10:59:55 DEBUG [http-nio-8080-exec-5] o.s.security.web.FilterChainProxy - Securing PATCH /api/v1/user-assignments/1/primary?isPrimary=true
2026-03-24 10:59:55 TRACE [http-nio-8080-exec-5] o.s.s.w.a.logout.LogoutFilter - Did not match request to Or [Ant [pattern='/logout', GET], Ant [pattern='/logout', POST], Ant [pattern='/logout', PUT], Ant [pattern='/logout', DELETE]]
2026-03-24 10:59:55 TRACE [http-nio-8080-exec-5] o.s.s.w.a.AnonymousAuthenticationFilter - Did not set SecurityContextHolder since already authenticated UsernamePasswordAuthenticationToken [Principal=com.example.ClinicaDefinitiva.infrastructure.security.adapter.CustomUserDetails@780a0b30, Credentials=[PROTECTED], Authenticated=true, Details=null, Granted Authorities=[UPDATE_COMPANY, UPDATE_INVOICE, CREATE_ASSIGNMENT, UPDATE_GUARDIAN, CLONE_ROLE_ROLE, CANCEL_APPOINTMENT, UPDATE_JOURNAL_ENTRY, REVERSE_JOURNAL_ENTRY, CREATE_CONTRACT, DELETE_APPOINTMENT, RESCHEDULE_APPOINTMENT, SET_PERMISSIONS_ROLE, CREATE_PATIENT, READ_USER_IDENTITY, IS_CURRENTLY_ACTIVE_ASSIGNMENT, READ_RATE, ACTIVATE_ROLE_ROLE, DELETE_ROLE_ROLE, READ_APPOINTMENT, READ_DENTIST, CREATE_COMPANY, VIEW_ROLE_ROLE, SCHEDULE_APPOINTMENT, ROLE_RECEPTIONIST, DELETE_INVOICE, CREATE_CUSTOM_ROLE_ROLE, UPDATE_PAYMENT, CREATE_DENTIST, CHECK_PERMISSION_ROLE, READ_PATIENT, READ_ADMINISTRATIVE_REPORT, CREATE_APPOINTMENT, VIEW_ASSIGNMENT_ASSIGNMENT, READ_CONTRACT, DELETE_ADMINISTRATIVE_REPORT, DEACTIVATE_USER_IDENTITY, REVERSE_INVOICE, DEACTIVATE_ROLE_ROLE, APPROVE_INVOICE, READ_PROVIDED_SERVICE, REVOKE_ASSIGNMENT, READ_AVAILABILITY, READ_RECEPTIONIST, DELETE_RATE, UPDATE_PRIMARY_ASSIGNMENT, UPDATE_DENTIST, CREATE_USER_IDENTITY, DELETE_CONTRACT, DELETE_PAYMENT, DELETE_ASSIGNMENT, READ_COMPANY, UPDATE_ADMINISTRATIVE_REPORT, REMOVE_PERMISSION_ROLE, CREATE_PAYMENT, UPDATE_USER_IDENTITY, ADD_PERMISSION_ROLE, READ_GUARDIAN, UPDATE_CONTRACT, DELETE_COMPANY, IS_ACTIVE_AT_ASSIGNMENT, DELETE_DENTIST, READ_ASSIGNMENT, POST_INVOICE, REVOKE_ALL_ASSIGNMENT, CREATE_JOURNAL_ENTRY, CREATE_ADMINISTRATIVE_REPORT, UPDATE_ASSIGNMENT, READ_SHIFT, POST_JOURNAL_ENTRY, CREATE_GUARDIAN, ROLE_ADMINISTRATOR, CREATE_TEMPORARY_ASSIGNMENT, READ_PAYMENT, CREATE_RATE, EXTEND_ASSIGNMENT_ASSIGNMENT, READ_INVOICE, REACTIVATE_USER_IDENTITY, UPDATE_APPOINTMENT, UPDATE_RATE, DELETE_JOURNAL_ENTRY, CREATE_SHIFT, READ_JOURNAL_ENTRY, MARK_DELETED_ROLE_ROLE, CREATE_INVOICE, UPDATE_SHIFT, SUSPEND_ROLE_ROLE, UPDATE_PATIENT, UPDATE_PROVIDED_SERVICE, SUSPEND_USER_IDENTITY]]
2026-03-24 10:59:55 TRACE [http-nio-8080-exec-5] o.s.s.w.a.s.CompositeSessionAuthenticationStrategy - Preparing session with ChangeSessionIdAuthenticationStrategy (1/1)
2026-03-24 10:59:55 DEBUG [http-nio-8080-exec-5] o.s.security.web.FilterChainProxy - Secured PATCH /api/v1/user-assignments/1/primary?isPrimary=true
2026-03-24 10:59:55 DEBUG [http-nio-8080-exec-5] o.s.web.servlet.DispatcherServlet - PATCH "/api/v1/user-assignments/1/primary?isPrimary=true", parameters={masked}
2026-03-24 10:59:55 DEBUG [http-nio-8080-exec-5] o.s.w.s.m.m.a.RequestMappingHandlerMapping - Mapped to com.example.ClinicaDefinitiva.infrastructure.rest.controller.administration.authorization.UserRolAssignmentController#updatePrimary(Long, boolean, CustomUserDetails)
2026-03-24 10:59:55 DEBUG [http-nio-8080-exec-5] o.s.w.s.m.m.a.HttpEntityMethodProcessor - Using 'application/json', given [*/*] and supported [application/json, application/*+json]
2026-03-24 10:59:55 DEBUG [http-nio-8080-exec-5] o.s.w.s.m.m.a.HttpEntityMethodProcessor - Writing [ReadAssignmentResponse[id=1, userId=1, rolId=1, isPrimary=true, validFrom=2026-03-13, validTo=2026-0 (truncated)...]
2026-03-24 10:59:55 DEBUG [http-nio-8080-exec-5] o.s.web.servlet.DispatcherServlet - Completed 200 OK
2026-03-24 11:00:17 DEBUG [http-nio-8080-exec-6] o.s.security.web.FilterChainProxy - Securing PATCH /api/v1/user-assignments/1/primary?isPrimary=true
2026-03-24 11:00:17 TRACE [http-nio-8080-exec-6] o.s.s.w.a.logout.LogoutFilter - Did not match request to Or [Ant [pattern='/logout', GET], Ant [pattern='/logout', POST], Ant [pattern='/logout', PUT], Ant [pattern='/logout', DELETE]]
2026-03-24 11:00:18 TRACE [http-nio-8080-exec-6] o.s.s.w.a.AnonymousAuthenticationFilter - Did not set SecurityContextHolder since already authenticated UsernamePasswordAuthenticationToken [Principal=com.example.ClinicaDefinitiva.infrastructure.security.adapter.CustomUserDetails@19e07866, Credentials=[PROTECTED], Authenticated=true, Details=null, Granted Authorities=[UPDATE_COMPANY, UPDATE_INVOICE, CREATE_ASSIGNMENT, UPDATE_GUARDIAN, CLONE_ROLE_ROLE, CANCEL_APPOINTMENT, UPDATE_JOURNAL_ENTRY, REVERSE_JOURNAL_ENTRY, CREATE_CONTRACT, DELETE_APPOINTMENT, RESCHEDULE_APPOINTMENT, SET_PERMISSIONS_ROLE, CREATE_PATIENT, READ_USER_IDENTITY, IS_CURRENTLY_ACTIVE_ASSIGNMENT, READ_RATE, ACTIVATE_ROLE_ROLE, DELETE_ROLE_ROLE, READ_APPOINTMENT, READ_DENTIST, CREATE_COMPANY, VIEW_ROLE_ROLE, SCHEDULE_APPOINTMENT, ROLE_RECEPTIONIST, DELETE_INVOICE, CREATE_CUSTOM_ROLE_ROLE, UPDATE_PAYMENT, CREATE_DENTIST, CHECK_PERMISSION_ROLE, READ_PATIENT, READ_ADMINISTRATIVE_REPORT, CREATE_APPOINTMENT, VIEW_ASSIGNMENT_ASSIGNMENT, READ_CONTRACT, DELETE_ADMINISTRATIVE_REPORT, DEACTIVATE_USER_IDENTITY, REVERSE_INVOICE, DEACTIVATE_ROLE_ROLE, APPROVE_INVOICE, READ_PROVIDED_SERVICE, REVOKE_ASSIGNMENT, READ_AVAILABILITY, READ_RECEPTIONIST, DELETE_RATE, UPDATE_PRIMARY_ASSIGNMENT, UPDATE_DENTIST, CREATE_USER_IDENTITY, DELETE_CONTRACT, DELETE_PAYMENT, DELETE_ASSIGNMENT, READ_COMPANY, UPDATE_ADMINISTRATIVE_REPORT, REMOVE_PERMISSION_ROLE, CREATE_PAYMENT, UPDATE_USER_IDENTITY, ADD_PERMISSION_ROLE, READ_GUARDIAN, UPDATE_CONTRACT, DELETE_COMPANY, IS_ACTIVE_AT_ASSIGNMENT, DELETE_DENTIST, READ_ASSIGNMENT, POST_INVOICE, REVOKE_ALL_ASSIGNMENT, CREATE_JOURNAL_ENTRY, CREATE_ADMINISTRATIVE_REPORT, UPDATE_ASSIGNMENT, READ_SHIFT, POST_JOURNAL_ENTRY, CREATE_GUARDIAN, ROLE_ADMINISTRATOR, CREATE_TEMPORARY_ASSIGNMENT, READ_PAYMENT, CREATE_RATE, EXTEND_ASSIGNMENT_ASSIGNMENT, READ_INVOICE, REACTIVATE_USER_IDENTITY, UPDATE_APPOINTMENT, UPDATE_RATE, DELETE_JOURNAL_ENTRY, CREATE_SHIFT, READ_JOURNAL_ENTRY, MARK_DELETED_ROLE_ROLE, CREATE_INVOICE, UPDATE_SHIFT, SUSPEND_ROLE_ROLE, UPDATE_PATIENT, UPDATE_PROVIDED_SERVICE, SUSPEND_USER_IDENTITY]]
2026-03-24 11:00:18 TRACE [http-nio-8080-exec-6] o.s.s.w.a.s.CompositeSessionAuthenticationStrategy - Preparing session with ChangeSessionIdAuthenticationStrategy (1/1)
2026-03-24 11:00:18 DEBUG [http-nio-8080-exec-6] o.s.security.web.FilterChainProxy - Secured PATCH /api/v1/user-assignments/1/primary?isPrimary=true
2026-03-24 11:00:18 DEBUG [http-nio-8080-exec-6] o.s.web.servlet.DispatcherServlet - PATCH "/api/v1/user-assignments/1/primary?isPrimary=true", parameters={masked}
2026-03-24 11:00:18 DEBUG [http-nio-8080-exec-6] o.s.w.s.m.m.a.RequestMappingHandlerMapping - Mapped to com.example.ClinicaDefinitiva.infrastructure.rest.controller.administration.authorization.UserRolAssignmentController#updatePrimary(Long, boolean, CustomUserDetails)
2026-03-24 11:00:18 DEBUG [http-nio-8080-exec-6] o.s.w.s.m.m.a.HttpEntityMethodProcessor - Using 'application/json', given [*/*] and supported [application/json, application/*+json]
2026-03-24 11:00:18 DEBUG [http-nio-8080-exec-6] o.s.w.s.m.m.a.HttpEntityMethodProcessor - Writing [ReadAssignmentResponse[id=1, userId=1, rolId=1, isPrimary=true, validFrom=2026-03-13, validTo=2026-0 (truncated)...]
2026-03-24 11:00:18 DEBUG [http-nio-8080-exec-6] o.s.web.servlet.DispatcherServlet - Completed 200 OK
2026-03-24 11:00:57 DEBUG [http-nio-8080-exec-8] o.s.security.web.FilterChainProxy - Securing PATCH /api/v1/user-assignments/2/primary?isPrimary=true
2026-03-24 11:00:57 TRACE [http-nio-8080-exec-8] o.s.s.w.a.logout.LogoutFilter - Did not match request to Or [Ant [pattern='/logout', GET], Ant [pattern='/logout', POST], Ant [pattern='/logout', PUT], Ant [pattern='/logout', DELETE]]
2026-03-24 11:00:58 TRACE [http-nio-8080-exec-8] o.s.s.w.a.AnonymousAuthenticationFilter - Did not set SecurityContextHolder since already authenticated UsernamePasswordAuthenticationToken [Principal=com.example.ClinicaDefinitiva.infrastructure.security.adapter.CustomUserDetails@7a74e46a, Credentials=[PROTECTED], Authenticated=true, Details=null, Granted Authorities=[UPDATE_COMPANY, UPDATE_INVOICE, CREATE_ASSIGNMENT, UPDATE_GUARDIAN, CLONE_ROLE_ROLE, CANCEL_APPOINTMENT, UPDATE_JOURNAL_ENTRY, REVERSE_JOURNAL_ENTRY, CREATE_CONTRACT, DELETE_APPOINTMENT, RESCHEDULE_APPOINTMENT, SET_PERMISSIONS_ROLE, CREATE_PATIENT, READ_USER_IDENTITY, IS_CURRENTLY_ACTIVE_ASSIGNMENT, READ_RATE, ACTIVATE_ROLE_ROLE, DELETE_ROLE_ROLE, READ_APPOINTMENT, READ_DENTIST, CREATE_COMPANY, VIEW_ROLE_ROLE, SCHEDULE_APPOINTMENT, ROLE_RECEPTIONIST, DELETE_INVOICE, CREATE_CUSTOM_ROLE_ROLE, UPDATE_PAYMENT, CREATE_DENTIST, CHECK_PERMISSION_ROLE, READ_PATIENT, READ_ADMINISTRATIVE_REPORT, CREATE_APPOINTMENT, VIEW_ASSIGNMENT_ASSIGNMENT, READ_CONTRACT, DELETE_ADMINISTRATIVE_REPORT, DEACTIVATE_USER_IDENTITY, REVERSE_INVOICE, DEACTIVATE_ROLE_ROLE, APPROVE_INVOICE, READ_PROVIDED_SERVICE, REVOKE_ASSIGNMENT, READ_AVAILABILITY, READ_RECEPTIONIST, DELETE_RATE, UPDATE_PRIMARY_ASSIGNMENT, UPDATE_DENTIST, CREATE_USER_IDENTITY, DELETE_CONTRACT, DELETE_PAYMENT, DELETE_ASSIGNMENT, READ_COMPANY, UPDATE_ADMINISTRATIVE_REPORT, REMOVE_PERMISSION_ROLE, CREATE_PAYMENT, UPDATE_USER_IDENTITY, ADD_PERMISSION_ROLE, READ_GUARDIAN, UPDATE_CONTRACT, DELETE_COMPANY, IS_ACTIVE_AT_ASSIGNMENT, DELETE_DENTIST, READ_ASSIGNMENT, POST_INVOICE, REVOKE_ALL_ASSIGNMENT, CREATE_JOURNAL_ENTRY, CREATE_ADMINISTRATIVE_REPORT, UPDATE_ASSIGNMENT, READ_SHIFT, POST_JOURNAL_ENTRY, CREATE_GUARDIAN, ROLE_ADMINISTRATOR, CREATE_TEMPORARY_ASSIGNMENT, READ_PAYMENT, CREATE_RATE, EXTEND_ASSIGNMENT_ASSIGNMENT, READ_INVOICE, REACTIVATE_USER_IDENTITY, UPDATE_APPOINTMENT, UPDATE_RATE, DELETE_JOURNAL_ENTRY, CREATE_SHIFT, READ_JOURNAL_ENTRY, MARK_DELETED_ROLE_ROLE, CREATE_INVOICE, UPDATE_SHIFT, SUSPEND_ROLE_ROLE, UPDATE_PATIENT, UPDATE_PROVIDED_SERVICE, SUSPEND_USER_IDENTITY]]
2026-03-24 11:00:58 TRACE [http-nio-8080-exec-8] o.s.s.w.a.s.CompositeSessionAuthenticationStrategy - Preparing session with ChangeSessionIdAuthenticationStrategy (1/1)
2026-03-24 11:00:58 DEBUG [http-nio-8080-exec-8] o.s.security.web.FilterChainProxy - Secured PATCH /api/v1/user-assignments/2/primary?isPrimary=true
2026-03-24 11:00:58 DEBUG [http-nio-8080-exec-8] o.s.web.servlet.DispatcherServlet - PATCH "/api/v1/user-assignments/2/primary?isPrimary=true", parameters={masked}
2026-03-24 11:00:58 DEBUG [http-nio-8080-exec-8] o.s.w.s.m.m.a.RequestMappingHandlerMapping - Mapped to com.example.ClinicaDefinitiva.infrastructure.rest.controller.administration.authorization.UserRolAssignmentController#updatePrimary(Long, boolean, CustomUserDetails)
2026-03-24 11:00:58 DEBUG [http-nio-8080-exec-8] o.s.w.s.m.m.a.HttpEntityMethodProcessor - Using 'application/json', given [*/*] and supported [application/json, application/*+json]
2026-03-24 11:00:58 DEBUG [http-nio-8080-exec-8] o.s.w.s.m.m.a.HttpEntityMethodProcessor - Writing [ReadAssignmentResponse[id=2, userId=1, rolId=2, isPrimary=true, validFrom=2026-03-13, validTo=null]]
2026-03-24 11:00:58 DEBUG [http-nio-8080-exec-8] o.s.web.servlet.DispatcherServlet - Completed 200 OK
2026-03-24 11:01:36 DEBUG [http-nio-8080-exec-9] o.s.security.web.FilterChainProxy - Securing DELETE /api/v1/user-assignments/4
2026-03-24 11:01:36 TRACE [http-nio-8080-exec-9] o.s.s.w.a.logout.LogoutFilter - Did not match request to Or [Ant [pattern='/logout', GET], Ant [pattern='/logout', POST], Ant [pattern='/logout', PUT], Ant [pattern='/logout', DELETE]]
2026-03-24 11:01:36 TRACE [http-nio-8080-exec-9] o.s.s.w.a.AnonymousAuthenticationFilter - Did not set SecurityContextHolder since already authenticated UsernamePasswordAuthenticationToken [Principal=com.example.ClinicaDefinitiva.infrastructure.security.adapter.CustomUserDetails@ebeb5ee, Credentials=[PROTECTED], Authenticated=true, Details=null, Granted Authorities=[UPDATE_COMPANY, UPDATE_INVOICE, CREATE_ASSIGNMENT, UPDATE_GUARDIAN, CLONE_ROLE_ROLE, CANCEL_APPOINTMENT, UPDATE_JOURNAL_ENTRY, REVERSE_JOURNAL_ENTRY, CREATE_CONTRACT, DELETE_APPOINTMENT, RESCHEDULE_APPOINTMENT, SET_PERMISSIONS_ROLE, CREATE_PATIENT, READ_USER_IDENTITY, IS_CURRENTLY_ACTIVE_ASSIGNMENT, READ_RATE, ACTIVATE_ROLE_ROLE, DELETE_ROLE_ROLE, READ_APPOINTMENT, READ_DENTIST, CREATE_COMPANY, VIEW_ROLE_ROLE, SCHEDULE_APPOINTMENT, ROLE_RECEPTIONIST, DELETE_INVOICE, CREATE_CUSTOM_ROLE_ROLE, UPDATE_PAYMENT, CREATE_DENTIST, CHECK_PERMISSION_ROLE, READ_PATIENT, READ_ADMINISTRATIVE_REPORT, CREATE_APPOINTMENT, VIEW_ASSIGNMENT_ASSIGNMENT, READ_CONTRACT, DELETE_ADMINISTRATIVE_REPORT, DEACTIVATE_USER_IDENTITY, REVERSE_INVOICE, DEACTIVATE_ROLE_ROLE, APPROVE_INVOICE, READ_PROVIDED_SERVICE, REVOKE_ASSIGNMENT, READ_AVAILABILITY, READ_RECEPTIONIST, DELETE_RATE, UPDATE_PRIMARY_ASSIGNMENT, UPDATE_DENTIST, CREATE_USER_IDENTITY, DELETE_CONTRACT, DELETE_PAYMENT, DELETE_ASSIGNMENT, READ_COMPANY, UPDATE_ADMINISTRATIVE_REPORT, REMOVE_PERMISSION_ROLE, CREATE_PAYMENT, UPDATE_USER_IDENTITY, ADD_PERMISSION_ROLE, READ_GUARDIAN, UPDATE_CONTRACT, DELETE_COMPANY, IS_ACTIVE_AT_ASSIGNMENT, DELETE_DENTIST, READ_ASSIGNMENT, POST_INVOICE, REVOKE_ALL_ASSIGNMENT, CREATE_JOURNAL_ENTRY, CREATE_ADMINISTRATIVE_REPORT, UPDATE_ASSIGNMENT, READ_SHIFT, POST_JOURNAL_ENTRY, CREATE_GUARDIAN, ROLE_ADMINISTRATOR, CREATE_TEMPORARY_ASSIGNMENT, READ_PAYMENT, CREATE_RATE, EXTEND_ASSIGNMENT_ASSIGNMENT, READ_INVOICE, REACTIVATE_USER_IDENTITY, UPDATE_APPOINTMENT, UPDATE_RATE, DELETE_JOURNAL_ENTRY, CREATE_SHIFT, READ_JOURNAL_ENTRY, MARK_DELETED_ROLE_ROLE, CREATE_INVOICE, UPDATE_SHIFT, SUSPEND_ROLE_ROLE, UPDATE_PATIENT, UPDATE_PROVIDED_SERVICE, SUSPEND_USER_IDENTITY]]
2026-03-24 11:01:36 TRACE [http-nio-8080-exec-9] o.s.s.w.a.s.CompositeSessionAuthenticationStrategy - Preparing session with ChangeSessionIdAuthenticationStrategy (1/1)
2026-03-24 11:01:36 DEBUG [http-nio-8080-exec-9] o.s.security.web.FilterChainProxy - Secured DELETE /api/v1/user-assignments/4
2026-03-24 11:01:36 DEBUG [http-nio-8080-exec-9] o.s.web.servlet.DispatcherServlet - DELETE "/api/v1/user-assignments/4", parameters={}
2026-03-24 11:01:36 DEBUG [http-nio-8080-exec-9] o.s.w.s.m.m.a.RequestMappingHandlerMapping - Mapped to com.example.ClinicaDefinitiva.infrastructure.rest.controller.administration.authorization.UserRolAssignmentController#deleteAssignment(Long, CustomUserDetails)
2026-03-24 11:01:36 DEBUG [http-nio-8080-exec-9] o.s.w.s.m.m.a.ExceptionHandlerExceptionResolver - Using @ExceptionHandler com.example.ClinicaDefinitiva.infrastructure.rest.advice.GlobalControllerAdvice#handleAccessDenied(AccessDeniedException)
2026-03-24 11:01:36 WARN  [http-nio-8080-exec-9] c.e.C.i.r.a.GlobalControllerAdvice - Acceso denegado [requestId=b73b5272-b56e-47ca-bdb5-b3cf0e91511d, usuario=admin@test.com]: Rol no tiene permiso base: REVOKE_ASSIGNMENT_ASSIGNMENT
2026-03-24 11:01:36 DEBUG [http-nio-8080-exec-9] o.s.w.s.m.m.a.HttpEntityMethodProcessor - Using 'application/json', given [*/*] and supported [application/json, application/*+json]
2026-03-24 11:01:36 DEBUG [http-nio-8080-exec-9] o.s.w.s.m.m.a.HttpEntityMethodProcessor - Writing [com.example.ClinicaDefinitiva.infrastructure.rest.dto.ErrorResponse@2b1696e5]
2026-03-24 11:01:36 DEBUG [http-nio-8080-exec-9] o.s.w.s.m.m.a.ExceptionHandlerExceptionResolver - Resolved [org.springframework.security.access.AccessDeniedException: Rol no tiene permiso base: REVOKE_ASSIGNMENT_ASSIGNMENT]
2026-03-24 11:01:36 DEBUG [http-nio-8080-exec-9] o.s.web.servlet.DispatcherServlet - Completed 403 FORBIDDEN
2026-03-24 11:39:34 DEBUG [http-nio-8080-exec-3] o.s.security.web.FilterChainProxy - Securing DELETE /api/v1/user-assignments/4
2026-03-24 11:39:34 TRACE [http-nio-8080-exec-3] o.s.s.w.a.logout.LogoutFilter - Did not match request to Or [Ant [pattern='/logout', GET], Ant [pattern='/logout', POST], Ant [pattern='/logout', PUT], Ant [pattern='/logout', DELETE]]
2026-03-24 11:39:34 TRACE [http-nio-8080-exec-3] o.s.s.w.a.AnonymousAuthenticationFilter - Did not set SecurityContextHolder since already authenticated UsernamePasswordAuthenticationToken [Principal=com.example.ClinicaDefinitiva.infrastructure.security.adapter.CustomUserDetails@774ceb00, Credentials=[PROTECTED], Authenticated=true, Details=null, Granted Authorities=[UPDATE_COMPANY, UPDATE_INVOICE, CREATE_ASSIGNMENT, UPDATE_GUARDIAN, CLONE_ROLE_ROLE, CANCEL_APPOINTMENT, UPDATE_JOURNAL_ENTRY, REVERSE_JOURNAL_ENTRY, CREATE_CONTRACT, DELETE_APPOINTMENT, RESCHEDULE_APPOINTMENT, SET_PERMISSIONS_ROLE, CREATE_PATIENT, READ_USER_IDENTITY, IS_CURRENTLY_ACTIVE_ASSIGNMENT, READ_RATE, ACTIVATE_ROLE_ROLE, DELETE_ROLE_ROLE, READ_APPOINTMENT, READ_DENTIST, CREATE_COMPANY, VIEW_ROLE_ROLE, SCHEDULE_APPOINTMENT, ROLE_RECEPTIONIST, DELETE_INVOICE, CREATE_CUSTOM_ROLE_ROLE, UPDATE_PAYMENT, CREATE_DENTIST, CHECK_PERMISSION_ROLE, READ_PATIENT, READ_ADMINISTRATIVE_REPORT, CREATE_APPOINTMENT, VIEW_ASSIGNMENT_ASSIGNMENT, READ_CONTRACT, DELETE_ADMINISTRATIVE_REPORT, DEACTIVATE_USER_IDENTITY, REVERSE_INVOICE, DEACTIVATE_ROLE_ROLE, APPROVE_INVOICE, READ_PROVIDED_SERVICE, REVOKE_ASSIGNMENT, READ_AVAILABILITY, READ_RECEPTIONIST, DELETE_RATE, UPDATE_PRIMARY_ASSIGNMENT, UPDATE_DENTIST, CREATE_USER_IDENTITY, DELETE_CONTRACT, DELETE_PAYMENT, DELETE_ASSIGNMENT, READ_COMPANY, UPDATE_ADMINISTRATIVE_REPORT, REMOVE_PERMISSION_ROLE, CREATE_PAYMENT, UPDATE_USER_IDENTITY, ADD_PERMISSION_ROLE, READ_GUARDIAN, UPDATE_CONTRACT, DELETE_COMPANY, IS_ACTIVE_AT_ASSIGNMENT, DELETE_DENTIST, READ_ASSIGNMENT, POST_INVOICE, REVOKE_ALL_ASSIGNMENT, CREATE_JOURNAL_ENTRY, CREATE_ADMINISTRATIVE_REPORT, UPDATE_ASSIGNMENT, READ_SHIFT, POST_JOURNAL_ENTRY, CREATE_GUARDIAN, ROLE_ADMINISTRATOR, CREATE_TEMPORARY_ASSIGNMENT, READ_PAYMENT, CREATE_RATE, EXTEND_ASSIGNMENT_ASSIGNMENT, READ_INVOICE, REACTIVATE_USER_IDENTITY, UPDATE_APPOINTMENT, UPDATE_RATE, DELETE_JOURNAL_ENTRY, CREATE_SHIFT, READ_JOURNAL_ENTRY, MARK_DELETED_ROLE_ROLE, CREATE_INVOICE, UPDATE_SHIFT, SUSPEND_ROLE_ROLE, UPDATE_PATIENT, UPDATE_PROVIDED_SERVICE, SUSPEND_USER_IDENTITY]]
2026-03-24 11:39:34 TRACE [http-nio-8080-exec-3] o.s.s.w.a.s.CompositeSessionAuthenticationStrategy - Preparing session with ChangeSessionIdAuthenticationStrategy (1/1)
2026-03-24 11:39:34 DEBUG [http-nio-8080-exec-3] o.s.security.web.FilterChainProxy - Secured DELETE /api/v1/user-assignments/4
2026-03-24 11:39:34 DEBUG [http-nio-8080-exec-3] o.s.web.servlet.DispatcherServlet - DELETE "/api/v1/user-assignments/4", parameters={}
2026-03-24 11:39:34 DEBUG [http-nio-8080-exec-3] o.s.w.s.m.m.a.RequestMappingHandlerMapping - Mapped to com.example.ClinicaDefinitiva.infrastructure.rest.controller.administration.authorization.UserRolAssignmentController#deleteAssignment(Long, CustomUserDetails)
2026-03-24 11:39:35 DEBUG [http-nio-8080-exec-3] o.s.w.s.m.m.a.ExceptionHandlerExceptionResolver - Using @ExceptionHandler com.example.ClinicaDefinitiva.infrastructure.rest.advice.GlobalControllerAdvice#handleAccessDenied(AccessDeniedException)
2026-03-24 11:39:35 WARN  [http-nio-8080-exec-3] c.e.C.i.r.a.GlobalControllerAdvice - Acceso denegado [requestId=7c6ea78c-d80d-4b0b-b123-ce70189691e5, usuario=admin@test.com]: Rol no tiene permiso base: REVOKE_ASSIGNMENT_ASSIGNMENT
2026-03-24 11:39:35 DEBUG [http-nio-8080-exec-3] o.s.w.s.m.m.a.HttpEntityMethodProcessor - Using 'application/json', given [*/*] and supported [application/json, application/*+json]
2026-03-24 11:39:35 DEBUG [http-nio-8080-exec-3] o.s.w.s.m.m.a.HttpEntityMethodProcessor - Writing [com.example.ClinicaDefinitiva.infrastructure.rest.dto.ErrorResponse@d74cdb4]
2026-03-24 11:39:35 DEBUG [http-nio-8080-exec-3] o.s.w.s.m.m.a.ExceptionHandlerExceptionResolver - Resolved [org.springframework.security.access.AccessDeniedException: Rol no tiene permiso base: REVOKE_ASSIGNMENT_ASSIGNMENT]
2026-03-24 11:39:35 DEBUG [http-nio-8080-exec-3] o.s.web.servlet.DispatcherServlet - Completed 403 FORBIDDEN
2026-03-24 12:41:14 INFO  [background-preinit] o.h.validator.internal.util.Version - HV000001: Hibernate Validator 8.0.2.Final
2026-03-24 12:41:14 DEBUG [background-preinit] o.h.v.i.x.config.ValidationXmlParser - Trying to load META-INF/validation.xml for XML based Validator configuration.
2026-03-24 12:41:14 DEBUG [background-preinit] o.h.v.i.x.c.ResourceLoaderHelper - Trying to load META-INF/validation.xml via TCCL
2026-03-24 12:41:14 DEBUG [background-preinit] o.h.v.i.x.c.ResourceLoaderHelper - Trying to load META-INF/validation.xml via Hibernate Validator's class loader
2026-03-24 12:41:14 DEBUG [background-preinit] o.h.v.i.x.config.ValidationXmlParser - No META-INF/validation.xml found. Using annotation based configuration only.
2026-03-24 12:41:14 DEBUG [background-preinit] o.h.v.i.e.r.TraversableResolvers - Found jakarta.persistence.Persistence on classpath containing 'getPersistenceUtil'. Assuming JPA 2 environment. Trying to instantiate JPA aware TraversableResolver
2026-03-24 12:41:14 DEBUG [background-preinit] o.h.v.i.e.r.TraversableResolvers - Instantiated JPA aware TraversableResolver of type org.hibernate.validator.internal.engine.resolver.JPATraversableResolver.
2026-03-24 12:41:14 DEBUG [background-preinit] o.h.v.m.ResourceBundleMessageInterpolator - Loaded expression factory via original TCCL
2026-03-24 12:41:14 INFO  [main] c.e.C.ClinicaDefinitivaApplication - Starting ClinicaDefinitivaApplication using Java 17.0.10 with PID 3648 (C:\Users\David\OneDrive\Documents\proyectosJava\ClinicaDefinitiva\target\classes started by David in C:\Users\David\OneDrive\Documents\proyectosJava\ClinicaDefinitiva)
2026-03-24 12:41:14 INFO  [main] c.e.C.ClinicaDefinitivaApplication - No active profile set, falling back to 1 default profile: "default"
2026-03-24 12:41:14 DEBUG [background-preinit] o.h.v.i.e.ValidatorFactoryConfigurationHelper - HV000252: Using org.hibernate.validator.internal.engine.DefaultPropertyNodeNameProvider as property node name provider.
2026-03-24 12:41:14 DEBUG [background-preinit] o.h.v.i.e.ValidatorFactoryConfigurationHelper - HV000234: Using org.hibernate.validator.messageinterpolation.ResourceBundleMessageInterpolator as ValidatorFactory-scoped message interpolator.
2026-03-24 12:41:14 DEBUG [background-preinit] o.h.v.i.e.ValidatorFactoryConfigurationHelper - HV000234: Using org.hibernate.validator.internal.engine.resolver.JPATraversableResolver as ValidatorFactory-scoped traversable resolver.
2026-03-24 12:41:14 DEBUG [background-preinit] o.h.v.i.e.ValidatorFactoryConfigurationHelper - HV000234: Using org.hibernate.validator.internal.util.ExecutableParameterNameProvider as ValidatorFactory-scoped parameter name provider.
2026-03-24 12:41:14 DEBUG [background-preinit] o.h.v.i.e.ValidatorFactoryConfigurationHelper - HV000234: Using org.hibernate.validator.internal.engine.DefaultClockProvider as ValidatorFactory-scoped clock provider.
2026-03-24 12:41:14 DEBUG [background-preinit] o.h.v.i.e.ValidatorFactoryConfigurationHelper - HV000234: Using org.hibernate.validator.internal.engine.scripting.DefaultScriptEvaluatorFactory as ValidatorFactory-scoped script evaluator factory.
2026-03-24 12:41:20 INFO  [main] o.s.d.r.c.RepositoryConfigurationDelegate - Bootstrapping Spring Data JPA repositories in DEFAULT mode.
2026-03-24 12:41:21 INFO  [main] o.s.d.r.c.RepositoryConfigurationDelegate - Finished Spring Data repository scanning in 1204 ms. Found 21 JPA repository interfaces.
2026-03-24 12:41:24 INFO  [main] o.s.b.w.e.tomcat.TomcatWebServer - Tomcat initialized with port 8080 (http)
2026-03-24 12:41:24 INFO  [main] o.a.coyote.http11.Http11NioProtocol - Initializing ProtocolHandler ["http-nio-8080"]
2026-03-24 12:41:24 INFO  [main] o.a.catalina.core.StandardService - Starting service [Tomcat]
2026-03-24 12:41:24 INFO  [main] o.a.catalina.core.StandardEngine - Starting Servlet engine: [Apache Tomcat/10.1.41]
2026-03-24 12:41:24 INFO  [main] o.a.c.c.C.[Tomcat].[localhost].[/] - Initializing Spring embedded WebApplicationContext
2026-03-24 12:41:24 INFO  [main] o.s.b.w.s.c.ServletWebServerApplicationContext - Root WebApplicationContext: initialization completed in 10009 ms
2026-03-24 12:41:25 DEBUG [main] o.s.w.f.ServerHttpObservationFilter - Filter 'webMvcObservationFilter' configured for use
2026-03-24 12:41:26 INFO  [main] o.h.jpa.internal.util.LogHelper - HHH000204: Processing PersistenceUnitInfo [name: default]
2026-03-24 12:41:26 INFO  [main] org.hibernate.Version - HHH000412: Hibernate ORM core version 6.6.15.Final
2026-03-24 12:41:26 INFO  [main] o.h.c.i.RegionFactoryInitiator - HHH000026: Second-level cache disabled
2026-03-24 12:41:27 INFO  [main] o.s.o.j.p.SpringPersistenceUnitInfo - No LoadTimeWeaver setup: ignoring JPA class transformer
2026-03-24 12:41:27 INFO  [main] com.zaxxer.hikari.HikariDataSource - HikariPool-1 - Starting...
2026-03-24 12:41:28 INFO  [main] com.zaxxer.hikari.pool.HikariPool - HikariPool-1 - Added connection com.mysql.cj.jdbc.ConnectionImpl@535a6697
2026-03-24 12:41:28 INFO  [main] com.zaxxer.hikari.HikariDataSource - HikariPool-1 - Start completed.
2026-03-24 12:41:28 WARN  [main] org.hibernate.dialect.Dialect - HHH000511: The 5.5.5 version for [org.hibernate.dialect.MySQLDialect] is no longer supported, hence certain features may not work properly. The minimum supported version is 8.0.0. Check the community dialects project for available legacy versions.
2026-03-24 12:41:28 WARN  [main] org.hibernate.orm.deprecation - HHH90000025: MySQLDialect does not need to be specified explicitly using 'hibernate.dialect' (remove the property setting and it will be selected by default)
2026-03-24 12:41:28 INFO  [main] o.hibernate.orm.connections.pooling - HHH10001005: Database info:
	Database JDBC URL [Connecting through datasource 'HikariDataSource (HikariPool-1)']
	Database driver: undefined/unknown
	Database version: 5.5.5
	Autocommit mode: undefined/unknown
	Isolation level: undefined/unknown
	Minimum pool size: undefined/unknown
	Maximum pool size: undefined/unknown
2026-03-24 12:41:30 DEBUG [main] o.h.v.i.x.config.ValidationXmlParser - Trying to load META-INF/validation.xml for XML based Validator configuration.
2026-03-24 12:41:30 DEBUG [main] o.h.v.i.x.c.ResourceLoaderHelper - Trying to load META-INF/validation.xml via TCCL
2026-03-24 12:41:30 DEBUG [main] o.h.v.i.x.c.ResourceLoaderHelper - Trying to load META-INF/validation.xml via Hibernate Validator's class loader
2026-03-24 12:41:30 DEBUG [main] o.h.v.i.x.config.ValidationXmlParser - No META-INF/validation.xml found. Using annotation based configuration only.
2026-03-24 12:41:30 DEBUG [main] o.h.v.i.e.r.TraversableResolvers - Found jakarta.persistence.Persistence on classpath containing 'getPersistenceUtil'. Assuming JPA 2 environment. Trying to instantiate JPA aware TraversableResolver
2026-03-24 12:41:30 DEBUG [main] o.h.v.i.e.r.TraversableResolvers - Instantiated JPA aware TraversableResolver of type org.hibernate.validator.internal.engine.resolver.JPATraversableResolver.
2026-03-24 12:41:30 DEBUG [main] o.h.v.m.ResourceBundleMessageInterpolator - Loaded expression factory via original TCCL
2026-03-24 12:41:30 DEBUG [main] o.h.v.i.e.ValidatorFactoryConfigurationHelper - HV000252: Using org.hibernate.validator.internal.engine.DefaultPropertyNodeNameProvider as property node name provider.
2026-03-24 12:41:30 DEBUG [main] o.h.v.i.e.ValidatorFactoryConfigurationHelper - HV000234: Using org.hibernate.validator.messageinterpolation.ResourceBundleMessageInterpolator as ValidatorFactory-scoped message interpolator.
2026-03-24 12:41:30 DEBUG [main] o.h.v.i.e.ValidatorFactoryConfigurationHelper - HV000234: Using org.hibernate.validator.internal.engine.resolver.JPATraversableResolver as ValidatorFactory-scoped traversable resolver.
2026-03-24 12:41:30 DEBUG [main] o.h.v.i.e.ValidatorFactoryConfigurationHelper - HV000234: Using org.hibernate.validator.internal.util.ExecutableParameterNameProvider as ValidatorFactory-scoped parameter name provider.
2026-03-24 12:41:30 DEBUG [main] o.h.v.i.e.ValidatorFactoryConfigurationHelper - HV000234: Using org.hibernate.validator.internal.engine.DefaultClockProvider as ValidatorFactory-scoped clock provider.
2026-03-24 12:41:30 DEBUG [main] o.h.v.i.e.ValidatorFactoryConfigurationHelper - HV000234: Using org.hibernate.validator.internal.engine.scripting.DefaultScriptEvaluatorFactory as ValidatorFactory-scoped script evaluator factory.
2026-03-24 12:41:33 INFO  [main] o.h.e.t.j.p.i.JtaPlatformInitiator - HHH000489: No JTA platform available (set 'hibernate.transaction.jta.platform' to enable JTA platform integration)
2026-03-24 12:41:34 INFO  [main] o.s.o.j.LocalContainerEntityManagerFactoryBean - Initialized JPA EntityManagerFactory for persistence unit 'default'
2026-03-24 12:41:36 INFO  [main] o.s.d.j.r.query.QueryEnhancerFactory - Hibernate is in classpath; If applicable, HQL parser will be used.
2026-03-24 12:41:42 INFO  [main] c.e.C.i.p.s.StripePaymentGateway - ? Stripe payment gateway initialized
2026-03-24 12:41:42 INFO  [main] c.e.C.i.p.s.StripePaymentGateway - ? Stripe payment gateway initialized
2026-03-24 12:41:43 INFO  [main] o.s.s.c.a.a.c.InitializeAuthenticationProviderBeanManagerConfigurer$InitializeAuthenticationProviderManagerConfigurer - Global AuthenticationManager configured with AuthenticationProvider bean with name authenticationProvider
2026-03-24 12:41:43 WARN  [main] o.s.s.c.a.a.c.InitializeUserDetailsBeanManagerConfigurer$InitializeUserDetailsManagerConfigurer - Global AuthenticationManager configured with an AuthenticationProvider bean. UserDetailsService beans will not be used by Spring Security for automatically configuring username/password login. Consider removing the AuthenticationProvider bean. Alternatively, consider using the UserDetailsService in a manually instantiated DaoAuthenticationProvider. If the current configuration is intentional, to turn off this warning, increase the logging level of 'org.springframework.security.config.annotation.authentication.configuration.InitializeUserDetailsBeanManagerConfigurer' to ERROR
2026-03-24 12:41:43 INFO  [main] c.e.C.i.p.s.StripePaymentGateway - ? Stripe payment gateway initialized
2026-03-24 12:41:43 WARN  [main] o.s.b.a.o.j.JpaBaseConfiguration$JpaWebConfiguration - spring.jpa.open-in-view is enabled by default. Therefore, database queries may be performed during view rendering. Explicitly configure spring.jpa.open-in-view to disable this warning
2026-03-24 12:41:44 DEBUG [main] o.s.w.s.m.m.a.RequestMappingHandlerMapping - 193 mappings in 'requestMappingHandlerMapping'
2026-03-24 12:41:44 DEBUG [main] o.s.w.s.h.SimpleUrlHandlerMapping - Patterns [/webjars/**, /**] in 'resourceHandlerMapping'
2026-03-24 12:41:44 INFO  [main] o.s.b.a.e.web.EndpointLinksResolver - Exposing 1 endpoint beneath base path '/actuator'
2026-03-24 12:41:45 DEBUG [main] o.s.s.web.DefaultSecurityFilterChain - Will secure any request with filters: DisableEncodeUrlFilter, WebAsyncManagerIntegrationFilter, SecurityContextHolderFilter, HeaderWriterFilter, LogoutFilter, JwtAuthenticationFilter, RequestCacheAwareFilter, SecurityContextHolderAwareRequestFilter, AnonymousAuthenticationFilter, SessionManagementFilter, ExceptionTranslationFilter, AuthorizationFilter
2026-03-24 12:41:45 DEBUG [main] o.h.v.m.ResourceBundleMessageInterpolator - Loaded expression factory via original TCCL
2026-03-24 12:41:45 DEBUG [main] o.h.v.i.e.AbstractConfigurationImpl - Setting custom MessageInterpolator of type org.springframework.validation.beanvalidation.LocaleContextMessageInterpolator
2026-03-24 12:41:45 DEBUG [main] o.h.v.i.e.AbstractConfigurationImpl - Setting custom ConstraintValidatorFactory of type org.springframework.validation.beanvalidation.SpringConstraintValidatorFactory
2026-03-24 12:41:45 DEBUG [main] o.h.v.i.x.config.ValidationXmlParser - Trying to load META-INF/validation.xml for XML based Validator configuration.
2026-03-24 12:41:45 DEBUG [main] o.h.v.i.x.c.ResourceLoaderHelper - Trying to load META-INF/validation.xml via user class loader
2026-03-24 12:41:45 DEBUG [main] o.h.v.i.x.c.ResourceLoaderHelper - Trying to load META-INF/validation.xml via TCCL
2026-03-24 12:41:45 DEBUG [main] o.h.v.i.x.c.ResourceLoaderHelper - Trying to load META-INF/validation.xml via Hibernate Validator's class loader
2026-03-24 12:41:45 DEBUG [main] o.h.v.i.x.config.ValidationXmlParser - No META-INF/validation.xml found. Using annotation based configuration only.
2026-03-24 12:41:45 DEBUG [main] o.h.v.i.e.r.TraversableResolvers - Found jakarta.persistence.Persistence on classpath containing 'getPersistenceUtil'. Assuming JPA 2 environment. Trying to instantiate JPA aware TraversableResolver
2026-03-24 12:41:45 DEBUG [main] o.h.v.i.e.r.TraversableResolvers - Instantiated JPA aware TraversableResolver of type org.hibernate.validator.internal.engine.resolver.JPATraversableResolver.
2026-03-24 12:41:45 DEBUG [main] o.h.v.i.e.ValidatorFactoryConfigurationHelper - HV000252: Using org.hibernate.validator.internal.engine.DefaultPropertyNodeNameProvider as property node name provider.
2026-03-24 12:41:45 DEBUG [main] o.h.v.i.e.ValidatorFactoryConfigurationHelper - HV000234: Using org.springframework.validation.beanvalidation.LocaleContextMessageInterpolator as ValidatorFactory-scoped message interpolator.
2026-03-24 12:41:45 DEBUG [main] o.h.v.i.e.ValidatorFactoryConfigurationHelper - HV000234: Using org.hibernate.validator.internal.engine.resolver.JPATraversableResolver as ValidatorFactory-scoped traversable resolver.
2026-03-24 12:41:45 DEBUG [main] o.h.v.i.e.ValidatorFactoryConfigurationHelper - HV000234: Using org.hibernate.validator.internal.util.ExecutableParameterNameProvider as ValidatorFactory-scoped parameter name provider.
2026-03-24 12:41:45 DEBUG [main] o.h.v.i.e.ValidatorFactoryConfigurationHelper - HV000234: Using org.hibernate.validator.internal.engine.DefaultClockProvider as ValidatorFactory-scoped clock provider.
2026-03-24 12:41:45 DEBUG [main] o.h.v.i.e.ValidatorFactoryConfigurationHelper - HV000234: Using org.hibernate.validator.internal.engine.scripting.DefaultScriptEvaluatorFactory as ValidatorFactory-scoped script evaluator factory.
2026-03-24 12:41:45 DEBUG [main] o.s.w.s.m.m.a.RequestMappingHandlerAdapter - ControllerAdvice beans: 0 @ModelAttribute, 0 @InitBinder, 1 RequestBodyAdvice, 1 ResponseBodyAdvice
2026-03-24 12:41:45 DEBUG [main] o.s.w.s.m.m.a.ExceptionHandlerExceptionResolver - ControllerAdvice beans: 1 @ExceptionHandler, 1 ResponseBodyAdvice
2026-03-24 12:41:46 INFO  [main] o.a.coyote.http11.Http11NioProtocol - Starting ProtocolHandler ["http-nio-8080"]
2026-03-24 12:41:47 INFO  [main] o.s.b.w.e.tomcat.TomcatWebServer - Tomcat started on port 8080 (http) with context path '/'
2026-03-24 12:41:47 INFO  [main] c.e.C.ClinicaDefinitivaApplication - Started ClinicaDefinitivaApplication in 34.615 seconds (process running for 36.126)
2026-03-24 12:41:47 INFO  [main] c.e.C.ClinicaDefinitivaApplication - Logger funciona correctamente
2026-03-24 12:42:37 INFO  [http-nio-8080-exec-1] o.a.c.c.C.[Tomcat].[localhost].[/] - Initializing Spring DispatcherServlet 'dispatcherServlet'
2026-03-24 12:42:37 INFO  [http-nio-8080-exec-1] o.s.web.servlet.DispatcherServlet - Initializing Servlet 'dispatcherServlet'
2026-03-24 12:42:37 DEBUG [http-nio-8080-exec-1] o.s.web.servlet.DispatcherServlet - Detected StandardServletMultipartResolver
2026-03-24 12:42:37 DEBUG [http-nio-8080-exec-1] o.s.web.servlet.DispatcherServlet - Detected AcceptHeaderLocaleResolver
2026-03-24 12:42:37 DEBUG [http-nio-8080-exec-1] o.s.web.servlet.DispatcherServlet - Detected FixedThemeResolver
2026-03-24 12:42:37 DEBUG [http-nio-8080-exec-1] o.s.web.servlet.DispatcherServlet - Detected org.springframework.web.servlet.view.DefaultRequestToViewNameTranslator@51cabf8d
2026-03-24 12:42:37 DEBUG [http-nio-8080-exec-1] o.s.web.servlet.DispatcherServlet - Detected org.springframework.web.servlet.support.SessionFlashMapManager@2d8581af
2026-03-24 12:42:37 DEBUG [http-nio-8080-exec-1] o.s.web.servlet.DispatcherServlet - enableLoggingRequestDetails='false': request parameters and headers will be masked to prevent unsafe logging of potentially sensitive data
2026-03-24 12:42:37 INFO  [http-nio-8080-exec-1] o.s.web.servlet.DispatcherServlet - Completed initialization in 16 ms
2026-03-24 12:42:37 DEBUG [http-nio-8080-exec-1] o.s.security.web.FilterChainProxy - Securing POST /api/v1/auth/login
2026-03-24 12:42:38 TRACE [http-nio-8080-exec-1] o.s.s.w.a.logout.LogoutFilter - Did not match request to Or [Ant [pattern='/logout', GET], Ant [pattern='/logout', POST], Ant [pattern='/logout', PUT], Ant [pattern='/logout', DELETE]]
2026-03-24 12:42:38 TRACE [http-nio-8080-exec-1] o.s.s.w.a.AnonymousAuthenticationFilter - Set SecurityContextHolder to AnonymousAuthenticationToken [Principal=anonymousUser, Credentials=[PROTECTED], Authenticated=true, Details=WebAuthenticationDetails [RemoteIpAddress=0:0:0:0:0:0:0:1, SessionId=null], Granted Authorities=[ROLE_ANONYMOUS]]
2026-03-24 12:42:38 DEBUG [http-nio-8080-exec-1] o.s.security.web.FilterChainProxy - Secured POST /api/v1/auth/login
2026-03-24 12:42:38 DEBUG [http-nio-8080-exec-1] o.s.web.servlet.DispatcherServlet - POST "/api/v1/auth/login", parameters={}
2026-03-24 12:42:38 DEBUG [http-nio-8080-exec-1] o.s.w.s.m.m.a.RequestMappingHandlerMapping - Mapped to com.example.ClinicaDefinitiva.infrastructure.rest.controller.auth.AuthController#login(LoginRequest)
2026-03-24 12:42:38 DEBUG [http-nio-8080-exec-1] o.s.w.s.m.m.a.RequestResponseBodyMethodProcessor - Read "application/json;charset=UTF-8" to [LoginRequest[email=admin@test.com, password=admin123]]
2026-03-24 12:42:40 DEBUG [http-nio-8080-exec-1] o.s.s.a.d.DaoAuthenticationProvider - Authenticated user
2026-03-24 12:42:40 DEBUG [http-nio-8080-exec-1] o.s.w.s.m.m.a.HttpEntityMethodProcessor - Using 'application/json', given [*/*] and supported [application/json, application/*+json]
2026-03-24 12:42:40 DEBUG [http-nio-8080-exec-1] o.s.w.s.m.m.a.HttpEntityMethodProcessor - Writing [{token=eyJhbGciOiJIUzI1NiJ9.eyJzdWIiOiJhZG1pbkB0ZXN0LmNvbSIsInJvbGVzIjpbIlJPTEVfVVNFUiJdLCJpYXQiOjE3 (truncated)...]
2026-03-24 12:42:40 DEBUG [http-nio-8080-exec-1] o.s.web.servlet.DispatcherServlet - Completed 200 OK
2026-03-24 12:42:58 DEBUG [http-nio-8080-exec-3] o.s.security.web.FilterChainProxy - Securing POST /api/v1/receptionists
2026-03-24 12:42:58 TRACE [http-nio-8080-exec-3] o.s.s.w.a.logout.LogoutFilter - Did not match request to Or [Ant [pattern='/logout', GET], Ant [pattern='/logout', POST], Ant [pattern='/logout', PUT], Ant [pattern='/logout', DELETE]]
2026-03-24 12:42:58 TRACE [http-nio-8080-exec-3] o.s.s.w.a.AnonymousAuthenticationFilter - Did not set SecurityContextHolder since already authenticated UsernamePasswordAuthenticationToken [Principal=com.example.ClinicaDefinitiva.infrastructure.security.adapter.CustomUserDetails@72fe4ea4, Credentials=[PROTECTED], Authenticated=true, Details=null, Granted Authorities=[UPDATE_COMPANY, UPDATE_INVOICE, CREATE_ASSIGNMENT, UPDATE_GUARDIAN, CLONE_ROLE_ROLE, CANCEL_APPOINTMENT, UPDATE_JOURNAL_ENTRY, REVERSE_JOURNAL_ENTRY, CREATE_CONTRACT, DELETE_APPOINTMENT, RESCHEDULE_APPOINTMENT, SET_PERMISSIONS_ROLE, CREATE_PATIENT, READ_USER_IDENTITY, IS_CURRENTLY_ACTIVE_ASSIGNMENT, READ_RATE, ACTIVATE_ROLE_ROLE, DELETE_ROLE_ROLE, READ_APPOINTMENT, READ_DENTIST, CREATE_COMPANY, VIEW_ROLE_ROLE, SCHEDULE_APPOINTMENT, ROLE_RECEPTIONIST, DELETE_INVOICE, CREATE_CUSTOM_ROLE_ROLE, UPDATE_PAYMENT, CREATE_DENTIST, CHECK_PERMISSION_ROLE, READ_PATIENT, READ_ADMINISTRATIVE_REPORT, CREATE_APPOINTMENT, VIEW_ASSIGNMENT_ASSIGNMENT, READ_CONTRACT, DELETE_ADMINISTRATIVE_REPORT, DEACTIVATE_USER_IDENTITY, REVERSE_INVOICE, DEACTIVATE_ROLE_ROLE, APPROVE_INVOICE, READ_PROVIDED_SERVICE, REVOKE_ASSIGNMENT, READ_AVAILABILITY, READ_RECEPTIONIST, DELETE_RATE, UPDATE_PRIMARY_ASSIGNMENT, UPDATE_DENTIST, CREATE_USER_IDENTITY, DELETE_CONTRACT, DELETE_PAYMENT, DELETE_ASSIGNMENT, READ_COMPANY, UPDATE_ADMINISTRATIVE_REPORT, REMOVE_PERMISSION_ROLE, CREATE_PAYMENT, UPDATE_USER_IDENTITY, ADD_PERMISSION_ROLE, READ_GUARDIAN, UPDATE_CONTRACT, DELETE_COMPANY, IS_ACTIVE_AT_ASSIGNMENT, DELETE_DENTIST, READ_ASSIGNMENT, POST_INVOICE, REVOKE_ALL_ASSIGNMENT, CREATE_JOURNAL_ENTRY, CREATE_ADMINISTRATIVE_REPORT, UPDATE_ASSIGNMENT, READ_SHIFT, POST_JOURNAL_ENTRY, CREATE_GUARDIAN, ROLE_ADMINISTRATOR, CREATE_TEMPORARY_ASSIGNMENT, READ_PAYMENT, CREATE_RATE, EXTEND_ASSIGNMENT_ASSIGNMENT, READ_INVOICE, REACTIVATE_USER_IDENTITY, UPDATE_APPOINTMENT, UPDATE_RATE, DELETE_JOURNAL_ENTRY, CREATE_SHIFT, READ_JOURNAL_ENTRY, MARK_DELETED_ROLE_ROLE, CREATE_INVOICE, UPDATE_SHIFT, SUSPEND_ROLE_ROLE, UPDATE_PATIENT, UPDATE_PROVIDED_SERVICE, SUSPEND_USER_IDENTITY]]
2026-03-24 12:42:58 TRACE [http-nio-8080-exec-3] o.s.s.w.a.s.CompositeSessionAuthenticationStrategy - Preparing session with ChangeSessionIdAuthenticationStrategy (1/1)
2026-03-24 12:42:58 DEBUG [http-nio-8080-exec-3] o.s.security.web.FilterChainProxy - Secured POST /api/v1/receptionists
2026-03-24 12:42:58 DEBUG [http-nio-8080-exec-3] o.s.web.servlet.DispatcherServlet - POST "/api/v1/receptionists", parameters={}
2026-03-24 12:42:58 DEBUG [http-nio-8080-exec-3] o.s.w.s.m.m.a.RequestMappingHandlerMapping - Mapped to com.example.ClinicaDefinitiva.infrastructure.rest.controller.actor.ReceptionController#create(CreateReceptionistRequest, CustomUserDetails)
2026-03-24 12:42:59 DEBUG [http-nio-8080-exec-3] o.s.w.s.m.m.a.RequestResponseBodyMethodProcessor - Read "application/json;charset=UTF-8" to [CreateReceptionistRequest[sector=ADMINISTRACION, dni=12345678, first=Ana, lastName=Gomez, age=30, ph (truncated)...]
2026-03-24 12:42:59 DEBUG [http-nio-8080-exec-3] o.s.w.s.m.m.a.ExceptionHandlerExceptionResolver - Using @ExceptionHandler com.example.ClinicaDefinitiva.infrastructure.rest.advice.GlobalControllerAdvice#handleAccessDenied(AccessDeniedException)
2026-03-24 12:42:59 WARN  [http-nio-8080-exec-3] c.e.C.i.r.a.GlobalControllerAdvice - Acceso denegado [requestId=2fdf4b20-5ca1-450a-b64f-69163472082c, usuario=admin@test.com]: Rol no tiene permiso base: CREATE_RECEPTIONIST
2026-03-24 12:42:59 DEBUG [http-nio-8080-exec-3] o.s.w.s.m.m.a.HttpEntityMethodProcessor - Using 'application/json', given [*/*] and supported [application/json, application/*+json]
2026-03-24 12:42:59 DEBUG [http-nio-8080-exec-3] o.s.w.s.m.m.a.HttpEntityMethodProcessor - Writing [com.example.ClinicaDefinitiva.infrastructure.rest.dto.ErrorResponse@7440d778]
2026-03-24 12:42:59 DEBUG [http-nio-8080-exec-3] o.s.w.s.m.m.a.ExceptionHandlerExceptionResolver - Resolved [org.springframework.security.access.AccessDeniedException: Rol no tiene permiso base: CREATE_RECEPTIONIST]
2026-03-24 12:42:59 DEBUG [http-nio-8080-exec-3] o.s.web.servlet.DispatcherServlet - Completed 403 FORBIDDEN
2026-03-24 13:17:37 DEBUG [http-nio-8080-exec-6] o.s.security.web.FilterChainProxy - Securing GET /api/v1/receptionists/1
2026-03-24 13:17:37 TRACE [http-nio-8080-exec-6] o.s.s.w.a.logout.LogoutFilter - Did not match request to Or [Ant [pattern='/logout', GET], Ant [pattern='/logout', POST], Ant [pattern='/logout', PUT], Ant [pattern='/logout', DELETE]]
2026-03-24 13:17:37 TRACE [http-nio-8080-exec-6] o.s.s.w.a.AnonymousAuthenticationFilter - Did not set SecurityContextHolder since already authenticated UsernamePasswordAuthenticationToken [Principal=com.example.ClinicaDefinitiva.infrastructure.security.adapter.CustomUserDetails@4052beb1, Credentials=[PROTECTED], Authenticated=true, Details=null, Granted Authorities=[UPDATE_COMPANY, UPDATE_INVOICE, CREATE_ASSIGNMENT, UPDATE_GUARDIAN, CLONE_ROLE_ROLE, CANCEL_APPOINTMENT, UPDATE_JOURNAL_ENTRY, REVERSE_JOURNAL_ENTRY, CREATE_CONTRACT, DELETE_APPOINTMENT, RESCHEDULE_APPOINTMENT, SET_PERMISSIONS_ROLE, CREATE_PATIENT, READ_USER_IDENTITY, IS_CURRENTLY_ACTIVE_ASSIGNMENT, READ_RATE, ACTIVATE_ROLE_ROLE, DELETE_ROLE_ROLE, READ_APPOINTMENT, READ_DENTIST, CREATE_COMPANY, VIEW_ROLE_ROLE, SCHEDULE_APPOINTMENT, ROLE_RECEPTIONIST, DELETE_INVOICE, CREATE_CUSTOM_ROLE_ROLE, UPDATE_PAYMENT, CREATE_DENTIST, CHECK_PERMISSION_ROLE, READ_PATIENT, READ_ADMINISTRATIVE_REPORT, CREATE_APPOINTMENT, VIEW_ASSIGNMENT_ASSIGNMENT, READ_CONTRACT, DELETE_ADMINISTRATIVE_REPORT, DEACTIVATE_USER_IDENTITY, REVERSE_INVOICE, DEACTIVATE_ROLE_ROLE, APPROVE_INVOICE, READ_PROVIDED_SERVICE, REVOKE_ASSIGNMENT, READ_AVAILABILITY, READ_RECEPTIONIST, DELETE_RATE, UPDATE_PRIMARY_ASSIGNMENT, UPDATE_DENTIST, CREATE_USER_IDENTITY, DELETE_CONTRACT, DELETE_PAYMENT, DELETE_ASSIGNMENT, READ_COMPANY, UPDATE_ADMINISTRATIVE_REPORT, REMOVE_PERMISSION_ROLE, CREATE_PAYMENT, UPDATE_USER_IDENTITY, ADD_PERMISSION_ROLE, READ_GUARDIAN, UPDATE_CONTRACT, DELETE_COMPANY, IS_ACTIVE_AT_ASSIGNMENT, DELETE_DENTIST, READ_ASSIGNMENT, POST_INVOICE, REVOKE_ALL_ASSIGNMENT, CREATE_JOURNAL_ENTRY, CREATE_ADMINISTRATIVE_REPORT, UPDATE_ASSIGNMENT, READ_SHIFT, POST_JOURNAL_ENTRY, CREATE_GUARDIAN, ROLE_ADMINISTRATOR, CREATE_TEMPORARY_ASSIGNMENT, READ_PAYMENT, CREATE_RATE, EXTEND_ASSIGNMENT_ASSIGNMENT, READ_INVOICE, REACTIVATE_USER_IDENTITY, UPDATE_APPOINTMENT, UPDATE_RATE, DELETE_JOURNAL_ENTRY, CREATE_SHIFT, READ_JOURNAL_ENTRY, MARK_DELETED_ROLE_ROLE, CREATE_INVOICE, UPDATE_SHIFT, SUSPEND_ROLE_ROLE, UPDATE_PATIENT, UPDATE_PROVIDED_SERVICE, SUSPEND_USER_IDENTITY]]
2026-03-24 13:17:37 TRACE [http-nio-8080-exec-6] o.s.s.w.a.s.CompositeSessionAuthenticationStrategy - Preparing session with ChangeSessionIdAuthenticationStrategy (1/1)
2026-03-24 13:17:37 DEBUG [http-nio-8080-exec-6] o.s.security.web.FilterChainProxy - Secured GET /api/v1/receptionists/1
2026-03-24 13:17:37 DEBUG [http-nio-8080-exec-6] o.s.web.servlet.DispatcherServlet - GET "/api/v1/receptionists/1", parameters={}
2026-03-24 13:17:37 DEBUG [http-nio-8080-exec-6] o.s.w.s.m.m.a.RequestMappingHandlerMapping - Mapped to com.example.ClinicaDefinitiva.infrastructure.rest.controller.actor.ReceptionController#findById(Long, CustomUserDetails)
2026-03-24 13:17:37 DEBUG [http-nio-8080-exec-6] o.s.w.s.m.m.a.ExceptionHandlerExceptionResolver - Using @ExceptionHandler com.example.ClinicaDefinitiva.infrastructure.rest.advice.GlobalControllerAdvice#handleValueObjectValidation(ValueObjectValidationException)
2026-03-24 13:17:37 WARN  [http-nio-8080-exec-6] c.e.C.i.r.a.GlobalControllerAdvice - Validación de Value Object falló [requestId=f0470dd2-801f-4fc0-81b7-1269cc2b75b7, usuario=admin@test.com, código=RN-ADDRESS-011]: Los campos de dirección no pueden estar vacíos
2026-03-24 13:17:38 WARN  [http-nio-8080-exec-6] o.s.w.s.m.m.a.ExceptionHandlerExceptionResolver - Failure in @ExceptionHandler com.example.ClinicaDefinitiva.infrastructure.rest.advice.GlobalControllerAdvice#handleValueObjectValidation(ValueObjectValidationException)
java.lang.NullPointerException: Cannot invoke "com.example.ClinicaDefinitiva.domain.errors.context.CodeEntity.toString()" because the return value of "com.example.ClinicaDefinitiva.domain.errors.context.DomainContext.getCodeEntity()" is null
	at com.example.ClinicaDefinitiva.infrastructure.rest.advice.GlobalControllerAdvice.handleValueObjectValidation(GlobalControllerAdvice.java:154)
	at java.base/jdk.internal.reflect.NativeMethodAccessorImpl.invoke0(Native Method)
	at java.base/jdk.internal.reflect.NativeMethodAccessorImpl.invoke(NativeMethodAccessorImpl.java:77)
	at java.base/jdk.internal.reflect.DelegatingMethodAccessorImpl.invoke(DelegatingMethodAccessorImpl.java:43)
	at java.base/java.lang.reflect.Method.invoke(Method.java:568)
	at org.springframework.web.method.support.InvocableHandlerMethod.doInvoke(InvocableHandlerMethod.java:258)
	at org.springframework.web.method.support.InvocableHandlerMethod.invokeForRequest(InvocableHandlerMethod.java:191)
	at org.springframework.web.servlet.mvc.method.annotation.ServletInvocableHandlerMethod.invokeAndHandle(ServletInvocableHandlerMethod.java:118)
	at org.springframework.web.servlet.mvc.method.annotation.ExceptionHandlerExceptionResolver.doResolveHandlerMethodException(ExceptionHandlerExceptionResolver.java:471)
	at org.springframework.web.servlet.handler.AbstractHandlerMethodExceptionResolver.doResolveException(AbstractHandlerMethodExceptionResolver.java:73)
	at org.springframework.web.servlet.handler.AbstractHandlerExceptionResolver.resolveException(AbstractHandlerExceptionResolver.java:182)
	at org.springframework.web.servlet.handler.HandlerExceptionResolverComposite.resolveException(HandlerExceptionResolverComposite.java:80)
	at org.springframework.web.servlet.DispatcherServlet.processHandlerException(DispatcherServlet.java:1359)
	at org.springframework.web.servlet.DispatcherServlet.processDispatchResult(DispatcherServlet.java:1161)
	at org.springframework.web.servlet.DispatcherServlet.doDispatch(DispatcherServlet.java:1106)
	at org.springframework.web.servlet.DispatcherServlet.doService(DispatcherServlet.java:979)
	at org.springframework.web.servlet.FrameworkServlet.processRequest(FrameworkServlet.java:1014)
	at org.springframework.web.servlet.FrameworkServlet.doGet(FrameworkServlet.java:903)
	at jakarta.servlet.http.HttpServlet.service(HttpServlet.java:564)
	at org.springframework.web.servlet.FrameworkServlet.service(FrameworkServlet.java:885)
	at jakarta.servlet.http.HttpServlet.service(HttpServlet.java:658)
	at org.apache.catalina.core.ApplicationFilterChain.internalDoFilter(ApplicationFilterChain.java:195)
	at org.apache.catalina.core.ApplicationFilterChain.doFilter(ApplicationFilterChain.java:140)
	at org.apache.tomcat.websocket.server.WsFilter.doFilter(WsFilter.java:51)
	at org.apache.catalina.core.ApplicationFilterChain.internalDoFilter(ApplicationFilterChain.java:164)
	at org.apache.catalina.core.ApplicationFilterChain.doFilter(ApplicationFilterChain.java:140)
	at com.example.ClinicaDefinitiva.util.RequestIdFilter.doFilterInternal(RequestIdFilter.java:76)
	at org.springframework.web.filter.OncePerRequestFilter.doFilter(OncePerRequestFilter.java:116)
	at org.apache.catalina.core.ApplicationFilterChain.internalDoFilter(ApplicationFilterChain.java:164)
	at org.apache.catalina.core.ApplicationFilterChain.doFilter(ApplicationFilterChain.java:140)
	at org.springframework.web.filter.CompositeFilter$VirtualFilterChain.doFilter(CompositeFilter.java:108)
	at org.springframework.web.filter.CompositeFilter$VirtualFilterChain.doFilter(CompositeFilter.java:108)
	at org.springframework.security.web.FilterChainProxy.lambda$doFilterInternal$3(FilterChainProxy.java:231)
	at org.springframework.security.web.ObservationFilterChainDecorator$FilterObservation$SimpleFilterObservation.lambda$wrap$1(ObservationFilterChainDecorator.java:479)
	at org.springframework.security.web.ObservationFilterChainDecorator$AroundFilterObservation$SimpleAroundFilterObservation.lambda$wrap$1(ObservationFilterChainDecorator.java:340)
	at org.springframework.security.web.ObservationFilterChainDecorator.lambda$wrapSecured$0(ObservationFilterChainDecorator.java:82)
	at org.springframework.security.web.ObservationFilterChainDecorator$VirtualFilterChain.doFilter(ObservationFilterChainDecorator.java:128)
	at org.springframework.security.web.access.intercept.AuthorizationFilter.doFilter(AuthorizationFilter.java:101)
	at org.springframework.security.web.ObservationFilterChainDecorator$ObservationFilter.wrapFilter(ObservationFilterChainDecorator.java:240)
	at org.springframework.security.web.ObservationFilterChainDecorator$ObservationFilter.doFilter(ObservationFilterChainDecorator.java:227)
	at org.springframework.security.web.ObservationFilterChainDecorator$VirtualFilterChain.doFilter(ObservationFilterChainDecorator.java:137)
	at org.springframework.security.web.access.ExceptionTranslationFilter.doFilter(ExceptionTranslationFilter.java:125)
	at org.springframework.security.web.access.ExceptionTranslationFilter.doFilter(ExceptionTranslationFilter.java:119)
	at org.springframework.security.web.ObservationFilterChainDecorator$ObservationFilter.wrapFilter(ObservationFilterChainDecorator.java:240)
	at org.springframework.security.web.ObservationFilterChainDecorator$ObservationFilter.doFilter(ObservationFilterChainDecorator.java:227)
	at org.springframework.security.web.ObservationFilterChainDecorator$VirtualFilterChain.doFilter(ObservationFilterChainDecorator.java:137)
	at org.springframework.security.web.session.SessionManagementFilter.doFilter(SessionManagementFilter.java:131)
	at org.springframework.security.web.session.SessionManagementFilter.doFilter(SessionManagementFilter.java:85)
	at org.springframework.security.web.ObservationFilterChainDecorator$ObservationFilter.wrapFilter(ObservationFilterChainDecorator.java:240)
	at org.springframework.security.web.ObservationFilterChainDecorator$ObservationFilter.doFilter(ObservationFilterChainDecorator.java:227)
	at org.springframework.security.web.ObservationFilterChainDecorator$VirtualFilterChain.doFilter(ObservationFilterChainDecorator.java:137)
	at org.springframework.security.web.authentication.AnonymousAuthenticationFilter.doFilter(AnonymousAuthenticationFilter.java:100)
	at org.springframework.security.web.ObservationFilterChainDecorator$ObservationFilter.wrapFilter(ObservationFilterChainDecorator.java:240)
	at org.springframework.security.web.ObservationFilterChainDecorator$ObservationFilter.doFilter(ObservationFilterChainDecorator.java:227)
	at org.springframework.security.web.ObservationFilterChainDecorator$VirtualFilterChain.doFilter(ObservationFilterChainDecorator.java:137)
	at org.springframework.security.web.servletapi.SecurityContextHolderAwareRequestFilter.doFilter(SecurityContextHolderAwareRequestFilter.java:179)
	at org.springframework.security.web.ObservationFilterChainDecorator$ObservationFilter.wrapFilter(ObservationFilterChainDecorator.java:240)
	at org.springframework.security.web.ObservationFilterChainDecorator$ObservationFilter.doFilter(ObservationFilterChainDecorator.java:227)
	at org.springframework.security.web.ObservationFilterChainDecorator$VirtualFilterChain.doFilter(ObservationFilterChainDecorator.java:137)
	at org.springframework.security.web.savedrequest.RequestCacheAwareFilter.doFilter(RequestCacheAwareFilter.java:63)
	at org.springframework.security.web.ObservationFilterChainDecorator$ObservationFilter.wrapFilter(ObservationFilterChainDecorator.java:240)
	at org.springframework.security.web.ObservationFilterChainDecorator$ObservationFilter.doFilter(ObservationFilterChainDecorator.java:227)
	at org.springframework.security.web.ObservationFilterChainDecorator$VirtualFilterChain.doFilter(ObservationFilterChainDecorator.java:137)
	at com.example.ClinicaDefinitiva.infrastructure.security.filter.JwtAuthenticationFilter.doFilterInternal(JwtAuthenticationFilter.java:40)
	at org.springframework.web.filter.OncePerRequestFilter.doFilter(OncePerRequestFilter.java:116)
	at org.springframework.security.web.ObservationFilterChainDecorator$ObservationFilter.wrapFilter(ObservationFilterChainDecorator.java:240)
	at org.springframework.security.web.ObservationFilterChainDecorator$ObservationFilter.doFilter(ObservationFilterChainDecorator.java:227)
	at org.springframework.security.web.ObservationFilterChainDecorator$VirtualFilterChain.doFilter(ObservationFilterChainDecorator.java:137)
	at org.springframework.security.web.authentication.logout.LogoutFilter.doFilter(LogoutFilter.java:107)
	at org.springframework.security.web.authentication.logout.LogoutFilter.doFilter(LogoutFilter.java:93)
	at org.springframework.security.web.ObservationFilterChainDecorator$ObservationFilter.wrapFilter(ObservationFilterChainDecorator.java:240)
	at org.springframework.security.web.ObservationFilterChainDecorator$ObservationFilter.doFilter(ObservationFilterChainDecorator.java:227)
	at org.springframework.security.web.ObservationFilterChainDecorator$VirtualFilterChain.doFilter(ObservationFilterChainDecorator.java:137)
	at org.springframework.security.web.header.HeaderWriterFilter.doHeadersAfter(HeaderWriterFilter.java:90)
	at org.springframework.security.web.header.HeaderWriterFilter.doFilterInternal(HeaderWriterFilter.java:75)
	at org.springframework.web.filter.OncePerRequestFilter.doFilter(OncePerRequestFilter.java:116)
	at org.springframework.security.web.ObservationFilterChainDecorator$ObservationFilter.wrapFilter(ObservationFilterChainDecorator.java:240)
	at org.springframework.security.web.ObservationFilterChainDecorator$ObservationFilter.doFilter(ObservationFilterChainDecorator.java:227)
	at org.springframework.security.web.ObservationFilterChainDecorator$VirtualFilterChain.doFilter(ObservationFilterChainDecorator.java:137)
	at org.springframework.security.web.context.SecurityContextHolderFilter.doFilter(SecurityContextHolderFilter.java:82)
	at org.springframework.security.web.context.SecurityContextHolderFilter.doFilter(SecurityContextHolderFilter.java:69)
	at org.springframework.security.web.ObservationFilterChainDecorator$ObservationFilter.wrapFilter(ObservationFilterChainDecorator.java:240)
	at org.springframework.security.web.ObservationFilterChainDecorator$ObservationFilter.doFilter(ObservationFilterChainDecorator.java:227)
	at org.springframework.security.web.ObservationFilterChainDecorator$VirtualFilterChain.doFilter(ObservationFilterChainDecorator.java:137)
	at org.springframework.security.web.context.request.async.WebAsyncManagerIntegrationFilter.doFilterInternal(WebAsyncManagerIntegrationFilter.java:62)
	at org.springframework.web.filter.OncePerRequestFilter.doFilter(OncePerRequestFilter.java:116)
	at org.springframework.security.web.ObservationFilterChainDecorator$ObservationFilter.wrapFilter(ObservationFilterChainDecorator.java:240)
	at org.springframework.security.web.ObservationFilterChainDecorator$ObservationFilter.doFilter(ObservationFilterChainDecorator.java:227)
	at org.springframework.security.web.ObservationFilterChainDecorator$VirtualFilterChain.doFilter(ObservationFilterChainDecorator.java:137)
	at org.springframework.security.web.session.DisableEncodeUrlFilter.doFilterInternal(DisableEncodeUrlFilter.java:42)
	at org.springframework.web.filter.OncePerRequestFilter.doFilter(OncePerRequestFilter.java:116)
	at org.springframework.security.web.ObservationFilterChainDecorator$ObservationFilter.wrapFilter(ObservationFilterChainDecorator.java:240)
	at org.springframework.security.web.ObservationFilterChainDecorator$AroundFilterObservation$SimpleAroundFilterObservation.lambda$wrap$0(ObservationFilterChainDecorator.java:323)
	at org.springframework.security.web.ObservationFilterChainDecorator$ObservationFilter.doFilter(ObservationFilterChainDecorator.java:224)
	at org.springframework.security.web.ObservationFilterChainDecorator$VirtualFilterChain.doFilter(ObservationFilterChainDecorator.java:137)
	at org.springframework.security.web.FilterChainProxy.doFilterInternal(FilterChainProxy.java:233)
	at org.springframework.security.web.FilterChainProxy.doFilter(FilterChainProxy.java:191)
	at org.springframework.web.filter.CompositeFilter$VirtualFilterChain.doFilter(CompositeFilter.java:113)
	at org.springframework.web.filter.ServletRequestPathFilter.doFilter(ServletRequestPathFilter.java:52)
	at org.springframework.web.filter.CompositeFilter$VirtualFilterChain.doFilter(CompositeFilter.java:113)
	at org.springframework.web.filter.CompositeFilter.doFilter(CompositeFilter.java:74)
	at org.springframework.security.config.annotation.web.configuration.WebSecurityConfiguration$CompositeFilterChainProxy.doFilter(WebSecurityConfiguration.java:319)
	at org.springframework.web.filter.CompositeFilter$VirtualFilterChain.doFilter(CompositeFilter.java:113)
	at org.springframework.web.servlet.handler.HandlerMappingIntrospector.lambda$createCacheFilter$3(HandlerMappingIntrospector.java:243)
	at org.springframework.web.filter.CompositeFilter$VirtualFilterChain.doFilter(CompositeFilter.java:113)
	at org.springframework.web.filter.CompositeFilter.doFilter(CompositeFilter.java:74)
	at org.springframework.security.config.annotation.web.configuration.WebMvcSecurityConfiguration$CompositeFilterChainProxy.doFilter(WebMvcSecurityConfiguration.java:240)
	at org.springframework.web.filter.DelegatingFilterProxy.invokeDelegate(DelegatingFilterProxy.java:362)
	at org.springframework.web.filter.DelegatingFilterProxy.doFilter(DelegatingFilterProxy.java:278)
	at org.apache.catalina.core.ApplicationFilterChain.internalDoFilter(ApplicationFilterChain.java:164)
	at org.apache.catalina.core.ApplicationFilterChain.doFilter(ApplicationFilterChain.java:140)
	at org.springframework.web.filter.RequestContextFilter.doFilterInternal(RequestContextFilter.java:100)
	at org.springframework.web.filter.OncePerRequestFilter.doFilter(OncePerRequestFilter.java:116)
	at org.apache.catalina.core.ApplicationFilterChain.internalDoFilter(ApplicationFilterChain.java:164)
	at org.apache.catalina.core.ApplicationFilterChain.doFilter(ApplicationFilterChain.java:140)
	at org.springframework.web.filter.FormContentFilter.doFilterInternal(FormContentFilter.java:93)
	at org.springframework.web.filter.OncePerRequestFilter.doFilter(OncePerRequestFilter.java:116)
	at org.apache.catalina.core.ApplicationFilterChain.internalDoFilter(ApplicationFilterChain.java:164)
	at org.apache.catalina.core.ApplicationFilterChain.doFilter(ApplicationFilterChain.java:140)
	at org.springframework.web.filter.ServerHttpObservationFilter.doFilterInternal(ServerHttpObservationFilter.java:114)
	at org.springframework.web.filter.OncePerRequestFilter.doFilter(OncePerRequestFilter.java:116)
	at org.apache.catalina.core.ApplicationFilterChain.internalDoFilter(ApplicationFilterChain.java:164)
	at org.apache.catalina.core.ApplicationFilterChain.doFilter(ApplicationFilterChain.java:140)
	at org.springframework.web.filter.CharacterEncodingFilter.doFilterInternal(CharacterEncodingFilter.java:201)
	at org.springframework.web.filter.OncePerRequestFilter.doFilter(OncePerRequestFilter.java:116)
	at org.apache.catalina.core.ApplicationFilterChain.internalDoFilter(ApplicationFilterChain.java:164)
	at org.apache.catalina.core.ApplicationFilterChain.doFilter(ApplicationFilterChain.java:140)
	at org.apache.catalina.core.StandardWrapperValve.invoke(StandardWrapperValve.java:167)
	at org.apache.catalina.core.StandardContextValve.invoke(StandardContextValve.java:90)
	at org.apache.catalina.authenticator.AuthenticatorBase.invoke(AuthenticatorBase.java:483)
	at org.apache.catalina.core.StandardHostValve.invoke(StandardHostValve.java:116)
	at org.apache.catalina.valves.ErrorReportValve.invoke(ErrorReportValve.java:93)
	at org.apache.catalina.core.StandardEngineValve.invoke(StandardEngineValve.java:74)
	at org.apache.catalina.connector.CoyoteAdapter.service(CoyoteAdapter.java:344)
	at org.apache.coyote.http11.Http11Processor.service(Http11Processor.java:398)
	at org.apache.coyote.AbstractProcessorLight.process(AbstractProcessorLight.java:63)
	at org.apache.coyote.AbstractProtocol$ConnectionHandler.process(AbstractProtocol.java:903)
	at org.apache.tomcat.util.net.NioEndpoint$SocketProcessor.doRun(NioEndpoint.java:1740)
	at org.apache.tomcat.util.net.SocketProcessorBase.run(SocketProcessorBase.java:52)
	at org.apache.tomcat.util.threads.ThreadPoolExecutor.runWorker(ThreadPoolExecutor.java:1189)
	at org.apache.tomcat.util.threads.ThreadPoolExecutor$Worker.run(ThreadPoolExecutor.java:658)
	at org.apache.tomcat.util.threads.TaskThread$WrappingRunnable.run(TaskThread.java:63)
	at java.base/java.lang.Thread.run(Thread.java:842)
2026-03-24 13:17:38 DEBUG [http-nio-8080-exec-6] o.s.web.servlet.DispatcherServlet - Failed to complete request: com.example.ClinicaDefinitiva.domain.exceptions.ValueObjectValidationException: Los campos de dirección no pueden estar vacíos
2026-03-24 13:17:38 ERROR [http-nio-8080-exec-6] o.a.c.c.C.[.[.[.[dispatcherServlet] - Servlet.service() for servlet [dispatcherServlet] in context with path [] threw exception [Request processing failed: com.example.ClinicaDefinitiva.domain.exceptions.ValueObjectValidationException: Los campos de dirección no pueden estar vacíos] with root cause
com.example.ClinicaDefinitiva.domain.exceptions.ValueObjectValidationException: Los campos de dirección no pueden estar vacíos
	at com.example.ClinicaDefinitiva.domain.vo.Address.<init>(Address.java:21)
	at com.example.ClinicaDefinitiva.domain.vo.Address.of(Address.java:32)
	at com.example.ClinicaDefinitiva.infrastructure.persistence.mapper.actor.receptionEntityMapper.ReceptionReadEntityMapper.mapToPerson(ReceptionReadEntityMapper.java:35)
	at com.example.ClinicaDefinitiva.infrastructure.persistence.mapper.actor.receptionEntityMapper.ReceptionReadEntityMapper.toDomain(ReceptionReadEntityMapper.java:17)
	at java.base/java.util.Optional.map(Optional.java:260)
	at com.example.ClinicaDefinitiva.infrastructure.persistence.adapters.actor.ReceptionsAdapter.findById(ReceptionsAdapter.java:46)
	at java.base/jdk.internal.reflect.NativeMethodAccessorImpl.invoke0(Native Method)
	at java.base/jdk.internal.reflect.NativeMethodAccessorImpl.invoke(NativeMethodAccessorImpl.java:77)
	at java.base/jdk.internal.reflect.DelegatingMethodAccessorImpl.invoke(DelegatingMethodAccessorImpl.java:43)
	at java.base/java.lang.reflect.Method.invoke(Method.java:568)
	at org.springframework.aop.support.AopUtils.invokeJoinpointUsingReflection(AopUtils.java:359)
	at org.springframework.aop.framework.ReflectiveMethodInvocation.invokeJoinpoint(ReflectiveMethodInvocation.java:196)
	at org.springframework.aop.framework.ReflectiveMethodInvocation.proceed(ReflectiveMethodInvocation.java:163)
	at org.springframework.transaction.interceptor.TransactionAspectSupport.invokeWithinTransaction(TransactionAspectSupport.java:380)
	at org.springframework.transaction.interceptor.TransactionInterceptor.invoke(TransactionInterceptor.java:119)
	at org.springframework.aop.framework.ReflectiveMethodInvocation.proceed(ReflectiveMethodInvocation.java:184)
	at org.springframework.aop.framework.CglibAopProxy$DynamicAdvisedInterceptor.intercept(CglibAopProxy.java:728)
	at com.example.ClinicaDefinitiva.infrastructure.persistence.adapters.actor.ReceptionsAdapter$$SpringCGLIB$$0.findById(<generated>)
	at com.example.ClinicaDefinitiva.application.service.actor.ReceptionApplicationService.findById(ReceptionApplicationService.java:58)
	at java.base/jdk.internal.reflect.NativeMethodAccessorImpl.invoke0(Native Method)
	at java.base/jdk.internal.reflect.NativeMethodAccessorImpl.invoke(NativeMethodAccessorImpl.java:77)
	at java.base/jdk.internal.reflect.DelegatingMethodAccessorImpl.invoke(DelegatingMethodAccessorImpl.java:43)
	at java.base/java.lang.reflect.Method.invoke(Method.java:568)
	at org.springframework.aop.support.AopUtils.invokeJoinpointUsingReflection(AopUtils.java:359)
	at org.springframework.aop.framework.ReflectiveMethodInvocation.invokeJoinpoint(ReflectiveMethodInvocation.java:196)
	at org.springframework.aop.framework.ReflectiveMethodInvocation.proceed(ReflectiveMethodInvocation.java:163)
	at org.springframework.aop.aspectj.MethodInvocationProceedingJoinPoint.proceed(MethodInvocationProceedingJoinPoint.java:89)
	at com.example.ClinicaDefinitiva.infrastructure.security.config.AuthorizationAspect.checkPermission(AuthorizationAspect.java:76)
	at java.base/jdk.internal.reflect.NativeMethodAccessorImpl.invoke0(Native Method)
	at java.base/jdk.internal.reflect.NativeMethodAccessorImpl.invoke(NativeMethodAccessorImpl.java:77)
	at java.base/jdk.internal.reflect.DelegatingMethodAccessorImpl.invoke(DelegatingMethodAccessorImpl.java:43)
	at java.base/java.lang.reflect.Method.invoke(Method.java:568)
	at org.springframework.aop.aspectj.AbstractAspectJAdvice.invokeAdviceMethodWithGivenArgs(AbstractAspectJAdvice.java:642)
	at org.springframework.aop.aspectj.AbstractAspectJAdvice.invokeAdviceMethod(AbstractAspectJAdvice.java:632)
	at org.springframework.aop.aspectj.AspectJAroundAdvice.invoke(AspectJAroundAdvice.java:71)
	at org.springframework.aop.framework.ReflectiveMethodInvocation.proceed(ReflectiveMethodInvocation.java:173)
	at org.springframework.transaction.interceptor.TransactionAspectSupport.invokeWithinTransaction(TransactionAspectSupport.java:380)
	at org.springframework.transaction.interceptor.TransactionInterceptor.invoke(TransactionInterceptor.java:119)
	at org.springframework.aop.framework.ReflectiveMethodInvocation.proceed(ReflectiveMethodInvocation.java:184)
	at org.springframework.aop.interceptor.ExposeInvocationInterceptor.invoke(ExposeInvocationInterceptor.java:97)
	at org.springframework.aop.framework.ReflectiveMethodInvocation.proceed(ReflectiveMethodInvocation.java:184)
	at org.springframework.aop.framework.CglibAopProxy$DynamicAdvisedInterceptor.intercept(CglibAopProxy.java:728)
	at com.example.ClinicaDefinitiva.application.service.actor.ReceptionApplicationService$$SpringCGLIB$$0.findById(<generated>)
	at com.example.ClinicaDefinitiva.infrastructure.rest.controller.actor.ReceptionController.findById(ReceptionController.java:51)
	at java.base/jdk.internal.reflect.NativeMethodAccessorImpl.invoke0(Native Method)
	at java.base/jdk.internal.reflect.NativeMethodAccessorImpl.invoke(NativeMethodAccessorImpl.java:77)
	at java.base/jdk.internal.reflect.DelegatingMethodAccessorImpl.invoke(DelegatingMethodAccessorImpl.java:43)
	at java.base/java.lang.reflect.Method.invoke(Method.java:568)
	at org.springframework.aop.support.AopUtils.invokeJoinpointUsingReflection(AopUtils.java:359)
	at org.springframework.aop.framework.ReflectiveMethodInvocation.invokeJoinpoint(ReflectiveMethodInvocation.java:196)
	at org.springframework.aop.framework.ReflectiveMethodInvocation.proceed(ReflectiveMethodInvocation.java:163)
	at org.springframework.validation.beanvalidation.MethodValidationInterceptor.invoke(MethodValidationInterceptor.java:174)
	at org.springframework.aop.framework.ReflectiveMethodInvocation.proceed(ReflectiveMethodInvocation.java:184)
	at org.springframework.aop.framework.CglibAopProxy$DynamicAdvisedInterceptor.intercept(CglibAopProxy.java:728)
	at com.example.ClinicaDefinitiva.infrastructure.rest.controller.actor.ReceptionController$$SpringCGLIB$$0.findById(<generated>)
	at java.base/jdk.internal.reflect.NativeMethodAccessorImpl.invoke0(Native Method)
	at java.base/jdk.internal.reflect.NativeMethodAccessorImpl.invoke(NativeMethodAccessorImpl.java:77)
	at java.base/jdk.internal.reflect.DelegatingMethodAccessorImpl.invoke(DelegatingMethodAccessorImpl.java:43)
	at java.base/java.lang.reflect.Method.invoke(Method.java:568)
	at org.springframework.web.method.support.InvocableHandlerMethod.doInvoke(InvocableHandlerMethod.java:258)
	at org.springframework.web.method.support.InvocableHandlerMethod.invokeForRequest(InvocableHandlerMethod.java:191)
	at org.springframework.web.servlet.mvc.method.annotation.ServletInvocableHandlerMethod.invokeAndHandle(ServletInvocableHandlerMethod.java:118)
	at org.springframework.web.servlet.mvc.method.annotation.RequestMappingHandlerAdapter.invokeHandlerMethod(RequestMappingHandlerAdapter.java:986)
	at org.springframework.web.servlet.mvc.method.annotation.RequestMappingHandlerAdapter.handleInternal(RequestMappingHandlerAdapter.java:891)
	at org.springframework.web.servlet.mvc.method.AbstractHandlerMethodAdapter.handle(AbstractHandlerMethodAdapter.java:87)
	at org.springframework.web.servlet.DispatcherServlet.doDispatch(DispatcherServlet.java:1089)
	at org.springframework.web.servlet.DispatcherServlet.doService(DispatcherServlet.java:979)
	at org.springframework.web.servlet.FrameworkServlet.processRequest(FrameworkServlet.java:1014)
	at org.springframework.web.servlet.FrameworkServlet.doGet(FrameworkServlet.java:903)
	at jakarta.servlet.http.HttpServlet.service(HttpServlet.java:564)
	at org.springframework.web.servlet.FrameworkServlet.service(FrameworkServlet.java:885)
	at jakarta.servlet.http.HttpServlet.service(HttpServlet.java:658)
	at org.apache.catalina.core.ApplicationFilterChain.internalDoFilter(ApplicationFilterChain.java:195)
	at org.apache.catalina.core.ApplicationFilterChain.doFilter(ApplicationFilterChain.java:140)
	at org.apache.tomcat.websocket.server.WsFilter.doFilter(WsFilter.java:51)
	at org.apache.catalina.core.ApplicationFilterChain.internalDoFilter(ApplicationFilterChain.java:164)
	at org.apache.catalina.core.ApplicationFilterChain.doFilter(ApplicationFilterChain.java:140)
	at com.example.ClinicaDefinitiva.util.RequestIdFilter.doFilterInternal(RequestIdFilter.java:76)
	at org.springframework.web.filter.OncePerRequestFilter.doFilter(OncePerRequestFilter.java:116)
	at org.apache.catalina.core.ApplicationFilterChain.internalDoFilter(ApplicationFilterChain.java:164)
	at org.apache.catalina.core.ApplicationFilterChain.doFilter(ApplicationFilterChain.java:140)
	at org.springframework.web.filter.CompositeFilter$VirtualFilterChain.doFilter(CompositeFilter.java:108)
	at org.springframework.web.filter.CompositeFilter$VirtualFilterChain.doFilter(CompositeFilter.java:108)
	at org.springframework.security.web.FilterChainProxy.lambda$doFilterInternal$3(FilterChainProxy.java:231)
	at org.springframework.security.web.ObservationFilterChainDecorator$FilterObservation$SimpleFilterObservation.lambda$wrap$1(ObservationFilterChainDecorator.java:479)
	at org.springframework.security.web.ObservationFilterChainDecorator$AroundFilterObservation$SimpleAroundFilterObservation.lambda$wrap$1(ObservationFilterChainDecorator.java:340)
	at org.springframework.security.web.ObservationFilterChainDecorator.lambda$wrapSecured$0(ObservationFilterChainDecorator.java:82)
	at org.springframework.security.web.ObservationFilterChainDecorator$VirtualFilterChain.doFilter(ObservationFilterChainDecorator.java:128)
	at org.springframework.security.web.access.intercept.AuthorizationFilter.doFilter(AuthorizationFilter.java:101)
	at org.springframework.security.web.ObservationFilterChainDecorator$ObservationFilter.wrapFilter(ObservationFilterChainDecorator.java:240)
	at org.springframework.security.web.ObservationFilterChainDecorator$ObservationFilter.doFilter(ObservationFilterChainDecorator.java:227)
	at org.springframework.security.web.ObservationFilterChainDecorator$VirtualFilterChain.doFilter(ObservationFilterChainDecorator.java:137)
	at org.springframework.security.web.access.ExceptionTranslationFilter.doFilter(ExceptionTranslationFilter.java:125)
	at org.springframework.security.web.access.ExceptionTranslationFilter.doFilter(ExceptionTranslationFilter.java:119)
	at org.springframework.security.web.ObservationFilterChainDecorator$ObservationFilter.wrapFilter(ObservationFilterChainDecorator.java:240)
	at org.springframework.security.web.ObservationFilterChainDecorator$ObservationFilter.doFilter(ObservationFilterChainDecorator.java:227)
	at org.springframework.security.web.ObservationFilterChainDecorator$VirtualFilterChain.doFilter(ObservationFilterChainDecorator.java:137)
	at org.springframework.security.web.session.SessionManagementFilter.doFilter(SessionManagementFilter.java:131)
	at org.springframework.security.web.session.SessionManagementFilter.doFilter(SessionManagementFilter.java:85)
	at org.springframework.security.web.ObservationFilterChainDecorator$ObservationFilter.wrapFilter(ObservationFilterChainDecorator.java:240)
	at org.springframework.security.web.ObservationFilterChainDecorator$ObservationFilter.doFilter(ObservationFilterChainDecorator.java:227)
	at org.springframework.security.web.ObservationFilterChainDecorator$VirtualFilterChain.doFilter(ObservationFilterChainDecorator.java:137)
	at org.springframework.security.web.authentication.AnonymousAuthenticationFilter.doFilter(AnonymousAuthenticationFilter.java:100)
	at org.springframework.security.web.ObservationFilterChainDecorator$ObservationFilter.wrapFilter(ObservationFilterChainDecorator.java:240)
	at org.springframework.security.web.ObservationFilterChainDecorator$ObservationFilter.doFilter(ObservationFilterChainDecorator.java:227)
	at org.springframework.security.web.ObservationFilterChainDecorator$VirtualFilterChain.doFilter(ObservationFilterChainDecorator.java:137)
	at org.springframework.security.web.servletapi.SecurityContextHolderAwareRequestFilter.doFilter(SecurityContextHolderAwareRequestFilter.java:179)
	at org.springframework.security.web.ObservationFilterChainDecorator$ObservationFilter.wrapFilter(ObservationFilterChainDecorator.java:240)
	at org.springframework.security.web.ObservationFilterChainDecorator$ObservationFilter.doFilter(ObservationFilterChainDecorator.java:227)
	at org.springframework.security.web.ObservationFilterChainDecorator$VirtualFilterChain.doFilter(ObservationFilterChainDecorator.java:137)
	at org.springframework.security.web.savedrequest.RequestCacheAwareFilter.doFilter(RequestCacheAwareFilter.java:63)
	at org.springframework.security.web.ObservationFilterChainDecorator$ObservationFilter.wrapFilter(ObservationFilterChainDecorator.java:240)
	at org.springframework.security.web.ObservationFilterChainDecorator$ObservationFilter.doFilter(ObservationFilterChainDecorator.java:227)
	at org.springframework.security.web.ObservationFilterChainDecorator$VirtualFilterChain.doFilter(ObservationFilterChainDecorator.java:137)
	at com.example.ClinicaDefinitiva.infrastructure.security.filter.JwtAuthenticationFilter.doFilterInternal(JwtAuthenticationFilter.java:40)
	at org.springframework.web.filter.OncePerRequestFilter.doFilter(OncePerRequestFilter.java:116)
	at org.springframework.security.web.ObservationFilterChainDecorator$ObservationFilter.wrapFilter(ObservationFilterChainDecorator.java:240)
	at org.springframework.security.web.ObservationFilterChainDecorator$ObservationFilter.doFilter(ObservationFilterChainDecorator.java:227)
	at org.springframework.security.web.ObservationFilterChainDecorator$VirtualFilterChain.doFilter(ObservationFilterChainDecorator.java:137)
	at org.springframework.security.web.authentication.logout.LogoutFilter.doFilter(LogoutFilter.java:107)
	at org.springframework.security.web.authentication.logout.LogoutFilter.doFilter(LogoutFilter.java:93)
	at org.springframework.security.web.ObservationFilterChainDecorator$ObservationFilter.wrapFilter(ObservationFilterChainDecorator.java:240)
	at org.springframework.security.web.ObservationFilterChainDecorator$ObservationFilter.doFilter(ObservationFilterChainDecorator.java:227)
	at org.springframework.security.web.ObservationFilterChainDecorator$VirtualFilterChain.doFilter(ObservationFilterChainDecorator.java:137)
	at org.springframework.security.web.header.HeaderWriterFilter.doHeadersAfter(HeaderWriterFilter.java:90)
	at org.springframework.security.web.header.HeaderWriterFilter.doFilterInternal(HeaderWriterFilter.java:75)
	at org.springframework.web.filter.OncePerRequestFilter.doFilter(OncePerRequestFilter.java:116)
	at org.springframework.security.web.ObservationFilterChainDecorator$ObservationFilter.wrapFilter(ObservationFilterChainDecorator.java:240)
	at org.springframework.security.web.ObservationFilterChainDecorator$ObservationFilter.doFilter(ObservationFilterChainDecorator.java:227)
	at org.springframework.security.web.ObservationFilterChainDecorator$VirtualFilterChain.doFilter(ObservationFilterChainDecorator.java:137)
	at org.springframework.security.web.context.SecurityContextHolderFilter.doFilter(SecurityContextHolderFilter.java:82)
	at org.springframework.security.web.context.SecurityContextHolderFilter.doFilter(SecurityContextHolderFilter.java:69)
	at org.springframework.security.web.ObservationFilterChainDecorator$ObservationFilter.wrapFilter(ObservationFilterChainDecorator.java:240)
	at org.springframework.security.web.ObservationFilterChainDecorator$ObservationFilter.doFilter(ObservationFilterChainDecorator.java:227)
	at org.springframework.security.web.ObservationFilterChainDecorator$VirtualFilterChain.doFilter(ObservationFilterChainDecorator.java:137)
	at org.springframework.security.web.context.request.async.WebAsyncManagerIntegrationFilter.doFilterInternal(WebAsyncManagerIntegrationFilter.java:62)
	at org.springframework.web.filter.OncePerRequestFilter.doFilter(OncePerRequestFilter.java:116)
	at org.springframework.security.web.ObservationFilterChainDecorator$ObservationFilter.wrapFilter(ObservationFilterChainDecorator.java:240)
	at org.springframework.security.web.ObservationFilterChainDecorator$ObservationFilter.doFilter(ObservationFilterChainDecorator.java:227)
	at org.springframework.security.web.ObservationFilterChainDecorator$VirtualFilterChain.doFilter(ObservationFilterChainDecorator.java:137)
	at org.springframework.security.web.session.DisableEncodeUrlFilter.doFilterInternal(DisableEncodeUrlFilter.java:42)
	at org.springframework.web.filter.OncePerRequestFilter.doFilter(OncePerRequestFilter.java:116)
	at org.springframework.security.web.ObservationFilterChainDecorator$ObservationFilter.wrapFilter(ObservationFilterChainDecorator.java:240)
	at org.springframework.security.web.ObservationFilterChainDecorator$AroundFilterObservation$SimpleAroundFilterObservation.lambda$wrap$0(ObservationFilterChainDecorator.java:323)
	at org.springframework.security.web.ObservationFilterChainDecorator$ObservationFilter.doFilter(ObservationFilterChainDecorator.java:224)
	at org.springframework.security.web.ObservationFilterChainDecorator$VirtualFilterChain.doFilter(ObservationFilterChainDecorator.java:137)
	at org.springframework.security.web.FilterChainProxy.doFilterInternal(FilterChainProxy.java:233)
	at org.springframework.security.web.FilterChainProxy.doFilter(FilterChainProxy.java:191)
	at org.springframework.web.filter.CompositeFilter$VirtualFilterChain.doFilter(CompositeFilter.java:113)
	at org.springframework.web.filter.ServletRequestPathFilter.doFilter(ServletRequestPathFilter.java:52)
	at org.springframework.web.filter.CompositeFilter$VirtualFilterChain.doFilter(CompositeFilter.java:113)
	at org.springframework.web.filter.CompositeFilter.doFilter(CompositeFilter.java:74)
	at org.springframework.security.config.annotation.web.configuration.WebSecurityConfiguration$CompositeFilterChainProxy.doFilter(WebSecurityConfiguration.java:319)
	at org.springframework.web.filter.CompositeFilter$VirtualFilterChain.doFilter(CompositeFilter.java:113)
	at org.springframework.web.servlet.handler.HandlerMappingIntrospector.lambda$createCacheFilter$3(HandlerMappingIntrospector.java:243)
	at org.springframework.web.filter.CompositeFilter$VirtualFilterChain.doFilter(CompositeFilter.java:113)
	at org.springframework.web.filter.CompositeFilter.doFilter(CompositeFilter.java:74)
	at org.springframework.security.config.annotation.web.configuration.WebMvcSecurityConfiguration$CompositeFilterChainProxy.doFilter(WebMvcSecurityConfiguration.java:240)
	at org.springframework.web.filter.DelegatingFilterProxy.invokeDelegate(DelegatingFilterProxy.java:362)
	at org.springframework.web.filter.DelegatingFilterProxy.doFilter(DelegatingFilterProxy.java:278)
	at org.apache.catalina.core.ApplicationFilterChain.internalDoFilter(ApplicationFilterChain.java:164)
	at org.apache.catalina.core.ApplicationFilterChain.doFilter(ApplicationFilterChain.java:140)
	at org.springframework.web.filter.RequestContextFilter.doFilterInternal(RequestContextFilter.java:100)
	at org.springframework.web.filter.OncePerRequestFilter.doFilter(OncePerRequestFilter.java:116)
	at org.apache.catalina.core.ApplicationFilterChain.internalDoFilter(ApplicationFilterChain.java:164)
	at org.apache.catalina.core.ApplicationFilterChain.doFilter(ApplicationFilterChain.java:140)
	at org.springframework.web.filter.FormContentFilter.doFilterInternal(FormContentFilter.java:93)
	at org.springframework.web.filter.OncePerRequestFilter.doFilter(OncePerRequestFilter.java:116)
	at org.apache.catalina.core.ApplicationFilterChain.internalDoFilter(ApplicationFilterChain.java:164)
	at org.apache.catalina.core.ApplicationFilterChain.doFilter(ApplicationFilterChain.java:140)
	at org.springframework.web.filter.ServerHttpObservationFilter.doFilterInternal(ServerHttpObservationFilter.java:114)
	at org.springframework.web.filter.OncePerRequestFilter.doFilter(OncePerRequestFilter.java:116)
	at org.apache.catalina.core.ApplicationFilterChain.internalDoFilter(ApplicationFilterChain.java:164)
	at org.apache.catalina.core.ApplicationFilterChain.doFilter(ApplicationFilterChain.java:140)
	at org.springframework.web.filter.CharacterEncodingFilter.doFilterInternal(CharacterEncodingFilter.java:201)
	at org.springframework.web.filter.OncePerRequestFilter.doFilter(OncePerRequestFilter.java:116)
	at org.apache.catalina.core.ApplicationFilterChain.internalDoFilter(ApplicationFilterChain.java:164)
	at org.apache.catalina.core.ApplicationFilterChain.doFilter(ApplicationFilterChain.java:140)
	at org.apache.catalina.core.StandardWrapperValve.invoke(StandardWrapperValve.java:167)
	at org.apache.catalina.core.StandardContextValve.invoke(StandardContextValve.java:90)
	at org.apache.catalina.authenticator.AuthenticatorBase.invoke(AuthenticatorBase.java:483)
	at org.apache.catalina.core.StandardHostValve.invoke(StandardHostValve.java:116)
	at org.apache.catalina.valves.ErrorReportValve.invoke(ErrorReportValve.java:93)
	at org.apache.catalina.core.StandardEngineValve.invoke(StandardEngineValve.java:74)
	at org.apache.catalina.connector.CoyoteAdapter.service(CoyoteAdapter.java:344)
	at org.apache.coyote.http11.Http11Processor.service(Http11Processor.java:398)
	at org.apache.coyote.AbstractProcessorLight.process(AbstractProcessorLight.java:63)
	at org.apache.coyote.AbstractProtocol$ConnectionHandler.process(AbstractProtocol.java:903)
	at org.apache.tomcat.util.net.NioEndpoint$SocketProcessor.doRun(NioEndpoint.java:1740)
	at org.apache.tomcat.util.net.SocketProcessorBase.run(SocketProcessorBase.java:52)
	at org.apache.tomcat.util.threads.ThreadPoolExecutor.runWorker(ThreadPoolExecutor.java:1189)
	at org.apache.tomcat.util.threads.ThreadPoolExecutor$Worker.run(ThreadPoolExecutor.java:658)
	at org.apache.tomcat.util.threads.TaskThread$WrappingRunnable.run(TaskThread.java:63)
	at java.base/java.lang.Thread.run(Thread.java:842)
2026-03-24 13:17:38 DEBUG [http-nio-8080-exec-6] o.s.security.web.FilterChainProxy - Securing GET /error
2026-03-24 13:17:38 TRACE [http-nio-8080-exec-6] o.s.s.w.a.logout.LogoutFilter - Did not match request to Or [Ant [pattern='/logout', GET], Ant [pattern='/logout', POST], Ant [pattern='/logout', PUT], Ant [pattern='/logout', DELETE]]
2026-03-24 13:17:38 TRACE [http-nio-8080-exec-6] o.s.s.w.a.AnonymousAuthenticationFilter - Set SecurityContextHolder to AnonymousAuthenticationToken [Principal=anonymousUser, Credentials=[PROTECTED], Authenticated=true, Details=WebAuthenticationDetails [RemoteIpAddress=0:0:0:0:0:0:0:1, SessionId=null], Granted Authorities=[ROLE_ANONYMOUS]]
2026-03-24 13:17:38 DEBUG [http-nio-8080-exec-6] o.s.s.w.a.Http403ForbiddenEntryPoint - Pre-authenticated entry point called. Rejecting access
2026-03-24 13:17:50 DEBUG [http-nio-8080-exec-7] o.s.security.web.FilterChainProxy - Securing POST /api/v1/auth/login
2026-03-24 13:17:50 TRACE [http-nio-8080-exec-7] o.s.s.w.a.logout.LogoutFilter - Did not match request to Or [Ant [pattern='/logout', GET], Ant [pattern='/logout', POST], Ant [pattern='/logout', PUT], Ant [pattern='/logout', DELETE]]
2026-03-24 13:17:50 TRACE [http-nio-8080-exec-7] o.s.s.w.a.AnonymousAuthenticationFilter - Set SecurityContextHolder to AnonymousAuthenticationToken [Principal=anonymousUser, Credentials=[PROTECTED], Authenticated=true, Details=WebAuthenticationDetails [RemoteIpAddress=0:0:0:0:0:0:0:1, SessionId=null], Granted Authorities=[ROLE_ANONYMOUS]]
2026-03-24 13:17:50 DEBUG [http-nio-8080-exec-7] o.s.security.web.FilterChainProxy - Secured POST /api/v1/auth/login
2026-03-24 13:17:50 DEBUG [http-nio-8080-exec-7] o.s.web.servlet.DispatcherServlet - POST "/api/v1/auth/login", parameters={}
2026-03-24 13:17:50 DEBUG [http-nio-8080-exec-7] o.s.w.s.m.m.a.RequestMappingHandlerMapping - Mapped to com.example.ClinicaDefinitiva.infrastructure.rest.controller.auth.AuthController#login(LoginRequest)
2026-03-24 13:17:50 DEBUG [http-nio-8080-exec-7] o.s.w.s.m.m.a.RequestResponseBodyMethodProcessor - Read "application/json;charset=UTF-8" to [LoginRequest[email=admin@test.com, password=admin123]]
2026-03-24 13:17:50 DEBUG [http-nio-8080-exec-7] o.s.s.a.d.DaoAuthenticationProvider - Authenticated user
2026-03-24 13:17:50 DEBUG [http-nio-8080-exec-7] o.s.w.s.m.m.a.HttpEntityMethodProcessor - Using 'application/json', given [*/*] and supported [application/json, application/*+json]
2026-03-24 13:17:50 DEBUG [http-nio-8080-exec-7] o.s.w.s.m.m.a.HttpEntityMethodProcessor - Writing [{token=eyJhbGciOiJIUzI1NiJ9.eyJzdWIiOiJhZG1pbkB0ZXN0LmNvbSIsInJvbGVzIjpbIlJPTEVfVVNFUiJdLCJpYXQiOjE3 (truncated)...]
2026-03-24 13:17:50 DEBUG [http-nio-8080-exec-7] o.s.web.servlet.DispatcherServlet - Completed 200 OK
2026-03-24 13:18:04 DEBUG [http-nio-8080-exec-8] o.s.security.web.FilterChainProxy - Securing GET /api/v1/receptionists/1
2026-03-24 13:18:04 TRACE [http-nio-8080-exec-8] o.s.s.w.a.logout.LogoutFilter - Did not match request to Or [Ant [pattern='/logout', GET], Ant [pattern='/logout', POST], Ant [pattern='/logout', PUT], Ant [pattern='/logout', DELETE]]
2026-03-24 13:18:04 TRACE [http-nio-8080-exec-8] o.s.s.w.a.AnonymousAuthenticationFilter - Did not set SecurityContextHolder since already authenticated UsernamePasswordAuthenticationToken [Principal=com.example.ClinicaDefinitiva.infrastructure.security.adapter.CustomUserDetails@2a166793, Credentials=[PROTECTED], Authenticated=true, Details=null, Granted Authorities=[UPDATE_COMPANY, UPDATE_INVOICE, CREATE_ASSIGNMENT, UPDATE_GUARDIAN, CLONE_ROLE_ROLE, CANCEL_APPOINTMENT, UPDATE_JOURNAL_ENTRY, REVERSE_JOURNAL_ENTRY, CREATE_CONTRACT, DELETE_APPOINTMENT, RESCHEDULE_APPOINTMENT, SET_PERMISSIONS_ROLE, CREATE_PATIENT, READ_USER_IDENTITY, IS_CURRENTLY_ACTIVE_ASSIGNMENT, READ_RATE, ACTIVATE_ROLE_ROLE, DELETE_ROLE_ROLE, READ_APPOINTMENT, READ_DENTIST, CREATE_COMPANY, VIEW_ROLE_ROLE, SCHEDULE_APPOINTMENT, ROLE_RECEPTIONIST, DELETE_INVOICE, CREATE_CUSTOM_ROLE_ROLE, UPDATE_PAYMENT, CREATE_DENTIST, CHECK_PERMISSION_ROLE, READ_PATIENT, READ_ADMINISTRATIVE_REPORT, CREATE_APPOINTMENT, VIEW_ASSIGNMENT_ASSIGNMENT, READ_CONTRACT, DELETE_ADMINISTRATIVE_REPORT, DEACTIVATE_USER_IDENTITY, REVERSE_INVOICE, DEACTIVATE_ROLE_ROLE, APPROVE_INVOICE, READ_PROVIDED_SERVICE, REVOKE_ASSIGNMENT, READ_AVAILABILITY, READ_RECEPTIONIST, DELETE_RATE, UPDATE_PRIMARY_ASSIGNMENT, UPDATE_DENTIST, CREATE_USER_IDENTITY, DELETE_CONTRACT, DELETE_PAYMENT, DELETE_ASSIGNMENT, READ_COMPANY, UPDATE_ADMINISTRATIVE_REPORT, REMOVE_PERMISSION_ROLE, CREATE_PAYMENT, UPDATE_USER_IDENTITY, ADD_PERMISSION_ROLE, READ_GUARDIAN, UPDATE_CONTRACT, DELETE_COMPANY, IS_ACTIVE_AT_ASSIGNMENT, DELETE_DENTIST, READ_ASSIGNMENT, POST_INVOICE, REVOKE_ALL_ASSIGNMENT, CREATE_JOURNAL_ENTRY, CREATE_ADMINISTRATIVE_REPORT, UPDATE_ASSIGNMENT, READ_SHIFT, POST_JOURNAL_ENTRY, CREATE_GUARDIAN, ROLE_ADMINISTRATOR, CREATE_TEMPORARY_ASSIGNMENT, READ_PAYMENT, CREATE_RATE, EXTEND_ASSIGNMENT_ASSIGNMENT, READ_INVOICE, REACTIVATE_USER_IDENTITY, UPDATE_APPOINTMENT, UPDATE_RATE, DELETE_JOURNAL_ENTRY, CREATE_SHIFT, READ_JOURNAL_ENTRY, MARK_DELETED_ROLE_ROLE, CREATE_INVOICE, UPDATE_SHIFT, SUSPEND_ROLE_ROLE, UPDATE_PATIENT, UPDATE_PROVIDED_SERVICE, SUSPEND_USER_IDENTITY]]
2026-03-24 13:18:04 TRACE [http-nio-8080-exec-8] o.s.s.w.a.s.CompositeSessionAuthenticationStrategy - Preparing session with ChangeSessionIdAuthenticationStrategy (1/1)
2026-03-24 13:18:04 DEBUG [http-nio-8080-exec-8] o.s.security.web.FilterChainProxy - Secured GET /api/v1/receptionists/1
2026-03-24 13:18:04 DEBUG [http-nio-8080-exec-8] o.s.web.servlet.DispatcherServlet - GET "/api/v1/receptionists/1", parameters={}
2026-03-24 13:18:04 DEBUG [http-nio-8080-exec-8] o.s.w.s.m.m.a.RequestMappingHandlerMapping - Mapped to com.example.ClinicaDefinitiva.infrastructure.rest.controller.actor.ReceptionController#findById(Long, CustomUserDetails)
2026-03-24 13:18:04 DEBUG [http-nio-8080-exec-8] o.s.w.s.m.m.a.ExceptionHandlerExceptionResolver - Using @ExceptionHandler com.example.ClinicaDefinitiva.infrastructure.rest.advice.GlobalControllerAdvice#handleValueObjectValidation(ValueObjectValidationException)
2026-03-24 13:18:04 WARN  [http-nio-8080-exec-8] c.e.C.i.r.a.GlobalControllerAdvice - Validación de Value Object falló [requestId=9683ed63-384d-427a-bcdf-c6ccca117e1d, usuario=admin@test.com, código=RN-ADDRESS-011]: Los campos de dirección no pueden estar vacíos
2026-03-24 13:18:04 WARN  [http-nio-8080-exec-8] o.s.w.s.m.m.a.ExceptionHandlerExceptionResolver - Failure in @ExceptionHandler com.example.ClinicaDefinitiva.infrastructure.rest.advice.GlobalControllerAdvice#handleValueObjectValidation(ValueObjectValidationException)
java.lang.NullPointerException: Cannot invoke "com.example.ClinicaDefinitiva.domain.errors.context.CodeEntity.toString()" because the return value of "com.example.ClinicaDefinitiva.domain.errors.context.DomainContext.getCodeEntity()" is null
	at com.example.ClinicaDefinitiva.infrastructure.rest.advice.GlobalControllerAdvice.handleValueObjectValidation(GlobalControllerAdvice.java:154)
	at java.base/jdk.internal.reflect.NativeMethodAccessorImpl.invoke0(Native Method)
	at java.base/jdk.internal.reflect.NativeMethodAccessorImpl.invoke(NativeMethodAccessorImpl.java:77)
	at java.base/jdk.internal.reflect.DelegatingMethodAccessorImpl.invoke(DelegatingMethodAccessorImpl.java:43)
	at java.base/java.lang.reflect.Method.invoke(Method.java:568)
	at org.springframework.web.method.support.InvocableHandlerMethod.doInvoke(InvocableHandlerMethod.java:258)
	at org.springframework.web.method.support.InvocableHandlerMethod.invokeForRequest(InvocableHandlerMethod.java:191)
	at org.springframework.web.servlet.mvc.method.annotation.ServletInvocableHandlerMethod.invokeAndHandle(ServletInvocableHandlerMethod.java:118)
	at org.springframework.web.servlet.mvc.method.annotation.ExceptionHandlerExceptionResolver.doResolveHandlerMethodException(ExceptionHandlerExceptionResolver.java:471)
	at org.springframework.web.servlet.handler.AbstractHandlerMethodExceptionResolver.doResolveException(AbstractHandlerMethodExceptionResolver.java:73)
	at org.springframework.web.servlet.handler.AbstractHandlerExceptionResolver.resolveException(AbstractHandlerExceptionResolver.java:182)
	at org.springframework.web.servlet.handler.HandlerExceptionResolverComposite.resolveException(HandlerExceptionResolverComposite.java:80)
	at org.springframework.web.servlet.DispatcherServlet.processHandlerException(DispatcherServlet.java:1359)
	at org.springframework.web.servlet.DispatcherServlet.processDispatchResult(DispatcherServlet.java:1161)
	at org.springframework.web.servlet.DispatcherServlet.doDispatch(DispatcherServlet.java:1106)
	at org.springframework.web.servlet.DispatcherServlet.doService(DispatcherServlet.java:979)
	at org.springframework.web.servlet.FrameworkServlet.processRequest(FrameworkServlet.java:1014)
	at org.springframework.web.servlet.FrameworkServlet.doGet(FrameworkServlet.java:903)
	at jakarta.servlet.http.HttpServlet.service(HttpServlet.java:564)
	at org.springframework.web.servlet.FrameworkServlet.service(FrameworkServlet.java:885)
	at jakarta.servlet.http.HttpServlet.service(HttpServlet.java:658)
	at org.apache.catalina.core.ApplicationFilterChain.internalDoFilter(ApplicationFilterChain.java:195)
	at org.apache.catalina.core.ApplicationFilterChain.doFilter(ApplicationFilterChain.java:140)
	at org.apache.tomcat.websocket.server.WsFilter.doFilter(WsFilter.java:51)
	at org.apache.catalina.core.ApplicationFilterChain.internalDoFilter(ApplicationFilterChain.java:164)
	at org.apache.catalina.core.ApplicationFilterChain.doFilter(ApplicationFilterChain.java:140)
	at com.example.ClinicaDefinitiva.util.RequestIdFilter.doFilterInternal(RequestIdFilter.java:76)
	at org.springframework.web.filter.OncePerRequestFilter.doFilter(OncePerRequestFilter.java:116)
	at org.apache.catalina.core.ApplicationFilterChain.internalDoFilter(ApplicationFilterChain.java:164)
	at org.apache.catalina.core.ApplicationFilterChain.doFilter(ApplicationFilterChain.java:140)
	at org.springframework.web.filter.CompositeFilter$VirtualFilterChain.doFilter(CompositeFilter.java:108)
	at org.springframework.web.filter.CompositeFilter$VirtualFilterChain.doFilter(CompositeFilter.java:108)
	at org.springframework.security.web.FilterChainProxy.lambda$doFilterInternal$3(FilterChainProxy.java:231)
	at org.springframework.security.web.ObservationFilterChainDecorator$FilterObservation$SimpleFilterObservation.lambda$wrap$1(ObservationFilterChainDecorator.java:479)
	at org.springframework.security.web.ObservationFilterChainDecorator$AroundFilterObservation$SimpleAroundFilterObservation.lambda$wrap$1(ObservationFilterChainDecorator.java:340)
	at org.springframework.security.web.ObservationFilterChainDecorator.lambda$wrapSecured$0(ObservationFilterChainDecorator.java:82)
	at org.springframework.security.web.ObservationFilterChainDecorator$VirtualFilterChain.doFilter(ObservationFilterChainDecorator.java:128)
	at org.springframework.security.web.access.intercept.AuthorizationFilter.doFilter(AuthorizationFilter.java:101)
	at org.springframework.security.web.ObservationFilterChainDecorator$ObservationFilter.wrapFilter(ObservationFilterChainDecorator.java:240)
	at org.springframework.security.web.ObservationFilterChainDecorator$ObservationFilter.doFilter(ObservationFilterChainDecorator.java:227)
	at org.springframework.security.web.ObservationFilterChainDecorator$VirtualFilterChain.doFilter(ObservationFilterChainDecorator.java:137)
	at org.springframework.security.web.access.ExceptionTranslationFilter.doFilter(ExceptionTranslationFilter.java:125)
	at org.springframework.security.web.access.ExceptionTranslationFilter.doFilter(ExceptionTranslationFilter.java:119)
	at org.springframework.security.web.ObservationFilterChainDecorator$ObservationFilter.wrapFilter(ObservationFilterChainDecorator.java:240)
	at org.springframework.security.web.ObservationFilterChainDecorator$ObservationFilter.doFilter(ObservationFilterChainDecorator.java:227)
	at org.springframework.security.web.ObservationFilterChainDecorator$VirtualFilterChain.doFilter(ObservationFilterChainDecorator.java:137)
	at org.springframework.security.web.session.SessionManagementFilter.doFilter(SessionManagementFilter.java:131)
	at org.springframework.security.web.session.SessionManagementFilter.doFilter(SessionManagementFilter.java:85)
	at org.springframework.security.web.ObservationFilterChainDecorator$ObservationFilter.wrapFilter(ObservationFilterChainDecorator.java:240)
	at org.springframework.security.web.ObservationFilterChainDecorator$ObservationFilter.doFilter(ObservationFilterChainDecorator.java:227)
	at org.springframework.security.web.ObservationFilterChainDecorator$VirtualFilterChain.doFilter(ObservationFilterChainDecorator.java:137)
	at org.springframework.security.web.authentication.AnonymousAuthenticationFilter.doFilter(AnonymousAuthenticationFilter.java:100)
	at org.springframework.security.web.ObservationFilterChainDecorator$ObservationFilter.wrapFilter(ObservationFilterChainDecorator.java:240)
	at org.springframework.security.web.ObservationFilterChainDecorator$ObservationFilter.doFilter(ObservationFilterChainDecorator.java:227)
	at org.springframework.security.web.ObservationFilterChainDecorator$VirtualFilterChain.doFilter(ObservationFilterChainDecorator.java:137)
	at org.springframework.security.web.servletapi.SecurityContextHolderAwareRequestFilter.doFilter(SecurityContextHolderAwareRequestFilter.java:179)
	at org.springframework.security.web.ObservationFilterChainDecorator$ObservationFilter.wrapFilter(ObservationFilterChainDecorator.java:240)
	at org.springframework.security.web.ObservationFilterChainDecorator$ObservationFilter.doFilter(ObservationFilterChainDecorator.java:227)
	at org.springframework.security.web.ObservationFilterChainDecorator$VirtualFilterChain.doFilter(ObservationFilterChainDecorator.java:137)
	at org.springframework.security.web.savedrequest.RequestCacheAwareFilter.doFilter(RequestCacheAwareFilter.java:63)
	at org.springframework.security.web.ObservationFilterChainDecorator$ObservationFilter.wrapFilter(ObservationFilterChainDecorator.java:240)
	at org.springframework.security.web.ObservationFilterChainDecorator$ObservationFilter.doFilter(ObservationFilterChainDecorator.java:227)
	at org.springframework.security.web.ObservationFilterChainDecorator$VirtualFilterChain.doFilter(ObservationFilterChainDecorator.java:137)
	at com.example.ClinicaDefinitiva.infrastructure.security.filter.JwtAuthenticationFilter.doFilterInternal(JwtAuthenticationFilter.java:40)
	at org.springframework.web.filter.OncePerRequestFilter.doFilter(OncePerRequestFilter.java:116)
	at org.springframework.security.web.ObservationFilterChainDecorator$ObservationFilter.wrapFilter(ObservationFilterChainDecorator.java:240)
	at org.springframework.security.web.ObservationFilterChainDecorator$ObservationFilter.doFilter(ObservationFilterChainDecorator.java:227)
	at org.springframework.security.web.ObservationFilterChainDecorator$VirtualFilterChain.doFilter(ObservationFilterChainDecorator.java:137)
	at org.springframework.security.web.authentication.logout.LogoutFilter.doFilter(LogoutFilter.java:107)
	at org.springframework.security.web.authentication.logout.LogoutFilter.doFilter(LogoutFilter.java:93)
	at org.springframework.security.web.ObservationFilterChainDecorator$ObservationFilter.wrapFilter(ObservationFilterChainDecorator.java:240)
	at org.springframework.security.web.ObservationFilterChainDecorator$ObservationFilter.doFilter(ObservationFilterChainDecorator.java:227)
	at org.springframework.security.web.ObservationFilterChainDecorator$VirtualFilterChain.doFilter(ObservationFilterChainDecorator.java:137)
	at org.springframework.security.web.header.HeaderWriterFilter.doHeadersAfter(HeaderWriterFilter.java:90)
	at org.springframework.security.web.header.HeaderWriterFilter.doFilterInternal(HeaderWriterFilter.java:75)
	at org.springframework.web.filter.OncePerRequestFilter.doFilter(OncePerRequestFilter.java:116)
	at org.springframework.security.web.ObservationFilterChainDecorator$ObservationFilter.wrapFilter(ObservationFilterChainDecorator.java:240)
	at org.springframework.security.web.ObservationFilterChainDecorator$ObservationFilter.doFilter(ObservationFilterChainDecorator.java:227)
	at org.springframework.security.web.ObservationFilterChainDecorator$VirtualFilterChain.doFilter(ObservationFilterChainDecorator.java:137)
	at org.springframework.security.web.context.SecurityContextHolderFilter.doFilter(SecurityContextHolderFilter.java:82)
	at org.springframework.security.web.context.SecurityContextHolderFilter.doFilter(SecurityContextHolderFilter.java:69)
	at org.springframework.security.web.ObservationFilterChainDecorator$ObservationFilter.wrapFilter(ObservationFilterChainDecorator.java:240)
	at org.springframework.security.web.ObservationFilterChainDecorator$ObservationFilter.doFilter(ObservationFilterChainDecorator.java:227)
	at org.springframework.security.web.ObservationFilterChainDecorator$VirtualFilterChain.doFilter(ObservationFilterChainDecorator.java:137)
	at org.springframework.security.web.context.request.async.WebAsyncManagerIntegrationFilter.doFilterInternal(WebAsyncManagerIntegrationFilter.java:62)
	at org.springframework.web.filter.OncePerRequestFilter.doFilter(OncePerRequestFilter.java:116)
	at org.springframework.security.web.ObservationFilterChainDecorator$ObservationFilter.wrapFilter(ObservationFilterChainDecorator.java:240)
	at org.springframework.security.web.ObservationFilterChainDecorator$ObservationFilter.doFilter(ObservationFilterChainDecorator.java:227)
	at org.springframework.security.web.ObservationFilterChainDecorator$VirtualFilterChain.doFilter(ObservationFilterChainDecorator.java:137)
	at org.springframework.security.web.session.DisableEncodeUrlFilter.doFilterInternal(DisableEncodeUrlFilter.java:42)
	at org.springframework.web.filter.OncePerRequestFilter.doFilter(OncePerRequestFilter.java:116)
	at org.springframework.security.web.ObservationFilterChainDecorator$ObservationFilter.wrapFilter(ObservationFilterChainDecorator.java:240)
	at org.springframework.security.web.ObservationFilterChainDecorator$AroundFilterObservation$SimpleAroundFilterObservation.lambda$wrap$0(ObservationFilterChainDecorator.java:323)
	at org.springframework.security.web.ObservationFilterChainDecorator$ObservationFilter.doFilter(ObservationFilterChainDecorator.java:224)
	at org.springframework.security.web.ObservationFilterChainDecorator$VirtualFilterChain.doFilter(ObservationFilterChainDecorator.java:137)
	at org.springframework.security.web.FilterChainProxy.doFilterInternal(FilterChainProxy.java:233)
	at org.springframework.security.web.FilterChainProxy.doFilter(FilterChainProxy.java:191)
	at org.springframework.web.filter.CompositeFilter$VirtualFilterChain.doFilter(CompositeFilter.java:113)
	at org.springframework.web.filter.ServletRequestPathFilter.doFilter(ServletRequestPathFilter.java:52)
	at org.springframework.web.filter.CompositeFilter$VirtualFilterChain.doFilter(CompositeFilter.java:113)
	at org.springframework.web.filter.CompositeFilter.doFilter(CompositeFilter.java:74)
	at org.springframework.security.config.annotation.web.configuration.WebSecurityConfiguration$CompositeFilterChainProxy.doFilter(WebSecurityConfiguration.java:319)
	at org.springframework.web.filter.CompositeFilter$VirtualFilterChain.doFilter(CompositeFilter.java:113)
	at org.springframework.web.servlet.handler.HandlerMappingIntrospector.lambda$createCacheFilter$3(HandlerMappingIntrospector.java:243)
	at org.springframework.web.filter.CompositeFilter$VirtualFilterChain.doFilter(CompositeFilter.java:113)
	at org.springframework.web.filter.CompositeFilter.doFilter(CompositeFilter.java:74)
	at org.springframework.security.config.annotation.web.configuration.WebMvcSecurityConfiguration$CompositeFilterChainProxy.doFilter(WebMvcSecurityConfiguration.java:240)
	at org.springframework.web.filter.DelegatingFilterProxy.invokeDelegate(DelegatingFilterProxy.java:362)
	at org.springframework.web.filter.DelegatingFilterProxy.doFilter(DelegatingFilterProxy.java:278)
	at org.apache.catalina.core.ApplicationFilterChain.internalDoFilter(ApplicationFilterChain.java:164)
	at org.apache.catalina.core.ApplicationFilterChain.doFilter(ApplicationFilterChain.java:140)
	at org.springframework.web.filter.RequestContextFilter.doFilterInternal(RequestContextFilter.java:100)
	at org.springframework.web.filter.OncePerRequestFilter.doFilter(OncePerRequestFilter.java:116)
	at org.apache.catalina.core.ApplicationFilterChain.internalDoFilter(ApplicationFilterChain.java:164)
	at org.apache.catalina.core.ApplicationFilterChain.doFilter(ApplicationFilterChain.java:140)
	at org.springframework.web.filter.FormContentFilter.doFilterInternal(FormContentFilter.java:93)
	at org.springframework.web.filter.OncePerRequestFilter.doFilter(OncePerRequestFilter.java:116)
	at org.apache.catalina.core.ApplicationFilterChain.internalDoFilter(ApplicationFilterChain.java:164)
	at org.apache.catalina.core.ApplicationFilterChain.doFilter(ApplicationFilterChain.java:140)
	at org.springframework.web.filter.ServerHttpObservationFilter.doFilterInternal(ServerHttpObservationFilter.java:114)
	at org.springframework.web.filter.OncePerRequestFilter.doFilter(OncePerRequestFilter.java:116)
	at org.apache.catalina.core.ApplicationFilterChain.internalDoFilter(ApplicationFilterChain.java:164)
	at org.apache.catalina.core.ApplicationFilterChain.doFilter(ApplicationFilterChain.java:140)
	at org.springframework.web.filter.CharacterEncodingFilter.doFilterInternal(CharacterEncodingFilter.java:201)
	at org.springframework.web.filter.OncePerRequestFilter.doFilter(OncePerRequestFilter.java:116)
	at org.apache.catalina.core.ApplicationFilterChain.internalDoFilter(ApplicationFilterChain.java:164)
	at org.apache.catalina.core.ApplicationFilterChain.doFilter(ApplicationFilterChain.java:140)
	at org.apache.catalina.core.StandardWrapperValve.invoke(StandardWrapperValve.java:167)
	at org.apache.catalina.core.StandardContextValve.invoke(StandardContextValve.java:90)
	at org.apache.catalina.authenticator.AuthenticatorBase.invoke(AuthenticatorBase.java:483)
	at org.apache.catalina.core.StandardHostValve.invoke(StandardHostValve.java:116)
	at org.apache.catalina.valves.ErrorReportValve.invoke(ErrorReportValve.java:93)
	at org.apache.catalina.core.StandardEngineValve.invoke(StandardEngineValve.java:74)
	at org.apache.catalina.connector.CoyoteAdapter.service(CoyoteAdapter.java:344)
	at org.apache.coyote.http11.Http11Processor.service(Http11Processor.java:398)
	at org.apache.coyote.AbstractProcessorLight.process(AbstractProcessorLight.java:63)
	at org.apache.coyote.AbstractProtocol$ConnectionHandler.process(AbstractProtocol.java:903)
	at org.apache.tomcat.util.net.NioEndpoint$SocketProcessor.doRun(NioEndpoint.java:1740)
	at org.apache.tomcat.util.net.SocketProcessorBase.run(SocketProcessorBase.java:52)
	at org.apache.tomcat.util.threads.ThreadPoolExecutor.runWorker(ThreadPoolExecutor.java:1189)
	at org.apache.tomcat.util.threads.ThreadPoolExecutor$Worker.run(ThreadPoolExecutor.java:658)
	at org.apache.tomcat.util.threads.TaskThread$WrappingRunnable.run(TaskThread.java:63)
	at java.base/java.lang.Thread.run(Thread.java:842)
2026-03-24 13:18:04 DEBUG [http-nio-8080-exec-8] o.s.web.servlet.DispatcherServlet - Failed to complete request: com.example.ClinicaDefinitiva.domain.exceptions.ValueObjectValidationException: Los campos de dirección no pueden estar vacíos
2026-03-24 13:18:04 ERROR [http-nio-8080-exec-8] o.a.c.c.C.[.[.[.[dispatcherServlet] - Servlet.service() for servlet [dispatcherServlet] in context with path [] threw exception [Request processing failed: com.example.ClinicaDefinitiva.domain.exceptions.ValueObjectValidationException: Los campos de dirección no pueden estar vacíos] with root cause
com.example.ClinicaDefinitiva.domain.exceptions.ValueObjectValidationException: Los campos de dirección no pueden estar vacíos
	at com.example.ClinicaDefinitiva.domain.vo.Address.<init>(Address.java:21)
	at com.example.ClinicaDefinitiva.domain.vo.Address.of(Address.java:32)
	at com.example.ClinicaDefinitiva.infrastructure.persistence.mapper.actor.receptionEntityMapper.ReceptionReadEntityMapper.mapToPerson(ReceptionReadEntityMapper.java:35)
	at com.example.ClinicaDefinitiva.infrastructure.persistence.mapper.actor.receptionEntityMapper.ReceptionReadEntityMapper.toDomain(ReceptionReadEntityMapper.java:17)
	at java.base/java.util.Optional.map(Optional.java:260)
	at com.example.ClinicaDefinitiva.infrastructure.persistence.adapters.actor.ReceptionsAdapter.findById(ReceptionsAdapter.java:46)
	at java.base/jdk.internal.reflect.NativeMethodAccessorImpl.invoke0(Native Method)
	at java.base/jdk.internal.reflect.NativeMethodAccessorImpl.invoke(NativeMethodAccessorImpl.java:77)
	at java.base/jdk.internal.reflect.DelegatingMethodAccessorImpl.invoke(DelegatingMethodAccessorImpl.java:43)
	at java.base/java.lang.reflect.Method.invoke(Method.java:568)
	at org.springframework.aop.support.AopUtils.invokeJoinpointUsingReflection(AopUtils.java:359)
	at org.springframework.aop.framework.ReflectiveMethodInvocation.invokeJoinpoint(ReflectiveMethodInvocation.java:196)
	at org.springframework.aop.framework.ReflectiveMethodInvocation.proceed(ReflectiveMethodInvocation.java:163)
	at org.springframework.transaction.interceptor.TransactionAspectSupport.invokeWithinTransaction(TransactionAspectSupport.java:380)
	at org.springframework.transaction.interceptor.TransactionInterceptor.invoke(TransactionInterceptor.java:119)
	at org.springframework.aop.framework.ReflectiveMethodInvocation.proceed(ReflectiveMethodInvocation.java:184)
	at org.springframework.aop.framework.CglibAopProxy$DynamicAdvisedInterceptor.intercept(CglibAopProxy.java:728)
	at com.example.ClinicaDefinitiva.infrastructure.persistence.adapters.actor.ReceptionsAdapter$$SpringCGLIB$$0.findById(<generated>)
	at com.example.ClinicaDefinitiva.application.service.actor.ReceptionApplicationService.findById(ReceptionApplicationService.java:58)
	at java.base/jdk.internal.reflect.NativeMethodAccessorImpl.invoke0(Native Method)
	at java.base/jdk.internal.reflect.NativeMethodAccessorImpl.invoke(NativeMethodAccessorImpl.java:77)
	at java.base/jdk.internal.reflect.DelegatingMethodAccessorImpl.invoke(DelegatingMethodAccessorImpl.java:43)
	at java.base/java.lang.reflect.Method.invoke(Method.java:568)
	at org.springframework.aop.support.AopUtils.invokeJoinpointUsingReflection(AopUtils.java:359)
	at org.springframework.aop.framework.ReflectiveMethodInvocation.invokeJoinpoint(ReflectiveMethodInvocation.java:196)
	at org.springframework.aop.framework.ReflectiveMethodInvocation.proceed(ReflectiveMethodInvocation.java:163)
	at org.springframework.aop.aspectj.MethodInvocationProceedingJoinPoint.proceed(MethodInvocationProceedingJoinPoint.java:89)
	at com.example.ClinicaDefinitiva.infrastructure.security.config.AuthorizationAspect.checkPermission(AuthorizationAspect.java:76)
	at java.base/jdk.internal.reflect.NativeMethodAccessorImpl.invoke0(Native Method)
	at java.base/jdk.internal.reflect.NativeMethodAccessorImpl.invoke(NativeMethodAccessorImpl.java:77)
	at java.base/jdk.internal.reflect.DelegatingMethodAccessorImpl.invoke(DelegatingMethodAccessorImpl.java:43)
	at java.base/java.lang.reflect.Method.invoke(Method.java:568)
	at org.springframework.aop.aspectj.AbstractAspectJAdvice.invokeAdviceMethodWithGivenArgs(AbstractAspectJAdvice.java:642)
	at org.springframework.aop.aspectj.AbstractAspectJAdvice.invokeAdviceMethod(AbstractAspectJAdvice.java:632)
	at org.springframework.aop.aspectj.AspectJAroundAdvice.invoke(AspectJAroundAdvice.java:71)
	at org.springframework.aop.framework.ReflectiveMethodInvocation.proceed(ReflectiveMethodInvocation.java:173)
	at org.springframework.transaction.interceptor.TransactionAspectSupport.invokeWithinTransaction(TransactionAspectSupport.java:380)
	at org.springframework.transaction.interceptor.TransactionInterceptor.invoke(TransactionInterceptor.java:119)
	at org.springframework.aop.framework.ReflectiveMethodInvocation.proceed(ReflectiveMethodInvocation.java:184)
	at org.springframework.aop.interceptor.ExposeInvocationInterceptor.invoke(ExposeInvocationInterceptor.java:97)
	at org.springframework.aop.framework.ReflectiveMethodInvocation.proceed(ReflectiveMethodInvocation.java:184)
	at org.springframework.aop.framework.CglibAopProxy$DynamicAdvisedInterceptor.intercept(CglibAopProxy.java:728)
	at com.example.ClinicaDefinitiva.application.service.actor.ReceptionApplicationService$$SpringCGLIB$$0.findById(<generated>)
	at com.example.ClinicaDefinitiva.infrastructure.rest.controller.actor.ReceptionController.findById(ReceptionController.java:51)
	at java.base/jdk.internal.reflect.NativeMethodAccessorImpl.invoke0(Native Method)
	at java.base/jdk.internal.reflect.NativeMethodAccessorImpl.invoke(NativeMethodAccessorImpl.java:77)
	at java.base/jdk.internal.reflect.DelegatingMethodAccessorImpl.invoke(DelegatingMethodAccessorImpl.java:43)
	at java.base/java.lang.reflect.Method.invoke(Method.java:568)
	at org.springframework.aop.support.AopUtils.invokeJoinpointUsingReflection(AopUtils.java:359)
	at org.springframework.aop.framework.ReflectiveMethodInvocation.invokeJoinpoint(ReflectiveMethodInvocation.java:196)
	at org.springframework.aop.framework.ReflectiveMethodInvocation.proceed(ReflectiveMethodInvocation.java:163)
	at org.springframework.validation.beanvalidation.MethodValidationInterceptor.invoke(MethodValidationInterceptor.java:174)
	at org.springframework.aop.framework.ReflectiveMethodInvocation.proceed(ReflectiveMethodInvocation.java:184)
	at org.springframework.aop.framework.CglibAopProxy$DynamicAdvisedInterceptor.intercept(CglibAopProxy.java:728)
	at com.example.ClinicaDefinitiva.infrastructure.rest.controller.actor.ReceptionController$$SpringCGLIB$$0.findById(<generated>)
	at java.base/jdk.internal.reflect.NativeMethodAccessorImpl.invoke0(Native Method)
	at java.base/jdk.internal.reflect.NativeMethodAccessorImpl.invoke(NativeMethodAccessorImpl.java:77)
	at java.base/jdk.internal.reflect.DelegatingMethodAccessorImpl.invoke(DelegatingMethodAccessorImpl.java:43)
	at java.base/java.lang.reflect.Method.invoke(Method.java:568)
	at org.springframework.web.method.support.InvocableHandlerMethod.doInvoke(InvocableHandlerMethod.java:258)
	at org.springframework.web.method.support.InvocableHandlerMethod.invokeForRequest(InvocableHandlerMethod.java:191)
	at org.springframework.web.servlet.mvc.method.annotation.ServletInvocableHandlerMethod.invokeAndHandle(ServletInvocableHandlerMethod.java:118)
	at org.springframework.web.servlet.mvc.method.annotation.RequestMappingHandlerAdapter.invokeHandlerMethod(RequestMappingHandlerAdapter.java:986)
	at org.springframework.web.servlet.mvc.method.annotation.RequestMappingHandlerAdapter.handleInternal(RequestMappingHandlerAdapter.java:891)
	at org.springframework.web.servlet.mvc.method.AbstractHandlerMethodAdapter.handle(AbstractHandlerMethodAdapter.java:87)
	at org.springframework.web.servlet.DispatcherServlet.doDispatch(DispatcherServlet.java:1089)
	at org.springframework.web.servlet.DispatcherServlet.doService(DispatcherServlet.java:979)
	at org.springframework.web.servlet.FrameworkServlet.processRequest(FrameworkServlet.java:1014)
	at org.springframework.web.servlet.FrameworkServlet.doGet(FrameworkServlet.java:903)
	at jakarta.servlet.http.HttpServlet.service(HttpServlet.java:564)
	at org.springframework.web.servlet.FrameworkServlet.service(FrameworkServlet.java:885)
	at jakarta.servlet.http.HttpServlet.service(HttpServlet.java:658)
	at org.apache.catalina.core.ApplicationFilterChain.internalDoFilter(ApplicationFilterChain.java:195)
	at org.apache.catalina.core.ApplicationFilterChain.doFilter(ApplicationFilterChain.java:140)
	at org.apache.tomcat.websocket.server.WsFilter.doFilter(WsFilter.java:51)
	at org.apache.catalina.core.ApplicationFilterChain.internalDoFilter(ApplicationFilterChain.java:164)
	at org.apache.catalina.core.ApplicationFilterChain.doFilter(ApplicationFilterChain.java:140)
	at com.example.ClinicaDefinitiva.util.RequestIdFilter.doFilterInternal(RequestIdFilter.java:76)
	at org.springframework.web.filter.OncePerRequestFilter.doFilter(OncePerRequestFilter.java:116)
	at org.apache.catalina.core.ApplicationFilterChain.internalDoFilter(ApplicationFilterChain.java:164)
	at org.apache.catalina.core.ApplicationFilterChain.doFilter(ApplicationFilterChain.java:140)
	at org.springframework.web.filter.CompositeFilter$VirtualFilterChain.doFilter(CompositeFilter.java:108)
	at org.springframework.web.filter.CompositeFilter$VirtualFilterChain.doFilter(CompositeFilter.java:108)
	at org.springframework.security.web.FilterChainProxy.lambda$doFilterInternal$3(FilterChainProxy.java:231)
	at org.springframework.security.web.ObservationFilterChainDecorator$FilterObservation$SimpleFilterObservation.lambda$wrap$1(ObservationFilterChainDecorator.java:479)
	at org.springframework.security.web.ObservationFilterChainDecorator$AroundFilterObservation$SimpleAroundFilterObservation.lambda$wrap$1(ObservationFilterChainDecorator.java:340)
	at org.springframework.security.web.ObservationFilterChainDecorator.lambda$wrapSecured$0(ObservationFilterChainDecorator.java:82)
	at org.springframework.security.web.ObservationFilterChainDecorator$VirtualFilterChain.doFilter(ObservationFilterChainDecorator.java:128)
	at org.springframework.security.web.access.intercept.AuthorizationFilter.doFilter(AuthorizationFilter.java:101)
	at org.springframework.security.web.ObservationFilterChainDecorator$ObservationFilter.wrapFilter(ObservationFilterChainDecorator.java:240)
	at org.springframework.security.web.ObservationFilterChainDecorator$ObservationFilter.doFilter(ObservationFilterChainDecorator.java:227)
	at org.springframework.security.web.ObservationFilterChainDecorator$VirtualFilterChain.doFilter(ObservationFilterChainDecorator.java:137)
	at org.springframework.security.web.access.ExceptionTranslationFilter.doFilter(ExceptionTranslationFilter.java:125)
	at org.springframework.security.web.access.ExceptionTranslationFilter.doFilter(ExceptionTranslationFilter.java:119)
	at org.springframework.security.web.ObservationFilterChainDecorator$ObservationFilter.wrapFilter(ObservationFilterChainDecorator.java:240)
	at org.springframework.security.web.ObservationFilterChainDecorator$ObservationFilter.doFilter(ObservationFilterChainDecorator.java:227)
	at org.springframework.security.web.ObservationFilterChainDecorator$VirtualFilterChain.doFilter(ObservationFilterChainDecorator.java:137)
	at org.springframework.security.web.session.SessionManagementFilter.doFilter(SessionManagementFilter.java:131)
	at org.springframework.security.web.session.SessionManagementFilter.doFilter(SessionManagementFilter.java:85)
	at org.springframework.security.web.ObservationFilterChainDecorator$ObservationFilter.wrapFilter(ObservationFilterChainDecorator.java:240)
	at org.springframework.security.web.ObservationFilterChainDecorator$ObservationFilter.doFilter(ObservationFilterChainDecorator.java:227)
	at org.springframework.security.web.ObservationFilterChainDecorator$VirtualFilterChain.doFilter(ObservationFilterChainDecorator.java:137)
	at org.springframework.security.web.authentication.AnonymousAuthenticationFilter.doFilter(AnonymousAuthenticationFilter.java:100)
	at org.springframework.security.web.ObservationFilterChainDecorator$ObservationFilter.wrapFilter(ObservationFilterChainDecorator.java:240)
	at org.springframework.security.web.ObservationFilterChainDecorator$ObservationFilter.doFilter(ObservationFilterChainDecorator.java:227)
	at org.springframework.security.web.ObservationFilterChainDecorator$VirtualFilterChain.doFilter(ObservationFilterChainDecorator.java:137)
	at org.springframework.security.web.servletapi.SecurityContextHolderAwareRequestFilter.doFilter(SecurityContextHolderAwareRequestFilter.java:179)
	at org.springframework.security.web.ObservationFilterChainDecorator$ObservationFilter.wrapFilter(ObservationFilterChainDecorator.java:240)
	at org.springframework.security.web.ObservationFilterChainDecorator$ObservationFilter.doFilter(ObservationFilterChainDecorator.java:227)
	at org.springframework.security.web.ObservationFilterChainDecorator$VirtualFilterChain.doFilter(ObservationFilterChainDecorator.java:137)
	at org.springframework.security.web.savedrequest.RequestCacheAwareFilter.doFilter(RequestCacheAwareFilter.java:63)
	at org.springframework.security.web.ObservationFilterChainDecorator$ObservationFilter.wrapFilter(ObservationFilterChainDecorator.java:240)
	at org.springframework.security.web.ObservationFilterChainDecorator$ObservationFilter.doFilter(ObservationFilterChainDecorator.java:227)
	at org.springframework.security.web.ObservationFilterChainDecorator$VirtualFilterChain.doFilter(ObservationFilterChainDecorator.java:137)
	at com.example.ClinicaDefinitiva.infrastructure.security.filter.JwtAuthenticationFilter.doFilterInternal(JwtAuthenticationFilter.java:40)
	at org.springframework.web.filter.OncePerRequestFilter.doFilter(OncePerRequestFilter.java:116)
	at org.springframework.security.web.ObservationFilterChainDecorator$ObservationFilter.wrapFilter(ObservationFilterChainDecorator.java:240)
	at org.springframework.security.web.ObservationFilterChainDecorator$ObservationFilter.doFilter(ObservationFilterChainDecorator.java:227)
	at org.springframework.security.web.ObservationFilterChainDecorator$VirtualFilterChain.doFilter(ObservationFilterChainDecorator.java:137)
	at org.springframework.security.web.authentication.logout.LogoutFilter.doFilter(LogoutFilter.java:107)
	at org.springframework.security.web.authentication.logout.LogoutFilter.doFilter(LogoutFilter.java:93)
	at org.springframework.security.web.ObservationFilterChainDecorator$ObservationFilter.wrapFilter(ObservationFilterChainDecorator.java:240)
	at org.springframework.security.web.ObservationFilterChainDecorator$ObservationFilter.doFilter(ObservationFilterChainDecorator.java:227)
	at org.springframework.security.web.ObservationFilterChainDecorator$VirtualFilterChain.doFilter(ObservationFilterChainDecorator.java:137)
	at org.springframework.security.web.header.HeaderWriterFilter.doHeadersAfter(HeaderWriterFilter.java:90)
	at org.springframework.security.web.header.HeaderWriterFilter.doFilterInternal(HeaderWriterFilter.java:75)
	at org.springframework.web.filter.OncePerRequestFilter.doFilter(OncePerRequestFilter.java:116)
	at org.springframework.security.web.ObservationFilterChainDecorator$ObservationFilter.wrapFilter(ObservationFilterChainDecorator.java:240)
	at org.springframework.security.web.ObservationFilterChainDecorator$ObservationFilter.doFilter(ObservationFilterChainDecorator.java:227)
	at org.springframework.security.web.ObservationFilterChainDecorator$VirtualFilterChain.doFilter(ObservationFilterChainDecorator.java:137)
	at org.springframework.security.web.context.SecurityContextHolderFilter.doFilter(SecurityContextHolderFilter.java:82)
	at org.springframework.security.web.context.SecurityContextHolderFilter.doFilter(SecurityContextHolderFilter.java:69)
	at org.springframework.security.web.ObservationFilterChainDecorator$ObservationFilter.wrapFilter(ObservationFilterChainDecorator.java:240)
	at org.springframework.security.web.ObservationFilterChainDecorator$ObservationFilter.doFilter(ObservationFilterChainDecorator.java:227)
	at org.springframework.security.web.ObservationFilterChainDecorator$VirtualFilterChain.doFilter(ObservationFilterChainDecorator.java:137)
	at org.springframework.security.web.context.request.async.WebAsyncManagerIntegrationFilter.doFilterInternal(WebAsyncManagerIntegrationFilter.java:62)
	at org.springframework.web.filter.OncePerRequestFilter.doFilter(OncePerRequestFilter.java:116)
	at org.springframework.security.web.ObservationFilterChainDecorator$ObservationFilter.wrapFilter(ObservationFilterChainDecorator.java:240)
	at org.springframework.security.web.ObservationFilterChainDecorator$ObservationFilter.doFilter(ObservationFilterChainDecorator.java:227)
	at org.springframework.security.web.ObservationFilterChainDecorator$VirtualFilterChain.doFilter(ObservationFilterChainDecorator.java:137)
	at org.springframework.security.web.session.DisableEncodeUrlFilter.doFilterInternal(DisableEncodeUrlFilter.java:42)
	at org.springframework.web.filter.OncePerRequestFilter.doFilter(OncePerRequestFilter.java:116)
	at org.springframework.security.web.ObservationFilterChainDecorator$ObservationFilter.wrapFilter(ObservationFilterChainDecorator.java:240)
	at org.springframework.security.web.ObservationFilterChainDecorator$AroundFilterObservation$SimpleAroundFilterObservation.lambda$wrap$0(ObservationFilterChainDecorator.java:323)
	at org.springframework.security.web.ObservationFilterChainDecorator$ObservationFilter.doFilter(ObservationFilterChainDecorator.java:224)
	at org.springframework.security.web.ObservationFilterChainDecorator$VirtualFilterChain.doFilter(ObservationFilterChainDecorator.java:137)
	at org.springframework.security.web.FilterChainProxy.doFilterInternal(FilterChainProxy.java:233)
	at org.springframework.security.web.FilterChainProxy.doFilter(FilterChainProxy.java:191)
	at org.springframework.web.filter.CompositeFilter$VirtualFilterChain.doFilter(CompositeFilter.java:113)
	at org.springframework.web.filter.ServletRequestPathFilter.doFilter(ServletRequestPathFilter.java:52)
	at org.springframework.web.filter.CompositeFilter$VirtualFilterChain.doFilter(CompositeFilter.java:113)
	at org.springframework.web.filter.CompositeFilter.doFilter(CompositeFilter.java:74)
	at org.springframework.security.config.annotation.web.configuration.WebSecurityConfiguration$CompositeFilterChainProxy.doFilter(WebSecurityConfiguration.java:319)
	at org.springframework.web.filter.CompositeFilter$VirtualFilterChain.doFilter(CompositeFilter.java:113)
	at org.springframework.web.servlet.handler.HandlerMappingIntrospector.lambda$createCacheFilter$3(HandlerMappingIntrospector.java:243)
	at org.springframework.web.filter.CompositeFilter$VirtualFilterChain.doFilter(CompositeFilter.java:113)
	at org.springframework.web.filter.CompositeFilter.doFilter(CompositeFilter.java:74)
	at org.springframework.security.config.annotation.web.configuration.WebMvcSecurityConfiguration$CompositeFilterChainProxy.doFilter(WebMvcSecurityConfiguration.java:240)
	at org.springframework.web.filter.DelegatingFilterProxy.invokeDelegate(DelegatingFilterProxy.java:362)
	at org.springframework.web.filter.DelegatingFilterProxy.doFilter(DelegatingFilterProxy.java:278)
	at org.apache.catalina.core.ApplicationFilterChain.internalDoFilter(ApplicationFilterChain.java:164)
	at org.apache.catalina.core.ApplicationFilterChain.doFilter(ApplicationFilterChain.java:140)
	at org.springframework.web.filter.RequestContextFilter.doFilterInternal(RequestContextFilter.java:100)
	at org.springframework.web.filter.OncePerRequestFilter.doFilter(OncePerRequestFilter.java:116)
	at org.apache.catalina.core.ApplicationFilterChain.internalDoFilter(ApplicationFilterChain.java:164)
	at org.apache.catalina.core.ApplicationFilterChain.doFilter(ApplicationFilterChain.java:140)
	at org.springframework.web.filter.FormContentFilter.doFilterInternal(FormContentFilter.java:93)
	at org.springframework.web.filter.OncePerRequestFilter.doFilter(OncePerRequestFilter.java:116)
	at org.apache.catalina.core.ApplicationFilterChain.internalDoFilter(ApplicationFilterChain.java:164)
	at org.apache.catalina.core.ApplicationFilterChain.doFilter(ApplicationFilterChain.java:140)
	at org.springframework.web.filter.ServerHttpObservationFilter.doFilterInternal(ServerHttpObservationFilter.java:114)
	at org.springframework.web.filter.OncePerRequestFilter.doFilter(OncePerRequestFilter.java:116)
	at org.apache.catalina.core.ApplicationFilterChain.internalDoFilter(ApplicationFilterChain.java:164)
	at org.apache.catalina.core.ApplicationFilterChain.doFilter(ApplicationFilterChain.java:140)
	at org.springframework.web.filter.CharacterEncodingFilter.doFilterInternal(CharacterEncodingFilter.java:201)
	at org.springframework.web.filter.OncePerRequestFilter.doFilter(OncePerRequestFilter.java:116)
	at org.apache.catalina.core.ApplicationFilterChain.internalDoFilter(ApplicationFilterChain.java:164)
	at org.apache.catalina.core.ApplicationFilterChain.doFilter(ApplicationFilterChain.java:140)
	at org.apache.catalina.core.StandardWrapperValve.invoke(StandardWrapperValve.java:167)
	at org.apache.catalina.core.StandardContextValve.invoke(StandardContextValve.java:90)
	at org.apache.catalina.authenticator.AuthenticatorBase.invoke(AuthenticatorBase.java:483)
	at org.apache.catalina.core.StandardHostValve.invoke(StandardHostValve.java:116)
	at org.apache.catalina.valves.ErrorReportValve.invoke(ErrorReportValve.java:93)
	at org.apache.catalina.core.StandardEngineValve.invoke(StandardEngineValve.java:74)
	at org.apache.catalina.connector.CoyoteAdapter.service(CoyoteAdapter.java:344)
	at org.apache.coyote.http11.Http11Processor.service(Http11Processor.java:398)
	at org.apache.coyote.AbstractProcessorLight.process(AbstractProcessorLight.java:63)
	at org.apache.coyote.AbstractProtocol$ConnectionHandler.process(AbstractProtocol.java:903)
	at org.apache.tomcat.util.net.NioEndpoint$SocketProcessor.doRun(NioEndpoint.java:1740)
	at org.apache.tomcat.util.net.SocketProcessorBase.run(SocketProcessorBase.java:52)
	at org.apache.tomcat.util.threads.ThreadPoolExecutor.runWorker(ThreadPoolExecutor.java:1189)
	at org.apache.tomcat.util.threads.ThreadPoolExecutor$Worker.run(ThreadPoolExecutor.java:658)
	at org.apache.tomcat.util.threads.TaskThread$WrappingRunnable.run(TaskThread.java:63)
	at java.base/java.lang.Thread.run(Thread.java:842)
2026-03-24 13:18:04 DEBUG [http-nio-8080-exec-8] o.s.security.web.FilterChainProxy - Securing GET /error
2026-03-24 13:18:04 TRACE [http-nio-8080-exec-8] o.s.s.w.a.logout.LogoutFilter - Did not match request to Or [Ant [pattern='/logout', GET], Ant [pattern='/logout', POST], Ant [pattern='/logout', PUT], Ant [pattern='/logout', DELETE]]
2026-03-24 13:18:04 TRACE [http-nio-8080-exec-8] o.s.s.w.a.AnonymousAuthenticationFilter - Set SecurityContextHolder to AnonymousAuthenticationToken [Principal=anonymousUser, Credentials=[PROTECTED], Authenticated=true, Details=WebAuthenticationDetails [RemoteIpAddress=0:0:0:0:0:0:0:1, SessionId=null], Granted Authorities=[ROLE_ANONYMOUS]]
2026-03-24 13:18:04 DEBUG [http-nio-8080-exec-8] o.s.s.w.a.Http403ForbiddenEntryPoint - Pre-authenticated entry point called. Rejecting access
2026-03-24 13:18:39 DEBUG [http-nio-8080-exec-9] o.s.security.web.FilterChainProxy - Securing GET /api/v1/receptionists/1
2026-03-24 13:18:39 TRACE [http-nio-8080-exec-9] o.s.s.w.a.logout.LogoutFilter - Did not match request to Or [Ant [pattern='/logout', GET], Ant [pattern='/logout', POST], Ant [pattern='/logout', PUT], Ant [pattern='/logout', DELETE]]
2026-03-24 13:18:39 TRACE [http-nio-8080-exec-9] o.s.s.w.a.AnonymousAuthenticationFilter - Did not set SecurityContextHolder since already authenticated UsernamePasswordAuthenticationToken [Principal=com.example.ClinicaDefinitiva.infrastructure.security.adapter.CustomUserDetails@7b3bdb32, Credentials=[PROTECTED], Authenticated=true, Details=null, Granted Authorities=[UPDATE_COMPANY, UPDATE_INVOICE, CREATE_ASSIGNMENT, UPDATE_GUARDIAN, CLONE_ROLE_ROLE, CANCEL_APPOINTMENT, UPDATE_JOURNAL_ENTRY, REVERSE_JOURNAL_ENTRY, CREATE_CONTRACT, DELETE_APPOINTMENT, RESCHEDULE_APPOINTMENT, SET_PERMISSIONS_ROLE, CREATE_PATIENT, READ_USER_IDENTITY, IS_CURRENTLY_ACTIVE_ASSIGNMENT, READ_RATE, ACTIVATE_ROLE_ROLE, DELETE_ROLE_ROLE, READ_APPOINTMENT, READ_DENTIST, CREATE_COMPANY, VIEW_ROLE_ROLE, SCHEDULE_APPOINTMENT, ROLE_RECEPTIONIST, DELETE_INVOICE, CREATE_CUSTOM_ROLE_ROLE, UPDATE_PAYMENT, CREATE_DENTIST, CHECK_PERMISSION_ROLE, READ_PATIENT, READ_ADMINISTRATIVE_REPORT, CREATE_APPOINTMENT, VIEW_ASSIGNMENT_ASSIGNMENT, READ_CONTRACT, DELETE_ADMINISTRATIVE_REPORT, DEACTIVATE_USER_IDENTITY, REVERSE_INVOICE, DEACTIVATE_ROLE_ROLE, APPROVE_INVOICE, READ_PROVIDED_SERVICE, REVOKE_ASSIGNMENT, READ_AVAILABILITY, READ_RECEPTIONIST, DELETE_RATE, UPDATE_PRIMARY_ASSIGNMENT, UPDATE_DENTIST, CREATE_USER_IDENTITY, DELETE_CONTRACT, DELETE_PAYMENT, DELETE_ASSIGNMENT, READ_COMPANY, UPDATE_ADMINISTRATIVE_REPORT, REMOVE_PERMISSION_ROLE, CREATE_PAYMENT, UPDATE_USER_IDENTITY, ADD_PERMISSION_ROLE, READ_GUARDIAN, UPDATE_CONTRACT, DELETE_COMPANY, IS_ACTIVE_AT_ASSIGNMENT, DELETE_DENTIST, READ_ASSIGNMENT, POST_INVOICE, REVOKE_ALL_ASSIGNMENT, CREATE_JOURNAL_ENTRY, CREATE_ADMINISTRATIVE_REPORT, UPDATE_ASSIGNMENT, READ_SHIFT, POST_JOURNAL_ENTRY, CREATE_GUARDIAN, ROLE_ADMINISTRATOR, CREATE_TEMPORARY_ASSIGNMENT, READ_PAYMENT, CREATE_RATE, EXTEND_ASSIGNMENT_ASSIGNMENT, READ_INVOICE, REACTIVATE_USER_IDENTITY, UPDATE_APPOINTMENT, UPDATE_RATE, DELETE_JOURNAL_ENTRY, CREATE_SHIFT, READ_JOURNAL_ENTRY, MARK_DELETED_ROLE_ROLE, CREATE_INVOICE, UPDATE_SHIFT, SUSPEND_ROLE_ROLE, UPDATE_PATIENT, UPDATE_PROVIDED_SERVICE, SUSPEND_USER_IDENTITY]]
2026-03-24 13:18:39 TRACE [http-nio-8080-exec-9] o.s.s.w.a.s.CompositeSessionAuthenticationStrategy - Preparing session with ChangeSessionIdAuthenticationStrategy (1/1)
2026-03-24 13:18:39 DEBUG [http-nio-8080-exec-9] o.s.security.web.FilterChainProxy - Secured GET /api/v1/receptionists/1
2026-03-24 13:18:39 DEBUG [http-nio-8080-exec-9] o.s.web.servlet.DispatcherServlet - GET "/api/v1/receptionists/1", parameters={}
2026-03-24 13:18:39 DEBUG [http-nio-8080-exec-9] o.s.w.s.m.m.a.RequestMappingHandlerMapping - Mapped to com.example.ClinicaDefinitiva.infrastructure.rest.controller.actor.ReceptionController#findById(Long, CustomUserDetails)
2026-03-24 13:18:39 DEBUG [http-nio-8080-exec-9] o.s.w.s.m.m.a.ExceptionHandlerExceptionResolver - Using @ExceptionHandler com.example.ClinicaDefinitiva.infrastructure.rest.advice.GlobalControllerAdvice#handleValueObjectValidation(ValueObjectValidationException)
2026-03-24 13:18:39 WARN  [http-nio-8080-exec-9] c.e.C.i.r.a.GlobalControllerAdvice - Validación de Value Object falló [requestId=b543fcbe-2e4e-4deb-8693-dd8aaab80eda, usuario=admin@test.com, código=RN-ADDRESS-011]: Los campos de dirección no pueden estar vacíos
2026-03-24 13:18:39 WARN  [http-nio-8080-exec-9] o.s.w.s.m.m.a.ExceptionHandlerExceptionResolver - Failure in @ExceptionHandler com.example.ClinicaDefinitiva.infrastructure.rest.advice.GlobalControllerAdvice#handleValueObjectValidation(ValueObjectValidationException)
java.lang.NullPointerException: Cannot invoke "com.example.ClinicaDefinitiva.domain.errors.context.CodeEntity.toString()" because the return value of "com.example.ClinicaDefinitiva.domain.errors.context.DomainContext.getCodeEntity()" is null
	at com.example.ClinicaDefinitiva.infrastructure.rest.advice.GlobalControllerAdvice.handleValueObjectValidation(GlobalControllerAdvice.java:154)
	at java.base/jdk.internal.reflect.NativeMethodAccessorImpl.invoke0(Native Method)
	at java.base/jdk.internal.reflect.NativeMethodAccessorImpl.invoke(NativeMethodAccessorImpl.java:77)
	at java.base/jdk.internal.reflect.DelegatingMethodAccessorImpl.invoke(DelegatingMethodAccessorImpl.java:43)
	at java.base/java.lang.reflect.Method.invoke(Method.java:568)
	at org.springframework.web.method.support.InvocableHandlerMethod.doInvoke(InvocableHandlerMethod.java:258)
	at org.springframework.web.method.support.InvocableHandlerMethod.invokeForRequest(InvocableHandlerMethod.java:191)
	at org.springframework.web.servlet.mvc.method.annotation.ServletInvocableHandlerMethod.invokeAndHandle(ServletInvocableHandlerMethod.java:118)
	at org.springframework.web.servlet.mvc.method.annotation.ExceptionHandlerExceptionResolver.doResolveHandlerMethodException(ExceptionHandlerExceptionResolver.java:471)
	at org.springframework.web.servlet.handler.AbstractHandlerMethodExceptionResolver.doResolveException(AbstractHandlerMethodExceptionResolver.java:73)
	at org.springframework.web.servlet.handler.AbstractHandlerExceptionResolver.resolveException(AbstractHandlerExceptionResolver.java:182)
	at org.springframework.web.servlet.handler.HandlerExceptionResolverComposite.resolveException(HandlerExceptionResolverComposite.java:80)
	at org.springframework.web.servlet.DispatcherServlet.processHandlerException(DispatcherServlet.java:1359)
	at org.springframework.web.servlet.DispatcherServlet.processDispatchResult(DispatcherServlet.java:1161)
	at org.springframework.web.servlet.DispatcherServlet.doDispatch(DispatcherServlet.java:1106)
	at org.springframework.web.servlet.DispatcherServlet.doService(DispatcherServlet.java:979)
	at org.springframework.web.servlet.FrameworkServlet.processRequest(FrameworkServlet.java:1014)
	at org.springframework.web.servlet.FrameworkServlet.doGet(FrameworkServlet.java:903)
	at jakarta.servlet.http.HttpServlet.service(HttpServlet.java:564)
	at org.springframework.web.servlet.FrameworkServlet.service(FrameworkServlet.java:885)
	at jakarta.servlet.http.HttpServlet.service(HttpServlet.java:658)
	at org.apache.catalina.core.ApplicationFilterChain.internalDoFilter(ApplicationFilterChain.java:195)
	at org.apache.catalina.core.ApplicationFilterChain.doFilter(ApplicationFilterChain.java:140)
	at org.apache.tomcat.websocket.server.WsFilter.doFilter(WsFilter.java:51)
	at org.apache.catalina.core.ApplicationFilterChain.internalDoFilter(ApplicationFilterChain.java:164)
	at org.apache.catalina.core.ApplicationFilterChain.doFilter(ApplicationFilterChain.java:140)
	at com.example.ClinicaDefinitiva.util.RequestIdFilter.doFilterInternal(RequestIdFilter.java:76)
	at org.springframework.web.filter.OncePerRequestFilter.doFilter(OncePerRequestFilter.java:116)
	at org.apache.catalina.core.ApplicationFilterChain.internalDoFilter(ApplicationFilterChain.java:164)
	at org.apache.catalina.core.ApplicationFilterChain.doFilter(ApplicationFilterChain.java:140)
	at org.springframework.web.filter.CompositeFilter$VirtualFilterChain.doFilter(CompositeFilter.java:108)
	at org.springframework.web.filter.CompositeFilter$VirtualFilterChain.doFilter(CompositeFilter.java:108)
	at org.springframework.security.web.FilterChainProxy.lambda$doFilterInternal$3(FilterChainProxy.java:231)
	at org.springframework.security.web.ObservationFilterChainDecorator$FilterObservation$SimpleFilterObservation.lambda$wrap$1(ObservationFilterChainDecorator.java:479)
	at org.springframework.security.web.ObservationFilterChainDecorator$AroundFilterObservation$SimpleAroundFilterObservation.lambda$wrap$1(ObservationFilterChainDecorator.java:340)
	at org.springframework.security.web.ObservationFilterChainDecorator.lambda$wrapSecured$0(ObservationFilterChainDecorator.java:82)
	at org.springframework.security.web.ObservationFilterChainDecorator$VirtualFilterChain.doFilter(ObservationFilterChainDecorator.java:128)
	at org.springframework.security.web.access.intercept.AuthorizationFilter.doFilter(AuthorizationFilter.java:101)
	at org.springframework.security.web.ObservationFilterChainDecorator$ObservationFilter.wrapFilter(ObservationFilterChainDecorator.java:240)
	at org.springframework.security.web.ObservationFilterChainDecorator$ObservationFilter.doFilter(ObservationFilterChainDecorator.java:227)
	at org.springframework.security.web.ObservationFilterChainDecorator$VirtualFilterChain.doFilter(ObservationFilterChainDecorator.java:137)
	at org.springframework.security.web.access.ExceptionTranslationFilter.doFilter(ExceptionTranslationFilter.java:125)
	at org.springframework.security.web.access.ExceptionTranslationFilter.doFilter(ExceptionTranslationFilter.java:119)
	at org.springframework.security.web.ObservationFilterChainDecorator$ObservationFilter.wrapFilter(ObservationFilterChainDecorator.java:240)
	at org.springframework.security.web.ObservationFilterChainDecorator$ObservationFilter.doFilter(ObservationFilterChainDecorator.java:227)
	at org.springframework.security.web.ObservationFilterChainDecorator$VirtualFilterChain.doFilter(ObservationFilterChainDecorator.java:137)
	at org.springframework.security.web.session.SessionManagementFilter.doFilter(SessionManagementFilter.java:131)
	at org.springframework.security.web.session.SessionManagementFilter.doFilter(SessionManagementFilter.java:85)
	at org.springframework.security.web.ObservationFilterChainDecorator$ObservationFilter.wrapFilter(ObservationFilterChainDecorator.java:240)
	at org.springframework.security.web.ObservationFilterChainDecorator$ObservationFilter.doFilter(ObservationFilterChainDecorator.java:227)
	at org.springframework.security.web.ObservationFilterChainDecorator$VirtualFilterChain.doFilter(ObservationFilterChainDecorator.java:137)
	at org.springframework.security.web.authentication.AnonymousAuthenticationFilter.doFilter(AnonymousAuthenticationFilter.java:100)
	at org.springframework.security.web.ObservationFilterChainDecorator$ObservationFilter.wrapFilter(ObservationFilterChainDecorator.java:240)
	at org.springframework.security.web.ObservationFilterChainDecorator$ObservationFilter.doFilter(ObservationFilterChainDecorator.java:227)
	at org.springframework.security.web.ObservationFilterChainDecorator$VirtualFilterChain.doFilter(ObservationFilterChainDecorator.java:137)
	at org.springframework.security.web.servletapi.SecurityContextHolderAwareRequestFilter.doFilter(SecurityContextHolderAwareRequestFilter.java:179)
	at org.springframework.security.web.ObservationFilterChainDecorator$ObservationFilter.wrapFilter(ObservationFilterChainDecorator.java:240)
	at org.springframework.security.web.ObservationFilterChainDecorator$ObservationFilter.doFilter(ObservationFilterChainDecorator.java:227)
	at org.springframework.security.web.ObservationFilterChainDecorator$VirtualFilterChain.doFilter(ObservationFilterChainDecorator.java:137)
	at org.springframework.security.web.savedrequest.RequestCacheAwareFilter.doFilter(RequestCacheAwareFilter.java:63)
	at org.springframework.security.web.ObservationFilterChainDecorator$ObservationFilter.wrapFilter(ObservationFilterChainDecorator.java:240)
	at org.springframework.security.web.ObservationFilterChainDecorator$ObservationFilter.doFilter(ObservationFilterChainDecorator.java:227)
	at org.springframework.security.web.ObservationFilterChainDecorator$VirtualFilterChain.doFilter(ObservationFilterChainDecorator.java:137)
	at com.example.ClinicaDefinitiva.infrastructure.security.filter.JwtAuthenticationFilter.doFilterInternal(JwtAuthenticationFilter.java:40)
	at org.springframework.web.filter.OncePerRequestFilter.doFilter(OncePerRequestFilter.java:116)
	at org.springframework.security.web.ObservationFilterChainDecorator$ObservationFilter.wrapFilter(ObservationFilterChainDecorator.java:240)
	at org.springframework.security.web.ObservationFilterChainDecorator$ObservationFilter.doFilter(ObservationFilterChainDecorator.java:227)
	at org.springframework.security.web.ObservationFilterChainDecorator$VirtualFilterChain.doFilter(ObservationFilterChainDecorator.java:137)
	at org.springframework.security.web.authentication.logout.LogoutFilter.doFilter(LogoutFilter.java:107)
	at org.springframework.security.web.authentication.logout.LogoutFilter.doFilter(LogoutFilter.java:93)
	at org.springframework.security.web.ObservationFilterChainDecorator$ObservationFilter.wrapFilter(ObservationFilterChainDecorator.java:240)
	at org.springframework.security.web.ObservationFilterChainDecorator$ObservationFilter.doFilter(ObservationFilterChainDecorator.java:227)
	at org.springframework.security.web.ObservationFilterChainDecorator$VirtualFilterChain.doFilter(ObservationFilterChainDecorator.java:137)
	at org.springframework.security.web.header.HeaderWriterFilter.doHeadersAfter(HeaderWriterFilter.java:90)
	at org.springframework.security.web.header.HeaderWriterFilter.doFilterInternal(HeaderWriterFilter.java:75)
	at org.springframework.web.filter.OncePerRequestFilter.doFilter(OncePerRequestFilter.java:116)
	at org.springframework.security.web.ObservationFilterChainDecorator$ObservationFilter.wrapFilter(ObservationFilterChainDecorator.java:240)
	at org.springframework.security.web.ObservationFilterChainDecorator$ObservationFilter.doFilter(ObservationFilterChainDecorator.java:227)
	at org.springframework.security.web.ObservationFilterChainDecorator$VirtualFilterChain.doFilter(ObservationFilterChainDecorator.java:137)
	at org.springframework.security.web.context.SecurityContextHolderFilter.doFilter(SecurityContextHolderFilter.java:82)
	at org.springframework.security.web.context.SecurityContextHolderFilter.doFilter(SecurityContextHolderFilter.java:69)
	at org.springframework.security.web.ObservationFilterChainDecorator$ObservationFilter.wrapFilter(ObservationFilterChainDecorator.java:240)
	at org.springframework.security.web.ObservationFilterChainDecorator$ObservationFilter.doFilter(ObservationFilterChainDecorator.java:227)
	at org.springframework.security.web.ObservationFilterChainDecorator$VirtualFilterChain.doFilter(ObservationFilterChainDecorator.java:137)
	at org.springframework.security.web.context.request.async.WebAsyncManagerIntegrationFilter.doFilterInternal(WebAsyncManagerIntegrationFilter.java:62)
	at org.springframework.web.filter.OncePerRequestFilter.doFilter(OncePerRequestFilter.java:116)
	at org.springframework.security.web.ObservationFilterChainDecorator$ObservationFilter.wrapFilter(ObservationFilterChainDecorator.java:240)
	at org.springframework.security.web.ObservationFilterChainDecorator$ObservationFilter.doFilter(ObservationFilterChainDecorator.java:227)
	at org.springframework.security.web.ObservationFilterChainDecorator$VirtualFilterChain.doFilter(ObservationFilterChainDecorator.java:137)
	at org.springframework.security.web.session.DisableEncodeUrlFilter.doFilterInternal(DisableEncodeUrlFilter.java:42)
	at org.springframework.web.filter.OncePerRequestFilter.doFilter(OncePerRequestFilter.java:116)
	at org.springframework.security.web.ObservationFilterChainDecorator$ObservationFilter.wrapFilter(ObservationFilterChainDecorator.java:240)
	at org.springframework.security.web.ObservationFilterChainDecorator$AroundFilterObservation$SimpleAroundFilterObservation.lambda$wrap$0(ObservationFilterChainDecorator.java:323)
	at org.springframework.security.web.ObservationFilterChainDecorator$ObservationFilter.doFilter(ObservationFilterChainDecorator.java:224)
	at org.springframework.security.web.ObservationFilterChainDecorator$VirtualFilterChain.doFilter(ObservationFilterChainDecorator.java:137)
	at org.springframework.security.web.FilterChainProxy.doFilterInternal(FilterChainProxy.java:233)
	at org.springframework.security.web.FilterChainProxy.doFilter(FilterChainProxy.java:191)
	at org.springframework.web.filter.CompositeFilter$VirtualFilterChain.doFilter(CompositeFilter.java:113)
	at org.springframework.web.filter.ServletRequestPathFilter.doFilter(ServletRequestPathFilter.java:52)
	at org.springframework.web.filter.CompositeFilter$VirtualFilterChain.doFilter(CompositeFilter.java:113)
	at org.springframework.web.filter.CompositeFilter.doFilter(CompositeFilter.java:74)
	at org.springframework.security.config.annotation.web.configuration.WebSecurityConfiguration$CompositeFilterChainProxy.doFilter(WebSecurityConfiguration.java:319)
	at org.springframework.web.filter.CompositeFilter$VirtualFilterChain.doFilter(CompositeFilter.java:113)
	at org.springframework.web.servlet.handler.HandlerMappingIntrospector.lambda$createCacheFilter$3(HandlerMappingIntrospector.java:243)
	at org.springframework.web.filter.CompositeFilter$VirtualFilterChain.doFilter(CompositeFilter.java:113)
	at org.springframework.web.filter.CompositeFilter.doFilter(CompositeFilter.java:74)
	at org.springframework.security.config.annotation.web.configuration.WebMvcSecurityConfiguration$CompositeFilterChainProxy.doFilter(WebMvcSecurityConfiguration.java:240)
	at org.springframework.web.filter.DelegatingFilterProxy.invokeDelegate(DelegatingFilterProxy.java:362)
	at org.springframework.web.filter.DelegatingFilterProxy.doFilter(DelegatingFilterProxy.java:278)
	at org.apache.catalina.core.ApplicationFilterChain.internalDoFilter(ApplicationFilterChain.java:164)
	at org.apache.catalina.core.ApplicationFilterChain.doFilter(ApplicationFilterChain.java:140)
	at org.springframework.web.filter.RequestContextFilter.doFilterInternal(RequestContextFilter.java:100)
	at org.springframework.web.filter.OncePerRequestFilter.doFilter(OncePerRequestFilter.java:116)
	at org.apache.catalina.core.ApplicationFilterChain.internalDoFilter(ApplicationFilterChain.java:164)
	at org.apache.catalina.core.ApplicationFilterChain.doFilter(ApplicationFilterChain.java:140)
	at org.springframework.web.filter.FormContentFilter.doFilterInternal(FormContentFilter.java:93)
	at org.springframework.web.filter.OncePerRequestFilter.doFilter(OncePerRequestFilter.java:116)
	at org.apache.catalina.core.ApplicationFilterChain.internalDoFilter(ApplicationFilterChain.java:164)
	at org.apache.catalina.core.ApplicationFilterChain.doFilter(ApplicationFilterChain.java:140)
	at org.springframework.web.filter.ServerHttpObservationFilter.doFilterInternal(ServerHttpObservationFilter.java:114)
	at org.springframework.web.filter.OncePerRequestFilter.doFilter(OncePerRequestFilter.java:116)
	at org.apache.catalina.core.ApplicationFilterChain.internalDoFilter(ApplicationFilterChain.java:164)
	at org.apache.catalina.core.ApplicationFilterChain.doFilter(ApplicationFilterChain.java:140)
	at org.springframework.web.filter.CharacterEncodingFilter.doFilterInternal(CharacterEncodingFilter.java:201)
	at org.springframework.web.filter.OncePerRequestFilter.doFilter(OncePerRequestFilter.java:116)
	at org.apache.catalina.core.ApplicationFilterChain.internalDoFilter(ApplicationFilterChain.java:164)
	at org.apache.catalina.core.ApplicationFilterChain.doFilter(ApplicationFilterChain.java:140)
	at org.apache.catalina.core.StandardWrapperValve.invoke(StandardWrapperValve.java:167)
	at org.apache.catalina.core.StandardContextValve.invoke(StandardContextValve.java:90)
	at org.apache.catalina.authenticator.AuthenticatorBase.invoke(AuthenticatorBase.java:483)
	at org.apache.catalina.core.StandardHostValve.invoke(StandardHostValve.java:116)
	at org.apache.catalina.valves.ErrorReportValve.invoke(ErrorReportValve.java:93)
	at org.apache.catalina.core.StandardEngineValve.invoke(StandardEngineValve.java:74)
	at org.apache.catalina.connector.CoyoteAdapter.service(CoyoteAdapter.java:344)
	at org.apache.coyote.http11.Http11Processor.service(Http11Processor.java:398)
	at org.apache.coyote.AbstractProcessorLight.process(AbstractProcessorLight.java:63)
	at org.apache.coyote.AbstractProtocol$ConnectionHandler.process(AbstractProtocol.java:903)
	at org.apache.tomcat.util.net.NioEndpoint$SocketProcessor.doRun(NioEndpoint.java:1740)
	at org.apache.tomcat.util.net.SocketProcessorBase.run(SocketProcessorBase.java:52)
	at org.apache.tomcat.util.threads.ThreadPoolExecutor.runWorker(ThreadPoolExecutor.java:1189)
	at org.apache.tomcat.util.threads.ThreadPoolExecutor$Worker.run(ThreadPoolExecutor.java:658)
	at org.apache.tomcat.util.threads.TaskThread$WrappingRunnable.run(TaskThread.java:63)
	at java.base/java.lang.Thread.run(Thread.java:842)
2026-03-24 13:18:39 DEBUG [http-nio-8080-exec-9] o.s.web.servlet.DispatcherServlet - Failed to complete request: com.example.ClinicaDefinitiva.domain.exceptions.ValueObjectValidationException: Los campos de dirección no pueden estar vacíos
2026-03-24 13:18:39 ERROR [http-nio-8080-exec-9] o.a.c.c.C.[.[.[.[dispatcherServlet] - Servlet.service() for servlet [dispatcherServlet] in context with path [] threw exception [Request processing failed: com.example.ClinicaDefinitiva.domain.exceptions.ValueObjectValidationException: Los campos de dirección no pueden estar vacíos] with root cause
com.example.ClinicaDefinitiva.domain.exceptions.ValueObjectValidationException: Los campos de dirección no pueden estar vacíos
	at com.example.ClinicaDefinitiva.domain.vo.Address.<init>(Address.java:21)
	at com.example.ClinicaDefinitiva.domain.vo.Address.of(Address.java:32)
	at com.example.ClinicaDefinitiva.infrastructure.persistence.mapper.actor.receptionEntityMapper.ReceptionReadEntityMapper.mapToPerson(ReceptionReadEntityMapper.java:35)
	at com.example.ClinicaDefinitiva.infrastructure.persistence.mapper.actor.receptionEntityMapper.ReceptionReadEntityMapper.toDomain(ReceptionReadEntityMapper.java:17)
	at java.base/java.util.Optional.map(Optional.java:260)
	at com.example.ClinicaDefinitiva.infrastructure.persistence.adapters.actor.ReceptionsAdapter.findById(ReceptionsAdapter.java:46)
	at java.base/jdk.internal.reflect.NativeMethodAccessorImpl.invoke0(Native Method)
	at java.base/jdk.internal.reflect.NativeMethodAccessorImpl.invoke(NativeMethodAccessorImpl.java:77)
	at java.base/jdk.internal.reflect.DelegatingMethodAccessorImpl.invoke(DelegatingMethodAccessorImpl.java:43)
	at java.base/java.lang.reflect.Method.invoke(Method.java:568)
	at org.springframework.aop.support.AopUtils.invokeJoinpointUsingReflection(AopUtils.java:359)
	at org.springframework.aop.framework.ReflectiveMethodInvocation.invokeJoinpoint(ReflectiveMethodInvocation.java:196)
	at org.springframework.aop.framework.ReflectiveMethodInvocation.proceed(ReflectiveMethodInvocation.java:163)
	at org.springframework.transaction.interceptor.TransactionAspectSupport.invokeWithinTransaction(TransactionAspectSupport.java:380)
	at org.springframework.transaction.interceptor.TransactionInterceptor.invoke(TransactionInterceptor.java:119)
	at org.springframework.aop.framework.ReflectiveMethodInvocation.proceed(ReflectiveMethodInvocation.java:184)
	at org.springframework.aop.framework.CglibAopProxy$DynamicAdvisedInterceptor.intercept(CglibAopProxy.java:728)
	at com.example.ClinicaDefinitiva.infrastructure.persistence.adapters.actor.ReceptionsAdapter$$SpringCGLIB$$0.findById(<generated>)
	at com.example.ClinicaDefinitiva.application.service.actor.ReceptionApplicationService.findById(ReceptionApplicationService.java:58)
	at java.base/jdk.internal.reflect.NativeMethodAccessorImpl.invoke0(Native Method)
	at java.base/jdk.internal.reflect.NativeMethodAccessorImpl.invoke(NativeMethodAccessorImpl.java:77)
	at java.base/jdk.internal.reflect.DelegatingMethodAccessorImpl.invoke(DelegatingMethodAccessorImpl.java:43)
	at java.base/java.lang.reflect.Method.invoke(Method.java:568)
	at org.springframework.aop.support.AopUtils.invokeJoinpointUsingReflection(AopUtils.java:359)
	at org.springframework.aop.framework.ReflectiveMethodInvocation.invokeJoinpoint(ReflectiveMethodInvocation.java:196)
	at org.springframework.aop.framework.ReflectiveMethodInvocation.proceed(ReflectiveMethodInvocation.java:163)
	at org.springframework.aop.aspectj.MethodInvocationProceedingJoinPoint.proceed(MethodInvocationProceedingJoinPoint.java:89)
	at com.example.ClinicaDefinitiva.infrastructure.security.config.AuthorizationAspect.checkPermission(AuthorizationAspect.java:76)
	at java.base/jdk.internal.reflect.NativeMethodAccessorImpl.invoke0(Native Method)
	at java.base/jdk.internal.reflect.NativeMethodAccessorImpl.invoke(NativeMethodAccessorImpl.java:77)
	at java.base/jdk.internal.reflect.DelegatingMethodAccessorImpl.invoke(DelegatingMethodAccessorImpl.java:43)
	at java.base/java.lang.reflect.Method.invoke(Method.java:568)
	at org.springframework.aop.aspectj.AbstractAspectJAdvice.invokeAdviceMethodWithGivenArgs(AbstractAspectJAdvice.java:642)
	at org.springframework.aop.aspectj.AbstractAspectJAdvice.invokeAdviceMethod(AbstractAspectJAdvice.java:632)
	at org.springframework.aop.aspectj.AspectJAroundAdvice.invoke(AspectJAroundAdvice.java:71)
	at org.springframework.aop.framework.ReflectiveMethodInvocation.proceed(ReflectiveMethodInvocation.java:173)
	at org.springframework.transaction.interceptor.TransactionAspectSupport.invokeWithinTransaction(TransactionAspectSupport.java:380)
	at org.springframework.transaction.interceptor.TransactionInterceptor.invoke(TransactionInterceptor.java:119)
	at org.springframework.aop.framework.ReflectiveMethodInvocation.proceed(ReflectiveMethodInvocation.java:184)
	at org.springframework.aop.interceptor.ExposeInvocationInterceptor.invoke(ExposeInvocationInterceptor.java:97)
	at org.springframework.aop.framework.ReflectiveMethodInvocation.proceed(ReflectiveMethodInvocation.java:184)
	at org.springframework.aop.framework.CglibAopProxy$DynamicAdvisedInterceptor.intercept(CglibAopProxy.java:728)
	at com.example.ClinicaDefinitiva.application.service.actor.ReceptionApplicationService$$SpringCGLIB$$0.findById(<generated>)
	at com.example.ClinicaDefinitiva.infrastructure.rest.controller.actor.ReceptionController.findById(ReceptionController.java:51)
	at java.base/jdk.internal.reflect.NativeMethodAccessorImpl.invoke0(Native Method)
	at java.base/jdk.internal.reflect.NativeMethodAccessorImpl.invoke(NativeMethodAccessorImpl.java:77)
	at java.base/jdk.internal.reflect.DelegatingMethodAccessorImpl.invoke(DelegatingMethodAccessorImpl.java:43)
	at java.base/java.lang.reflect.Method.invoke(Method.java:568)
	at org.springframework.aop.support.AopUtils.invokeJoinpointUsingReflection(AopUtils.java:359)
	at org.springframework.aop.framework.ReflectiveMethodInvocation.invokeJoinpoint(ReflectiveMethodInvocation.java:196)
	at org.springframework.aop.framework.ReflectiveMethodInvocation.proceed(ReflectiveMethodInvocation.java:163)
	at org.springframework.validation.beanvalidation.MethodValidationInterceptor.invoke(MethodValidationInterceptor.java:174)
	at org.springframework.aop.framework.ReflectiveMethodInvocation.proceed(ReflectiveMethodInvocation.java:184)
	at org.springframework.aop.framework.CglibAopProxy$DynamicAdvisedInterceptor.intercept(CglibAopProxy.java:728)
	at com.example.ClinicaDefinitiva.infrastructure.rest.controller.actor.ReceptionController$$SpringCGLIB$$0.findById(<generated>)
	at java.base/jdk.internal.reflect.NativeMethodAccessorImpl.invoke0(Native Method)
	at java.base/jdk.internal.reflect.NativeMethodAccessorImpl.invoke(NativeMethodAccessorImpl.java:77)
	at java.base/jdk.internal.reflect.DelegatingMethodAccessorImpl.invoke(DelegatingMethodAccessorImpl.java:43)
	at java.base/java.lang.reflect.Method.invoke(Method.java:568)
	at org.springframework.web.method.support.InvocableHandlerMethod.doInvoke(InvocableHandlerMethod.java:258)
	at org.springframework.web.method.support.InvocableHandlerMethod.invokeForRequest(InvocableHandlerMethod.java:191)
	at org.springframework.web.servlet.mvc.method.annotation.ServletInvocableHandlerMethod.invokeAndHandle(ServletInvocableHandlerMethod.java:118)
	at org.springframework.web.servlet.mvc.method.annotation.RequestMappingHandlerAdapter.invokeHandlerMethod(RequestMappingHandlerAdapter.java:986)
	at org.springframework.web.servlet.mvc.method.annotation.RequestMappingHandlerAdapter.handleInternal(RequestMappingHandlerAdapter.java:891)
	at org.springframework.web.servlet.mvc.method.AbstractHandlerMethodAdapter.handle(AbstractHandlerMethodAdapter.java:87)
	at org.springframework.web.servlet.DispatcherServlet.doDispatch(DispatcherServlet.java:1089)
	at org.springframework.web.servlet.DispatcherServlet.doService(DispatcherServlet.java:979)
	at org.springframework.web.servlet.FrameworkServlet.processRequest(FrameworkServlet.java:1014)
	at org.springframework.web.servlet.FrameworkServlet.doGet(FrameworkServlet.java:903)
	at jakarta.servlet.http.HttpServlet.service(HttpServlet.java:564)
	at org.springframework.web.servlet.FrameworkServlet.service(FrameworkServlet.java:885)
	at jakarta.servlet.http.HttpServlet.service(HttpServlet.java:658)
	at org.apache.catalina.core.ApplicationFilterChain.internalDoFilter(ApplicationFilterChain.java:195)
	at org.apache.catalina.core.ApplicationFilterChain.doFilter(ApplicationFilterChain.java:140)
	at org.apache.tomcat.websocket.server.WsFilter.doFilter(WsFilter.java:51)
	at org.apache.catalina.core.ApplicationFilterChain.internalDoFilter(ApplicationFilterChain.java:164)
	at org.apache.catalina.core.ApplicationFilterChain.doFilter(ApplicationFilterChain.java:140)
	at com.example.ClinicaDefinitiva.util.RequestIdFilter.doFilterInternal(RequestIdFilter.java:76)
	at org.springframework.web.filter.OncePerRequestFilter.doFilter(OncePerRequestFilter.java:116)
	at org.apache.catalina.core.ApplicationFilterChain.internalDoFilter(ApplicationFilterChain.java:164)
	at org.apache.catalina.core.ApplicationFilterChain.doFilter(ApplicationFilterChain.java:140)
	at org.springframework.web.filter.CompositeFilter$VirtualFilterChain.doFilter(CompositeFilter.java:108)
	at org.springframework.web.filter.CompositeFilter$VirtualFilterChain.doFilter(CompositeFilter.java:108)
	at org.springframework.security.web.FilterChainProxy.lambda$doFilterInternal$3(FilterChainProxy.java:231)
	at org.springframework.security.web.ObservationFilterChainDecorator$FilterObservation$SimpleFilterObservation.lambda$wrap$1(ObservationFilterChainDecorator.java:479)
	at org.springframework.security.web.ObservationFilterChainDecorator$AroundFilterObservation$SimpleAroundFilterObservation.lambda$wrap$1(ObservationFilterChainDecorator.java:340)
	at org.springframework.security.web.ObservationFilterChainDecorator.lambda$wrapSecured$0(ObservationFilterChainDecorator.java:82)
	at org.springframework.security.web.ObservationFilterChainDecorator$VirtualFilterChain.doFilter(ObservationFilterChainDecorator.java:128)
	at org.springframework.security.web.access.intercept.AuthorizationFilter.doFilter(AuthorizationFilter.java:101)
	at org.springframework.security.web.ObservationFilterChainDecorator$ObservationFilter.wrapFilter(ObservationFilterChainDecorator.java:240)
	at org.springframework.security.web.ObservationFilterChainDecorator$ObservationFilter.doFilter(ObservationFilterChainDecorator.java:227)
	at org.springframework.security.web.ObservationFilterChainDecorator$VirtualFilterChain.doFilter(ObservationFilterChainDecorator.java:137)
	at org.springframework.security.web.access.ExceptionTranslationFilter.doFilter(ExceptionTranslationFilter.java:125)
	at org.springframework.security.web.access.ExceptionTranslationFilter.doFilter(ExceptionTranslationFilter.java:119)
	at org.springframework.security.web.ObservationFilterChainDecorator$ObservationFilter.wrapFilter(ObservationFilterChainDecorator.java:240)
	at org.springframework.security.web.ObservationFilterChainDecorator$ObservationFilter.doFilter(ObservationFilterChainDecorator.java:227)
	at org.springframework.security.web.ObservationFilterChainDecorator$VirtualFilterChain.doFilter(ObservationFilterChainDecorator.java:137)
	at org.springframework.security.web.session.SessionManagementFilter.doFilter(SessionManagementFilter.java:131)
	at org.springframework.security.web.session.SessionManagementFilter.doFilter(SessionManagementFilter.java:85)
	at org.springframework.security.web.ObservationFilterChainDecorator$ObservationFilter.wrapFilter(ObservationFilterChainDecorator.java:240)
	at org.springframework.security.web.ObservationFilterChainDecorator$ObservationFilter.doFilter(ObservationFilterChainDecorator.java:227)
	at org.springframework.security.web.ObservationFilterChainDecorator$VirtualFilterChain.doFilter(ObservationFilterChainDecorator.java:137)
	at org.springframework.security.web.authentication.AnonymousAuthenticationFilter.doFilter(AnonymousAuthenticationFilter.java:100)
	at org.springframework.security.web.ObservationFilterChainDecorator$ObservationFilter.wrapFilter(ObservationFilterChainDecorator.java:240)
	at org.springframework.security.web.ObservationFilterChainDecorator$ObservationFilter.doFilter(ObservationFilterChainDecorator.java:227)
	at org.springframework.security.web.ObservationFilterChainDecorator$VirtualFilterChain.doFilter(ObservationFilterChainDecorator.java:137)
	at org.springframework.security.web.servletapi.SecurityContextHolderAwareRequestFilter.doFilter(SecurityContextHolderAwareRequestFilter.java:179)
	at org.springframework.security.web.ObservationFilterChainDecorator$ObservationFilter.wrapFilter(ObservationFilterChainDecorator.java:240)
	at org.springframework.security.web.ObservationFilterChainDecorator$ObservationFilter.doFilter(ObservationFilterChainDecorator.java:227)
	at org.springframework.security.web.ObservationFilterChainDecorator$VirtualFilterChain.doFilter(ObservationFilterChainDecorator.java:137)
	at org.springframework.security.web.savedrequest.RequestCacheAwareFilter.doFilter(RequestCacheAwareFilter.java:63)
	at org.springframework.security.web.ObservationFilterChainDecorator$ObservationFilter.wrapFilter(ObservationFilterChainDecorator.java:240)
	at org.springframework.security.web.ObservationFilterChainDecorator$ObservationFilter.doFilter(ObservationFilterChainDecorator.java:227)
	at org.springframework.security.web.ObservationFilterChainDecorator$VirtualFilterChain.doFilter(ObservationFilterChainDecorator.java:137)
	at com.example.ClinicaDefinitiva.infrastructure.security.filter.JwtAuthenticationFilter.doFilterInternal(JwtAuthenticationFilter.java:40)
	at org.springframework.web.filter.OncePerRequestFilter.doFilter(OncePerRequestFilter.java:116)
	at org.springframework.security.web.ObservationFilterChainDecorator$ObservationFilter.wrapFilter(ObservationFilterChainDecorator.java:240)
	at org.springframework.security.web.ObservationFilterChainDecorator$ObservationFilter.doFilter(ObservationFilterChainDecorator.java:227)
	at org.springframework.security.web.ObservationFilterChainDecorator$VirtualFilterChain.doFilter(ObservationFilterChainDecorator.java:137)
	at org.springframework.security.web.authentication.logout.LogoutFilter.doFilter(LogoutFilter.java:107)
	at org.springframework.security.web.authentication.logout.LogoutFilter.doFilter(LogoutFilter.java:93)
	at org.springframework.security.web.ObservationFilterChainDecorator$ObservationFilter.wrapFilter(ObservationFilterChainDecorator.java:240)
	at org.springframework.security.web.ObservationFilterChainDecorator$ObservationFilter.doFilter(ObservationFilterChainDecorator.java:227)
	at org.springframework.security.web.ObservationFilterChainDecorator$VirtualFilterChain.doFilter(ObservationFilterChainDecorator.java:137)
	at org.springframework.security.web.header.HeaderWriterFilter.doHeadersAfter(HeaderWriterFilter.java:90)
	at org.springframework.security.web.header.HeaderWriterFilter.doFilterInternal(HeaderWriterFilter.java:75)
	at org.springframework.web.filter.OncePerRequestFilter.doFilter(OncePerRequestFilter.java:116)
	at org.springframework.security.web.ObservationFilterChainDecorator$ObservationFilter.wrapFilter(ObservationFilterChainDecorator.java:240)
	at org.springframework.security.web.ObservationFilterChainDecorator$ObservationFilter.doFilter(ObservationFilterChainDecorator.java:227)
	at org.springframework.security.web.ObservationFilterChainDecorator$VirtualFilterChain.doFilter(ObservationFilterChainDecorator.java:137)
	at org.springframework.security.web.context.SecurityContextHolderFilter.doFilter(SecurityContextHolderFilter.java:82)
	at org.springframework.security.web.context.SecurityContextHolderFilter.doFilter(SecurityContextHolderFilter.java:69)
	at org.springframework.security.web.ObservationFilterChainDecorator$ObservationFilter.wrapFilter(ObservationFilterChainDecorator.java:240)
	at org.springframework.security.web.ObservationFilterChainDecorator$ObservationFilter.doFilter(ObservationFilterChainDecorator.java:227)
	at org.springframework.security.web.ObservationFilterChainDecorator$VirtualFilterChain.doFilter(ObservationFilterChainDecorator.java:137)
	at org.springframework.security.web.context.request.async.WebAsyncManagerIntegrationFilter.doFilterInternal(WebAsyncManagerIntegrationFilter.java:62)
	at org.springframework.web.filter.OncePerRequestFilter.doFilter(OncePerRequestFilter.java:116)
	at org.springframework.security.web.ObservationFilterChainDecorator$ObservationFilter.wrapFilter(ObservationFilterChainDecorator.java:240)
	at org.springframework.security.web.ObservationFilterChainDecorator$ObservationFilter.doFilter(ObservationFilterChainDecorator.java:227)
	at org.springframework.security.web.ObservationFilterChainDecorator$VirtualFilterChain.doFilter(ObservationFilterChainDecorator.java:137)
	at org.springframework.security.web.session.DisableEncodeUrlFilter.doFilterInternal(DisableEncodeUrlFilter.java:42)
	at org.springframework.web.filter.OncePerRequestFilter.doFilter(OncePerRequestFilter.java:116)
	at org.springframework.security.web.ObservationFilterChainDecorator$ObservationFilter.wrapFilter(ObservationFilterChainDecorator.java:240)
	at org.springframework.security.web.ObservationFilterChainDecorator$AroundFilterObservation$SimpleAroundFilterObservation.lambda$wrap$0(ObservationFilterChainDecorator.java:323)
	at org.springframework.security.web.ObservationFilterChainDecorator$ObservationFilter.doFilter(ObservationFilterChainDecorator.java:224)
	at org.springframework.security.web.ObservationFilterChainDecorator$VirtualFilterChain.doFilter(ObservationFilterChainDecorator.java:137)
	at org.springframework.security.web.FilterChainProxy.doFilterInternal(FilterChainProxy.java:233)
	at org.springframework.security.web.FilterChainProxy.doFilter(FilterChainProxy.java:191)
	at org.springframework.web.filter.CompositeFilter$VirtualFilterChain.doFilter(CompositeFilter.java:113)
	at org.springframework.web.filter.ServletRequestPathFilter.doFilter(ServletRequestPathFilter.java:52)
	at org.springframework.web.filter.CompositeFilter$VirtualFilterChain.doFilter(CompositeFilter.java:113)
	at org.springframework.web.filter.CompositeFilter.doFilter(CompositeFilter.java:74)
	at org.springframework.security.config.annotation.web.configuration.WebSecurityConfiguration$CompositeFilterChainProxy.doFilter(WebSecurityConfiguration.java:319)
	at org.springframework.web.filter.CompositeFilter$VirtualFilterChain.doFilter(CompositeFilter.java:113)
	at org.springframework.web.servlet.handler.HandlerMappingIntrospector.lambda$createCacheFilter$3(HandlerMappingIntrospector.java:243)
	at org.springframework.web.filter.CompositeFilter$VirtualFilterChain.doFilter(CompositeFilter.java:113)
	at org.springframework.web.filter.CompositeFilter.doFilter(CompositeFilter.java:74)
	at org.springframework.security.config.annotation.web.configuration.WebMvcSecurityConfiguration$CompositeFilterChainProxy.doFilter(WebMvcSecurityConfiguration.java:240)
	at org.springframework.web.filter.DelegatingFilterProxy.invokeDelegate(DelegatingFilterProxy.java:362)
	at org.springframework.web.filter.DelegatingFilterProxy.doFilter(DelegatingFilterProxy.java:278)
	at org.apache.catalina.core.ApplicationFilterChain.internalDoFilter(ApplicationFilterChain.java:164)
	at org.apache.catalina.core.ApplicationFilterChain.doFilter(ApplicationFilterChain.java:140)
	at org.springframework.web.filter.RequestContextFilter.doFilterInternal(RequestContextFilter.java:100)
	at org.springframework.web.filter.OncePerRequestFilter.doFilter(OncePerRequestFilter.java:116)
	at org.apache.catalina.core.ApplicationFilterChain.internalDoFilter(ApplicationFilterChain.java:164)
	at org.apache.catalina.core.ApplicationFilterChain.doFilter(ApplicationFilterChain.java:140)
	at org.springframework.web.filter.FormContentFilter.doFilterInternal(FormContentFilter.java:93)
	at org.springframework.web.filter.OncePerRequestFilter.doFilter(OncePerRequestFilter.java:116)
	at org.apache.catalina.core.ApplicationFilterChain.internalDoFilter(ApplicationFilterChain.java:164)
	at org.apache.catalina.core.ApplicationFilterChain.doFilter(ApplicationFilterChain.java:140)
	at org.springframework.web.filter.ServerHttpObservationFilter.doFilterInternal(ServerHttpObservationFilter.java:114)
	at org.springframework.web.filter.OncePerRequestFilter.doFilter(OncePerRequestFilter.java:116)
	at org.apache.catalina.core.ApplicationFilterChain.internalDoFilter(ApplicationFilterChain.java:164)
	at org.apache.catalina.core.ApplicationFilterChain.doFilter(ApplicationFilterChain.java:140)
	at org.springframework.web.filter.CharacterEncodingFilter.doFilterInternal(CharacterEncodingFilter.java:201)
	at org.springframework.web.filter.OncePerRequestFilter.doFilter(OncePerRequestFilter.java:116)
	at org.apache.catalina.core.ApplicationFilterChain.internalDoFilter(ApplicationFilterChain.java:164)
	at org.apache.catalina.core.ApplicationFilterChain.doFilter(ApplicationFilterChain.java:140)
	at org.apache.catalina.core.StandardWrapperValve.invoke(StandardWrapperValve.java:167)
	at org.apache.catalina.core.StandardContextValve.invoke(StandardContextValve.java:90)
	at org.apache.catalina.authenticator.AuthenticatorBase.invoke(AuthenticatorBase.java:483)
	at org.apache.catalina.core.StandardHostValve.invoke(StandardHostValve.java:116)
	at org.apache.catalina.valves.ErrorReportValve.invoke(ErrorReportValve.java:93)
	at org.apache.catalina.core.StandardEngineValve.invoke(StandardEngineValve.java:74)
	at org.apache.catalina.connector.CoyoteAdapter.service(CoyoteAdapter.java:344)
	at org.apache.coyote.http11.Http11Processor.service(Http11Processor.java:398)
	at org.apache.coyote.AbstractProcessorLight.process(AbstractProcessorLight.java:63)
	at org.apache.coyote.AbstractProtocol$ConnectionHandler.process(AbstractProtocol.java:903)
	at org.apache.tomcat.util.net.NioEndpoint$SocketProcessor.doRun(NioEndpoint.java:1740)
	at org.apache.tomcat.util.net.SocketProcessorBase.run(SocketProcessorBase.java:52)
	at org.apache.tomcat.util.threads.ThreadPoolExecutor.runWorker(ThreadPoolExecutor.java:1189)
	at org.apache.tomcat.util.threads.ThreadPoolExecutor$Worker.run(ThreadPoolExecutor.java:658)
	at org.apache.tomcat.util.threads.TaskThread$WrappingRunnable.run(TaskThread.java:63)
	at java.base/java.lang.Thread.run(Thread.java:842)
2026-03-24 13:18:39 DEBUG [http-nio-8080-exec-9] o.s.security.web.FilterChainProxy - Securing GET /error
2026-03-24 13:18:39 TRACE [http-nio-8080-exec-9] o.s.s.w.a.logout.LogoutFilter - Did not match request to Or [Ant [pattern='/logout', GET], Ant [pattern='/logout', POST], Ant [pattern='/logout', PUT], Ant [pattern='/logout', DELETE]]
2026-03-24 13:18:39 TRACE [http-nio-8080-exec-9] o.s.s.w.a.AnonymousAuthenticationFilter - Set SecurityContextHolder to AnonymousAuthenticationToken [Principal=anonymousUser, Credentials=[PROTECTED], Authenticated=true, Details=WebAuthenticationDetails [RemoteIpAddress=0:0:0:0:0:0:0:1, SessionId=null], Granted Authorities=[ROLE_ANONYMOUS]]
2026-03-24 13:18:39 DEBUG [http-nio-8080-exec-9] o.s.s.w.a.Http403ForbiddenEntryPoint - Pre-authenticated entry point called. Rejecting access
2026-03-24 13:48:02 DEBUG [http-nio-8080-exec-2] o.s.security.web.FilterChainProxy - Securing GET /api/v1/dentists
2026-03-24 13:48:02 TRACE [http-nio-8080-exec-2] o.s.s.w.a.logout.LogoutFilter - Did not match request to Or [Ant [pattern='/logout', GET], Ant [pattern='/logout', POST], Ant [pattern='/logout', PUT], Ant [pattern='/logout', DELETE]]
2026-03-24 13:48:02 TRACE [http-nio-8080-exec-2] o.s.s.w.a.AnonymousAuthenticationFilter - Did not set SecurityContextHolder since already authenticated UsernamePasswordAuthenticationToken [Principal=com.example.ClinicaDefinitiva.infrastructure.security.adapter.CustomUserDetails@73f0e424, Credentials=[PROTECTED], Authenticated=true, Details=null, Granted Authorities=[UPDATE_COMPANY, UPDATE_INVOICE, CREATE_ASSIGNMENT, UPDATE_GUARDIAN, CLONE_ROLE_ROLE, CANCEL_APPOINTMENT, UPDATE_JOURNAL_ENTRY, REVERSE_JOURNAL_ENTRY, CREATE_CONTRACT, DELETE_APPOINTMENT, RESCHEDULE_APPOINTMENT, SET_PERMISSIONS_ROLE, CREATE_PATIENT, READ_USER_IDENTITY, IS_CURRENTLY_ACTIVE_ASSIGNMENT, READ_RATE, ACTIVATE_ROLE_ROLE, DELETE_ROLE_ROLE, READ_APPOINTMENT, READ_DENTIST, CREATE_COMPANY, VIEW_ROLE_ROLE, SCHEDULE_APPOINTMENT, ROLE_RECEPTIONIST, DELETE_INVOICE, CREATE_CUSTOM_ROLE_ROLE, UPDATE_PAYMENT, CREATE_DENTIST, CHECK_PERMISSION_ROLE, READ_PATIENT, READ_ADMINISTRATIVE_REPORT, CREATE_APPOINTMENT, VIEW_ASSIGNMENT_ASSIGNMENT, READ_CONTRACT, DELETE_ADMINISTRATIVE_REPORT, DEACTIVATE_USER_IDENTITY, REVERSE_INVOICE, DEACTIVATE_ROLE_ROLE, APPROVE_INVOICE, READ_PROVIDED_SERVICE, REVOKE_ASSIGNMENT, READ_AVAILABILITY, READ_RECEPTIONIST, DELETE_RATE, UPDATE_PRIMARY_ASSIGNMENT, UPDATE_DENTIST, CREATE_USER_IDENTITY, DELETE_CONTRACT, DELETE_PAYMENT, DELETE_ASSIGNMENT, READ_COMPANY, UPDATE_ADMINISTRATIVE_REPORT, REMOVE_PERMISSION_ROLE, CREATE_PAYMENT, UPDATE_USER_IDENTITY, ADD_PERMISSION_ROLE, READ_GUARDIAN, UPDATE_CONTRACT, DELETE_COMPANY, IS_ACTIVE_AT_ASSIGNMENT, DELETE_DENTIST, READ_ASSIGNMENT, POST_INVOICE, REVOKE_ALL_ASSIGNMENT, CREATE_JOURNAL_ENTRY, CREATE_ADMINISTRATIVE_REPORT, UPDATE_ASSIGNMENT, READ_SHIFT, POST_JOURNAL_ENTRY, CREATE_GUARDIAN, ROLE_ADMINISTRATOR, CREATE_TEMPORARY_ASSIGNMENT, READ_PAYMENT, CREATE_RATE, EXTEND_ASSIGNMENT_ASSIGNMENT, READ_INVOICE, REACTIVATE_USER_IDENTITY, UPDATE_APPOINTMENT, UPDATE_RATE, DELETE_JOURNAL_ENTRY, CREATE_SHIFT, READ_JOURNAL_ENTRY, MARK_DELETED_ROLE_ROLE, CREATE_INVOICE, UPDATE_SHIFT, SUSPEND_ROLE_ROLE, UPDATE_PATIENT, UPDATE_PROVIDED_SERVICE, SUSPEND_USER_IDENTITY]]
2026-03-24 13:48:02 TRACE [http-nio-8080-exec-2] o.s.s.w.a.s.CompositeSessionAuthenticationStrategy - Preparing session with ChangeSessionIdAuthenticationStrategy (1/1)
2026-03-24 13:48:02 DEBUG [http-nio-8080-exec-2] o.s.security.web.FilterChainProxy - Secured GET /api/v1/dentists
2026-03-24 13:48:02 DEBUG [http-nio-8080-exec-2] o.s.web.servlet.DispatcherServlet - GET "/api/v1/dentists", parameters={}
2026-03-24 13:48:02 DEBUG [http-nio-8080-exec-2] o.s.w.s.m.m.a.RequestMappingHandlerMapping - Mapped to com.example.ClinicaDefinitiva.infrastructure.rest.controller.actor.DentistController#findAll(Pageable, CustomUserDetails)
2026-03-24 13:48:02 WARN  [http-nio-8080-exec-2] o.s.d.w.c.SpringDataJacksonConfiguration$PageModule$WarningLoggingModifier - Serializing PageImpl instances as-is is not supported, meaning that there is no guarantee about the stability of the resulting JSON structure!
	For a stable JSON structure, please use Spring Data's PagedModel (globally via @EnableSpringDataWebSupport(pageSerializationMode = VIA_DTO))
	or Spring HATEOAS and Spring Data's PagedResourcesAssembler as documented in https://docs.spring.io/spring-data/commons/reference/repositories/core-extensions.html#core.web.pageables.

2026-03-24 13:48:02 DEBUG [http-nio-8080-exec-2] o.s.w.s.m.m.a.HttpEntityMethodProcessor - Using 'application/json', given [*/*] and supported [application/json, application/*+json]
2026-03-24 13:48:02 DEBUG [http-nio-8080-exec-2] o.s.w.s.m.m.a.HttpEntityMethodProcessor - Writing [Page 1 of 0 containing UNKNOWN instances]
2026-03-24 13:48:02 DEBUG [http-nio-8080-exec-2] o.s.web.servlet.DispatcherServlet - Completed 200 OK
2026-03-24 13:50:55 DEBUG [http-nio-8080-exec-4] o.s.security.web.FilterChainProxy - Securing PATCH /api/v1/dentists/44/contact
2026-03-24 13:50:55 TRACE [http-nio-8080-exec-4] o.s.s.w.a.logout.LogoutFilter - Did not match request to Or [Ant [pattern='/logout', GET], Ant [pattern='/logout', POST], Ant [pattern='/logout', PUT], Ant [pattern='/logout', DELETE]]
2026-03-24 13:50:55 TRACE [http-nio-8080-exec-4] o.s.s.w.a.AnonymousAuthenticationFilter - Did not set SecurityContextHolder since already authenticated UsernamePasswordAuthenticationToken [Principal=com.example.ClinicaDefinitiva.infrastructure.security.adapter.CustomUserDetails@7078fe88, Credentials=[PROTECTED], Authenticated=true, Details=null, Granted Authorities=[UPDATE_COMPANY, UPDATE_INVOICE, CREATE_ASSIGNMENT, UPDATE_GUARDIAN, CLONE_ROLE_ROLE, CANCEL_APPOINTMENT, UPDATE_JOURNAL_ENTRY, REVERSE_JOURNAL_ENTRY, CREATE_CONTRACT, DELETE_APPOINTMENT, RESCHEDULE_APPOINTMENT, SET_PERMISSIONS_ROLE, CREATE_PATIENT, READ_USER_IDENTITY, IS_CURRENTLY_ACTIVE_ASSIGNMENT, READ_RATE, ACTIVATE_ROLE_ROLE, DELETE_ROLE_ROLE, READ_APPOINTMENT, READ_DENTIST, CREATE_COMPANY, VIEW_ROLE_ROLE, SCHEDULE_APPOINTMENT, ROLE_RECEPTIONIST, DELETE_INVOICE, CREATE_CUSTOM_ROLE_ROLE, UPDATE_PAYMENT, CREATE_DENTIST, CHECK_PERMISSION_ROLE, READ_PATIENT, READ_ADMINISTRATIVE_REPORT, CREATE_APPOINTMENT, VIEW_ASSIGNMENT_ASSIGNMENT, READ_CONTRACT, DELETE_ADMINISTRATIVE_REPORT, DEACTIVATE_USER_IDENTITY, REVERSE_INVOICE, DEACTIVATE_ROLE_ROLE, APPROVE_INVOICE, READ_PROVIDED_SERVICE, REVOKE_ASSIGNMENT, READ_AVAILABILITY, READ_RECEPTIONIST, DELETE_RATE, UPDATE_PRIMARY_ASSIGNMENT, UPDATE_DENTIST, CREATE_USER_IDENTITY, DELETE_CONTRACT, DELETE_PAYMENT, DELETE_ASSIGNMENT, READ_COMPANY, UPDATE_ADMINISTRATIVE_REPORT, REMOVE_PERMISSION_ROLE, CREATE_PAYMENT, UPDATE_USER_IDENTITY, ADD_PERMISSION_ROLE, READ_GUARDIAN, UPDATE_CONTRACT, DELETE_COMPANY, IS_ACTIVE_AT_ASSIGNMENT, DELETE_DENTIST, READ_ASSIGNMENT, POST_INVOICE, REVOKE_ALL_ASSIGNMENT, CREATE_JOURNAL_ENTRY, CREATE_ADMINISTRATIVE_REPORT, UPDATE_ASSIGNMENT, READ_SHIFT, POST_JOURNAL_ENTRY, CREATE_GUARDIAN, ROLE_ADMINISTRATOR, CREATE_TEMPORARY_ASSIGNMENT, READ_PAYMENT, CREATE_RATE, EXTEND_ASSIGNMENT_ASSIGNMENT, READ_INVOICE, REACTIVATE_USER_IDENTITY, UPDATE_APPOINTMENT, UPDATE_RATE, DELETE_JOURNAL_ENTRY, CREATE_SHIFT, READ_JOURNAL_ENTRY, MARK_DELETED_ROLE_ROLE, CREATE_INVOICE, UPDATE_SHIFT, SUSPEND_ROLE_ROLE, UPDATE_PATIENT, UPDATE_PROVIDED_SERVICE, SUSPEND_USER_IDENTITY]]
2026-03-24 13:50:55 TRACE [http-nio-8080-exec-4] o.s.s.w.a.s.CompositeSessionAuthenticationStrategy - Preparing session with ChangeSessionIdAuthenticationStrategy (1/1)
2026-03-24 13:50:55 DEBUG [http-nio-8080-exec-4] o.s.security.web.FilterChainProxy - Secured PATCH /api/v1/dentists/44/contact
2026-03-24 13:50:55 DEBUG [http-nio-8080-exec-4] o.s.web.servlet.DispatcherServlet - PATCH "/api/v1/dentists/44/contact", parameters={}
2026-03-24 13:50:55 DEBUG [http-nio-8080-exec-4] o.s.w.s.m.m.a.RequestMappingHandlerMapping - Mapped to com.example.ClinicaDefinitiva.infrastructure.rest.controller.actor.DentistController#updateContact(Long, UpdateDentistContactRequest, CustomUserDetails)
2026-03-24 13:50:55 DEBUG [http-nio-8080-exec-4] o.s.w.s.m.m.a.RequestResponseBodyMethodProcessor - Read "application/json;charset=UTF-8" to [UpdateDentistContactRequest[dentistId=null, street=Calle Nueva 456, city=Medellín, state=Antioquia,  (truncated)...]
2026-03-24 13:50:55 DEBUG [http-nio-8080-exec-4] o.s.w.s.m.m.a.ExceptionHandlerExceptionResolver - Using @ExceptionHandler com.example.ClinicaDefinitiva.infrastructure.rest.advice.GlobalControllerAdvice#handleNotFoundException(RuntimeException)
2026-03-24 13:50:55 WARN  [http-nio-8080-exec-4] o.s.w.s.m.m.a.ExceptionHandlerExceptionResolver - Failure in @ExceptionHandler com.example.ClinicaDefinitiva.infrastructure.rest.advice.GlobalControllerAdvice#handleNotFoundException(RuntimeException)
java.lang.ExceptionInInitializerError: null
	at com.example.ClinicaDefinitiva.infrastructure.rest.advice.GlobalControllerAdvice.getContextForException(GlobalControllerAdvice.java:770)
	at com.example.ClinicaDefinitiva.infrastructure.rest.advice.GlobalControllerAdvice.handleNotFoundException(GlobalControllerAdvice.java:427)
	at java.base/jdk.internal.reflect.NativeMethodAccessorImpl.invoke0(Native Method)
	at java.base/jdk.internal.reflect.NativeMethodAccessorImpl.invoke(NativeMethodAccessorImpl.java:77)
	at java.base/jdk.internal.reflect.DelegatingMethodAccessorImpl.invoke(DelegatingMethodAccessorImpl.java:43)
	at java.base/java.lang.reflect.Method.invoke(Method.java:568)
	at org.springframework.web.method.support.InvocableHandlerMethod.doInvoke(InvocableHandlerMethod.java:258)
	at org.springframework.web.method.support.InvocableHandlerMethod.invokeForRequest(InvocableHandlerMethod.java:191)
	at org.springframework.web.servlet.mvc.method.annotation.ServletInvocableHandlerMethod.invokeAndHandle(ServletInvocableHandlerMethod.java:118)
	at org.springframework.web.servlet.mvc.method.annotation.ExceptionHandlerExceptionResolver.doResolveHandlerMethodException(ExceptionHandlerExceptionResolver.java:471)
	at org.springframework.web.servlet.handler.AbstractHandlerMethodExceptionResolver.doResolveException(AbstractHandlerMethodExceptionResolver.java:73)
	at org.springframework.web.servlet.handler.AbstractHandlerExceptionResolver.resolveException(AbstractHandlerExceptionResolver.java:182)
	at org.springframework.web.servlet.handler.HandlerExceptionResolverComposite.resolveException(HandlerExceptionResolverComposite.java:80)
	at org.springframework.web.servlet.DispatcherServlet.processHandlerException(DispatcherServlet.java:1359)
	at org.springframework.web.servlet.DispatcherServlet.processDispatchResult(DispatcherServlet.java:1161)
	at org.springframework.web.servlet.DispatcherServlet.doDispatch(DispatcherServlet.java:1106)
	at org.springframework.web.servlet.DispatcherServlet.doService(DispatcherServlet.java:979)
	at org.springframework.web.servlet.FrameworkServlet.processRequest(FrameworkServlet.java:1014)
	at org.springframework.web.servlet.FrameworkServlet.service(FrameworkServlet.java:888)
	at jakarta.servlet.http.HttpServlet.service(HttpServlet.java:658)
	at org.apache.catalina.core.ApplicationFilterChain.internalDoFilter(ApplicationFilterChain.java:195)
	at org.apache.catalina.core.ApplicationFilterChain.doFilter(ApplicationFilterChain.java:140)
	at org.apache.tomcat.websocket.server.WsFilter.doFilter(WsFilter.java:51)
	at org.apache.catalina.core.ApplicationFilterChain.internalDoFilter(ApplicationFilterChain.java:164)
	at org.apache.catalina.core.ApplicationFilterChain.doFilter(ApplicationFilterChain.java:140)
	at com.example.ClinicaDefinitiva.util.RequestIdFilter.doFilterInternal(RequestIdFilter.java:76)
	at org.springframework.web.filter.OncePerRequestFilter.doFilter(OncePerRequestFilter.java:116)
	at org.apache.catalina.core.ApplicationFilterChain.internalDoFilter(ApplicationFilterChain.java:164)
	at org.apache.catalina.core.ApplicationFilterChain.doFilter(ApplicationFilterChain.java:140)
	at org.springframework.web.filter.CompositeFilter$VirtualFilterChain.doFilter(CompositeFilter.java:108)
	at org.springframework.web.filter.CompositeFilter$VirtualFilterChain.doFilter(CompositeFilter.java:108)
	at org.springframework.security.web.FilterChainProxy.lambda$doFilterInternal$3(FilterChainProxy.java:231)
	at org.springframework.security.web.ObservationFilterChainDecorator$FilterObservation$SimpleFilterObservation.lambda$wrap$1(ObservationFilterChainDecorator.java:479)
	at org.springframework.security.web.ObservationFilterChainDecorator$AroundFilterObservation$SimpleAroundFilterObservation.lambda$wrap$1(ObservationFilterChainDecorator.java:340)
	at org.springframework.security.web.ObservationFilterChainDecorator.lambda$wrapSecured$0(ObservationFilterChainDecorator.java:82)
	at org.springframework.security.web.ObservationFilterChainDecorator$VirtualFilterChain.doFilter(ObservationFilterChainDecorator.java:128)
	at org.springframework.security.web.access.intercept.AuthorizationFilter.doFilter(AuthorizationFilter.java:101)
	at org.springframework.security.web.ObservationFilterChainDecorator$ObservationFilter.wrapFilter(ObservationFilterChainDecorator.java:240)
	at org.springframework.security.web.ObservationFilterChainDecorator$ObservationFilter.doFilter(ObservationFilterChainDecorator.java:227)
	at org.springframework.security.web.ObservationFilterChainDecorator$VirtualFilterChain.doFilter(ObservationFilterChainDecorator.java:137)
	at org.springframework.security.web.access.ExceptionTranslationFilter.doFilter(ExceptionTranslationFilter.java:125)
	at org.springframework.security.web.access.ExceptionTranslationFilter.doFilter(ExceptionTranslationFilter.java:119)
	at org.springframework.security.web.ObservationFilterChainDecorator$ObservationFilter.wrapFilter(ObservationFilterChainDecorator.java:240)
	at org.springframework.security.web.ObservationFilterChainDecorator$ObservationFilter.doFilter(ObservationFilterChainDecorator.java:227)
	at org.springframework.security.web.ObservationFilterChainDecorator$VirtualFilterChain.doFilter(ObservationFilterChainDecorator.java:137)
	at org.springframework.security.web.session.SessionManagementFilter.doFilter(SessionManagementFilter.java:131)
	at org.springframework.security.web.session.SessionManagementFilter.doFilter(SessionManagementFilter.java:85)
	at org.springframework.security.web.ObservationFilterChainDecorator$ObservationFilter.wrapFilter(ObservationFilterChainDecorator.java:240)
	at org.springframework.security.web.ObservationFilterChainDecorator$ObservationFilter.doFilter(ObservationFilterChainDecorator.java:227)
	at org.springframework.security.web.ObservationFilterChainDecorator$VirtualFilterChain.doFilter(ObservationFilterChainDecorator.java:137)
	at org.springframework.security.web.authentication.AnonymousAuthenticationFilter.doFilter(AnonymousAuthenticationFilter.java:100)
	at org.springframework.security.web.ObservationFilterChainDecorator$ObservationFilter.wrapFilter(ObservationFilterChainDecorator.java:240)
	at org.springframework.security.web.ObservationFilterChainDecorator$ObservationFilter.doFilter(ObservationFilterChainDecorator.java:227)
	at org.springframework.security.web.ObservationFilterChainDecorator$VirtualFilterChain.doFilter(ObservationFilterChainDecorator.java:137)
	at org.springframework.security.web.servletapi.SecurityContextHolderAwareRequestFilter.doFilter(SecurityContextHolderAwareRequestFilter.java:179)
	at org.springframework.security.web.ObservationFilterChainDecorator$ObservationFilter.wrapFilter(ObservationFilterChainDecorator.java:240)
	at org.springframework.security.web.ObservationFilterChainDecorator$ObservationFilter.doFilter(ObservationFilterChainDecorator.java:227)
	at org.springframework.security.web.ObservationFilterChainDecorator$VirtualFilterChain.doFilter(ObservationFilterChainDecorator.java:137)
	at org.springframework.security.web.savedrequest.RequestCacheAwareFilter.doFilter(RequestCacheAwareFilter.java:63)
	at org.springframework.security.web.ObservationFilterChainDecorator$ObservationFilter.wrapFilter(ObservationFilterChainDecorator.java:240)
	at org.springframework.security.web.ObservationFilterChainDecorator$ObservationFilter.doFilter(ObservationFilterChainDecorator.java:227)
	at org.springframework.security.web.ObservationFilterChainDecorator$VirtualFilterChain.doFilter(ObservationFilterChainDecorator.java:137)
	at com.example.ClinicaDefinitiva.infrastructure.security.filter.JwtAuthenticationFilter.doFilterInternal(JwtAuthenticationFilter.java:40)
	at org.springframework.web.filter.OncePerRequestFilter.doFilter(OncePerRequestFilter.java:116)
	at org.springframework.security.web.ObservationFilterChainDecorator$ObservationFilter.wrapFilter(ObservationFilterChainDecorator.java:240)
	at org.springframework.security.web.ObservationFilterChainDecorator$ObservationFilter.doFilter(ObservationFilterChainDecorator.java:227)
	at org.springframework.security.web.ObservationFilterChainDecorator$VirtualFilterChain.doFilter(ObservationFilterChainDecorator.java:137)
	at org.springframework.security.web.authentication.logout.LogoutFilter.doFilter(LogoutFilter.java:107)
	at org.springframework.security.web.authentication.logout.LogoutFilter.doFilter(LogoutFilter.java:93)
	at org.springframework.security.web.ObservationFilterChainDecorator$ObservationFilter.wrapFilter(ObservationFilterChainDecorator.java:240)
	at org.springframework.security.web.ObservationFilterChainDecorator$ObservationFilter.doFilter(ObservationFilterChainDecorator.java:227)
	at org.springframework.security.web.ObservationFilterChainDecorator$VirtualFilterChain.doFilter(ObservationFilterChainDecorator.java:137)
	at org.springframework.security.web.header.HeaderWriterFilter.doHeadersAfter(HeaderWriterFilter.java:90)
	at org.springframework.security.web.header.HeaderWriterFilter.doFilterInternal(HeaderWriterFilter.java:75)
	at org.springframework.web.filter.OncePerRequestFilter.doFilter(OncePerRequestFilter.java:116)
	at org.springframework.security.web.ObservationFilterChainDecorator$ObservationFilter.wrapFilter(ObservationFilterChainDecorator.java:240)
	at org.springframework.security.web.ObservationFilterChainDecorator$ObservationFilter.doFilter(ObservationFilterChainDecorator.java:227)
	at org.springframework.security.web.ObservationFilterChainDecorator$VirtualFilterChain.doFilter(ObservationFilterChainDecorator.java:137)
	at org.springframework.security.web.context.SecurityContextHolderFilter.doFilter(SecurityContextHolderFilter.java:82)
	at org.springframework.security.web.context.SecurityContextHolderFilter.doFilter(SecurityContextHolderFilter.java:69)
	at org.springframework.security.web.ObservationFilterChainDecorator$ObservationFilter.wrapFilter(ObservationFilterChainDecorator.java:240)
	at org.springframework.security.web.ObservationFilterChainDecorator$ObservationFilter.doFilter(ObservationFilterChainDecorator.java:227)
	at org.springframework.security.web.ObservationFilterChainDecorator$VirtualFilterChain.doFilter(ObservationFilterChainDecorator.java:137)
	at org.springframework.security.web.context.request.async.WebAsyncManagerIntegrationFilter.doFilterInternal(WebAsyncManagerIntegrationFilter.java:62)
	at org.springframework.web.filter.OncePerRequestFilter.doFilter(OncePerRequestFilter.java:116)
	at org.springframework.security.web.ObservationFilterChainDecorator$ObservationFilter.wrapFilter(ObservationFilterChainDecorator.java:240)
	at org.springframework.security.web.ObservationFilterChainDecorator$ObservationFilter.doFilter(ObservationFilterChainDecorator.java:227)
	at org.springframework.security.web.ObservationFilterChainDecorator$VirtualFilterChain.doFilter(ObservationFilterChainDecorator.java:137)
	at org.springframework.security.web.session.DisableEncodeUrlFilter.doFilterInternal(DisableEncodeUrlFilter.java:42)
	at org.springframework.web.filter.OncePerRequestFilter.doFilter(OncePerRequestFilter.java:116)
	at org.springframework.security.web.ObservationFilterChainDecorator$ObservationFilter.wrapFilter(ObservationFilterChainDecorator.java:240)
	at org.springframework.security.web.ObservationFilterChainDecorator$AroundFilterObservation$SimpleAroundFilterObservation.lambda$wrap$0(ObservationFilterChainDecorator.java:323)
	at org.springframework.security.web.ObservationFilterChainDecorator$ObservationFilter.doFilter(ObservationFilterChainDecorator.java:224)
	at org.springframework.security.web.ObservationFilterChainDecorator$VirtualFilterChain.doFilter(ObservationFilterChainDecorator.java:137)
	at org.springframework.security.web.FilterChainProxy.doFilterInternal(FilterChainProxy.java:233)
	at org.springframework.security.web.FilterChainProxy.doFilter(FilterChainProxy.java:191)
	at org.springframework.web.filter.CompositeFilter$VirtualFilterChain.doFilter(CompositeFilter.java:113)
	at org.springframework.web.filter.ServletRequestPathFilter.doFilter(ServletRequestPathFilter.java:52)
	at org.springframework.web.filter.CompositeFilter$VirtualFilterChain.doFilter(CompositeFilter.java:113)
	at org.springframework.web.filter.CompositeFilter.doFilter(CompositeFilter.java:74)
	at org.springframework.security.config.annotation.web.configuration.WebSecurityConfiguration$CompositeFilterChainProxy.doFilter(WebSecurityConfiguration.java:319)
	at org.springframework.web.filter.CompositeFilter$VirtualFilterChain.doFilter(CompositeFilter.java:113)
	at org.springframework.web.servlet.handler.HandlerMappingIntrospector.lambda$createCacheFilter$3(HandlerMappingIntrospector.java:243)
	at org.springframework.web.filter.CompositeFilter$VirtualFilterChain.doFilter(CompositeFilter.java:113)
	at org.springframework.web.filter.CompositeFilter.doFilter(CompositeFilter.java:74)
	at org.springframework.security.config.annotation.web.configuration.WebMvcSecurityConfiguration$CompositeFilterChainProxy.doFilter(WebMvcSecurityConfiguration.java:240)
	at org.springframework.web.filter.DelegatingFilterProxy.invokeDelegate(DelegatingFilterProxy.java:362)
	at org.springframework.web.filter.DelegatingFilterProxy.doFilter(DelegatingFilterProxy.java:278)
	at org.apache.catalina.core.ApplicationFilterChain.internalDoFilter(ApplicationFilterChain.java:164)
	at org.apache.catalina.core.ApplicationFilterChain.doFilter(ApplicationFilterChain.java:140)
	at org.springframework.web.filter.RequestContextFilter.doFilterInternal(RequestContextFilter.java:100)
	at org.springframework.web.filter.OncePerRequestFilter.doFilter(OncePerRequestFilter.java:116)
	at org.apache.catalina.core.ApplicationFilterChain.internalDoFilter(ApplicationFilterChain.java:164)
	at org.apache.catalina.core.ApplicationFilterChain.doFilter(ApplicationFilterChain.java:140)
	at org.springframework.web.filter.FormContentFilter.doFilterInternal(FormContentFilter.java:93)
	at org.springframework.web.filter.OncePerRequestFilter.doFilter(OncePerRequestFilter.java:116)
	at org.apache.catalina.core.ApplicationFilterChain.internalDoFilter(ApplicationFilterChain.java:164)
	at org.apache.catalina.core.ApplicationFilterChain.doFilter(ApplicationFilterChain.java:140)
	at org.springframework.web.filter.ServerHttpObservationFilter.doFilterInternal(ServerHttpObservationFilter.java:114)
	at org.springframework.web.filter.OncePerRequestFilter.doFilter(OncePerRequestFilter.java:116)
	at org.apache.catalina.core.ApplicationFilterChain.internalDoFilter(ApplicationFilterChain.java:164)
	at org.apache.catalina.core.ApplicationFilterChain.doFilter(ApplicationFilterChain.java:140)
	at org.springframework.web.filter.CharacterEncodingFilter.doFilterInternal(CharacterEncodingFilter.java:201)
	at org.springframework.web.filter.OncePerRequestFilter.doFilter(OncePerRequestFilter.java:116)
	at org.apache.catalina.core.ApplicationFilterChain.internalDoFilter(ApplicationFilterChain.java:164)
	at org.apache.catalina.core.ApplicationFilterChain.doFilter(ApplicationFilterChain.java:140)
	at org.apache.catalina.core.StandardWrapperValve.invoke(StandardWrapperValve.java:167)
	at org.apache.catalina.core.StandardContextValve.invoke(StandardContextValve.java:90)
	at org.apache.catalina.authenticator.AuthenticatorBase.invoke(AuthenticatorBase.java:483)
	at org.apache.catalina.core.StandardHostValve.invoke(StandardHostValve.java:116)
	at org.apache.catalina.valves.ErrorReportValve.invoke(ErrorReportValve.java:93)
	at org.apache.catalina.core.StandardEngineValve.invoke(StandardEngineValve.java:74)
	at org.apache.catalina.connector.CoyoteAdapter.service(CoyoteAdapter.java:344)
	at org.apache.coyote.http11.Http11Processor.service(Http11Processor.java:398)
	at org.apache.coyote.AbstractProcessorLight.process(AbstractProcessorLight.java:63)
	at org.apache.coyote.AbstractProtocol$ConnectionHandler.process(AbstractProtocol.java:903)
	at org.apache.tomcat.util.net.NioEndpoint$SocketProcessor.doRun(NioEndpoint.java:1740)
	at org.apache.tomcat.util.net.SocketProcessorBase.run(SocketProcessorBase.java:52)
	at org.apache.tomcat.util.threads.ThreadPoolExecutor.runWorker(ThreadPoolExecutor.java:1189)
	at org.apache.tomcat.util.threads.ThreadPoolExecutor$Worker.run(ThreadPoolExecutor.java:658)
	at org.apache.tomcat.util.threads.TaskThread$WrappingRunnable.run(TaskThread.java:63)
	at java.base/java.lang.Thread.run(Thread.java:842)
Caused by: java.lang.IllegalArgumentException: No enum constant com.example.ClinicaDefinitiva.domain.errors.context.CodeEntity.SYSTEM
	at java.base/java.lang.Enum.valueOf(Enum.java:273)
	at com.example.ClinicaDefinitiva.domain.errors.context.CodeEntity.valueOf(CodeEntity.java:3)
	at com.example.ClinicaDefinitiva.domain.errors.context.EntityContext.<clinit>(EntityContext.java:28)
	... 142 common frames omitted
2026-03-24 13:50:55 DEBUG [http-nio-8080-exec-4] o.s.web.servlet.DispatcherServlet - Failed to complete request: com.example.ClinicaDefinitiva.application.exceptions.actor.DentistNotFoundException: Not found
2026-03-24 13:50:55 ERROR [http-nio-8080-exec-4] o.a.c.c.C.[.[.[.[dispatcherServlet] - Servlet.service() for servlet [dispatcherServlet] in context with path [] threw exception [Request processing failed: com.example.ClinicaDefinitiva.application.exceptions.actor.DentistNotFoundException: Not found] with root cause
com.example.ClinicaDefinitiva.application.exceptions.actor.DentistNotFoundException: Not found
	at com.example.ClinicaDefinitiva.application.service.actor.DentistApplicationService.lambda$updateContactData$1(DentistApplicationService.java:170)
	at java.base/java.util.Optional.orElseThrow(Optional.java:403)
	at com.example.ClinicaDefinitiva.application.service.actor.DentistApplicationService.updateContactData(DentistApplicationService.java:170)
	at java.base/jdk.internal.reflect.NativeMethodAccessorImpl.invoke0(Native Method)
	at java.base/jdk.internal.reflect.NativeMethodAccessorImpl.invoke(NativeMethodAccessorImpl.java:77)
	at java.base/jdk.internal.reflect.DelegatingMethodAccessorImpl.invoke(DelegatingMethodAccessorImpl.java:43)
	at java.base/java.lang.reflect.Method.invoke(Method.java:568)
	at org.springframework.aop.support.AopUtils.invokeJoinpointUsingReflection(AopUtils.java:359)
	at org.springframework.aop.framework.ReflectiveMethodInvocation.invokeJoinpoint(ReflectiveMethodInvocation.java:196)
	at org.springframework.aop.framework.ReflectiveMethodInvocation.proceed(ReflectiveMethodInvocation.java:163)
	at org.springframework.aop.aspectj.MethodInvocationProceedingJoinPoint.proceed(MethodInvocationProceedingJoinPoint.java:89)
	at com.example.ClinicaDefinitiva.infrastructure.security.config.AuthorizationAspect.checkPermission(AuthorizationAspect.java:76)
	at java.base/jdk.internal.reflect.NativeMethodAccessorImpl.invoke0(Native Method)
	at java.base/jdk.internal.reflect.NativeMethodAccessorImpl.invoke(NativeMethodAccessorImpl.java:77)
	at java.base/jdk.internal.reflect.DelegatingMethodAccessorImpl.invoke(DelegatingMethodAccessorImpl.java:43)
	at java.base/java.lang.reflect.Method.invoke(Method.java:568)
	at org.springframework.aop.aspectj.AbstractAspectJAdvice.invokeAdviceMethodWithGivenArgs(AbstractAspectJAdvice.java:642)
	at org.springframework.aop.aspectj.AbstractAspectJAdvice.invokeAdviceMethod(AbstractAspectJAdvice.java:632)
	at org.springframework.aop.aspectj.AspectJAroundAdvice.invoke(AspectJAroundAdvice.java:71)
	at org.springframework.aop.framework.ReflectiveMethodInvocation.proceed(ReflectiveMethodInvocation.java:173)
	at org.springframework.transaction.interceptor.TransactionAspectSupport.invokeWithinTransaction(TransactionAspectSupport.java:380)
	at org.springframework.transaction.interceptor.TransactionInterceptor.invoke(TransactionInterceptor.java:119)
	at org.springframework.aop.framework.ReflectiveMethodInvocation.proceed(ReflectiveMethodInvocation.java:184)
	at org.springframework.aop.interceptor.ExposeInvocationInterceptor.invoke(ExposeInvocationInterceptor.java:97)
	at org.springframework.aop.framework.ReflectiveMethodInvocation.proceed(ReflectiveMethodInvocation.java:184)
	at org.springframework.aop.framework.CglibAopProxy$DynamicAdvisedInterceptor.intercept(CglibAopProxy.java:728)
	at com.example.ClinicaDefinitiva.application.service.actor.DentistApplicationService$$SpringCGLIB$$0.updateContactData(<generated>)
	at com.example.ClinicaDefinitiva.infrastructure.rest.controller.actor.DentistController.updateContact(DentistController.java:134)
	at java.base/jdk.internal.reflect.NativeMethodAccessorImpl.invoke0(Native Method)
	at java.base/jdk.internal.reflect.NativeMethodAccessorImpl.invoke(NativeMethodAccessorImpl.java:77)
	at java.base/jdk.internal.reflect.DelegatingMethodAccessorImpl.invoke(DelegatingMethodAccessorImpl.java:43)
	at java.base/java.lang.reflect.Method.invoke(Method.java:568)
	at org.springframework.aop.support.AopUtils.invokeJoinpointUsingReflection(AopUtils.java:359)
	at org.springframework.aop.framework.ReflectiveMethodInvocation.invokeJoinpoint(ReflectiveMethodInvocation.java:196)
	at org.springframework.aop.framework.ReflectiveMethodInvocation.proceed(ReflectiveMethodInvocation.java:163)
	at org.springframework.validation.beanvalidation.MethodValidationInterceptor.invoke(MethodValidationInterceptor.java:174)
	at org.springframework.aop.framework.ReflectiveMethodInvocation.proceed(ReflectiveMethodInvocation.java:184)
	at org.springframework.aop.framework.CglibAopProxy$DynamicAdvisedInterceptor.intercept(CglibAopProxy.java:728)
	at com.example.ClinicaDefinitiva.infrastructure.rest.controller.actor.DentistController$$SpringCGLIB$$0.updateContact(<generated>)
	at java.base/jdk.internal.reflect.NativeMethodAccessorImpl.invoke0(Native Method)
	at java.base/jdk.internal.reflect.NativeMethodAccessorImpl.invoke(NativeMethodAccessorImpl.java:77)
	at java.base/jdk.internal.reflect.DelegatingMethodAccessorImpl.invoke(DelegatingMethodAccessorImpl.java:43)
	at java.base/java.lang.reflect.Method.invoke(Method.java:568)
	at org.springframework.web.method.support.InvocableHandlerMethod.doInvoke(InvocableHandlerMethod.java:258)
	at org.springframework.web.method.support.InvocableHandlerMethod.invokeForRequest(InvocableHandlerMethod.java:191)
	at org.springframework.web.servlet.mvc.method.annotation.ServletInvocableHandlerMethod.invokeAndHandle(ServletInvocableHandlerMethod.java:118)
	at org.springframework.web.servlet.mvc.method.annotation.RequestMappingHandlerAdapter.invokeHandlerMethod(RequestMappingHandlerAdapter.java:986)
	at org.springframework.web.servlet.mvc.method.annotation.RequestMappingHandlerAdapter.handleInternal(RequestMappingHandlerAdapter.java:891)
	at org.springframework.web.servlet.mvc.method.AbstractHandlerMethodAdapter.handle(AbstractHandlerMethodAdapter.java:87)
	at org.springframework.web.servlet.DispatcherServlet.doDispatch(DispatcherServlet.java:1089)
	at org.springframework.web.servlet.DispatcherServlet.doService(DispatcherServlet.java:979)
	at org.springframework.web.servlet.FrameworkServlet.processRequest(FrameworkServlet.java:1014)
	at org.springframework.web.servlet.FrameworkServlet.service(FrameworkServlet.java:888)
	at jakarta.servlet.http.HttpServlet.service(HttpServlet.java:658)
	at org.apache.catalina.core.ApplicationFilterChain.internalDoFilter(ApplicationFilterChain.java:195)
	at org.apache.catalina.core.ApplicationFilterChain.doFilter(ApplicationFilterChain.java:140)
	at org.apache.tomcat.websocket.server.WsFilter.doFilter(WsFilter.java:51)
	at org.apache.catalina.core.ApplicationFilterChain.internalDoFilter(ApplicationFilterChain.java:164)
	at org.apache.catalina.core.ApplicationFilterChain.doFilter(ApplicationFilterChain.java:140)
	at com.example.ClinicaDefinitiva.util.RequestIdFilter.doFilterInternal(RequestIdFilter.java:76)
	at org.springframework.web.filter.OncePerRequestFilter.doFilter(OncePerRequestFilter.java:116)
	at org.apache.catalina.core.ApplicationFilterChain.internalDoFilter(ApplicationFilterChain.java:164)
	at org.apache.catalina.core.ApplicationFilterChain.doFilter(ApplicationFilterChain.java:140)
	at org.springframework.web.filter.CompositeFilter$VirtualFilterChain.doFilter(CompositeFilter.java:108)
	at org.springframework.web.filter.CompositeFilter$VirtualFilterChain.doFilter(CompositeFilter.java:108)
	at org.springframework.security.web.FilterChainProxy.lambda$doFilterInternal$3(FilterChainProxy.java:231)
	at org.springframework.security.web.ObservationFilterChainDecorator$FilterObservation$SimpleFilterObservation.lambda$wrap$1(ObservationFilterChainDecorator.java:479)
	at org.springframework.security.web.ObservationFilterChainDecorator$AroundFilterObservation$SimpleAroundFilterObservation.lambda$wrap$1(ObservationFilterChainDecorator.java:340)
	at org.springframework.security.web.ObservationFilterChainDecorator.lambda$wrapSecured$0(ObservationFilterChainDecorator.java:82)
	at org.springframework.security.web.ObservationFilterChainDecorator$VirtualFilterChain.doFilter(ObservationFilterChainDecorator.java:128)
	at org.springframework.security.web.access.intercept.AuthorizationFilter.doFilter(AuthorizationFilter.java:101)
	at org.springframework.security.web.ObservationFilterChainDecorator$ObservationFilter.wrapFilter(ObservationFilterChainDecorator.java:240)
	at org.springframework.security.web.ObservationFilterChainDecorator$ObservationFilter.doFilter(ObservationFilterChainDecorator.java:227)
	at org.springframework.security.web.ObservationFilterChainDecorator$VirtualFilterChain.doFilter(ObservationFilterChainDecorator.java:137)
	at org.springframework.security.web.access.ExceptionTranslationFilter.doFilter(ExceptionTranslationFilter.java:125)
	at org.springframework.security.web.access.ExceptionTranslationFilter.doFilter(ExceptionTranslationFilter.java:119)
	at org.springframework.security.web.ObservationFilterChainDecorator$ObservationFilter.wrapFilter(ObservationFilterChainDecorator.java:240)
	at org.springframework.security.web.ObservationFilterChainDecorator$ObservationFilter.doFilter(ObservationFilterChainDecorator.java:227)
	at org.springframework.security.web.ObservationFilterChainDecorator$VirtualFilterChain.doFilter(ObservationFilterChainDecorator.java:137)
	at org.springframework.security.web.session.SessionManagementFilter.doFilter(SessionManagementFilter.java:131)
	at org.springframework.security.web.session.SessionManagementFilter.doFilter(SessionManagementFilter.java:85)
	at org.springframework.security.web.ObservationFilterChainDecorator$ObservationFilter.wrapFilter(ObservationFilterChainDecorator.java:240)
	at org.springframework.security.web.ObservationFilterChainDecorator$ObservationFilter.doFilter(ObservationFilterChainDecorator.java:227)
	at org.springframework.security.web.ObservationFilterChainDecorator$VirtualFilterChain.doFilter(ObservationFilterChainDecorator.java:137)
	at org.springframework.security.web.authentication.AnonymousAuthenticationFilter.doFilter(AnonymousAuthenticationFilter.java:100)
	at org.springframework.security.web.ObservationFilterChainDecorator$ObservationFilter.wrapFilter(ObservationFilterChainDecorator.java:240)
	at org.springframework.security.web.ObservationFilterChainDecorator$ObservationFilter.doFilter(ObservationFilterChainDecorator.java:227)
	at org.springframework.security.web.ObservationFilterChainDecorator$VirtualFilterChain.doFilter(ObservationFilterChainDecorator.java:137)
	at org.springframework.security.web.servletapi.SecurityContextHolderAwareRequestFilter.doFilter(SecurityContextHolderAwareRequestFilter.java:179)
	at org.springframework.security.web.ObservationFilterChainDecorator$ObservationFilter.wrapFilter(ObservationFilterChainDecorator.java:240)
	at org.springframework.security.web.ObservationFilterChainDecorator$ObservationFilter.doFilter(ObservationFilterChainDecorator.java:227)
	at org.springframework.security.web.ObservationFilterChainDecorator$VirtualFilterChain.doFilter(ObservationFilterChainDecorator.java:137)
	at org.springframework.security.web.savedrequest.RequestCacheAwareFilter.doFilter(RequestCacheAwareFilter.java:63)
	at org.springframework.security.web.ObservationFilterChainDecorator$ObservationFilter.wrapFilter(ObservationFilterChainDecorator.java:240)
	at org.springframework.security.web.ObservationFilterChainDecorator$ObservationFilter.doFilter(ObservationFilterChainDecorator.java:227)
	at org.springframework.security.web.ObservationFilterChainDecorator$VirtualFilterChain.doFilter(ObservationFilterChainDecorator.java:137)
	at com.example.ClinicaDefinitiva.infrastructure.security.filter.JwtAuthenticationFilter.doFilterInternal(JwtAuthenticationFilter.java:40)
	at org.springframework.web.filter.OncePerRequestFilter.doFilter(OncePerRequestFilter.java:116)
	at org.springframework.security.web.ObservationFilterChainDecorator$ObservationFilter.wrapFilter(ObservationFilterChainDecorator.java:240)
	at org.springframework.security.web.ObservationFilterChainDecorator$ObservationFilter.doFilter(ObservationFilterChainDecorator.java:227)
	at org.springframework.security.web.ObservationFilterChainDecorator$VirtualFilterChain.doFilter(ObservationFilterChainDecorator.java:137)
	at org.springframework.security.web.authentication.logout.LogoutFilter.doFilter(LogoutFilter.java:107)
	at org.springframework.security.web.authentication.logout.LogoutFilter.doFilter(LogoutFilter.java:93)
	at org.springframework.security.web.ObservationFilterChainDecorator$ObservationFilter.wrapFilter(ObservationFilterChainDecorator.java:240)
	at org.springframework.security.web.ObservationFilterChainDecorator$ObservationFilter.doFilter(ObservationFilterChainDecorator.java:227)
	at org.springframework.security.web.ObservationFilterChainDecorator$VirtualFilterChain.doFilter(ObservationFilterChainDecorator.java:137)
	at org.springframework.security.web.header.HeaderWriterFilter.doHeadersAfter(HeaderWriterFilter.java:90)
	at org.springframework.security.web.header.HeaderWriterFilter.doFilterInternal(HeaderWriterFilter.java:75)
	at org.springframework.web.filter.OncePerRequestFilter.doFilter(OncePerRequestFilter.java:116)
	at org.springframework.security.web.ObservationFilterChainDecorator$ObservationFilter.wrapFilter(ObservationFilterChainDecorator.java:240)
	at org.springframework.security.web.ObservationFilterChainDecorator$ObservationFilter.doFilter(ObservationFilterChainDecorator.java:227)
	at org.springframework.security.web.ObservationFilterChainDecorator$VirtualFilterChain.doFilter(ObservationFilterChainDecorator.java:137)
	at org.springframework.security.web.context.SecurityContextHolderFilter.doFilter(SecurityContextHolderFilter.java:82)
	at org.springframework.security.web.context.SecurityContextHolderFilter.doFilter(SecurityContextHolderFilter.java:69)
	at org.springframework.security.web.ObservationFilterChainDecorator$ObservationFilter.wrapFilter(ObservationFilterChainDecorator.java:240)
	at org.springframework.security.web.ObservationFilterChainDecorator$ObservationFilter.doFilter(ObservationFilterChainDecorator.java:227)
	at org.springframework.security.web.ObservationFilterChainDecorator$VirtualFilterChain.doFilter(ObservationFilterChainDecorator.java:137)
	at org.springframework.security.web.context.request.async.WebAsyncManagerIntegrationFilter.doFilterInternal(WebAsyncManagerIntegrationFilter.java:62)
	at org.springframework.web.filter.OncePerRequestFilter.doFilter(OncePerRequestFilter.java:116)
	at org.springframework.security.web.ObservationFilterChainDecorator$ObservationFilter.wrapFilter(ObservationFilterChainDecorator.java:240)
	at org.springframework.security.web.ObservationFilterChainDecorator$ObservationFilter.doFilter(ObservationFilterChainDecorator.java:227)
	at org.springframework.security.web.ObservationFilterChainDecorator$VirtualFilterChain.doFilter(ObservationFilterChainDecorator.java:137)
	at org.springframework.security.web.session.DisableEncodeUrlFilter.doFilterInternal(DisableEncodeUrlFilter.java:42)
	at org.springframework.web.filter.OncePerRequestFilter.doFilter(OncePerRequestFilter.java:116)
	at org.springframework.security.web.ObservationFilterChainDecorator$ObservationFilter.wrapFilter(ObservationFilterChainDecorator.java:240)
	at org.springframework.security.web.ObservationFilterChainDecorator$AroundFilterObservation$SimpleAroundFilterObservation.lambda$wrap$0(ObservationFilterChainDecorator.java:323)
	at org.springframework.security.web.ObservationFilterChainDecorator$ObservationFilter.doFilter(ObservationFilterChainDecorator.java:224)
	at org.springframework.security.web.ObservationFilterChainDecorator$VirtualFilterChain.doFilter(ObservationFilterChainDecorator.java:137)
	at org.springframework.security.web.FilterChainProxy.doFilterInternal(FilterChainProxy.java:233)
	at org.springframework.security.web.FilterChainProxy.doFilter(FilterChainProxy.java:191)
	at org.springframework.web.filter.CompositeFilter$VirtualFilterChain.doFilter(CompositeFilter.java:113)
	at org.springframework.web.filter.ServletRequestPathFilter.doFilter(ServletRequestPathFilter.java:52)
	at org.springframework.web.filter.CompositeFilter$VirtualFilterChain.doFilter(CompositeFilter.java:113)
	at org.springframework.web.filter.CompositeFilter.doFilter(CompositeFilter.java:74)
	at org.springframework.security.config.annotation.web.configuration.WebSecurityConfiguration$CompositeFilterChainProxy.doFilter(WebSecurityConfiguration.java:319)
	at org.springframework.web.filter.CompositeFilter$VirtualFilterChain.doFilter(CompositeFilter.java:113)
	at org.springframework.web.servlet.handler.HandlerMappingIntrospector.lambda$createCacheFilter$3(HandlerMappingIntrospector.java:243)
	at org.springframework.web.filter.CompositeFilter$VirtualFilterChain.doFilter(CompositeFilter.java:113)
	at org.springframework.web.filter.CompositeFilter.doFilter(CompositeFilter.java:74)
	at org.springframework.security.config.annotation.web.configuration.WebMvcSecurityConfiguration$CompositeFilterChainProxy.doFilter(WebMvcSecurityConfiguration.java:240)
	at org.springframework.web.filter.DelegatingFilterProxy.invokeDelegate(DelegatingFilterProxy.java:362)
	at org.springframework.web.filter.DelegatingFilterProxy.doFilter(DelegatingFilterProxy.java:278)
	at org.apache.catalina.core.ApplicationFilterChain.internalDoFilter(ApplicationFilterChain.java:164)
	at org.apache.catalina.core.ApplicationFilterChain.doFilter(ApplicationFilterChain.java:140)
	at org.springframework.web.filter.RequestContextFilter.doFilterInternal(RequestContextFilter.java:100)
	at org.springframework.web.filter.OncePerRequestFilter.doFilter(OncePerRequestFilter.java:116)
	at org.apache.catalina.core.ApplicationFilterChain.internalDoFilter(ApplicationFilterChain.java:164)
	at org.apache.catalina.core.ApplicationFilterChain.doFilter(ApplicationFilterChain.java:140)
	at org.springframework.web.filter.FormContentFilter.doFilterInternal(FormContentFilter.java:93)
	at org.springframework.web.filter.OncePerRequestFilter.doFilter(OncePerRequestFilter.java:116)
	at org.apache.catalina.core.ApplicationFilterChain.internalDoFilter(ApplicationFilterChain.java:164)
	at org.apache.catalina.core.ApplicationFilterChain.doFilter(ApplicationFilterChain.java:140)
	at org.springframework.web.filter.ServerHttpObservationFilter.doFilterInternal(ServerHttpObservationFilter.java:114)
	at org.springframework.web.filter.OncePerRequestFilter.doFilter(OncePerRequestFilter.java:116)
	at org.apache.catalina.core.ApplicationFilterChain.internalDoFilter(ApplicationFilterChain.java:164)
	at org.apache.catalina.core.ApplicationFilterChain.doFilter(ApplicationFilterChain.java:140)
	at org.springframework.web.filter.CharacterEncodingFilter.doFilterInternal(CharacterEncodingFilter.java:201)
	at org.springframework.web.filter.OncePerRequestFilter.doFilter(OncePerRequestFilter.java:116)
	at org.apache.catalina.core.ApplicationFilterChain.internalDoFilter(ApplicationFilterChain.java:164)
	at org.apache.catalina.core.ApplicationFilterChain.doFilter(ApplicationFilterChain.java:140)
	at org.apache.catalina.core.StandardWrapperValve.invoke(StandardWrapperValve.java:167)
	at org.apache.catalina.core.StandardContextValve.invoke(StandardContextValve.java:90)
	at org.apache.catalina.authenticator.AuthenticatorBase.invoke(AuthenticatorBase.java:483)
	at org.apache.catalina.core.StandardHostValve.invoke(StandardHostValve.java:116)
	at org.apache.catalina.valves.ErrorReportValve.invoke(ErrorReportValve.java:93)
	at org.apache.catalina.core.StandardEngineValve.invoke(StandardEngineValve.java:74)
	at org.apache.catalina.connector.CoyoteAdapter.service(CoyoteAdapter.java:344)
	at org.apache.coyote.http11.Http11Processor.service(Http11Processor.java:398)
	at org.apache.coyote.AbstractProcessorLight.process(AbstractProcessorLight.java:63)
	at org.apache.coyote.AbstractProtocol$ConnectionHandler.process(AbstractProtocol.java:903)
	at org.apache.tomcat.util.net.NioEndpoint$SocketProcessor.doRun(NioEndpoint.java:1740)
	at org.apache.tomcat.util.net.SocketProcessorBase.run(SocketProcessorBase.java:52)
	at org.apache.tomcat.util.threads.ThreadPoolExecutor.runWorker(ThreadPoolExecutor.java:1189)
	at org.apache.tomcat.util.threads.ThreadPoolExecutor$Worker.run(ThreadPoolExecutor.java:658)
	at org.apache.tomcat.util.threads.TaskThread$WrappingRunnable.run(TaskThread.java:63)
	at java.base/java.lang.Thread.run(Thread.java:842)
2026-03-24 13:50:55 DEBUG [http-nio-8080-exec-4] o.s.security.web.FilterChainProxy - Securing PATCH /error
2026-03-24 13:50:55 TRACE [http-nio-8080-exec-4] o.s.s.w.a.logout.LogoutFilter - Did not match request to Or [Ant [pattern='/logout', GET], Ant [pattern='/logout', POST], Ant [pattern='/logout', PUT], Ant [pattern='/logout', DELETE]]
2026-03-24 13:50:55 TRACE [http-nio-8080-exec-4] o.s.s.w.a.AnonymousAuthenticationFilter - Set SecurityContextHolder to AnonymousAuthenticationToken [Principal=anonymousUser, Credentials=[PROTECTED], Authenticated=true, Details=WebAuthenticationDetails [RemoteIpAddress=0:0:0:0:0:0:0:1, SessionId=null], Granted Authorities=[ROLE_ANONYMOUS]]
2026-03-24 13:50:55 DEBUG [http-nio-8080-exec-4] o.s.s.w.a.Http403ForbiddenEntryPoint - Pre-authenticated entry point called. Rejecting access
2026-03-24 14:04:32 DEBUG [http-nio-8080-exec-8] o.s.security.web.FilterChainProxy - Securing POST /api/v1/guardians
2026-03-24 14:04:32 TRACE [http-nio-8080-exec-8] o.s.s.w.a.logout.LogoutFilter - Did not match request to Or [Ant [pattern='/logout', GET], Ant [pattern='/logout', POST], Ant [pattern='/logout', PUT], Ant [pattern='/logout', DELETE]]
2026-03-24 14:04:32 TRACE [http-nio-8080-exec-8] o.s.s.w.a.AnonymousAuthenticationFilter - Did not set SecurityContextHolder since already authenticated UsernamePasswordAuthenticationToken [Principal=com.example.ClinicaDefinitiva.infrastructure.security.adapter.CustomUserDetails@154e4451, Credentials=[PROTECTED], Authenticated=true, Details=null, Granted Authorities=[UPDATE_COMPANY, UPDATE_INVOICE, CREATE_ASSIGNMENT, UPDATE_GUARDIAN, CLONE_ROLE_ROLE, CANCEL_APPOINTMENT, UPDATE_JOURNAL_ENTRY, REVERSE_JOURNAL_ENTRY, CREATE_CONTRACT, DELETE_APPOINTMENT, RESCHEDULE_APPOINTMENT, SET_PERMISSIONS_ROLE, CREATE_PATIENT, READ_USER_IDENTITY, IS_CURRENTLY_ACTIVE_ASSIGNMENT, READ_RATE, ACTIVATE_ROLE_ROLE, DELETE_ROLE_ROLE, READ_APPOINTMENT, READ_DENTIST, CREATE_COMPANY, VIEW_ROLE_ROLE, SCHEDULE_APPOINTMENT, ROLE_RECEPTIONIST, DELETE_INVOICE, CREATE_CUSTOM_ROLE_ROLE, UPDATE_PAYMENT, CREATE_DENTIST, CHECK_PERMISSION_ROLE, READ_PATIENT, READ_ADMINISTRATIVE_REPORT, CREATE_APPOINTMENT, VIEW_ASSIGNMENT_ASSIGNMENT, READ_CONTRACT, DELETE_ADMINISTRATIVE_REPORT, DEACTIVATE_USER_IDENTITY, REVERSE_INVOICE, DEACTIVATE_ROLE_ROLE, APPROVE_INVOICE, READ_PROVIDED_SERVICE, REVOKE_ASSIGNMENT, READ_AVAILABILITY, READ_RECEPTIONIST, DELETE_RATE, UPDATE_PRIMARY_ASSIGNMENT, UPDATE_DENTIST, CREATE_USER_IDENTITY, DELETE_CONTRACT, DELETE_PAYMENT, DELETE_ASSIGNMENT, READ_COMPANY, UPDATE_ADMINISTRATIVE_REPORT, REMOVE_PERMISSION_ROLE, CREATE_PAYMENT, UPDATE_USER_IDENTITY, ADD_PERMISSION_ROLE, READ_GUARDIAN, UPDATE_CONTRACT, DELETE_COMPANY, IS_ACTIVE_AT_ASSIGNMENT, DELETE_DENTIST, READ_ASSIGNMENT, POST_INVOICE, REVOKE_ALL_ASSIGNMENT, CREATE_JOURNAL_ENTRY, CREATE_ADMINISTRATIVE_REPORT, UPDATE_ASSIGNMENT, READ_SHIFT, POST_JOURNAL_ENTRY, CREATE_GUARDIAN, ROLE_ADMINISTRATOR, CREATE_TEMPORARY_ASSIGNMENT, READ_PAYMENT, CREATE_RATE, EXTEND_ASSIGNMENT_ASSIGNMENT, READ_INVOICE, REACTIVATE_USER_IDENTITY, UPDATE_APPOINTMENT, UPDATE_RATE, DELETE_JOURNAL_ENTRY, CREATE_SHIFT, READ_JOURNAL_ENTRY, MARK_DELETED_ROLE_ROLE, CREATE_INVOICE, UPDATE_SHIFT, SUSPEND_ROLE_ROLE, UPDATE_PATIENT, UPDATE_PROVIDED_SERVICE, SUSPEND_USER_IDENTITY]]
2026-03-24 14:04:32 TRACE [http-nio-8080-exec-8] o.s.s.w.a.s.CompositeSessionAuthenticationStrategy - Preparing session with ChangeSessionIdAuthenticationStrategy (1/1)
2026-03-24 14:04:32 DEBUG [http-nio-8080-exec-8] o.s.security.web.FilterChainProxy - Secured POST /api/v1/guardians
2026-03-24 14:04:32 DEBUG [http-nio-8080-exec-8] o.s.web.servlet.DispatcherServlet - POST "/api/v1/guardians", parameters={}
2026-03-24 14:04:32 DEBUG [http-nio-8080-exec-8] o.s.w.s.m.m.a.RequestMappingHandlerMapping - Mapped to com.example.ClinicaDefinitiva.infrastructure.rest.controller.actor.GuardianController#create(CreateGuardianRequest, CustomUserDetails)
2026-03-24 14:04:32 DEBUG [http-nio-8080-exec-8] o.s.web.method.HandlerMethod - Could not resolve parameter [0] in public org.springframework.http.ResponseEntity<com.example.ClinicaDefinitiva.infrastructure.rest.dto.actorDto.guardian.ReadGuardianResponse> com.example.ClinicaDefinitiva.infrastructure.rest.controller.actor.GuardianController.create(com.example.ClinicaDefinitiva.infrastructure.rest.dto.actorDto.guardian.CreateGuardianRequest,com.example.ClinicaDefinitiva.infrastructure.security.adapter.CustomUserDetails): Type definition error: [simple type, class org.springframework.data.domain.Page]
2026-03-24 14:04:32 DEBUG [http-nio-8080-exec-8] o.s.w.s.m.m.a.ExceptionHandlerExceptionResolver - Using @ExceptionHandler com.example.ClinicaDefinitiva.infrastructure.rest.advice.GlobalControllerAdvice#handleGenericException(Exception)
2026-03-24 14:04:32 ERROR [http-nio-8080-exec-8] c.e.C.i.r.a.GlobalControllerAdvice - Error interno no manejado [requestId=e8812746-ab50-4f8c-857f-4f87708767f9, usuario=admin@test.com]
org.springframework.http.converter.HttpMessageConversionException: Type definition error: [simple type, class org.springframework.data.domain.Page]
	at org.springframework.http.converter.json.AbstractJackson2HttpMessageConverter.readJavaType(AbstractJackson2HttpMessageConverter.java:405)
	at org.springframework.http.converter.json.AbstractJackson2HttpMessageConverter.read(AbstractJackson2HttpMessageConverter.java:356)
	at org.springframework.web.servlet.mvc.method.annotation.AbstractMessageConverterMethodArgumentResolver.readWithMessageConverters(AbstractMessageConverterMethodArgumentResolver.java:204)
	at org.springframework.web.servlet.mvc.method.annotation.RequestResponseBodyMethodProcessor.readWithMessageConverters(RequestResponseBodyMethodProcessor.java:176)
	at org.springframework.web.servlet.mvc.method.annotation.RequestResponseBodyMethodProcessor.resolveArgument(RequestResponseBodyMethodProcessor.java:150)
	at org.springframework.web.method.support.HandlerMethodArgumentResolverComposite.resolveArgument(HandlerMethodArgumentResolverComposite.java:122)
	at org.springframework.web.method.support.InvocableHandlerMethod.getMethodArgumentValues(InvocableHandlerMethod.java:227)
	at org.springframework.web.method.support.InvocableHandlerMethod.invokeForRequest(InvocableHandlerMethod.java:181)
	at org.springframework.web.servlet.mvc.method.annotation.ServletInvocableHandlerMethod.invokeAndHandle(ServletInvocableHandlerMethod.java:118)
	at org.springframework.web.servlet.mvc.method.annotation.RequestMappingHandlerAdapter.invokeHandlerMethod(RequestMappingHandlerAdapter.java:986)
	at org.springframework.web.servlet.mvc.method.annotation.RequestMappingHandlerAdapter.handleInternal(RequestMappingHandlerAdapter.java:891)
	at org.springframework.web.servlet.mvc.method.AbstractHandlerMethodAdapter.handle(AbstractHandlerMethodAdapter.java:87)
	at org.springframework.web.servlet.DispatcherServlet.doDispatch(DispatcherServlet.java:1089)
	at org.springframework.web.servlet.DispatcherServlet.doService(DispatcherServlet.java:979)
	at org.springframework.web.servlet.FrameworkServlet.processRequest(FrameworkServlet.java:1014)
	at org.springframework.web.servlet.FrameworkServlet.doPost(FrameworkServlet.java:914)
	at jakarta.servlet.http.HttpServlet.service(HttpServlet.java:590)
	at org.springframework.web.servlet.FrameworkServlet.service(FrameworkServlet.java:885)
	at jakarta.servlet.http.HttpServlet.service(HttpServlet.java:658)
	at org.apache.catalina.core.ApplicationFilterChain.internalDoFilter(ApplicationFilterChain.java:195)
	at org.apache.catalina.core.ApplicationFilterChain.doFilter(ApplicationFilterChain.java:140)
	at org.apache.tomcat.websocket.server.WsFilter.doFilter(WsFilter.java:51)
	at org.apache.catalina.core.ApplicationFilterChain.internalDoFilter(ApplicationFilterChain.java:164)
	at org.apache.catalina.core.ApplicationFilterChain.doFilter(ApplicationFilterChain.java:140)
	at com.example.ClinicaDefinitiva.util.RequestIdFilter.doFilterInternal(RequestIdFilter.java:76)
	at org.springframework.web.filter.OncePerRequestFilter.doFilter(OncePerRequestFilter.java:116)
	at org.apache.catalina.core.ApplicationFilterChain.internalDoFilter(ApplicationFilterChain.java:164)
	at org.apache.catalina.core.ApplicationFilterChain.doFilter(ApplicationFilterChain.java:140)
	at org.springframework.web.filter.CompositeFilter$VirtualFilterChain.doFilter(CompositeFilter.java:108)
	at org.springframework.web.filter.CompositeFilter$VirtualFilterChain.doFilter(CompositeFilter.java:108)
	at org.springframework.security.web.FilterChainProxy.lambda$doFilterInternal$3(FilterChainProxy.java:231)
	at org.springframework.security.web.ObservationFilterChainDecorator$FilterObservation$SimpleFilterObservation.lambda$wrap$1(ObservationFilterChainDecorator.java:479)
	at org.springframework.security.web.ObservationFilterChainDecorator$AroundFilterObservation$SimpleAroundFilterObservation.lambda$wrap$1(ObservationFilterChainDecorator.java:340)
	at org.springframework.security.web.ObservationFilterChainDecorator.lambda$wrapSecured$0(ObservationFilterChainDecorator.java:82)
	at org.springframework.security.web.ObservationFilterChainDecorator$VirtualFilterChain.doFilter(ObservationFilterChainDecorator.java:128)
	at org.springframework.security.web.access.intercept.AuthorizationFilter.doFilter(AuthorizationFilter.java:101)
	at org.springframework.security.web.ObservationFilterChainDecorator$ObservationFilter.wrapFilter(ObservationFilterChainDecorator.java:240)
	at org.springframework.security.web.ObservationFilterChainDecorator$ObservationFilter.doFilter(ObservationFilterChainDecorator.java:227)
	at org.springframework.security.web.ObservationFilterChainDecorator$VirtualFilterChain.doFilter(ObservationFilterChainDecorator.java:137)
	at org.springframework.security.web.access.ExceptionTranslationFilter.doFilter(ExceptionTranslationFilter.java:125)
	at org.springframework.security.web.access.ExceptionTranslationFilter.doFilter(ExceptionTranslationFilter.java:119)
	at org.springframework.security.web.ObservationFilterChainDecorator$ObservationFilter.wrapFilter(ObservationFilterChainDecorator.java:240)
	at org.springframework.security.web.ObservationFilterChainDecorator$ObservationFilter.doFilter(ObservationFilterChainDecorator.java:227)
	at org.springframework.security.web.ObservationFilterChainDecorator$VirtualFilterChain.doFilter(ObservationFilterChainDecorator.java:137)
	at org.springframework.security.web.session.SessionManagementFilter.doFilter(SessionManagementFilter.java:131)
	at org.springframework.security.web.session.SessionManagementFilter.doFilter(SessionManagementFilter.java:85)
	at org.springframework.security.web.ObservationFilterChainDecorator$ObservationFilter.wrapFilter(ObservationFilterChainDecorator.java:240)
	at org.springframework.security.web.ObservationFilterChainDecorator$ObservationFilter.doFilter(ObservationFilterChainDecorator.java:227)
	at org.springframework.security.web.ObservationFilterChainDecorator$VirtualFilterChain.doFilter(ObservationFilterChainDecorator.java:137)
	at org.springframework.security.web.authentication.AnonymousAuthenticationFilter.doFilter(AnonymousAuthenticationFilter.java:100)
	at org.springframework.security.web.ObservationFilterChainDecorator$ObservationFilter.wrapFilter(ObservationFilterChainDecorator.java:240)
	at org.springframework.security.web.ObservationFilterChainDecorator$ObservationFilter.doFilter(ObservationFilterChainDecorator.java:227)
	at org.springframework.security.web.ObservationFilterChainDecorator$VirtualFilterChain.doFilter(ObservationFilterChainDecorator.java:137)
	at org.springframework.security.web.servletapi.SecurityContextHolderAwareRequestFilter.doFilter(SecurityContextHolderAwareRequestFilter.java:179)
	at org.springframework.security.web.ObservationFilterChainDecorator$ObservationFilter.wrapFilter(ObservationFilterChainDecorator.java:240)
	at org.springframework.security.web.ObservationFilterChainDecorator$ObservationFilter.doFilter(ObservationFilterChainDecorator.java:227)
	at org.springframework.security.web.ObservationFilterChainDecorator$VirtualFilterChain.doFilter(ObservationFilterChainDecorator.java:137)
	at org.springframework.security.web.savedrequest.RequestCacheAwareFilter.doFilter(RequestCacheAwareFilter.java:63)
	at org.springframework.security.web.ObservationFilterChainDecorator$ObservationFilter.wrapFilter(ObservationFilterChainDecorator.java:240)
	at org.springframework.security.web.ObservationFilterChainDecorator$ObservationFilter.doFilter(ObservationFilterChainDecorator.java:227)
	at org.springframework.security.web.ObservationFilterChainDecorator$VirtualFilterChain.doFilter(ObservationFilterChainDecorator.java:137)
	at com.example.ClinicaDefinitiva.infrastructure.security.filter.JwtAuthenticationFilter.doFilterInternal(JwtAuthenticationFilter.java:40)
	at org.springframework.web.filter.OncePerRequestFilter.doFilter(OncePerRequestFilter.java:116)
	at org.springframework.security.web.ObservationFilterChainDecorator$ObservationFilter.wrapFilter(ObservationFilterChainDecorator.java:240)
	at org.springframework.security.web.ObservationFilterChainDecorator$ObservationFilter.doFilter(ObservationFilterChainDecorator.java:227)
	at org.springframework.security.web.ObservationFilterChainDecorator$VirtualFilterChain.doFilter(ObservationFilterChainDecorator.java:137)
	at org.springframework.security.web.authentication.logout.LogoutFilter.doFilter(LogoutFilter.java:107)
	at org.springframework.security.web.authentication.logout.LogoutFilter.doFilter(LogoutFilter.java:93)
	at org.springframework.security.web.ObservationFilterChainDecorator$ObservationFilter.wrapFilter(ObservationFilterChainDecorator.java:240)
	at org.springframework.security.web.ObservationFilterChainDecorator$ObservationFilter.doFilter(ObservationFilterChainDecorator.java:227)
	at org.springframework.security.web.ObservationFilterChainDecorator$VirtualFilterChain.doFilter(ObservationFilterChainDecorator.java:137)
	at org.springframework.security.web.header.HeaderWriterFilter.doHeadersAfter(HeaderWriterFilter.java:90)
	at org.springframework.security.web.header.HeaderWriterFilter.doFilterInternal(HeaderWriterFilter.java:75)
	at org.springframework.web.filter.OncePerRequestFilter.doFilter(OncePerRequestFilter.java:116)
	at org.springframework.security.web.ObservationFilterChainDecorator$ObservationFilter.wrapFilter(ObservationFilterChainDecorator.java:240)
	at org.springframework.security.web.ObservationFilterChainDecorator$ObservationFilter.doFilter(ObservationFilterChainDecorator.java:227)
	at org.springframework.security.web.ObservationFilterChainDecorator$VirtualFilterChain.doFilter(ObservationFilterChainDecorator.java:137)
	at org.springframework.security.web.context.SecurityContextHolderFilter.doFilter(SecurityContextHolderFilter.java:82)
	at org.springframework.security.web.context.SecurityContextHolderFilter.doFilter(SecurityContextHolderFilter.java:69)
	at org.springframework.security.web.ObservationFilterChainDecorator$ObservationFilter.wrapFilter(ObservationFilterChainDecorator.java:240)
	at org.springframework.security.web.ObservationFilterChainDecorator$ObservationFilter.doFilter(ObservationFilterChainDecorator.java:227)
	at org.springframework.security.web.ObservationFilterChainDecorator$VirtualFilterChain.doFilter(ObservationFilterChainDecorator.java:137)
	at org.springframework.security.web.context.request.async.WebAsyncManagerIntegrationFilter.doFilterInternal(WebAsyncManagerIntegrationFilter.java:62)
	at org.springframework.web.filter.OncePerRequestFilter.doFilter(OncePerRequestFilter.java:116)
	at org.springframework.security.web.ObservationFilterChainDecorator$ObservationFilter.wrapFilter(ObservationFilterChainDecorator.java:240)
	at org.springframework.security.web.ObservationFilterChainDecorator$ObservationFilter.doFilter(ObservationFilterChainDecorator.java:227)
	at org.springframework.security.web.ObservationFilterChainDecorator$VirtualFilterChain.doFilter(ObservationFilterChainDecorator.java:137)
	at org.springframework.security.web.session.DisableEncodeUrlFilter.doFilterInternal(DisableEncodeUrlFilter.java:42)
	at org.springframework.web.filter.OncePerRequestFilter.doFilter(OncePerRequestFilter.java:116)
	at org.springframework.security.web.ObservationFilterChainDecorator$ObservationFilter.wrapFilter(ObservationFilterChainDecorator.java:240)
	at org.springframework.security.web.ObservationFilterChainDecorator$AroundFilterObservation$SimpleAroundFilterObservation.lambda$wrap$0(ObservationFilterChainDecorator.java:323)
	at org.springframework.security.web.ObservationFilterChainDecorator$ObservationFilter.doFilter(ObservationFilterChainDecorator.java:224)
	at org.springframework.security.web.ObservationFilterChainDecorator$VirtualFilterChain.doFilter(ObservationFilterChainDecorator.java:137)
	at org.springframework.security.web.FilterChainProxy.doFilterInternal(FilterChainProxy.java:233)
	at org.springframework.security.web.FilterChainProxy.doFilter(FilterChainProxy.java:191)
	at org.springframework.web.filter.CompositeFilter$VirtualFilterChain.doFilter(CompositeFilter.java:113)
	at org.springframework.web.filter.ServletRequestPathFilter.doFilter(ServletRequestPathFilter.java:52)
	at org.springframework.web.filter.CompositeFilter$VirtualFilterChain.doFilter(CompositeFilter.java:113)
	at org.springframework.web.filter.CompositeFilter.doFilter(CompositeFilter.java:74)
	at org.springframework.security.config.annotation.web.configuration.WebSecurityConfiguration$CompositeFilterChainProxy.doFilter(WebSecurityConfiguration.java:319)
	at org.springframework.web.filter.CompositeFilter$VirtualFilterChain.doFilter(CompositeFilter.java:113)
	at org.springframework.web.servlet.handler.HandlerMappingIntrospector.lambda$createCacheFilter$3(HandlerMappingIntrospector.java:243)
	at org.springframework.web.filter.CompositeFilter$VirtualFilterChain.doFilter(CompositeFilter.java:113)
	at org.springframework.web.filter.CompositeFilter.doFilter(CompositeFilter.java:74)
	at org.springframework.security.config.annotation.web.configuration.WebMvcSecurityConfiguration$CompositeFilterChainProxy.doFilter(WebMvcSecurityConfiguration.java:240)
	at org.springframework.web.filter.DelegatingFilterProxy.invokeDelegate(DelegatingFilterProxy.java:362)
	at org.springframework.web.filter.DelegatingFilterProxy.doFilter(DelegatingFilterProxy.java:278)
	at org.apache.catalina.core.ApplicationFilterChain.internalDoFilter(ApplicationFilterChain.java:164)
	at org.apache.catalina.core.ApplicationFilterChain.doFilter(ApplicationFilterChain.java:140)
	at org.springframework.web.filter.RequestContextFilter.doFilterInternal(RequestContextFilter.java:100)
	at org.springframework.web.filter.OncePerRequestFilter.doFilter(OncePerRequestFilter.java:116)
	at org.apache.catalina.core.ApplicationFilterChain.internalDoFilter(ApplicationFilterChain.java:164)
	at org.apache.catalina.core.ApplicationFilterChain.doFilter(ApplicationFilterChain.java:140)
	at org.springframework.web.filter.FormContentFilter.doFilterInternal(FormContentFilter.java:93)
	at org.springframework.web.filter.OncePerRequestFilter.doFilter(OncePerRequestFilter.java:116)
	at org.apache.catalina.core.ApplicationFilterChain.internalDoFilter(ApplicationFilterChain.java:164)
	at org.apache.catalina.core.ApplicationFilterChain.doFilter(ApplicationFilterChain.java:140)
	at org.springframework.web.filter.ServerHttpObservationFilter.doFilterInternal(ServerHttpObservationFilter.java:114)
	at org.springframework.web.filter.OncePerRequestFilter.doFilter(OncePerRequestFilter.java:116)
	at org.apache.catalina.core.ApplicationFilterChain.internalDoFilter(ApplicationFilterChain.java:164)
	at org.apache.catalina.core.ApplicationFilterChain.doFilter(ApplicationFilterChain.java:140)
	at org.springframework.web.filter.CharacterEncodingFilter.doFilterInternal(CharacterEncodingFilter.java:201)
	at org.springframework.web.filter.OncePerRequestFilter.doFilter(OncePerRequestFilter.java:116)
	at org.apache.catalina.core.ApplicationFilterChain.internalDoFilter(ApplicationFilterChain.java:164)
	at org.apache.catalina.core.ApplicationFilterChain.doFilter(ApplicationFilterChain.java:140)
	at org.apache.catalina.core.StandardWrapperValve.invoke(StandardWrapperValve.java:167)
	at org.apache.catalina.core.StandardContextValve.invoke(StandardContextValve.java:90)
	at org.apache.catalina.authenticator.AuthenticatorBase.invoke(AuthenticatorBase.java:483)
	at org.apache.catalina.core.StandardHostValve.invoke(StandardHostValve.java:116)
	at org.apache.catalina.valves.ErrorReportValve.invoke(ErrorReportValve.java:93)
	at org.apache.catalina.core.StandardEngineValve.invoke(StandardEngineValve.java:74)
	at org.apache.catalina.connector.CoyoteAdapter.service(CoyoteAdapter.java:344)
	at org.apache.coyote.http11.Http11Processor.service(Http11Processor.java:398)
	at org.apache.coyote.AbstractProcessorLight.process(AbstractProcessorLight.java:63)
	at org.apache.coyote.AbstractProtocol$ConnectionHandler.process(AbstractProtocol.java:903)
	at org.apache.tomcat.util.net.NioEndpoint$SocketProcessor.doRun(NioEndpoint.java:1740)
	at org.apache.tomcat.util.net.SocketProcessorBase.run(SocketProcessorBase.java:52)
	at org.apache.tomcat.util.threads.ThreadPoolExecutor.runWorker(ThreadPoolExecutor.java:1189)
	at org.apache.tomcat.util.threads.ThreadPoolExecutor$Worker.run(ThreadPoolExecutor.java:658)
	at org.apache.tomcat.util.threads.TaskThread$WrappingRunnable.run(TaskThread.java:63)
	at java.base/java.lang.Thread.run(Thread.java:842)
Caused by: com.fasterxml.jackson.databind.exc.InvalidDefinitionException: Cannot construct instance of `org.springframework.data.domain.Page` (no Creators, like default constructor, exist): abstract types either need to be mapped to concrete types, have custom deserializer, or contain additional type information
 at [Source: REDACTED (`StreamReadFeature.INCLUDE_SOURCE_IN_LOCATION` disabled); line: 4, column: 20] (through reference chain: com.example.ClinicaDefinitiva.infrastructure.rest.dto.actorDto.guardian.CreateGuardianRequest["patientList"])
	at com.fasterxml.jackson.databind.exc.InvalidDefinitionException.from(InvalidDefinitionException.java:67)
	at com.fasterxml.jackson.databind.DeserializationContext.reportBadDefinition(DeserializationContext.java:1915)
	at com.fasterxml.jackson.databind.DatabindContext.reportBadDefinition(DatabindContext.java:415)
	at com.fasterxml.jackson.databind.DeserializationContext.handleMissingInstantiator(DeserializationContext.java:1402)
	at com.fasterxml.jackson.databind.deser.AbstractDeserializer.deserialize(AbstractDeserializer.java:273)
	at com.fasterxml.jackson.databind.deser.SettableBeanProperty.deserialize(SettableBeanProperty.java:543)
	at com.fasterxml.jackson.databind.deser.BeanDeserializer._deserializeWithErrorWrapping(BeanDeserializer.java:587)
	at com.fasterxml.jackson.databind.deser.BeanDeserializer._deserializeUsingPropertyBased(BeanDeserializer.java:440)
	at com.fasterxml.jackson.databind.deser.BeanDeserializerBase.deserializeFromObjectUsingNonDefault(BeanDeserializerBase.java:1499)
	at com.fasterxml.jackson.databind.deser.BeanDeserializer.deserializeFromObject(BeanDeserializer.java:340)
	at com.fasterxml.jackson.databind.deser.BeanDeserializer.deserialize(BeanDeserializer.java:177)
	at com.fasterxml.jackson.databind.deser.DefaultDeserializationContext.readRootValue(DefaultDeserializationContext.java:342)
	at com.fasterxml.jackson.databind.ObjectReader._bindAndClose(ObjectReader.java:2130)
	at com.fasterxml.jackson.databind.ObjectReader.readValue(ObjectReader.java:1500)
	at org.springframework.http.converter.json.AbstractJackson2HttpMessageConverter.readJavaType(AbstractJackson2HttpMessageConverter.java:397)
	... 140 common frames omitted
2026-03-24 14:04:32 DEBUG [http-nio-8080-exec-8] o.s.w.s.m.m.a.HttpEntityMethodProcessor - Using 'application/json', given [*/*] and supported [application/json, application/*+json]
2026-03-24 14:04:32 DEBUG [http-nio-8080-exec-8] o.s.w.s.m.m.a.HttpEntityMethodProcessor - Writing [com.example.ClinicaDefinitiva.infrastructure.rest.dto.ErrorResponse@ed93ef3]
2026-03-24 14:04:32 DEBUG [http-nio-8080-exec-8] o.s.w.s.m.m.a.ExceptionHandlerExceptionResolver - Resolved [org.springframework.http.converter.HttpMessageConversionException: Type definition error: [simple type, class org.springframework.data.domain.Page]]
2026-03-24 14:04:32 DEBUG [http-nio-8080-exec-8] o.s.web.servlet.DispatcherServlet - Completed 500 INTERNAL_SERVER_ERROR
2026-03-24 14:05:06 DEBUG [http-nio-8080-exec-9] o.s.security.web.FilterChainProxy - Securing POST /api/v1/guardians
2026-03-24 14:05:06 TRACE [http-nio-8080-exec-9] o.s.s.w.a.logout.LogoutFilter - Did not match request to Or [Ant [pattern='/logout', GET], Ant [pattern='/logout', POST], Ant [pattern='/logout', PUT], Ant [pattern='/logout', DELETE]]
2026-03-24 14:05:06 TRACE [http-nio-8080-exec-9] o.s.s.w.a.AnonymousAuthenticationFilter - Did not set SecurityContextHolder since already authenticated UsernamePasswordAuthenticationToken [Principal=com.example.ClinicaDefinitiva.infrastructure.security.adapter.CustomUserDetails@74d219d, Credentials=[PROTECTED], Authenticated=true, Details=null, Granted Authorities=[UPDATE_COMPANY, UPDATE_INVOICE, CREATE_ASSIGNMENT, UPDATE_GUARDIAN, CLONE_ROLE_ROLE, CANCEL_APPOINTMENT, UPDATE_JOURNAL_ENTRY, REVERSE_JOURNAL_ENTRY, CREATE_CONTRACT, DELETE_APPOINTMENT, RESCHEDULE_APPOINTMENT, SET_PERMISSIONS_ROLE, CREATE_PATIENT, READ_USER_IDENTITY, IS_CURRENTLY_ACTIVE_ASSIGNMENT, READ_RATE, ACTIVATE_ROLE_ROLE, DELETE_ROLE_ROLE, READ_APPOINTMENT, READ_DENTIST, CREATE_COMPANY, VIEW_ROLE_ROLE, SCHEDULE_APPOINTMENT, ROLE_RECEPTIONIST, DELETE_INVOICE, CREATE_CUSTOM_ROLE_ROLE, UPDATE_PAYMENT, CREATE_DENTIST, CHECK_PERMISSION_ROLE, READ_PATIENT, READ_ADMINISTRATIVE_REPORT, CREATE_APPOINTMENT, VIEW_ASSIGNMENT_ASSIGNMENT, READ_CONTRACT, DELETE_ADMINISTRATIVE_REPORT, DEACTIVATE_USER_IDENTITY, REVERSE_INVOICE, DEACTIVATE_ROLE_ROLE, APPROVE_INVOICE, READ_PROVIDED_SERVICE, REVOKE_ASSIGNMENT, READ_AVAILABILITY, READ_RECEPTIONIST, DELETE_RATE, UPDATE_PRIMARY_ASSIGNMENT, UPDATE_DENTIST, CREATE_USER_IDENTITY, DELETE_CONTRACT, DELETE_PAYMENT, DELETE_ASSIGNMENT, READ_COMPANY, UPDATE_ADMINISTRATIVE_REPORT, REMOVE_PERMISSION_ROLE, CREATE_PAYMENT, UPDATE_USER_IDENTITY, ADD_PERMISSION_ROLE, READ_GUARDIAN, UPDATE_CONTRACT, DELETE_COMPANY, IS_ACTIVE_AT_ASSIGNMENT, DELETE_DENTIST, READ_ASSIGNMENT, POST_INVOICE, REVOKE_ALL_ASSIGNMENT, CREATE_JOURNAL_ENTRY, CREATE_ADMINISTRATIVE_REPORT, UPDATE_ASSIGNMENT, READ_SHIFT, POST_JOURNAL_ENTRY, CREATE_GUARDIAN, ROLE_ADMINISTRATOR, CREATE_TEMPORARY_ASSIGNMENT, READ_PAYMENT, CREATE_RATE, EXTEND_ASSIGNMENT_ASSIGNMENT, READ_INVOICE, REACTIVATE_USER_IDENTITY, UPDATE_APPOINTMENT, UPDATE_RATE, DELETE_JOURNAL_ENTRY, CREATE_SHIFT, READ_JOURNAL_ENTRY, MARK_DELETED_ROLE_ROLE, CREATE_INVOICE, UPDATE_SHIFT, SUSPEND_ROLE_ROLE, UPDATE_PATIENT, UPDATE_PROVIDED_SERVICE, SUSPEND_USER_IDENTITY]]
2026-03-24 14:05:06 TRACE [http-nio-8080-exec-9] o.s.s.w.a.s.CompositeSessionAuthenticationStrategy - Preparing session with ChangeSessionIdAuthenticationStrategy (1/1)
2026-03-24 14:05:06 DEBUG [http-nio-8080-exec-9] o.s.security.web.FilterChainProxy - Secured POST /api/v1/guardians
2026-03-24 14:05:06 DEBUG [http-nio-8080-exec-9] o.s.web.servlet.DispatcherServlet - POST "/api/v1/guardians", parameters={}
2026-03-24 14:05:06 DEBUG [http-nio-8080-exec-9] o.s.w.s.m.m.a.RequestMappingHandlerMapping - Mapped to com.example.ClinicaDefinitiva.infrastructure.rest.controller.actor.GuardianController#create(CreateGuardianRequest, CustomUserDetails)
2026-03-24 14:05:06 DEBUG [http-nio-8080-exec-9] o.s.web.method.HandlerMethod - Could not resolve parameter [0] in public org.springframework.http.ResponseEntity<com.example.ClinicaDefinitiva.infrastructure.rest.dto.actorDto.guardian.ReadGuardianResponse> com.example.ClinicaDefinitiva.infrastructure.rest.controller.actor.GuardianController.create(com.example.ClinicaDefinitiva.infrastructure.rest.dto.actorDto.guardian.CreateGuardianRequest,com.example.ClinicaDefinitiva.infrastructure.security.adapter.CustomUserDetails): Type definition error: [simple type, class org.springframework.data.domain.Page]
2026-03-24 14:05:06 DEBUG [http-nio-8080-exec-9] o.s.w.s.m.m.a.ExceptionHandlerExceptionResolver - Using @ExceptionHandler com.example.ClinicaDefinitiva.infrastructure.rest.advice.GlobalControllerAdvice#handleGenericException(Exception)
2026-03-24 14:05:06 ERROR [http-nio-8080-exec-9] c.e.C.i.r.a.GlobalControllerAdvice - Error interno no manejado [requestId=b0aeff56-6a9d-4f89-9fff-59fe75c71c5c, usuario=admin@test.com]
org.springframework.http.converter.HttpMessageConversionException: Type definition error: [simple type, class org.springframework.data.domain.Page]
	at org.springframework.http.converter.json.AbstractJackson2HttpMessageConverter.readJavaType(AbstractJackson2HttpMessageConverter.java:405)
	at org.springframework.http.converter.json.AbstractJackson2HttpMessageConverter.read(AbstractJackson2HttpMessageConverter.java:356)
	at org.springframework.web.servlet.mvc.method.annotation.AbstractMessageConverterMethodArgumentResolver.readWithMessageConverters(AbstractMessageConverterMethodArgumentResolver.java:204)
	at org.springframework.web.servlet.mvc.method.annotation.RequestResponseBodyMethodProcessor.readWithMessageConverters(RequestResponseBodyMethodProcessor.java:176)
	at org.springframework.web.servlet.mvc.method.annotation.RequestResponseBodyMethodProcessor.resolveArgument(RequestResponseBodyMethodProcessor.java:150)
	at org.springframework.web.method.support.HandlerMethodArgumentResolverComposite.resolveArgument(HandlerMethodArgumentResolverComposite.java:122)
	at org.springframework.web.method.support.InvocableHandlerMethod.getMethodArgumentValues(InvocableHandlerMethod.java:227)
	at org.springframework.web.method.support.InvocableHandlerMethod.invokeForRequest(InvocableHandlerMethod.java:181)
	at org.springframework.web.servlet.mvc.method.annotation.ServletInvocableHandlerMethod.invokeAndHandle(ServletInvocableHandlerMethod.java:118)
	at org.springframework.web.servlet.mvc.method.annotation.RequestMappingHandlerAdapter.invokeHandlerMethod(RequestMappingHandlerAdapter.java:986)
	at org.springframework.web.servlet.mvc.method.annotation.RequestMappingHandlerAdapter.handleInternal(RequestMappingHandlerAdapter.java:891)
	at org.springframework.web.servlet.mvc.method.AbstractHandlerMethodAdapter.handle(AbstractHandlerMethodAdapter.java:87)
	at org.springframework.web.servlet.DispatcherServlet.doDispatch(DispatcherServlet.java:1089)
	at org.springframework.web.servlet.DispatcherServlet.doService(DispatcherServlet.java:979)
	at org.springframework.web.servlet.FrameworkServlet.processRequest(FrameworkServlet.java:1014)
	at org.springframework.web.servlet.FrameworkServlet.doPost(FrameworkServlet.java:914)
	at jakarta.servlet.http.HttpServlet.service(HttpServlet.java:590)
	at org.springframework.web.servlet.FrameworkServlet.service(FrameworkServlet.java:885)
	at jakarta.servlet.http.HttpServlet.service(HttpServlet.java:658)
	at org.apache.catalina.core.ApplicationFilterChain.internalDoFilter(ApplicationFilterChain.java:195)
	at org.apache.catalina.core.ApplicationFilterChain.doFilter(ApplicationFilterChain.java:140)
	at org.apache.tomcat.websocket.server.WsFilter.doFilter(WsFilter.java:51)
	at org.apache.catalina.core.ApplicationFilterChain.internalDoFilter(ApplicationFilterChain.java:164)
	at org.apache.catalina.core.ApplicationFilterChain.doFilter(ApplicationFilterChain.java:140)
	at com.example.ClinicaDefinitiva.util.RequestIdFilter.doFilterInternal(RequestIdFilter.java:76)
	at org.springframework.web.filter.OncePerRequestFilter.doFilter(OncePerRequestFilter.java:116)
	at org.apache.catalina.core.ApplicationFilterChain.internalDoFilter(ApplicationFilterChain.java:164)
	at org.apache.catalina.core.ApplicationFilterChain.doFilter(ApplicationFilterChain.java:140)
	at org.springframework.web.filter.CompositeFilter$VirtualFilterChain.doFilter(CompositeFilter.java:108)
	at org.springframework.web.filter.CompositeFilter$VirtualFilterChain.doFilter(CompositeFilter.java:108)
	at org.springframework.security.web.FilterChainProxy.lambda$doFilterInternal$3(FilterChainProxy.java:231)
	at org.springframework.security.web.ObservationFilterChainDecorator$FilterObservation$SimpleFilterObservation.lambda$wrap$1(ObservationFilterChainDecorator.java:479)
	at org.springframework.security.web.ObservationFilterChainDecorator$AroundFilterObservation$SimpleAroundFilterObservation.lambda$wrap$1(ObservationFilterChainDecorator.java:340)
	at org.springframework.security.web.ObservationFilterChainDecorator.lambda$wrapSecured$0(ObservationFilterChainDecorator.java:82)
	at org.springframework.security.web.ObservationFilterChainDecorator$VirtualFilterChain.doFilter(ObservationFilterChainDecorator.java:128)
	at org.springframework.security.web.access.intercept.AuthorizationFilter.doFilter(AuthorizationFilter.java:101)
	at org.springframework.security.web.ObservationFilterChainDecorator$ObservationFilter.wrapFilter(ObservationFilterChainDecorator.java:240)
	at org.springframework.security.web.ObservationFilterChainDecorator$ObservationFilter.doFilter(ObservationFilterChainDecorator.java:227)
	at org.springframework.security.web.ObservationFilterChainDecorator$VirtualFilterChain.doFilter(ObservationFilterChainDecorator.java:137)
	at org.springframework.security.web.access.ExceptionTranslationFilter.doFilter(ExceptionTranslationFilter.java:125)
	at org.springframework.security.web.access.ExceptionTranslationFilter.doFilter(ExceptionTranslationFilter.java:119)
	at org.springframework.security.web.ObservationFilterChainDecorator$ObservationFilter.wrapFilter(ObservationFilterChainDecorator.java:240)
	at org.springframework.security.web.ObservationFilterChainDecorator$ObservationFilter.doFilter(ObservationFilterChainDecorator.java:227)
	at org.springframework.security.web.ObservationFilterChainDecorator$VirtualFilterChain.doFilter(ObservationFilterChainDecorator.java:137)
	at org.springframework.security.web.session.SessionManagementFilter.doFilter(SessionManagementFilter.java:131)
	at org.springframework.security.web.session.SessionManagementFilter.doFilter(SessionManagementFilter.java:85)
	at org.springframework.security.web.ObservationFilterChainDecorator$ObservationFilter.wrapFilter(ObservationFilterChainDecorator.java:240)
	at org.springframework.security.web.ObservationFilterChainDecorator$ObservationFilter.doFilter(ObservationFilterChainDecorator.java:227)
	at org.springframework.security.web.ObservationFilterChainDecorator$VirtualFilterChain.doFilter(ObservationFilterChainDecorator.java:137)
	at org.springframework.security.web.authentication.AnonymousAuthenticationFilter.doFilter(AnonymousAuthenticationFilter.java:100)
	at org.springframework.security.web.ObservationFilterChainDecorator$ObservationFilter.wrapFilter(ObservationFilterChainDecorator.java:240)
	at org.springframework.security.web.ObservationFilterChainDecorator$ObservationFilter.doFilter(ObservationFilterChainDecorator.java:227)
	at org.springframework.security.web.ObservationFilterChainDecorator$VirtualFilterChain.doFilter(ObservationFilterChainDecorator.java:137)
	at org.springframework.security.web.servletapi.SecurityContextHolderAwareRequestFilter.doFilter(SecurityContextHolderAwareRequestFilter.java:179)
	at org.springframework.security.web.ObservationFilterChainDecorator$ObservationFilter.wrapFilter(ObservationFilterChainDecorator.java:240)
	at org.springframework.security.web.ObservationFilterChainDecorator$ObservationFilter.doFilter(ObservationFilterChainDecorator.java:227)
	at org.springframework.security.web.ObservationFilterChainDecorator$VirtualFilterChain.doFilter(ObservationFilterChainDecorator.java:137)
	at org.springframework.security.web.savedrequest.RequestCacheAwareFilter.doFilter(RequestCacheAwareFilter.java:63)
	at org.springframework.security.web.ObservationFilterChainDecorator$ObservationFilter.wrapFilter(ObservationFilterChainDecorator.java:240)
	at org.springframework.security.web.ObservationFilterChainDecorator$ObservationFilter.doFilter(ObservationFilterChainDecorator.java:227)
	at org.springframework.security.web.ObservationFilterChainDecorator$VirtualFilterChain.doFilter(ObservationFilterChainDecorator.java:137)
	at com.example.ClinicaDefinitiva.infrastructure.security.filter.JwtAuthenticationFilter.doFilterInternal(JwtAuthenticationFilter.java:40)
	at org.springframework.web.filter.OncePerRequestFilter.doFilter(OncePerRequestFilter.java:116)
	at org.springframework.security.web.ObservationFilterChainDecorator$ObservationFilter.wrapFilter(ObservationFilterChainDecorator.java:240)
	at org.springframework.security.web.ObservationFilterChainDecorator$ObservationFilter.doFilter(ObservationFilterChainDecorator.java:227)
	at org.springframework.security.web.ObservationFilterChainDecorator$VirtualFilterChain.doFilter(ObservationFilterChainDecorator.java:137)
	at org.springframework.security.web.authentication.logout.LogoutFilter.doFilter(LogoutFilter.java:107)
	at org.springframework.security.web.authentication.logout.LogoutFilter.doFilter(LogoutFilter.java:93)
	at org.springframework.security.web.ObservationFilterChainDecorator$ObservationFilter.wrapFilter(ObservationFilterChainDecorator.java:240)
	at org.springframework.security.web.ObservationFilterChainDecorator$ObservationFilter.doFilter(ObservationFilterChainDecorator.java:227)
	at org.springframework.security.web.ObservationFilterChainDecorator$VirtualFilterChain.doFilter(ObservationFilterChainDecorator.java:137)
	at org.springframework.security.web.header.HeaderWriterFilter.doHeadersAfter(HeaderWriterFilter.java:90)
	at org.springframework.security.web.header.HeaderWriterFilter.doFilterInternal(HeaderWriterFilter.java:75)
	at org.springframework.web.filter.OncePerRequestFilter.doFilter(OncePerRequestFilter.java:116)
	at org.springframework.security.web.ObservationFilterChainDecorator$ObservationFilter.wrapFilter(ObservationFilterChainDecorator.java:240)
	at org.springframework.security.web.ObservationFilterChainDecorator$ObservationFilter.doFilter(ObservationFilterChainDecorator.java:227)
	at org.springframework.security.web.ObservationFilterChainDecorator$VirtualFilterChain.doFilter(ObservationFilterChainDecorator.java:137)
	at org.springframework.security.web.context.SecurityContextHolderFilter.doFilter(SecurityContextHolderFilter.java:82)
	at org.springframework.security.web.context.SecurityContextHolderFilter.doFilter(SecurityContextHolderFilter.java:69)
	at org.springframework.security.web.ObservationFilterChainDecorator$ObservationFilter.wrapFilter(ObservationFilterChainDecorator.java:240)
	at org.springframework.security.web.ObservationFilterChainDecorator$ObservationFilter.doFilter(ObservationFilterChainDecorator.java:227)
	at org.springframework.security.web.ObservationFilterChainDecorator$VirtualFilterChain.doFilter(ObservationFilterChainDecorator.java:137)
	at org.springframework.security.web.context.request.async.WebAsyncManagerIntegrationFilter.doFilterInternal(WebAsyncManagerIntegrationFilter.java:62)
	at org.springframework.web.filter.OncePerRequestFilter.doFilter(OncePerRequestFilter.java:116)
	at org.springframework.security.web.ObservationFilterChainDecorator$ObservationFilter.wrapFilter(ObservationFilterChainDecorator.java:240)
	at org.springframework.security.web.ObservationFilterChainDecorator$ObservationFilter.doFilter(ObservationFilterChainDecorator.java:227)
	at org.springframework.security.web.ObservationFilterChainDecorator$VirtualFilterChain.doFilter(ObservationFilterChainDecorator.java:137)
	at org.springframework.security.web.session.DisableEncodeUrlFilter.doFilterInternal(DisableEncodeUrlFilter.java:42)
	at org.springframework.web.filter.OncePerRequestFilter.doFilter(OncePerRequestFilter.java:116)
	at org.springframework.security.web.ObservationFilterChainDecorator$ObservationFilter.wrapFilter(ObservationFilterChainDecorator.java:240)
	at org.springframework.security.web.ObservationFilterChainDecorator$AroundFilterObservation$SimpleAroundFilterObservation.lambda$wrap$0(ObservationFilterChainDecorator.java:323)
	at org.springframework.security.web.ObservationFilterChainDecorator$ObservationFilter.doFilter(ObservationFilterChainDecorator.java:224)
	at org.springframework.security.web.ObservationFilterChainDecorator$VirtualFilterChain.doFilter(ObservationFilterChainDecorator.java:137)
	at org.springframework.security.web.FilterChainProxy.doFilterInternal(FilterChainProxy.java:233)
	at org.springframework.security.web.FilterChainProxy.doFilter(FilterChainProxy.java:191)
	at org.springframework.web.filter.CompositeFilter$VirtualFilterChain.doFilter(CompositeFilter.java:113)
	at org.springframework.web.filter.ServletRequestPathFilter.doFilter(ServletRequestPathFilter.java:52)
	at org.springframework.web.filter.CompositeFilter$VirtualFilterChain.doFilter(CompositeFilter.java:113)
	at org.springframework.web.filter.CompositeFilter.doFilter(CompositeFilter.java:74)
	at org.springframework.security.config.annotation.web.configuration.WebSecurityConfiguration$CompositeFilterChainProxy.doFilter(WebSecurityConfiguration.java:319)
	at org.springframework.web.filter.CompositeFilter$VirtualFilterChain.doFilter(CompositeFilter.java:113)
	at org.springframework.web.servlet.handler.HandlerMappingIntrospector.lambda$createCacheFilter$3(HandlerMappingIntrospector.java:243)
	at org.springframework.web.filter.CompositeFilter$VirtualFilterChain.doFilter(CompositeFilter.java:113)
	at org.springframework.web.filter.CompositeFilter.doFilter(CompositeFilter.java:74)
	at org.springframework.security.config.annotation.web.configuration.WebMvcSecurityConfiguration$CompositeFilterChainProxy.doFilter(WebMvcSecurityConfiguration.java:240)
	at org.springframework.web.filter.DelegatingFilterProxy.invokeDelegate(DelegatingFilterProxy.java:362)
	at org.springframework.web.filter.DelegatingFilterProxy.doFilter(DelegatingFilterProxy.java:278)
	at org.apache.catalina.core.ApplicationFilterChain.internalDoFilter(ApplicationFilterChain.java:164)
	at org.apache.catalina.core.ApplicationFilterChain.doFilter(ApplicationFilterChain.java:140)
	at org.springframework.web.filter.RequestContextFilter.doFilterInternal(RequestContextFilter.java:100)
	at org.springframework.web.filter.OncePerRequestFilter.doFilter(OncePerRequestFilter.java:116)
	at org.apache.catalina.core.ApplicationFilterChain.internalDoFilter(ApplicationFilterChain.java:164)
	at org.apache.catalina.core.ApplicationFilterChain.doFilter(ApplicationFilterChain.java:140)
	at org.springframework.web.filter.FormContentFilter.doFilterInternal(FormContentFilter.java:93)
	at org.springframework.web.filter.OncePerRequestFilter.doFilter(OncePerRequestFilter.java:116)
	at org.apache.catalina.core.ApplicationFilterChain.internalDoFilter(ApplicationFilterChain.java:164)
	at org.apache.catalina.core.ApplicationFilterChain.doFilter(ApplicationFilterChain.java:140)
	at org.springframework.web.filter.ServerHttpObservationFilter.doFilterInternal(ServerHttpObservationFilter.java:114)
	at org.springframework.web.filter.OncePerRequestFilter.doFilter(OncePerRequestFilter.java:116)
	at org.apache.catalina.core.ApplicationFilterChain.internalDoFilter(ApplicationFilterChain.java:164)
	at org.apache.catalina.core.ApplicationFilterChain.doFilter(ApplicationFilterChain.java:140)
	at org.springframework.web.filter.CharacterEncodingFilter.doFilterInternal(CharacterEncodingFilter.java:201)
	at org.springframework.web.filter.OncePerRequestFilter.doFilter(OncePerRequestFilter.java:116)
	at org.apache.catalina.core.ApplicationFilterChain.internalDoFilter(ApplicationFilterChain.java:164)
	at org.apache.catalina.core.ApplicationFilterChain.doFilter(ApplicationFilterChain.java:140)
	at org.apache.catalina.core.StandardWrapperValve.invoke(StandardWrapperValve.java:167)
	at org.apache.catalina.core.StandardContextValve.invoke(StandardContextValve.java:90)
	at org.apache.catalina.authenticator.AuthenticatorBase.invoke(AuthenticatorBase.java:483)
	at org.apache.catalina.core.StandardHostValve.invoke(StandardHostValve.java:116)
	at org.apache.catalina.valves.ErrorReportValve.invoke(ErrorReportValve.java:93)
	at org.apache.catalina.core.StandardEngineValve.invoke(StandardEngineValve.java:74)
	at org.apache.catalina.connector.CoyoteAdapter.service(CoyoteAdapter.java:344)
	at org.apache.coyote.http11.Http11Processor.service(Http11Processor.java:398)
	at org.apache.coyote.AbstractProcessorLight.process(AbstractProcessorLight.java:63)
	at org.apache.coyote.AbstractProtocol$ConnectionHandler.process(AbstractProtocol.java:903)
	at org.apache.tomcat.util.net.NioEndpoint$SocketProcessor.doRun(NioEndpoint.java:1740)
	at org.apache.tomcat.util.net.SocketProcessorBase.run(SocketProcessorBase.java:52)
	at org.apache.tomcat.util.threads.ThreadPoolExecutor.runWorker(ThreadPoolExecutor.java:1189)
	at org.apache.tomcat.util.threads.ThreadPoolExecutor$Worker.run(ThreadPoolExecutor.java:658)
	at org.apache.tomcat.util.threads.TaskThread$WrappingRunnable.run(TaskThread.java:63)
	at java.base/java.lang.Thread.run(Thread.java:842)
Caused by: com.fasterxml.jackson.databind.exc.InvalidDefinitionException: Cannot construct instance of `org.springframework.data.domain.Page` (no Creators, like default constructor, exist): abstract types either need to be mapped to concrete types, have custom deserializer, or contain additional type information
 at [Source: REDACTED (`StreamReadFeature.INCLUDE_SOURCE_IN_LOCATION` disabled); line: 4, column: 20] (through reference chain: com.example.ClinicaDefinitiva.infrastructure.rest.dto.actorDto.guardian.CreateGuardianRequest["patientList"])
	at com.fasterxml.jackson.databind.exc.InvalidDefinitionException.from(InvalidDefinitionException.java:67)
	at com.fasterxml.jackson.databind.DeserializationContext.reportBadDefinition(DeserializationContext.java:1915)
	at com.fasterxml.jackson.databind.DatabindContext.reportBadDefinition(DatabindContext.java:415)
	at com.fasterxml.jackson.databind.DeserializationContext.handleMissingInstantiator(DeserializationContext.java:1402)
	at com.fasterxml.jackson.databind.deser.AbstractDeserializer.deserialize(AbstractDeserializer.java:273)
	at com.fasterxml.jackson.databind.deser.SettableBeanProperty.deserialize(SettableBeanProperty.java:543)
	at com.fasterxml.jackson.databind.deser.BeanDeserializer._deserializeWithErrorWrapping(BeanDeserializer.java:587)
	at com.fasterxml.jackson.databind.deser.BeanDeserializer._deserializeUsingPropertyBased(BeanDeserializer.java:440)
	at com.fasterxml.jackson.databind.deser.BeanDeserializerBase.deserializeFromObjectUsingNonDefault(BeanDeserializerBase.java:1499)
	at com.fasterxml.jackson.databind.deser.BeanDeserializer.deserializeFromObject(BeanDeserializer.java:340)
	at com.fasterxml.jackson.databind.deser.BeanDeserializer.deserialize(BeanDeserializer.java:177)
	at com.fasterxml.jackson.databind.deser.DefaultDeserializationContext.readRootValue(DefaultDeserializationContext.java:342)
	at com.fasterxml.jackson.databind.ObjectReader._bindAndClose(ObjectReader.java:2130)
	at com.fasterxml.jackson.databind.ObjectReader.readValue(ObjectReader.java:1500)
	at org.springframework.http.converter.json.AbstractJackson2HttpMessageConverter.readJavaType(AbstractJackson2HttpMessageConverter.java:397)
	... 140 common frames omitted
2026-03-24 14:05:06 DEBUG [http-nio-8080-exec-9] o.s.w.s.m.m.a.HttpEntityMethodProcessor - Using 'application/json', given [*/*] and supported [application/json, application/*+json]
2026-03-24 14:05:06 DEBUG [http-nio-8080-exec-9] o.s.w.s.m.m.a.HttpEntityMethodProcessor - Writing [com.example.ClinicaDefinitiva.infrastructure.rest.dto.ErrorResponse@5a6b92f5]
2026-03-24 14:05:06 DEBUG [http-nio-8080-exec-9] o.s.w.s.m.m.a.ExceptionHandlerExceptionResolver - Resolved [org.springframework.http.converter.HttpMessageConversionException: Type definition error: [simple type, class org.springframework.data.domain.Page]]
2026-03-24 14:05:06 DEBUG [http-nio-8080-exec-9] o.s.web.servlet.DispatcherServlet - Completed 500 INTERNAL_SERVER_ERROR
2026-03-24 14:12:39 DEBUG [http-nio-8080-exec-2] o.s.security.web.FilterChainProxy - Securing PATCH /api/v1/guardians/5/contact
2026-03-24 14:12:39 TRACE [http-nio-8080-exec-2] o.s.s.w.a.logout.LogoutFilter - Did not match request to Or [Ant [pattern='/logout', GET], Ant [pattern='/logout', POST], Ant [pattern='/logout', PUT], Ant [pattern='/logout', DELETE]]
2026-03-24 14:12:39 TRACE [http-nio-8080-exec-2] o.s.s.w.a.AnonymousAuthenticationFilter - Did not set SecurityContextHolder since already authenticated UsernamePasswordAuthenticationToken [Principal=com.example.ClinicaDefinitiva.infrastructure.security.adapter.CustomUserDetails@7b7394f8, Credentials=[PROTECTED], Authenticated=true, Details=null, Granted Authorities=[UPDATE_COMPANY, UPDATE_INVOICE, CREATE_ASSIGNMENT, UPDATE_GUARDIAN, CLONE_ROLE_ROLE, CANCEL_APPOINTMENT, UPDATE_JOURNAL_ENTRY, REVERSE_JOURNAL_ENTRY, CREATE_CONTRACT, DELETE_APPOINTMENT, RESCHEDULE_APPOINTMENT, SET_PERMISSIONS_ROLE, CREATE_PATIENT, READ_USER_IDENTITY, IS_CURRENTLY_ACTIVE_ASSIGNMENT, READ_RATE, ACTIVATE_ROLE_ROLE, DELETE_ROLE_ROLE, READ_APPOINTMENT, READ_DENTIST, CREATE_COMPANY, VIEW_ROLE_ROLE, SCHEDULE_APPOINTMENT, ROLE_RECEPTIONIST, DELETE_INVOICE, CREATE_CUSTOM_ROLE_ROLE, UPDATE_PAYMENT, CREATE_DENTIST, CHECK_PERMISSION_ROLE, READ_PATIENT, READ_ADMINISTRATIVE_REPORT, CREATE_APPOINTMENT, VIEW_ASSIGNMENT_ASSIGNMENT, READ_CONTRACT, DELETE_ADMINISTRATIVE_REPORT, DEACTIVATE_USER_IDENTITY, REVERSE_INVOICE, DEACTIVATE_ROLE_ROLE, APPROVE_INVOICE, READ_PROVIDED_SERVICE, REVOKE_ASSIGNMENT, READ_AVAILABILITY, READ_RECEPTIONIST, DELETE_RATE, UPDATE_PRIMARY_ASSIGNMENT, UPDATE_DENTIST, CREATE_USER_IDENTITY, DELETE_CONTRACT, DELETE_PAYMENT, DELETE_ASSIGNMENT, READ_COMPANY, UPDATE_ADMINISTRATIVE_REPORT, REMOVE_PERMISSION_ROLE, CREATE_PAYMENT, UPDATE_USER_IDENTITY, ADD_PERMISSION_ROLE, READ_GUARDIAN, UPDATE_CONTRACT, DELETE_COMPANY, IS_ACTIVE_AT_ASSIGNMENT, DELETE_DENTIST, READ_ASSIGNMENT, POST_INVOICE, REVOKE_ALL_ASSIGNMENT, CREATE_JOURNAL_ENTRY, CREATE_ADMINISTRATIVE_REPORT, UPDATE_ASSIGNMENT, READ_SHIFT, POST_JOURNAL_ENTRY, CREATE_GUARDIAN, ROLE_ADMINISTRATOR, CREATE_TEMPORARY_ASSIGNMENT, READ_PAYMENT, CREATE_RATE, EXTEND_ASSIGNMENT_ASSIGNMENT, READ_INVOICE, REACTIVATE_USER_IDENTITY, UPDATE_APPOINTMENT, UPDATE_RATE, DELETE_JOURNAL_ENTRY, CREATE_SHIFT, READ_JOURNAL_ENTRY, MARK_DELETED_ROLE_ROLE, CREATE_INVOICE, UPDATE_SHIFT, SUSPEND_ROLE_ROLE, UPDATE_PATIENT, UPDATE_PROVIDED_SERVICE, SUSPEND_USER_IDENTITY]]
2026-03-24 14:12:39 TRACE [http-nio-8080-exec-2] o.s.s.w.a.s.CompositeSessionAuthenticationStrategy - Preparing session with ChangeSessionIdAuthenticationStrategy (1/1)
2026-03-24 14:12:39 DEBUG [http-nio-8080-exec-2] o.s.security.web.FilterChainProxy - Secured PATCH /api/v1/guardians/5/contact
2026-03-24 14:12:39 DEBUG [http-nio-8080-exec-2] o.s.web.servlet.DispatcherServlet - PATCH "/api/v1/guardians/5/contact", parameters={}
2026-03-24 14:12:39 DEBUG [http-nio-8080-exec-2] o.s.w.s.m.m.a.RequestMappingHandlerMapping - Mapped to com.example.ClinicaDefinitiva.infrastructure.rest.controller.actor.GuardianController#updateContact(Long, UpdateGuardianContactRequest, CustomUserDetails)
2026-03-24 14:12:39 DEBUG [http-nio-8080-exec-2] o.s.web.method.HandlerMethod - Could not resolve parameter [1] in public org.springframework.http.ResponseEntity<com.example.ClinicaDefinitiva.infrastructure.rest.dto.actorDto.guardian.ReadGuardianResponse> com.example.ClinicaDefinitiva.infrastructure.rest.controller.actor.GuardianController.updateContact(java.lang.Long,com.example.ClinicaDefinitiva.infrastructure.rest.dto.actorDto.guardian.UpdateGuardianContactRequest,com.example.ClinicaDefinitiva.infrastructure.security.adapter.CustomUserDetails): Content-Type 'text/plain;charset=UTF-8' is not supported
2026-03-24 14:12:39 DEBUG [http-nio-8080-exec-2] o.s.w.s.m.m.a.ExceptionHandlerExceptionResolver - Using @ExceptionHandler com.example.ClinicaDefinitiva.infrastructure.rest.advice.GlobalControllerAdvice#handleUnsupportedMediaType(HttpMediaTypeNotSupportedException)
2026-03-24 14:12:39 WARN  [http-nio-8080-exec-2] c.e.C.i.r.a.GlobalControllerAdvice - Media type no soportado [requestId=57be7f80-6c92-4813-9c9f-8826d2b42b56, usuario=admin@test.com]: Content-Type 'text/plain;charset=UTF-8' is not supported
2026-03-24 14:12:39 DEBUG [http-nio-8080-exec-2] o.s.w.s.m.m.a.HttpEntityMethodProcessor - Using 'application/json', given [*/*] and supported [application/json, application/*+json]
2026-03-24 14:12:39 DEBUG [http-nio-8080-exec-2] o.s.w.s.m.m.a.HttpEntityMethodProcessor - Writing [com.example.ClinicaDefinitiva.infrastructure.rest.dto.ErrorResponse@12701785]
2026-03-24 14:12:39 DEBUG [http-nio-8080-exec-2] o.s.w.s.m.m.a.ExceptionHandlerExceptionResolver - Resolved [org.springframework.web.HttpMediaTypeNotSupportedException: Content-Type 'text/plain;charset=UTF-8' is not supported]
2026-03-24 14:12:39 DEBUG [http-nio-8080-exec-2] o.s.web.servlet.DispatcherServlet - Completed 415 UNSUPPORTED_MEDIA_TYPE
2026-03-24 14:21:35 DEBUG [http-nio-8080-exec-5] o.s.security.web.FilterChainProxy - Securing POST /api/v1/patients
2026-03-24 14:21:35 TRACE [http-nio-8080-exec-5] o.s.s.w.a.logout.LogoutFilter - Did not match request to Or [Ant [pattern='/logout', GET], Ant [pattern='/logout', POST], Ant [pattern='/logout', PUT], Ant [pattern='/logout', DELETE]]
2026-03-24 14:21:36 TRACE [http-nio-8080-exec-5] o.s.s.w.a.AnonymousAuthenticationFilter - Did not set SecurityContextHolder since already authenticated UsernamePasswordAuthenticationToken [Principal=com.example.ClinicaDefinitiva.infrastructure.security.adapter.CustomUserDetails@4ad4f31e, Credentials=[PROTECTED], Authenticated=true, Details=null, Granted Authorities=[UPDATE_COMPANY, UPDATE_INVOICE, CREATE_ASSIGNMENT, UPDATE_GUARDIAN, CLONE_ROLE_ROLE, CANCEL_APPOINTMENT, UPDATE_JOURNAL_ENTRY, REVERSE_JOURNAL_ENTRY, CREATE_CONTRACT, DELETE_APPOINTMENT, RESCHEDULE_APPOINTMENT, SET_PERMISSIONS_ROLE, CREATE_PATIENT, READ_USER_IDENTITY, IS_CURRENTLY_ACTIVE_ASSIGNMENT, READ_RATE, ACTIVATE_ROLE_ROLE, DELETE_ROLE_ROLE, READ_APPOINTMENT, READ_DENTIST, CREATE_COMPANY, VIEW_ROLE_ROLE, SCHEDULE_APPOINTMENT, ROLE_RECEPTIONIST, DELETE_INVOICE, CREATE_CUSTOM_ROLE_ROLE, UPDATE_PAYMENT, CREATE_DENTIST, CHECK_PERMISSION_ROLE, READ_PATIENT, READ_ADMINISTRATIVE_REPORT, CREATE_APPOINTMENT, VIEW_ASSIGNMENT_ASSIGNMENT, READ_CONTRACT, DELETE_ADMINISTRATIVE_REPORT, DEACTIVATE_USER_IDENTITY, REVERSE_INVOICE, DEACTIVATE_ROLE_ROLE, APPROVE_INVOICE, READ_PROVIDED_SERVICE, REVOKE_ASSIGNMENT, READ_AVAILABILITY, READ_RECEPTIONIST, DELETE_RATE, UPDATE_PRIMARY_ASSIGNMENT, UPDATE_DENTIST, CREATE_USER_IDENTITY, DELETE_CONTRACT, DELETE_PAYMENT, DELETE_ASSIGNMENT, READ_COMPANY, UPDATE_ADMINISTRATIVE_REPORT, REMOVE_PERMISSION_ROLE, CREATE_PAYMENT, UPDATE_USER_IDENTITY, ADD_PERMISSION_ROLE, READ_GUARDIAN, UPDATE_CONTRACT, DELETE_COMPANY, IS_ACTIVE_AT_ASSIGNMENT, DELETE_DENTIST, READ_ASSIGNMENT, POST_INVOICE, REVOKE_ALL_ASSIGNMENT, CREATE_JOURNAL_ENTRY, CREATE_ADMINISTRATIVE_REPORT, UPDATE_ASSIGNMENT, READ_SHIFT, POST_JOURNAL_ENTRY, CREATE_GUARDIAN, ROLE_ADMINISTRATOR, CREATE_TEMPORARY_ASSIGNMENT, READ_PAYMENT, CREATE_RATE, EXTEND_ASSIGNMENT_ASSIGNMENT, READ_INVOICE, REACTIVATE_USER_IDENTITY, UPDATE_APPOINTMENT, UPDATE_RATE, DELETE_JOURNAL_ENTRY, CREATE_SHIFT, READ_JOURNAL_ENTRY, MARK_DELETED_ROLE_ROLE, CREATE_INVOICE, UPDATE_SHIFT, SUSPEND_ROLE_ROLE, UPDATE_PATIENT, UPDATE_PROVIDED_SERVICE, SUSPEND_USER_IDENTITY]]
2026-03-24 14:21:36 TRACE [http-nio-8080-exec-5] o.s.s.w.a.s.CompositeSessionAuthenticationStrategy - Preparing session with ChangeSessionIdAuthenticationStrategy (1/1)
2026-03-24 14:21:36 DEBUG [http-nio-8080-exec-5] o.s.security.web.FilterChainProxy - Secured POST /api/v1/patients
2026-03-24 14:21:36 DEBUG [http-nio-8080-exec-5] o.s.web.servlet.DispatcherServlet - POST "/api/v1/patients", parameters={}
2026-03-24 14:21:36 DEBUG [http-nio-8080-exec-5] o.s.w.s.m.m.a.RequestMappingHandlerMapping - Mapped to com.example.ClinicaDefinitiva.infrastructure.rest.controller.actor.PatientController#create(CreatePatientRequest, CustomUserDetails)
2026-03-24 14:21:36 DEBUG [http-nio-8080-exec-5] o.s.web.method.HandlerMethod - Could not resolve parameter [0] in public org.springframework.http.ResponseEntity<com.example.ClinicaDefinitiva.infrastructure.rest.dto.actorDto.patient.ReadPatientResponse> com.example.ClinicaDefinitiva.infrastructure.rest.controller.actor.PatientController.create(com.example.ClinicaDefinitiva.infrastructure.rest.dto.actorDto.patient.CreatePatientRequest,com.example.ClinicaDefinitiva.infrastructure.security.adapter.CustomUserDetails): Content-Type 'text/plain;charset=UTF-8' is not supported
2026-03-24 14:21:36 DEBUG [http-nio-8080-exec-5] o.s.w.s.m.m.a.ExceptionHandlerExceptionResolver - Using @ExceptionHandler com.example.ClinicaDefinitiva.infrastructure.rest.advice.GlobalControllerAdvice#handleUnsupportedMediaType(HttpMediaTypeNotSupportedException)
2026-03-24 14:21:36 WARN  [http-nio-8080-exec-5] c.e.C.i.r.a.GlobalControllerAdvice - Media type no soportado [requestId=6018134b-18ad-4dba-9a51-7f4bb90c2b34, usuario=admin@test.com]: Content-Type 'text/plain;charset=UTF-8' is not supported
2026-03-24 14:21:36 DEBUG [http-nio-8080-exec-5] o.s.w.s.m.m.a.HttpEntityMethodProcessor - Using 'application/json', given [*/*] and supported [application/json, application/*+json]
2026-03-24 14:21:36 DEBUG [http-nio-8080-exec-5] o.s.w.s.m.m.a.HttpEntityMethodProcessor - Writing [com.example.ClinicaDefinitiva.infrastructure.rest.dto.ErrorResponse@28f58b05]
2026-03-24 14:21:36 DEBUG [http-nio-8080-exec-5] o.s.w.s.m.m.a.ExceptionHandlerExceptionResolver - Resolved [org.springframework.web.HttpMediaTypeNotSupportedException: Content-Type 'text/plain;charset=UTF-8' is not supported]
2026-03-24 14:21:36 DEBUG [http-nio-8080-exec-5] o.s.web.servlet.DispatcherServlet - Completed 415 UNSUPPORTED_MEDIA_TYPE
2026-03-24 14:22:32 DEBUG [http-nio-8080-exec-6] o.s.security.web.FilterChainProxy - Securing GET /api/v1/patients/44
2026-03-24 14:22:32 TRACE [http-nio-8080-exec-6] o.s.s.w.a.logout.LogoutFilter - Did not match request to Or [Ant [pattern='/logout', GET], Ant [pattern='/logout', POST], Ant [pattern='/logout', PUT], Ant [pattern='/logout', DELETE]]
2026-03-24 14:22:33 TRACE [http-nio-8080-exec-6] o.s.s.w.a.AnonymousAuthenticationFilter - Did not set SecurityContextHolder since already authenticated UsernamePasswordAuthenticationToken [Principal=com.example.ClinicaDefinitiva.infrastructure.security.adapter.CustomUserDetails@1306e770, Credentials=[PROTECTED], Authenticated=true, Details=null, Granted Authorities=[UPDATE_COMPANY, UPDATE_INVOICE, CREATE_ASSIGNMENT, UPDATE_GUARDIAN, CLONE_ROLE_ROLE, CANCEL_APPOINTMENT, UPDATE_JOURNAL_ENTRY, REVERSE_JOURNAL_ENTRY, CREATE_CONTRACT, DELETE_APPOINTMENT, RESCHEDULE_APPOINTMENT, SET_PERMISSIONS_ROLE, CREATE_PATIENT, READ_USER_IDENTITY, IS_CURRENTLY_ACTIVE_ASSIGNMENT, READ_RATE, ACTIVATE_ROLE_ROLE, DELETE_ROLE_ROLE, READ_APPOINTMENT, READ_DENTIST, CREATE_COMPANY, VIEW_ROLE_ROLE, SCHEDULE_APPOINTMENT, ROLE_RECEPTIONIST, DELETE_INVOICE, CREATE_CUSTOM_ROLE_ROLE, UPDATE_PAYMENT, CREATE_DENTIST, CHECK_PERMISSION_ROLE, READ_PATIENT, READ_ADMINISTRATIVE_REPORT, CREATE_APPOINTMENT, VIEW_ASSIGNMENT_ASSIGNMENT, READ_CONTRACT, DELETE_ADMINISTRATIVE_REPORT, DEACTIVATE_USER_IDENTITY, REVERSE_INVOICE, DEACTIVATE_ROLE_ROLE, APPROVE_INVOICE, READ_PROVIDED_SERVICE, REVOKE_ASSIGNMENT, READ_AVAILABILITY, READ_RECEPTIONIST, DELETE_RATE, UPDATE_PRIMARY_ASSIGNMENT, UPDATE_DENTIST, CREATE_USER_IDENTITY, DELETE_CONTRACT, DELETE_PAYMENT, DELETE_ASSIGNMENT, READ_COMPANY, UPDATE_ADMINISTRATIVE_REPORT, REMOVE_PERMISSION_ROLE, CREATE_PAYMENT, UPDATE_USER_IDENTITY, ADD_PERMISSION_ROLE, READ_GUARDIAN, UPDATE_CONTRACT, DELETE_COMPANY, IS_ACTIVE_AT_ASSIGNMENT, DELETE_DENTIST, READ_ASSIGNMENT, POST_INVOICE, REVOKE_ALL_ASSIGNMENT, CREATE_JOURNAL_ENTRY, CREATE_ADMINISTRATIVE_REPORT, UPDATE_ASSIGNMENT, READ_SHIFT, POST_JOURNAL_ENTRY, CREATE_GUARDIAN, ROLE_ADMINISTRATOR, CREATE_TEMPORARY_ASSIGNMENT, READ_PAYMENT, CREATE_RATE, EXTEND_ASSIGNMENT_ASSIGNMENT, READ_INVOICE, REACTIVATE_USER_IDENTITY, UPDATE_APPOINTMENT, UPDATE_RATE, DELETE_JOURNAL_ENTRY, CREATE_SHIFT, READ_JOURNAL_ENTRY, MARK_DELETED_ROLE_ROLE, CREATE_INVOICE, UPDATE_SHIFT, SUSPEND_ROLE_ROLE, UPDATE_PATIENT, UPDATE_PROVIDED_SERVICE, SUSPEND_USER_IDENTITY]]
2026-03-24 14:22:33 TRACE [http-nio-8080-exec-6] o.s.s.w.a.s.CompositeSessionAuthenticationStrategy - Preparing session with ChangeSessionIdAuthenticationStrategy (1/1)
2026-03-24 14:22:33 DEBUG [http-nio-8080-exec-6] o.s.security.web.FilterChainProxy - Secured GET /api/v1/patients/44
2026-03-24 14:22:33 DEBUG [http-nio-8080-exec-6] o.s.web.servlet.DispatcherServlet - GET "/api/v1/patients/44", parameters={}
2026-03-24 14:22:33 DEBUG [http-nio-8080-exec-6] o.s.w.s.m.m.a.RequestMappingHandlerMapping - Mapped to com.example.ClinicaDefinitiva.infrastructure.rest.controller.actor.PatientController#findById(Long, CustomUserDetails)
2026-03-24 14:22:33 DEBUG [http-nio-8080-exec-6] o.s.w.s.m.m.a.ExceptionHandlerExceptionResolver - Using @ExceptionHandler com.example.ClinicaDefinitiva.infrastructure.rest.advice.GlobalControllerAdvice#handleNotFoundException(RuntimeException)
2026-03-24 14:22:33 WARN  [http-nio-8080-exec-6] o.s.w.s.m.m.a.ExceptionHandlerExceptionResolver - Failure in @ExceptionHandler com.example.ClinicaDefinitiva.infrastructure.rest.advice.GlobalControllerAdvice#handleNotFoundException(RuntimeException)
java.lang.NoClassDefFoundError: Could not initialize class com.example.ClinicaDefinitiva.domain.errors.context.EntityContext
	at com.example.ClinicaDefinitiva.infrastructure.rest.advice.GlobalControllerAdvice.getContextForException(GlobalControllerAdvice.java:772)
	at com.example.ClinicaDefinitiva.infrastructure.rest.advice.GlobalControllerAdvice.handleNotFoundException(GlobalControllerAdvice.java:427)
	at java.base/jdk.internal.reflect.NativeMethodAccessorImpl.invoke0(Native Method)
	at java.base/jdk.internal.reflect.NativeMethodAccessorImpl.invoke(NativeMethodAccessorImpl.java:77)
	at java.base/jdk.internal.reflect.DelegatingMethodAccessorImpl.invoke(DelegatingMethodAccessorImpl.java:43)
	at java.base/java.lang.reflect.Method.invoke(Method.java:568)
	at org.springframework.web.method.support.InvocableHandlerMethod.doInvoke(InvocableHandlerMethod.java:258)
	at org.springframework.web.method.support.InvocableHandlerMethod.invokeForRequest(InvocableHandlerMethod.java:191)
	at org.springframework.web.servlet.mvc.method.annotation.ServletInvocableHandlerMethod.invokeAndHandle(ServletInvocableHandlerMethod.java:118)
	at org.springframework.web.servlet.mvc.method.annotation.ExceptionHandlerExceptionResolver.doResolveHandlerMethodException(ExceptionHandlerExceptionResolver.java:471)
	at org.springframework.web.servlet.handler.AbstractHandlerMethodExceptionResolver.doResolveException(AbstractHandlerMethodExceptionResolver.java:73)
	at org.springframework.web.servlet.handler.AbstractHandlerExceptionResolver.resolveException(AbstractHandlerExceptionResolver.java:182)
	at org.springframework.web.servlet.handler.HandlerExceptionResolverComposite.resolveException(HandlerExceptionResolverComposite.java:80)
	at org.springframework.web.servlet.DispatcherServlet.processHandlerException(DispatcherServlet.java:1359)
	at org.springframework.web.servlet.DispatcherServlet.processDispatchResult(DispatcherServlet.java:1161)
	at org.springframework.web.servlet.DispatcherServlet.doDispatch(DispatcherServlet.java:1106)
	at org.springframework.web.servlet.DispatcherServlet.doService(DispatcherServlet.java:979)
	at org.springframework.web.servlet.FrameworkServlet.processRequest(FrameworkServlet.java:1014)
	at org.springframework.web.servlet.FrameworkServlet.doGet(FrameworkServlet.java:903)
	at jakarta.servlet.http.HttpServlet.service(HttpServlet.java:564)
	at org.springframework.web.servlet.FrameworkServlet.service(FrameworkServlet.java:885)
	at jakarta.servlet.http.HttpServlet.service(HttpServlet.java:658)
	at org.apache.catalina.core.ApplicationFilterChain.internalDoFilter(ApplicationFilterChain.java:195)
	at org.apache.catalina.core.ApplicationFilterChain.doFilter(ApplicationFilterChain.java:140)
	at org.apache.tomcat.websocket.server.WsFilter.doFilter(WsFilter.java:51)
	at org.apache.catalina.core.ApplicationFilterChain.internalDoFilter(ApplicationFilterChain.java:164)
	at org.apache.catalina.core.ApplicationFilterChain.doFilter(ApplicationFilterChain.java:140)
	at com.example.ClinicaDefinitiva.util.RequestIdFilter.doFilterInternal(RequestIdFilter.java:76)
	at org.springframework.web.filter.OncePerRequestFilter.doFilter(OncePerRequestFilter.java:116)
	at org.apache.catalina.core.ApplicationFilterChain.internalDoFilter(ApplicationFilterChain.java:164)
	at org.apache.catalina.core.ApplicationFilterChain.doFilter(ApplicationFilterChain.java:140)
	at org.springframework.web.filter.CompositeFilter$VirtualFilterChain.doFilter(CompositeFilter.java:108)
	at org.springframework.web.filter.CompositeFilter$VirtualFilterChain.doFilter(CompositeFilter.java:108)
	at org.springframework.security.web.FilterChainProxy.lambda$doFilterInternal$3(FilterChainProxy.java:231)
	at org.springframework.security.web.ObservationFilterChainDecorator$FilterObservation$SimpleFilterObservation.lambda$wrap$1(ObservationFilterChainDecorator.java:479)
	at org.springframework.security.web.ObservationFilterChainDecorator$AroundFilterObservation$SimpleAroundFilterObservation.lambda$wrap$1(ObservationFilterChainDecorator.java:340)
	at org.springframework.security.web.ObservationFilterChainDecorator.lambda$wrapSecured$0(ObservationFilterChainDecorator.java:82)
	at org.springframework.security.web.ObservationFilterChainDecorator$VirtualFilterChain.doFilter(ObservationFilterChainDecorator.java:128)
	at org.springframework.security.web.access.intercept.AuthorizationFilter.doFilter(AuthorizationFilter.java:101)
	at org.springframework.security.web.ObservationFilterChainDecorator$ObservationFilter.wrapFilter(ObservationFilterChainDecorator.java:240)
	at org.springframework.security.web.ObservationFilterChainDecorator$ObservationFilter.doFilter(ObservationFilterChainDecorator.java:227)
	at org.springframework.security.web.ObservationFilterChainDecorator$VirtualFilterChain.doFilter(ObservationFilterChainDecorator.java:137)
	at org.springframework.security.web.access.ExceptionTranslationFilter.doFilter(ExceptionTranslationFilter.java:125)
	at org.springframework.security.web.access.ExceptionTranslationFilter.doFilter(ExceptionTranslationFilter.java:119)
	at org.springframework.security.web.ObservationFilterChainDecorator$ObservationFilter.wrapFilter(ObservationFilterChainDecorator.java:240)
	at org.springframework.security.web.ObservationFilterChainDecorator$ObservationFilter.doFilter(ObservationFilterChainDecorator.java:227)
	at org.springframework.security.web.ObservationFilterChainDecorator$VirtualFilterChain.doFilter(ObservationFilterChainDecorator.java:137)
	at org.springframework.security.web.session.SessionManagementFilter.doFilter(SessionManagementFilter.java:131)
	at org.springframework.security.web.session.SessionManagementFilter.doFilter(SessionManagementFilter.java:85)
	at org.springframework.security.web.ObservationFilterChainDecorator$ObservationFilter.wrapFilter(ObservationFilterChainDecorator.java:240)
	at org.springframework.security.web.ObservationFilterChainDecorator$ObservationFilter.doFilter(ObservationFilterChainDecorator.java:227)
	at org.springframework.security.web.ObservationFilterChainDecorator$VirtualFilterChain.doFilter(ObservationFilterChainDecorator.java:137)
	at org.springframework.security.web.authentication.AnonymousAuthenticationFilter.doFilter(AnonymousAuthenticationFilter.java:100)
	at org.springframework.security.web.ObservationFilterChainDecorator$ObservationFilter.wrapFilter(ObservationFilterChainDecorator.java:240)
	at org.springframework.security.web.ObservationFilterChainDecorator$ObservationFilter.doFilter(ObservationFilterChainDecorator.java:227)
	at org.springframework.security.web.ObservationFilterChainDecorator$VirtualFilterChain.doFilter(ObservationFilterChainDecorator.java:137)
	at org.springframework.security.web.servletapi.SecurityContextHolderAwareRequestFilter.doFilter(SecurityContextHolderAwareRequestFilter.java:179)
	at org.springframework.security.web.ObservationFilterChainDecorator$ObservationFilter.wrapFilter(ObservationFilterChainDecorator.java:240)
	at org.springframework.security.web.ObservationFilterChainDecorator$ObservationFilter.doFilter(ObservationFilterChainDecorator.java:227)
	at org.springframework.security.web.ObservationFilterChainDecorator$VirtualFilterChain.doFilter(ObservationFilterChainDecorator.java:137)
	at org.springframework.security.web.savedrequest.RequestCacheAwareFilter.doFilter(RequestCacheAwareFilter.java:63)
	at org.springframework.security.web.ObservationFilterChainDecorator$ObservationFilter.wrapFilter(ObservationFilterChainDecorator.java:240)
	at org.springframework.security.web.ObservationFilterChainDecorator$ObservationFilter.doFilter(ObservationFilterChainDecorator.java:227)
	at org.springframework.security.web.ObservationFilterChainDecorator$VirtualFilterChain.doFilter(ObservationFilterChainDecorator.java:137)
	at com.example.ClinicaDefinitiva.infrastructure.security.filter.JwtAuthenticationFilter.doFilterInternal(JwtAuthenticationFilter.java:40)
	at org.springframework.web.filter.OncePerRequestFilter.doFilter(OncePerRequestFilter.java:116)
	at org.springframework.security.web.ObservationFilterChainDecorator$ObservationFilter.wrapFilter(ObservationFilterChainDecorator.java:240)
	at org.springframework.security.web.ObservationFilterChainDecorator$ObservationFilter.doFilter(ObservationFilterChainDecorator.java:227)
	at org.springframework.security.web.ObservationFilterChainDecorator$VirtualFilterChain.doFilter(ObservationFilterChainDecorator.java:137)
	at org.springframework.security.web.authentication.logout.LogoutFilter.doFilter(LogoutFilter.java:107)
	at org.springframework.security.web.authentication.logout.LogoutFilter.doFilter(LogoutFilter.java:93)
	at org.springframework.security.web.ObservationFilterChainDecorator$ObservationFilter.wrapFilter(ObservationFilterChainDecorator.java:240)
	at org.springframework.security.web.ObservationFilterChainDecorator$ObservationFilter.doFilter(ObservationFilterChainDecorator.java:227)
	at org.springframework.security.web.ObservationFilterChainDecorator$VirtualFilterChain.doFilter(ObservationFilterChainDecorator.java:137)
	at org.springframework.security.web.header.HeaderWriterFilter.doHeadersAfter(HeaderWriterFilter.java:90)
	at org.springframework.security.web.header.HeaderWriterFilter.doFilterInternal(HeaderWriterFilter.java:75)
	at org.springframework.web.filter.OncePerRequestFilter.doFilter(OncePerRequestFilter.java:116)
	at org.springframework.security.web.ObservationFilterChainDecorator$ObservationFilter.wrapFilter(ObservationFilterChainDecorator.java:240)
	at org.springframework.security.web.ObservationFilterChainDecorator$ObservationFilter.doFilter(ObservationFilterChainDecorator.java:227)
	at org.springframework.security.web.ObservationFilterChainDecorator$VirtualFilterChain.doFilter(ObservationFilterChainDecorator.java:137)
	at org.springframework.security.web.context.SecurityContextHolderFilter.doFilter(SecurityContextHolderFilter.java:82)
	at org.springframework.security.web.context.SecurityContextHolderFilter.doFilter(SecurityContextHolderFilter.java:69)
	at org.springframework.security.web.ObservationFilterChainDecorator$ObservationFilter.wrapFilter(ObservationFilterChainDecorator.java:240)
	at org.springframework.security.web.ObservationFilterChainDecorator$ObservationFilter.doFilter(ObservationFilterChainDecorator.java:227)
	at org.springframework.security.web.ObservationFilterChainDecorator$VirtualFilterChain.doFilter(ObservationFilterChainDecorator.java:137)
	at org.springframework.security.web.context.request.async.WebAsyncManagerIntegrationFilter.doFilterInternal(WebAsyncManagerIntegrationFilter.java:62)
	at org.springframework.web.filter.OncePerRequestFilter.doFilter(OncePerRequestFilter.java:116)
	at org.springframework.security.web.ObservationFilterChainDecorator$ObservationFilter.wrapFilter(ObservationFilterChainDecorator.java:240)
	at org.springframework.security.web.ObservationFilterChainDecorator$ObservationFilter.doFilter(ObservationFilterChainDecorator.java:227)
	at org.springframework.security.web.ObservationFilterChainDecorator$VirtualFilterChain.doFilter(ObservationFilterChainDecorator.java:137)
	at org.springframework.security.web.session.DisableEncodeUrlFilter.doFilterInternal(DisableEncodeUrlFilter.java:42)
	at org.springframework.web.filter.OncePerRequestFilter.doFilter(OncePerRequestFilter.java:116)
	at org.springframework.security.web.ObservationFilterChainDecorator$ObservationFilter.wrapFilter(ObservationFilterChainDecorator.java:240)
	at org.springframework.security.web.ObservationFilterChainDecorator$AroundFilterObservation$SimpleAroundFilterObservation.lambda$wrap$0(ObservationFilterChainDecorator.java:323)
	at org.springframework.security.web.ObservationFilterChainDecorator$ObservationFilter.doFilter(ObservationFilterChainDecorator.java:224)
	at org.springframework.security.web.ObservationFilterChainDecorator$VirtualFilterChain.doFilter(ObservationFilterChainDecorator.java:137)
	at org.springframework.security.web.FilterChainProxy.doFilterInternal(FilterChainProxy.java:233)
	at org.springframework.security.web.FilterChainProxy.doFilter(FilterChainProxy.java:191)
	at org.springframework.web.filter.CompositeFilter$VirtualFilterChain.doFilter(CompositeFilter.java:113)
	at org.springframework.web.filter.ServletRequestPathFilter.doFilter(ServletRequestPathFilter.java:52)
	at org.springframework.web.filter.CompositeFilter$VirtualFilterChain.doFilter(CompositeFilter.java:113)
	at org.springframework.web.filter.CompositeFilter.doFilter(CompositeFilter.java:74)
	at org.springframework.security.config.annotation.web.configuration.WebSecurityConfiguration$CompositeFilterChainProxy.doFilter(WebSecurityConfiguration.java:319)
	at org.springframework.web.filter.CompositeFilter$VirtualFilterChain.doFilter(CompositeFilter.java:113)
	at org.springframework.web.servlet.handler.HandlerMappingIntrospector.lambda$createCacheFilter$3(HandlerMappingIntrospector.java:243)
	at org.springframework.web.filter.CompositeFilter$VirtualFilterChain.doFilter(CompositeFilter.java:113)
	at org.springframework.web.filter.CompositeFilter.doFilter(CompositeFilter.java:74)
	at org.springframework.security.config.annotation.web.configuration.WebMvcSecurityConfiguration$CompositeFilterChainProxy.doFilter(WebMvcSecurityConfiguration.java:240)
	at org.springframework.web.filter.DelegatingFilterProxy.invokeDelegate(DelegatingFilterProxy.java:362)
	at org.springframework.web.filter.DelegatingFilterProxy.doFilter(DelegatingFilterProxy.java:278)
	at org.apache.catalina.core.ApplicationFilterChain.internalDoFilter(ApplicationFilterChain.java:164)
	at org.apache.catalina.core.ApplicationFilterChain.doFilter(ApplicationFilterChain.java:140)
	at org.springframework.web.filter.RequestContextFilter.doFilterInternal(RequestContextFilter.java:100)
	at org.springframework.web.filter.OncePerRequestFilter.doFilter(OncePerRequestFilter.java:116)
	at org.apache.catalina.core.ApplicationFilterChain.internalDoFilter(ApplicationFilterChain.java:164)
	at org.apache.catalina.core.ApplicationFilterChain.doFilter(ApplicationFilterChain.java:140)
	at org.springframework.web.filter.FormContentFilter.doFilterInternal(FormContentFilter.java:93)
	at org.springframework.web.filter.OncePerRequestFilter.doFilter(OncePerRequestFilter.java:116)
	at org.apache.catalina.core.ApplicationFilterChain.internalDoFilter(ApplicationFilterChain.java:164)
	at org.apache.catalina.core.ApplicationFilterChain.doFilter(ApplicationFilterChain.java:140)
	at org.springframework.web.filter.ServerHttpObservationFilter.doFilterInternal(ServerHttpObservationFilter.java:114)
	at org.springframework.web.filter.OncePerRequestFilter.doFilter(OncePerRequestFilter.java:116)
	at org.apache.catalina.core.ApplicationFilterChain.internalDoFilter(ApplicationFilterChain.java:164)
	at org.apache.catalina.core.ApplicationFilterChain.doFilter(ApplicationFilterChain.java:140)
	at org.springframework.web.filter.CharacterEncodingFilter.doFilterInternal(CharacterEncodingFilter.java:201)
	at org.springframework.web.filter.OncePerRequestFilter.doFilter(OncePerRequestFilter.java:116)
	at org.apache.catalina.core.ApplicationFilterChain.internalDoFilter(ApplicationFilterChain.java:164)
	at org.apache.catalina.core.ApplicationFilterChain.doFilter(ApplicationFilterChain.java:140)
	at org.apache.catalina.core.StandardWrapperValve.invoke(StandardWrapperValve.java:167)
	at org.apache.catalina.core.StandardContextValve.invoke(StandardContextValve.java:90)
	at org.apache.catalina.authenticator.AuthenticatorBase.invoke(AuthenticatorBase.java:483)
	at org.apache.catalina.core.StandardHostValve.invoke(StandardHostValve.java:116)
	at org.apache.catalina.valves.ErrorReportValve.invoke(ErrorReportValve.java:93)
	at org.apache.catalina.core.StandardEngineValve.invoke(StandardEngineValve.java:74)
	at org.apache.catalina.connector.CoyoteAdapter.service(CoyoteAdapter.java:344)
	at org.apache.coyote.http11.Http11Processor.service(Http11Processor.java:398)
	at org.apache.coyote.AbstractProcessorLight.process(AbstractProcessorLight.java:63)
	at org.apache.coyote.AbstractProtocol$ConnectionHandler.process(AbstractProtocol.java:903)
	at org.apache.tomcat.util.net.NioEndpoint$SocketProcessor.doRun(NioEndpoint.java:1740)
	at org.apache.tomcat.util.net.SocketProcessorBase.run(SocketProcessorBase.java:52)
	at org.apache.tomcat.util.threads.ThreadPoolExecutor.runWorker(ThreadPoolExecutor.java:1189)
	at org.apache.tomcat.util.threads.ThreadPoolExecutor$Worker.run(ThreadPoolExecutor.java:658)
	at org.apache.tomcat.util.threads.TaskThread$WrappingRunnable.run(TaskThread.java:63)
	at java.base/java.lang.Thread.run(Thread.java:842)
Caused by: java.lang.ExceptionInInitializerError: Exception java.lang.IllegalArgumentException: No enum constant com.example.ClinicaDefinitiva.domain.errors.context.CodeEntity.SYSTEM [in thread "http-nio-8080-exec-4"]
	at java.base/java.lang.Enum.valueOf(Enum.java:273)
	at com.example.ClinicaDefinitiva.domain.errors.context.CodeEntity.valueOf(CodeEntity.java:3)
	at com.example.ClinicaDefinitiva.domain.errors.context.EntityContext.<clinit>(EntityContext.java:28)
	at com.example.ClinicaDefinitiva.infrastructure.rest.advice.GlobalControllerAdvice.getContextForException(GlobalControllerAdvice.java:770)
	at com.example.ClinicaDefinitiva.infrastructure.rest.advice.GlobalControllerAdvice.handleNotFoundException(GlobalControllerAdvice.java:427)
	at java.base/jdk.internal.reflect.NativeMethodAccessorImpl.invoke0(Native Method)
	at java.base/jdk.internal.reflect.NativeMethodAccessorImpl.invoke(NativeMethodAccessorImpl.java:77)
	at java.base/jdk.internal.reflect.DelegatingMethodAccessorImpl.invoke(DelegatingMethodAccessorImpl.java:43)
	at java.base/java.lang.reflect.Method.invoke(Method.java:568)
	at org.springframework.web.method.support.InvocableHandlerMethod.doInvoke(InvocableHandlerMethod.java:258)
	at org.springframework.web.method.support.InvocableHandlerMethod.invokeForRequest(InvocableHandlerMethod.java:191)
	at org.springframework.web.servlet.mvc.method.annotation.ServletInvocableHandlerMethod.invokeAndHandle(ServletInvocableHandlerMethod.java:118)
	at org.springframework.web.servlet.mvc.method.annotation.ExceptionHandlerExceptionResolver.doResolveHandlerMethodException(ExceptionHandlerExceptionResolver.java:471)
	at org.springframework.web.servlet.handler.AbstractHandlerMethodExceptionResolver.doResolveException(AbstractHandlerMethodExceptionResolver.java:73)
	at org.springframework.web.servlet.handler.AbstractHandlerExceptionResolver.resolveException(AbstractHandlerExceptionResolver.java:182)
	at org.springframework.web.servlet.handler.HandlerExceptionResolverComposite.resolveException(HandlerExceptionResolverComposite.java:80)
	at org.springframework.web.servlet.DispatcherServlet.processHandlerException(DispatcherServlet.java:1359)
	at org.springframework.web.servlet.DispatcherServlet.processDispatchResult(DispatcherServlet.java:1161)
	at org.springframework.web.servlet.DispatcherServlet.doDispatch(DispatcherServlet.java:1106)
	at org.springframework.web.servlet.DispatcherServlet.doService(DispatcherServlet.java:979)
	at org.springframework.web.servlet.FrameworkServlet.processRequest(FrameworkServlet.java:1014)
	at org.springframework.web.servlet.FrameworkServlet.service(FrameworkServlet.java:888)
	... 123 common frames omitted
2026-03-24 14:22:33 DEBUG [http-nio-8080-exec-6] o.s.web.servlet.DispatcherServlet - Failed to complete request: com.example.ClinicaDefinitiva.application.exceptions.actor.PatientNotFoundException
2026-03-24 14:22:33 ERROR [http-nio-8080-exec-6] o.a.c.c.C.[.[.[.[dispatcherServlet] - Servlet.service() for servlet [dispatcherServlet] in context with path [] threw exception [Request processing failed: com.example.ClinicaDefinitiva.application.exceptions.actor.PatientNotFoundException] with root cause
com.example.ClinicaDefinitiva.application.exceptions.actor.PatientNotFoundException: null
	at com.example.ClinicaDefinitiva.application.service.actor.PatientApplicationService.lambda$findById$0(PatientApplicationService.java:65)
	at java.base/java.util.Optional.orElseThrow(Optional.java:403)
	at com.example.ClinicaDefinitiva.application.service.actor.PatientApplicationService.findById(PatientApplicationService.java:65)
	at java.base/jdk.internal.reflect.NativeMethodAccessorImpl.invoke0(Native Method)
	at java.base/jdk.internal.reflect.NativeMethodAccessorImpl.invoke(NativeMethodAccessorImpl.java:77)
	at java.base/jdk.internal.reflect.DelegatingMethodAccessorImpl.invoke(DelegatingMethodAccessorImpl.java:43)
	at java.base/java.lang.reflect.Method.invoke(Method.java:568)
	at org.springframework.aop.support.AopUtils.invokeJoinpointUsingReflection(AopUtils.java:359)
	at org.springframework.aop.framework.ReflectiveMethodInvocation.invokeJoinpoint(ReflectiveMethodInvocation.java:196)
	at org.springframework.aop.framework.ReflectiveMethodInvocation.proceed(ReflectiveMethodInvocation.java:163)
	at org.springframework.aop.aspectj.MethodInvocationProceedingJoinPoint.proceed(MethodInvocationProceedingJoinPoint.java:89)
	at com.example.ClinicaDefinitiva.infrastructure.security.config.AuthorizationAspect.checkPermission(AuthorizationAspect.java:76)
	at java.base/jdk.internal.reflect.NativeMethodAccessorImpl.invoke0(Native Method)
	at java.base/jdk.internal.reflect.NativeMethodAccessorImpl.invoke(NativeMethodAccessorImpl.java:77)
	at java.base/jdk.internal.reflect.DelegatingMethodAccessorImpl.invoke(DelegatingMethodAccessorImpl.java:43)
	at java.base/java.lang.reflect.Method.invoke(Method.java:568)
	at org.springframework.aop.aspectj.AbstractAspectJAdvice.invokeAdviceMethodWithGivenArgs(AbstractAspectJAdvice.java:642)
	at org.springframework.aop.aspectj.AbstractAspectJAdvice.invokeAdviceMethod(AbstractAspectJAdvice.java:632)
	at org.springframework.aop.aspectj.AspectJAroundAdvice.invoke(AspectJAroundAdvice.java:71)
	at org.springframework.aop.framework.ReflectiveMethodInvocation.proceed(ReflectiveMethodInvocation.java:173)
	at org.springframework.transaction.interceptor.TransactionAspectSupport.invokeWithinTransaction(TransactionAspectSupport.java:380)
	at org.springframework.transaction.interceptor.TransactionInterceptor.invoke(TransactionInterceptor.java:119)
	at org.springframework.aop.framework.ReflectiveMethodInvocation.proceed(ReflectiveMethodInvocation.java:184)
	at org.springframework.aop.interceptor.ExposeInvocationInterceptor.invoke(ExposeInvocationInterceptor.java:97)
	at org.springframework.aop.framework.ReflectiveMethodInvocation.proceed(ReflectiveMethodInvocation.java:184)
	at org.springframework.aop.framework.CglibAopProxy$DynamicAdvisedInterceptor.intercept(CglibAopProxy.java:728)
	at com.example.ClinicaDefinitiva.application.service.actor.PatientApplicationService$$SpringCGLIB$$0.findById(<generated>)
	at com.example.ClinicaDefinitiva.infrastructure.rest.controller.actor.PatientController.findById(PatientController.java:52)
	at java.base/jdk.internal.reflect.NativeMethodAccessorImpl.invoke0(Native Method)
	at java.base/jdk.internal.reflect.NativeMethodAccessorImpl.invoke(NativeMethodAccessorImpl.java:77)
	at java.base/jdk.internal.reflect.DelegatingMethodAccessorImpl.invoke(DelegatingMethodAccessorImpl.java:43)
	at java.base/java.lang.reflect.Method.invoke(Method.java:568)
	at org.springframework.aop.support.AopUtils.invokeJoinpointUsingReflection(AopUtils.java:359)
	at org.springframework.aop.framework.ReflectiveMethodInvocation.invokeJoinpoint(ReflectiveMethodInvocation.java:196)
	at org.springframework.aop.framework.ReflectiveMethodInvocation.proceed(ReflectiveMethodInvocation.java:163)
	at org.springframework.validation.beanvalidation.MethodValidationInterceptor.invoke(MethodValidationInterceptor.java:174)
	at org.springframework.aop.framework.ReflectiveMethodInvocation.proceed(ReflectiveMethodInvocation.java:184)
	at org.springframework.aop.framework.CglibAopProxy$DynamicAdvisedInterceptor.intercept(CglibAopProxy.java:728)
	at com.example.ClinicaDefinitiva.infrastructure.rest.controller.actor.PatientController$$SpringCGLIB$$0.findById(<generated>)
	at java.base/jdk.internal.reflect.NativeMethodAccessorImpl.invoke0(Native Method)
	at java.base/jdk.internal.reflect.NativeMethodAccessorImpl.invoke(NativeMethodAccessorImpl.java:77)
	at java.base/jdk.internal.reflect.DelegatingMethodAccessorImpl.invoke(DelegatingMethodAccessorImpl.java:43)
	at java.base/java.lang.reflect.Method.invoke(Method.java:568)
	at org.springframework.web.method.support.InvocableHandlerMethod.doInvoke(InvocableHandlerMethod.java:258)
	at org.springframework.web.method.support.InvocableHandlerMethod.invokeForRequest(InvocableHandlerMethod.java:191)
	at org.springframework.web.servlet.mvc.method.annotation.ServletInvocableHandlerMethod.invokeAndHandle(ServletInvocableHandlerMethod.java:118)
	at org.springframework.web.servlet.mvc.method.annotation.RequestMappingHandlerAdapter.invokeHandlerMethod(RequestMappingHandlerAdapter.java:986)
	at org.springframework.web.servlet.mvc.method.annotation.RequestMappingHandlerAdapter.handleInternal(RequestMappingHandlerAdapter.java:891)
	at org.springframework.web.servlet.mvc.method.AbstractHandlerMethodAdapter.handle(AbstractHandlerMethodAdapter.java:87)
	at org.springframework.web.servlet.DispatcherServlet.doDispatch(DispatcherServlet.java:1089)
	at org.springframework.web.servlet.DispatcherServlet.doService(DispatcherServlet.java:979)
	at org.springframework.web.servlet.FrameworkServlet.processRequest(FrameworkServlet.java:1014)
	at org.springframework.web.servlet.FrameworkServlet.doGet(FrameworkServlet.java:903)
	at jakarta.servlet.http.HttpServlet.service(HttpServlet.java:564)
	at org.springframework.web.servlet.FrameworkServlet.service(FrameworkServlet.java:885)
	at jakarta.servlet.http.HttpServlet.service(HttpServlet.java:658)
	at org.apache.catalina.core.ApplicationFilterChain.internalDoFilter(ApplicationFilterChain.java:195)
	at org.apache.catalina.core.ApplicationFilterChain.doFilter(ApplicationFilterChain.java:140)
	at org.apache.tomcat.websocket.server.WsFilter.doFilter(WsFilter.java:51)
	at org.apache.catalina.core.ApplicationFilterChain.internalDoFilter(ApplicationFilterChain.java:164)
	at org.apache.catalina.core.ApplicationFilterChain.doFilter(ApplicationFilterChain.java:140)
	at com.example.ClinicaDefinitiva.util.RequestIdFilter.doFilterInternal(RequestIdFilter.java:76)
	at org.springframework.web.filter.OncePerRequestFilter.doFilter(OncePerRequestFilter.java:116)
	at org.apache.catalina.core.ApplicationFilterChain.internalDoFilter(ApplicationFilterChain.java:164)
	at org.apache.catalina.core.ApplicationFilterChain.doFilter(ApplicationFilterChain.java:140)
	at org.springframework.web.filter.CompositeFilter$VirtualFilterChain.doFilter(CompositeFilter.java:108)
	at org.springframework.web.filter.CompositeFilter$VirtualFilterChain.doFilter(CompositeFilter.java:108)
	at org.springframework.security.web.FilterChainProxy.lambda$doFilterInternal$3(FilterChainProxy.java:231)
	at org.springframework.security.web.ObservationFilterChainDecorator$FilterObservation$SimpleFilterObservation.lambda$wrap$1(ObservationFilterChainDecorator.java:479)
	at org.springframework.security.web.ObservationFilterChainDecorator$AroundFilterObservation$SimpleAroundFilterObservation.lambda$wrap$1(ObservationFilterChainDecorator.java:340)
	at org.springframework.security.web.ObservationFilterChainDecorator.lambda$wrapSecured$0(ObservationFilterChainDecorator.java:82)
	at org.springframework.security.web.ObservationFilterChainDecorator$VirtualFilterChain.doFilter(ObservationFilterChainDecorator.java:128)
	at org.springframework.security.web.access.intercept.AuthorizationFilter.doFilter(AuthorizationFilter.java:101)
	at org.springframework.security.web.ObservationFilterChainDecorator$ObservationFilter.wrapFilter(ObservationFilterChainDecorator.java:240)
	at org.springframework.security.web.ObservationFilterChainDecorator$ObservationFilter.doFilter(ObservationFilterChainDecorator.java:227)
	at org.springframework.security.web.ObservationFilterChainDecorator$VirtualFilterChain.doFilter(ObservationFilterChainDecorator.java:137)
	at org.springframework.security.web.access.ExceptionTranslationFilter.doFilter(ExceptionTranslationFilter.java:125)
	at org.springframework.security.web.access.ExceptionTranslationFilter.doFilter(ExceptionTranslationFilter.java:119)
	at org.springframework.security.web.ObservationFilterChainDecorator$ObservationFilter.wrapFilter(ObservationFilterChainDecorator.java:240)
	at org.springframework.security.web.ObservationFilterChainDecorator$ObservationFilter.doFilter(ObservationFilterChainDecorator.java:227)
	at org.springframework.security.web.ObservationFilterChainDecorator$VirtualFilterChain.doFilter(ObservationFilterChainDecorator.java:137)
	at org.springframework.security.web.session.SessionManagementFilter.doFilter(SessionManagementFilter.java:131)
	at org.springframework.security.web.session.SessionManagementFilter.doFilter(SessionManagementFilter.java:85)
	at org.springframework.security.web.ObservationFilterChainDecorator$ObservationFilter.wrapFilter(ObservationFilterChainDecorator.java:240)
	at org.springframework.security.web.ObservationFilterChainDecorator$ObservationFilter.doFilter(ObservationFilterChainDecorator.java:227)
	at org.springframework.security.web.ObservationFilterChainDecorator$VirtualFilterChain.doFilter(ObservationFilterChainDecorator.java:137)
	at org.springframework.security.web.authentication.AnonymousAuthenticationFilter.doFilter(AnonymousAuthenticationFilter.java:100)
	at org.springframework.security.web.ObservationFilterChainDecorator$ObservationFilter.wrapFilter(ObservationFilterChainDecorator.java:240)
	at org.springframework.security.web.ObservationFilterChainDecorator$ObservationFilter.doFilter(ObservationFilterChainDecorator.java:227)
	at org.springframework.security.web.ObservationFilterChainDecorator$VirtualFilterChain.doFilter(ObservationFilterChainDecorator.java:137)
	at org.springframework.security.web.servletapi.SecurityContextHolderAwareRequestFilter.doFilter(SecurityContextHolderAwareRequestFilter.java:179)
	at org.springframework.security.web.ObservationFilterChainDecorator$ObservationFilter.wrapFilter(ObservationFilterChainDecorator.java:240)
	at org.springframework.security.web.ObservationFilterChainDecorator$ObservationFilter.doFilter(ObservationFilterChainDecorator.java:227)
	at org.springframework.security.web.ObservationFilterChainDecorator$VirtualFilterChain.doFilter(ObservationFilterChainDecorator.java:137)
	at org.springframework.security.web.savedrequest.RequestCacheAwareFilter.doFilter(RequestCacheAwareFilter.java:63)
	at org.springframework.security.web.ObservationFilterChainDecorator$ObservationFilter.wrapFilter(ObservationFilterChainDecorator.java:240)
	at org.springframework.security.web.ObservationFilterChainDecorator$ObservationFilter.doFilter(ObservationFilterChainDecorator.java:227)
	at org.springframework.security.web.ObservationFilterChainDecorator$VirtualFilterChain.doFilter(ObservationFilterChainDecorator.java:137)
	at com.example.ClinicaDefinitiva.infrastructure.security.filter.JwtAuthenticationFilter.doFilterInternal(JwtAuthenticationFilter.java:40)
	at org.springframework.web.filter.OncePerRequestFilter.doFilter(OncePerRequestFilter.java:116)
	at org.springframework.security.web.ObservationFilterChainDecorator$ObservationFilter.wrapFilter(ObservationFilterChainDecorator.java:240)
	at org.springframework.security.web.ObservationFilterChainDecorator$ObservationFilter.doFilter(ObservationFilterChainDecorator.java:227)
	at org.springframework.security.web.ObservationFilterChainDecorator$VirtualFilterChain.doFilter(ObservationFilterChainDecorator.java:137)
	at org.springframework.security.web.authentication.logout.LogoutFilter.doFilter(LogoutFilter.java:107)
	at org.springframework.security.web.authentication.logout.LogoutFilter.doFilter(LogoutFilter.java:93)
	at org.springframework.security.web.ObservationFilterChainDecorator$ObservationFilter.wrapFilter(ObservationFilterChainDecorator.java:240)
	at org.springframework.security.web.ObservationFilterChainDecorator$ObservationFilter.doFilter(ObservationFilterChainDecorator.java:227)
	at org.springframework.security.web.ObservationFilterChainDecorator$VirtualFilterChain.doFilter(ObservationFilterChainDecorator.java:137)
	at org.springframework.security.web.header.HeaderWriterFilter.doHeadersAfter(HeaderWriterFilter.java:90)
	at org.springframework.security.web.header.HeaderWriterFilter.doFilterInternal(HeaderWriterFilter.java:75)
	at org.springframework.web.filter.OncePerRequestFilter.doFilter(OncePerRequestFilter.java:116)
	at org.springframework.security.web.ObservationFilterChainDecorator$ObservationFilter.wrapFilter(ObservationFilterChainDecorator.java:240)
	at org.springframework.security.web.ObservationFilterChainDecorator$ObservationFilter.doFilter(ObservationFilterChainDecorator.java:227)
	at org.springframework.security.web.ObservationFilterChainDecorator$VirtualFilterChain.doFilter(ObservationFilterChainDecorator.java:137)
	at org.springframework.security.web.context.SecurityContextHolderFilter.doFilter(SecurityContextHolderFilter.java:82)
	at org.springframework.security.web.context.SecurityContextHolderFilter.doFilter(SecurityContextHolderFilter.java:69)
	at org.springframework.security.web.ObservationFilterChainDecorator$ObservationFilter.wrapFilter(ObservationFilterChainDecorator.java:240)
	at org.springframework.security.web.ObservationFilterChainDecorator$ObservationFilter.doFilter(ObservationFilterChainDecorator.java:227)
	at org.springframework.security.web.ObservationFilterChainDecorator$VirtualFilterChain.doFilter(ObservationFilterChainDecorator.java:137)
	at org.springframework.security.web.context.request.async.WebAsyncManagerIntegrationFilter.doFilterInternal(WebAsyncManagerIntegrationFilter.java:62)
	at org.springframework.web.filter.OncePerRequestFilter.doFilter(OncePerRequestFilter.java:116)
	at org.springframework.security.web.ObservationFilterChainDecorator$ObservationFilter.wrapFilter(ObservationFilterChainDecorator.java:240)
	at org.springframework.security.web.ObservationFilterChainDecorator$ObservationFilter.doFilter(ObservationFilterChainDecorator.java:227)
	at org.springframework.security.web.ObservationFilterChainDecorator$VirtualFilterChain.doFilter(ObservationFilterChainDecorator.java:137)
	at org.springframework.security.web.session.DisableEncodeUrlFilter.doFilterInternal(DisableEncodeUrlFilter.java:42)
	at org.springframework.web.filter.OncePerRequestFilter.doFilter(OncePerRequestFilter.java:116)
	at org.springframework.security.web.ObservationFilterChainDecorator$ObservationFilter.wrapFilter(ObservationFilterChainDecorator.java:240)
	at org.springframework.security.web.ObservationFilterChainDecorator$AroundFilterObservation$SimpleAroundFilterObservation.lambda$wrap$0(ObservationFilterChainDecorator.java:323)
	at org.springframework.security.web.ObservationFilterChainDecorator$ObservationFilter.doFilter(ObservationFilterChainDecorator.java:224)
	at org.springframework.security.web.ObservationFilterChainDecorator$VirtualFilterChain.doFilter(ObservationFilterChainDecorator.java:137)
	at org.springframework.security.web.FilterChainProxy.doFilterInternal(FilterChainProxy.java:233)
	at org.springframework.security.web.FilterChainProxy.doFilter(FilterChainProxy.java:191)
	at org.springframework.web.filter.CompositeFilter$VirtualFilterChain.doFilter(CompositeFilter.java:113)
	at org.springframework.web.filter.ServletRequestPathFilter.doFilter(ServletRequestPathFilter.java:52)
	at org.springframework.web.filter.CompositeFilter$VirtualFilterChain.doFilter(CompositeFilter.java:113)
	at org.springframework.web.filter.CompositeFilter.doFilter(CompositeFilter.java:74)
	at org.springframework.security.config.annotation.web.configuration.WebSecurityConfiguration$CompositeFilterChainProxy.doFilter(WebSecurityConfiguration.java:319)
	at org.springframework.web.filter.CompositeFilter$VirtualFilterChain.doFilter(CompositeFilter.java:113)
	at org.springframework.web.servlet.handler.HandlerMappingIntrospector.lambda$createCacheFilter$3(HandlerMappingIntrospector.java:243)
	at org.springframework.web.filter.CompositeFilter$VirtualFilterChain.doFilter(CompositeFilter.java:113)
	at org.springframework.web.filter.CompositeFilter.doFilter(CompositeFilter.java:74)
	at org.springframework.security.config.annotation.web.configuration.WebMvcSecurityConfiguration$CompositeFilterChainProxy.doFilter(WebMvcSecurityConfiguration.java:240)
	at org.springframework.web.filter.DelegatingFilterProxy.invokeDelegate(DelegatingFilterProxy.java:362)
	at org.springframework.web.filter.DelegatingFilterProxy.doFilter(DelegatingFilterProxy.java:278)
	at org.apache.catalina.core.ApplicationFilterChain.internalDoFilter(ApplicationFilterChain.java:164)
	at org.apache.catalina.core.ApplicationFilterChain.doFilter(ApplicationFilterChain.java:140)
	at org.springframework.web.filter.RequestContextFilter.doFilterInternal(RequestContextFilter.java:100)
	at org.springframework.web.filter.OncePerRequestFilter.doFilter(OncePerRequestFilter.java:116)
	at org.apache.catalina.core.ApplicationFilterChain.internalDoFilter(ApplicationFilterChain.java:164)
	at org.apache.catalina.core.ApplicationFilterChain.doFilter(ApplicationFilterChain.java:140)
	at org.springframework.web.filter.FormContentFilter.doFilterInternal(FormContentFilter.java:93)
	at org.springframework.web.filter.OncePerRequestFilter.doFilter(OncePerRequestFilter.java:116)
	at org.apache.catalina.core.ApplicationFilterChain.internalDoFilter(ApplicationFilterChain.java:164)
	at org.apache.catalina.core.ApplicationFilterChain.doFilter(ApplicationFilterChain.java:140)
	at org.springframework.web.filter.ServerHttpObservationFilter.doFilterInternal(ServerHttpObservationFilter.java:114)
	at org.springframework.web.filter.OncePerRequestFilter.doFilter(OncePerRequestFilter.java:116)
	at org.apache.catalina.core.ApplicationFilterChain.internalDoFilter(ApplicationFilterChain.java:164)
	at org.apache.catalina.core.ApplicationFilterChain.doFilter(ApplicationFilterChain.java:140)
	at org.springframework.web.filter.CharacterEncodingFilter.doFilterInternal(CharacterEncodingFilter.java:201)
	at org.springframework.web.filter.OncePerRequestFilter.doFilter(OncePerRequestFilter.java:116)
	at org.apache.catalina.core.ApplicationFilterChain.internalDoFilter(ApplicationFilterChain.java:164)
	at org.apache.catalina.core.ApplicationFilterChain.doFilter(ApplicationFilterChain.java:140)
	at org.apache.catalina.core.StandardWrapperValve.invoke(StandardWrapperValve.java:167)
	at org.apache.catalina.core.StandardContextValve.invoke(StandardContextValve.java:90)
	at org.apache.catalina.authenticator.AuthenticatorBase.invoke(AuthenticatorBase.java:483)
	at org.apache.catalina.core.StandardHostValve.invoke(StandardHostValve.java:116)
	at org.apache.catalina.valves.ErrorReportValve.invoke(ErrorReportValve.java:93)
	at org.apache.catalina.core.StandardEngineValve.invoke(StandardEngineValve.java:74)
	at org.apache.catalina.connector.CoyoteAdapter.service(CoyoteAdapter.java:344)
	at org.apache.coyote.http11.Http11Processor.service(Http11Processor.java:398)
	at org.apache.coyote.AbstractProcessorLight.process(AbstractProcessorLight.java:63)
	at org.apache.coyote.AbstractProtocol$ConnectionHandler.process(AbstractProtocol.java:903)
	at org.apache.tomcat.util.net.NioEndpoint$SocketProcessor.doRun(NioEndpoint.java:1740)
	at org.apache.tomcat.util.net.SocketProcessorBase.run(SocketProcessorBase.java:52)
	at org.apache.tomcat.util.threads.ThreadPoolExecutor.runWorker(ThreadPoolExecutor.java:1189)
	at org.apache.tomcat.util.threads.ThreadPoolExecutor$Worker.run(ThreadPoolExecutor.java:658)
	at org.apache.tomcat.util.threads.TaskThread$WrappingRunnable.run(TaskThread.java:63)
	at java.base/java.lang.Thread.run(Thread.java:842)
2026-03-24 14:22:34 DEBUG [http-nio-8080-exec-6] o.s.security.web.FilterChainProxy - Securing GET /error
2026-03-24 14:22:34 TRACE [http-nio-8080-exec-6] o.s.s.w.a.logout.LogoutFilter - Did not match request to Or [Ant [pattern='/logout', GET], Ant [pattern='/logout', POST], Ant [pattern='/logout', PUT], Ant [pattern='/logout', DELETE]]
2026-03-24 14:22:34 TRACE [http-nio-8080-exec-6] o.s.s.w.a.AnonymousAuthenticationFilter - Set SecurityContextHolder to AnonymousAuthenticationToken [Principal=anonymousUser, Credentials=[PROTECTED], Authenticated=true, Details=WebAuthenticationDetails [RemoteIpAddress=0:0:0:0:0:0:0:1, SessionId=null], Granted Authorities=[ROLE_ANONYMOUS]]
2026-03-24 14:22:34 DEBUG [http-nio-8080-exec-6] o.s.s.w.a.Http403ForbiddenEntryPoint - Pre-authenticated entry point called. Rejecting access
2026-03-24 14:30:20 DEBUG [http-nio-8080-exec-10] o.s.security.web.FilterChainProxy - Securing PATCH /api/v1/patients/43/contact
2026-03-24 14:30:20 TRACE [http-nio-8080-exec-10] o.s.s.w.a.logout.LogoutFilter - Did not match request to Or [Ant [pattern='/logout', GET], Ant [pattern='/logout', POST], Ant [pattern='/logout', PUT], Ant [pattern='/logout', DELETE]]
2026-03-24 14:30:20 TRACE [http-nio-8080-exec-10] o.s.s.w.a.AnonymousAuthenticationFilter - Did not set SecurityContextHolder since already authenticated UsernamePasswordAuthenticationToken [Principal=com.example.ClinicaDefinitiva.infrastructure.security.adapter.CustomUserDetails@a8d5cc9, Credentials=[PROTECTED], Authenticated=true, Details=null, Granted Authorities=[UPDATE_COMPANY, UPDATE_INVOICE, CREATE_ASSIGNMENT, UPDATE_GUARDIAN, CLONE_ROLE_ROLE, CANCEL_APPOINTMENT, UPDATE_JOURNAL_ENTRY, REVERSE_JOURNAL_ENTRY, CREATE_CONTRACT, DELETE_APPOINTMENT, RESCHEDULE_APPOINTMENT, SET_PERMISSIONS_ROLE, CREATE_PATIENT, READ_USER_IDENTITY, IS_CURRENTLY_ACTIVE_ASSIGNMENT, READ_RATE, ACTIVATE_ROLE_ROLE, DELETE_ROLE_ROLE, READ_APPOINTMENT, READ_DENTIST, CREATE_COMPANY, VIEW_ROLE_ROLE, SCHEDULE_APPOINTMENT, ROLE_RECEPTIONIST, DELETE_INVOICE, CREATE_CUSTOM_ROLE_ROLE, UPDATE_PAYMENT, CREATE_DENTIST, CHECK_PERMISSION_ROLE, READ_PATIENT, READ_ADMINISTRATIVE_REPORT, CREATE_APPOINTMENT, VIEW_ASSIGNMENT_ASSIGNMENT, READ_CONTRACT, DELETE_ADMINISTRATIVE_REPORT, DEACTIVATE_USER_IDENTITY, REVERSE_INVOICE, DEACTIVATE_ROLE_ROLE, APPROVE_INVOICE, READ_PROVIDED_SERVICE, REVOKE_ASSIGNMENT, READ_AVAILABILITY, READ_RECEPTIONIST, DELETE_RATE, UPDATE_PRIMARY_ASSIGNMENT, UPDATE_DENTIST, CREATE_USER_IDENTITY, DELETE_CONTRACT, DELETE_PAYMENT, DELETE_ASSIGNMENT, READ_COMPANY, UPDATE_ADMINISTRATIVE_REPORT, REMOVE_PERMISSION_ROLE, CREATE_PAYMENT, UPDATE_USER_IDENTITY, ADD_PERMISSION_ROLE, READ_GUARDIAN, UPDATE_CONTRACT, DELETE_COMPANY, IS_ACTIVE_AT_ASSIGNMENT, DELETE_DENTIST, READ_ASSIGNMENT, POST_INVOICE, REVOKE_ALL_ASSIGNMENT, CREATE_JOURNAL_ENTRY, CREATE_ADMINISTRATIVE_REPORT, UPDATE_ASSIGNMENT, READ_SHIFT, POST_JOURNAL_ENTRY, CREATE_GUARDIAN, ROLE_ADMINISTRATOR, CREATE_TEMPORARY_ASSIGNMENT, READ_PAYMENT, CREATE_RATE, EXTEND_ASSIGNMENT_ASSIGNMENT, READ_INVOICE, REACTIVATE_USER_IDENTITY, UPDATE_APPOINTMENT, UPDATE_RATE, DELETE_JOURNAL_ENTRY, CREATE_SHIFT, READ_JOURNAL_ENTRY, MARK_DELETED_ROLE_ROLE, CREATE_INVOICE, UPDATE_SHIFT, SUSPEND_ROLE_ROLE, UPDATE_PATIENT, UPDATE_PROVIDED_SERVICE, SUSPEND_USER_IDENTITY]]
2026-03-24 14:30:20 TRACE [http-nio-8080-exec-10] o.s.s.w.a.s.CompositeSessionAuthenticationStrategy - Preparing session with ChangeSessionIdAuthenticationStrategy (1/1)
2026-03-24 14:30:20 DEBUG [http-nio-8080-exec-10] o.s.security.web.FilterChainProxy - Secured PATCH /api/v1/patients/43/contact
2026-03-24 14:30:20 DEBUG [http-nio-8080-exec-10] o.s.web.servlet.DispatcherServlet - PATCH "/api/v1/patients/43/contact", parameters={}
2026-03-24 14:30:20 DEBUG [http-nio-8080-exec-10] o.s.w.s.m.m.a.RequestMappingHandlerMapping - Mapped to com.example.ClinicaDefinitiva.infrastructure.rest.controller.actor.PatientController#updateContact(Long, UpdatePatientContactRequest, CustomUserDetails)
2026-03-24 14:30:21 DEBUG [http-nio-8080-exec-10] o.s.w.s.m.m.a.RequestResponseBodyMethodProcessor - Read "application/json;charset=UTF-8" to [UpdatePatientContactRequest[street=Carrera 15 # 45-67, city=Medellín, state=Antioquia, country=Colom (truncated)...]
2026-03-24 14:30:21 DEBUG [http-nio-8080-exec-10] o.s.w.s.m.m.a.ExceptionHandlerExceptionResolver - Using @ExceptionHandler com.example.ClinicaDefinitiva.infrastructure.rest.advice.GlobalControllerAdvice#handleNotFoundException(RuntimeException)
2026-03-24 14:30:21 WARN  [http-nio-8080-exec-10] o.s.w.s.m.m.a.ExceptionHandlerExceptionResolver - Failure in @ExceptionHandler com.example.ClinicaDefinitiva.infrastructure.rest.advice.GlobalControllerAdvice#handleNotFoundException(RuntimeException)
java.lang.NoClassDefFoundError: Could not initialize class com.example.ClinicaDefinitiva.domain.errors.context.EntityContext
	at com.example.ClinicaDefinitiva.infrastructure.rest.advice.GlobalControllerAdvice.getContextForException(GlobalControllerAdvice.java:772)
	at com.example.ClinicaDefinitiva.infrastructure.rest.advice.GlobalControllerAdvice.handleNotFoundException(GlobalControllerAdvice.java:427)
	at java.base/jdk.internal.reflect.NativeMethodAccessorImpl.invoke0(Native Method)
	at java.base/jdk.internal.reflect.NativeMethodAccessorImpl.invoke(NativeMethodAccessorImpl.java:77)
	at java.base/jdk.internal.reflect.DelegatingMethodAccessorImpl.invoke(DelegatingMethodAccessorImpl.java:43)
	at java.base/java.lang.reflect.Method.invoke(Method.java:568)
	at org.springframework.web.method.support.InvocableHandlerMethod.doInvoke(InvocableHandlerMethod.java:258)
	at org.springframework.web.method.support.InvocableHandlerMethod.invokeForRequest(InvocableHandlerMethod.java:191)
	at org.springframework.web.servlet.mvc.method.annotation.ServletInvocableHandlerMethod.invokeAndHandle(ServletInvocableHandlerMethod.java:118)
	at org.springframework.web.servlet.mvc.method.annotation.ExceptionHandlerExceptionResolver.doResolveHandlerMethodException(ExceptionHandlerExceptionResolver.java:471)
	at org.springframework.web.servlet.handler.AbstractHandlerMethodExceptionResolver.doResolveException(AbstractHandlerMethodExceptionResolver.java:73)
	at org.springframework.web.servlet.handler.AbstractHandlerExceptionResolver.resolveException(AbstractHandlerExceptionResolver.java:182)
	at org.springframework.web.servlet.handler.HandlerExceptionResolverComposite.resolveException(HandlerExceptionResolverComposite.java:80)
	at org.springframework.web.servlet.DispatcherServlet.processHandlerException(DispatcherServlet.java:1359)
	at org.springframework.web.servlet.DispatcherServlet.processDispatchResult(DispatcherServlet.java:1161)
	at org.springframework.web.servlet.DispatcherServlet.doDispatch(DispatcherServlet.java:1106)
	at org.springframework.web.servlet.DispatcherServlet.doService(DispatcherServlet.java:979)
	at org.springframework.web.servlet.FrameworkServlet.processRequest(FrameworkServlet.java:1014)
	at org.springframework.web.servlet.FrameworkServlet.service(FrameworkServlet.java:888)
	at jakarta.servlet.http.HttpServlet.service(HttpServlet.java:658)
	at org.apache.catalina.core.ApplicationFilterChain.internalDoFilter(ApplicationFilterChain.java:195)
	at org.apache.catalina.core.ApplicationFilterChain.doFilter(ApplicationFilterChain.java:140)
	at org.apache.tomcat.websocket.server.WsFilter.doFilter(WsFilter.java:51)
	at org.apache.catalina.core.ApplicationFilterChain.internalDoFilter(ApplicationFilterChain.java:164)
	at org.apache.catalina.core.ApplicationFilterChain.doFilter(ApplicationFilterChain.java:140)
	at com.example.ClinicaDefinitiva.util.RequestIdFilter.doFilterInternal(RequestIdFilter.java:76)
	at org.springframework.web.filter.OncePerRequestFilter.doFilter(OncePerRequestFilter.java:116)
	at org.apache.catalina.core.ApplicationFilterChain.internalDoFilter(ApplicationFilterChain.java:164)
	at org.apache.catalina.core.ApplicationFilterChain.doFilter(ApplicationFilterChain.java:140)
	at org.springframework.web.filter.CompositeFilter$VirtualFilterChain.doFilter(CompositeFilter.java:108)
	at org.springframework.web.filter.CompositeFilter$VirtualFilterChain.doFilter(CompositeFilter.java:108)
	at org.springframework.security.web.FilterChainProxy.lambda$doFilterInternal$3(FilterChainProxy.java:231)
	at org.springframework.security.web.ObservationFilterChainDecorator$FilterObservation$SimpleFilterObservation.lambda$wrap$1(ObservationFilterChainDecorator.java:479)
	at org.springframework.security.web.ObservationFilterChainDecorator$AroundFilterObservation$SimpleAroundFilterObservation.lambda$wrap$1(ObservationFilterChainDecorator.java:340)
	at org.springframework.security.web.ObservationFilterChainDecorator.lambda$wrapSecured$0(ObservationFilterChainDecorator.java:82)
	at org.springframework.security.web.ObservationFilterChainDecorator$VirtualFilterChain.doFilter(ObservationFilterChainDecorator.java:128)
	at org.springframework.security.web.access.intercept.AuthorizationFilter.doFilter(AuthorizationFilter.java:101)
	at org.springframework.security.web.ObservationFilterChainDecorator$ObservationFilter.wrapFilter(ObservationFilterChainDecorator.java:240)
	at org.springframework.security.web.ObservationFilterChainDecorator$ObservationFilter.doFilter(ObservationFilterChainDecorator.java:227)
	at org.springframework.security.web.ObservationFilterChainDecorator$VirtualFilterChain.doFilter(ObservationFilterChainDecorator.java:137)
	at org.springframework.security.web.access.ExceptionTranslationFilter.doFilter(ExceptionTranslationFilter.java:125)
	at org.springframework.security.web.access.ExceptionTranslationFilter.doFilter(ExceptionTranslationFilter.java:119)
	at org.springframework.security.web.ObservationFilterChainDecorator$ObservationFilter.wrapFilter(ObservationFilterChainDecorator.java:240)
	at org.springframework.security.web.ObservationFilterChainDecorator$ObservationFilter.doFilter(ObservationFilterChainDecorator.java:227)
	at org.springframework.security.web.ObservationFilterChainDecorator$VirtualFilterChain.doFilter(ObservationFilterChainDecorator.java:137)
	at org.springframework.security.web.session.SessionManagementFilter.doFilter(SessionManagementFilter.java:131)
	at org.springframework.security.web.session.SessionManagementFilter.doFilter(SessionManagementFilter.java:85)
	at org.springframework.security.web.ObservationFilterChainDecorator$ObservationFilter.wrapFilter(ObservationFilterChainDecorator.java:240)
	at org.springframework.security.web.ObservationFilterChainDecorator$ObservationFilter.doFilter(ObservationFilterChainDecorator.java:227)
	at org.springframework.security.web.ObservationFilterChainDecorator$VirtualFilterChain.doFilter(ObservationFilterChainDecorator.java:137)
	at org.springframework.security.web.authentication.AnonymousAuthenticationFilter.doFilter(AnonymousAuthenticationFilter.java:100)
	at org.springframework.security.web.ObservationFilterChainDecorator$ObservationFilter.wrapFilter(ObservationFilterChainDecorator.java:240)
	at org.springframework.security.web.ObservationFilterChainDecorator$ObservationFilter.doFilter(ObservationFilterChainDecorator.java:227)
	at org.springframework.security.web.ObservationFilterChainDecorator$VirtualFilterChain.doFilter(ObservationFilterChainDecorator.java:137)
	at org.springframework.security.web.servletapi.SecurityContextHolderAwareRequestFilter.doFilter(SecurityContextHolderAwareRequestFilter.java:179)
	at org.springframework.security.web.ObservationFilterChainDecorator$ObservationFilter.wrapFilter(ObservationFilterChainDecorator.java:240)
	at org.springframework.security.web.ObservationFilterChainDecorator$ObservationFilter.doFilter(ObservationFilterChainDecorator.java:227)
	at org.springframework.security.web.ObservationFilterChainDecorator$VirtualFilterChain.doFilter(ObservationFilterChainDecorator.java:137)
	at org.springframework.security.web.savedrequest.RequestCacheAwareFilter.doFilter(RequestCacheAwareFilter.java:63)
	at org.springframework.security.web.ObservationFilterChainDecorator$ObservationFilter.wrapFilter(ObservationFilterChainDecorator.java:240)
	at org.springframework.security.web.ObservationFilterChainDecorator$ObservationFilter.doFilter(ObservationFilterChainDecorator.java:227)
	at org.springframework.security.web.ObservationFilterChainDecorator$VirtualFilterChain.doFilter(ObservationFilterChainDecorator.java:137)
	at com.example.ClinicaDefinitiva.infrastructure.security.filter.JwtAuthenticationFilter.doFilterInternal(JwtAuthenticationFilter.java:40)
	at org.springframework.web.filter.OncePerRequestFilter.doFilter(OncePerRequestFilter.java:116)
	at org.springframework.security.web.ObservationFilterChainDecorator$ObservationFilter.wrapFilter(ObservationFilterChainDecorator.java:240)
	at org.springframework.security.web.ObservationFilterChainDecorator$ObservationFilter.doFilter(ObservationFilterChainDecorator.java:227)
	at org.springframework.security.web.ObservationFilterChainDecorator$VirtualFilterChain.doFilter(ObservationFilterChainDecorator.java:137)
	at org.springframework.security.web.authentication.logout.LogoutFilter.doFilter(LogoutFilter.java:107)
	at org.springframework.security.web.authentication.logout.LogoutFilter.doFilter(LogoutFilter.java:93)
	at org.springframework.security.web.ObservationFilterChainDecorator$ObservationFilter.wrapFilter(ObservationFilterChainDecorator.java:240)
	at org.springframework.security.web.ObservationFilterChainDecorator$ObservationFilter.doFilter(ObservationFilterChainDecorator.java:227)
	at org.springframework.security.web.ObservationFilterChainDecorator$VirtualFilterChain.doFilter(ObservationFilterChainDecorator.java:137)
	at org.springframework.security.web.header.HeaderWriterFilter.doHeadersAfter(HeaderWriterFilter.java:90)
	at org.springframework.security.web.header.HeaderWriterFilter.doFilterInternal(HeaderWriterFilter.java:75)
	at org.springframework.web.filter.OncePerRequestFilter.doFilter(OncePerRequestFilter.java:116)
	at org.springframework.security.web.ObservationFilterChainDecorator$ObservationFilter.wrapFilter(ObservationFilterChainDecorator.java:240)
	at org.springframework.security.web.ObservationFilterChainDecorator$ObservationFilter.doFilter(ObservationFilterChainDecorator.java:227)
	at org.springframework.security.web.ObservationFilterChainDecorator$VirtualFilterChain.doFilter(ObservationFilterChainDecorator.java:137)
	at org.springframework.security.web.context.SecurityContextHolderFilter.doFilter(SecurityContextHolderFilter.java:82)
	at org.springframework.security.web.context.SecurityContextHolderFilter.doFilter(SecurityContextHolderFilter.java:69)
	at org.springframework.security.web.ObservationFilterChainDecorator$ObservationFilter.wrapFilter(ObservationFilterChainDecorator.java:240)
	at org.springframework.security.web.ObservationFilterChainDecorator$ObservationFilter.doFilter(ObservationFilterChainDecorator.java:227)
	at org.springframework.security.web.ObservationFilterChainDecorator$VirtualFilterChain.doFilter(ObservationFilterChainDecorator.java:137)
	at org.springframework.security.web.context.request.async.WebAsyncManagerIntegrationFilter.doFilterInternal(WebAsyncManagerIntegrationFilter.java:62)
	at org.springframework.web.filter.OncePerRequestFilter.doFilter(OncePerRequestFilter.java:116)
	at org.springframework.security.web.ObservationFilterChainDecorator$ObservationFilter.wrapFilter(ObservationFilterChainDecorator.java:240)
	at org.springframework.security.web.ObservationFilterChainDecorator$ObservationFilter.doFilter(ObservationFilterChainDecorator.java:227)
	at org.springframework.security.web.ObservationFilterChainDecorator$VirtualFilterChain.doFilter(ObservationFilterChainDecorator.java:137)
	at org.springframework.security.web.session.DisableEncodeUrlFilter.doFilterInternal(DisableEncodeUrlFilter.java:42)
	at org.springframework.web.filter.OncePerRequestFilter.doFilter(OncePerRequestFilter.java:116)
	at org.springframework.security.web.ObservationFilterChainDecorator$ObservationFilter.wrapFilter(ObservationFilterChainDecorator.java:240)
	at org.springframework.security.web.ObservationFilterChainDecorator$AroundFilterObservation$SimpleAroundFilterObservation.lambda$wrap$0(ObservationFilterChainDecorator.java:323)
	at org.springframework.security.web.ObservationFilterChainDecorator$ObservationFilter.doFilter(ObservationFilterChainDecorator.java:224)
	at org.springframework.security.web.ObservationFilterChainDecorator$VirtualFilterChain.doFilter(ObservationFilterChainDecorator.java:137)
	at org.springframework.security.web.FilterChainProxy.doFilterInternal(FilterChainProxy.java:233)
	at org.springframework.security.web.FilterChainProxy.doFilter(FilterChainProxy.java:191)
	at org.springframework.web.filter.CompositeFilter$VirtualFilterChain.doFilter(CompositeFilter.java:113)
	at org.springframework.web.filter.ServletRequestPathFilter.doFilter(ServletRequestPathFilter.java:52)
	at org.springframework.web.filter.CompositeFilter$VirtualFilterChain.doFilter(CompositeFilter.java:113)
	at org.springframework.web.filter.CompositeFilter.doFilter(CompositeFilter.java:74)
	at org.springframework.security.config.annotation.web.configuration.WebSecurityConfiguration$CompositeFilterChainProxy.doFilter(WebSecurityConfiguration.java:319)
	at org.springframework.web.filter.CompositeFilter$VirtualFilterChain.doFilter(CompositeFilter.java:113)
	at org.springframework.web.servlet.handler.HandlerMappingIntrospector.lambda$createCacheFilter$3(HandlerMappingIntrospector.java:243)
	at org.springframework.web.filter.CompositeFilter$VirtualFilterChain.doFilter(CompositeFilter.java:113)
	at org.springframework.web.filter.CompositeFilter.doFilter(CompositeFilter.java:74)
	at org.springframework.security.config.annotation.web.configuration.WebMvcSecurityConfiguration$CompositeFilterChainProxy.doFilter(WebMvcSecurityConfiguration.java:240)
	at org.springframework.web.filter.DelegatingFilterProxy.invokeDelegate(DelegatingFilterProxy.java:362)
	at org.springframework.web.filter.DelegatingFilterProxy.doFilter(DelegatingFilterProxy.java:278)
	at org.apache.catalina.core.ApplicationFilterChain.internalDoFilter(ApplicationFilterChain.java:164)
	at org.apache.catalina.core.ApplicationFilterChain.doFilter(ApplicationFilterChain.java:140)
	at org.springframework.web.filter.RequestContextFilter.doFilterInternal(RequestContextFilter.java:100)
	at org.springframework.web.filter.OncePerRequestFilter.doFilter(OncePerRequestFilter.java:116)
	at org.apache.catalina.core.ApplicationFilterChain.internalDoFilter(ApplicationFilterChain.java:164)
	at org.apache.catalina.core.ApplicationFilterChain.doFilter(ApplicationFilterChain.java:140)
	at org.springframework.web.filter.FormContentFilter.doFilterInternal(FormContentFilter.java:93)
	at org.springframework.web.filter.OncePerRequestFilter.doFilter(OncePerRequestFilter.java:116)
	at org.apache.catalina.core.ApplicationFilterChain.internalDoFilter(ApplicationFilterChain.java:164)
	at org.apache.catalina.core.ApplicationFilterChain.doFilter(ApplicationFilterChain.java:140)
	at org.springframework.web.filter.ServerHttpObservationFilter.doFilterInternal(ServerHttpObservationFilter.java:114)
	at org.springframework.web.filter.OncePerRequestFilter.doFilter(OncePerRequestFilter.java:116)
	at org.apache.catalina.core.ApplicationFilterChain.internalDoFilter(ApplicationFilterChain.java:164)
	at org.apache.catalina.core.ApplicationFilterChain.doFilter(ApplicationFilterChain.java:140)
	at org.springframework.web.filter.CharacterEncodingFilter.doFilterInternal(CharacterEncodingFilter.java:201)
	at org.springframework.web.filter.OncePerRequestFilter.doFilter(OncePerRequestFilter.java:116)
	at org.apache.catalina.core.ApplicationFilterChain.internalDoFilter(ApplicationFilterChain.java:164)
	at org.apache.catalina.core.ApplicationFilterChain.doFilter(ApplicationFilterChain.java:140)
	at org.apache.catalina.core.StandardWrapperValve.invoke(StandardWrapperValve.java:167)
	at org.apache.catalina.core.StandardContextValve.invoke(StandardContextValve.java:90)
	at org.apache.catalina.authenticator.AuthenticatorBase.invoke(AuthenticatorBase.java:483)
	at org.apache.catalina.core.StandardHostValve.invoke(StandardHostValve.java:116)
	at org.apache.catalina.valves.ErrorReportValve.invoke(ErrorReportValve.java:93)
	at org.apache.catalina.core.StandardEngineValve.invoke(StandardEngineValve.java:74)
	at org.apache.catalina.connector.CoyoteAdapter.service(CoyoteAdapter.java:344)
	at org.apache.coyote.http11.Http11Processor.service(Http11Processor.java:398)
	at org.apache.coyote.AbstractProcessorLight.process(AbstractProcessorLight.java:63)
	at org.apache.coyote.AbstractProtocol$ConnectionHandler.process(AbstractProtocol.java:903)
	at org.apache.tomcat.util.net.NioEndpoint$SocketProcessor.doRun(NioEndpoint.java:1740)
	at org.apache.tomcat.util.net.SocketProcessorBase.run(SocketProcessorBase.java:52)
	at org.apache.tomcat.util.threads.ThreadPoolExecutor.runWorker(ThreadPoolExecutor.java:1189)
	at org.apache.tomcat.util.threads.ThreadPoolExecutor$Worker.run(ThreadPoolExecutor.java:658)
	at org.apache.tomcat.util.threads.TaskThread$WrappingRunnable.run(TaskThread.java:63)
	at java.base/java.lang.Thread.run(Thread.java:842)
Caused by: java.lang.ExceptionInInitializerError: Exception java.lang.IllegalArgumentException: No enum constant com.example.ClinicaDefinitiva.domain.errors.context.CodeEntity.SYSTEM [in thread "http-nio-8080-exec-4"]
	at java.base/java.lang.Enum.valueOf(Enum.java:273)
	at com.example.ClinicaDefinitiva.domain.errors.context.CodeEntity.valueOf(CodeEntity.java:3)
	at com.example.ClinicaDefinitiva.domain.errors.context.EntityContext.<clinit>(EntityContext.java:28)
	at com.example.ClinicaDefinitiva.infrastructure.rest.advice.GlobalControllerAdvice.getContextForException(GlobalControllerAdvice.java:770)
	... 141 common frames omitted
2026-03-24 14:30:21 DEBUG [http-nio-8080-exec-10] o.s.web.servlet.DispatcherServlet - Failed to complete request: com.example.ClinicaDefinitiva.application.exceptions.actor.PatientNotFoundException
2026-03-24 14:30:21 ERROR [http-nio-8080-exec-10] o.a.c.c.C.[.[.[.[dispatcherServlet] - Servlet.service() for servlet [dispatcherServlet] in context with path [] threw exception [Request processing failed: com.example.ClinicaDefinitiva.application.exceptions.actor.PatientNotFoundException] with root cause
com.example.ClinicaDefinitiva.application.exceptions.actor.PatientNotFoundException: null
	at com.example.ClinicaDefinitiva.application.service.actor.PatientApplicationService.lambda$updateContactData$1(PatientApplicationService.java:186)
	at java.base/java.util.Optional.orElseThrow(Optional.java:403)
	at com.example.ClinicaDefinitiva.application.service.actor.PatientApplicationService.updateContactData(PatientApplicationService.java:186)
	at java.base/jdk.internal.reflect.NativeMethodAccessorImpl.invoke0(Native Method)
	at java.base/jdk.internal.reflect.NativeMethodAccessorImpl.invoke(NativeMethodAccessorImpl.java:77)
	at java.base/jdk.internal.reflect.DelegatingMethodAccessorImpl.invoke(DelegatingMethodAccessorImpl.java:43)
	at java.base/java.lang.reflect.Method.invoke(Method.java:568)
	at org.springframework.aop.support.AopUtils.invokeJoinpointUsingReflection(AopUtils.java:359)
	at org.springframework.aop.framework.ReflectiveMethodInvocation.invokeJoinpoint(ReflectiveMethodInvocation.java:196)
	at org.springframework.aop.framework.ReflectiveMethodInvocation.proceed(ReflectiveMethodInvocation.java:163)
	at org.springframework.aop.aspectj.MethodInvocationProceedingJoinPoint.proceed(MethodInvocationProceedingJoinPoint.java:89)
	at com.example.ClinicaDefinitiva.infrastructure.security.config.AuthorizationAspect.checkPermission(AuthorizationAspect.java:76)
	at java.base/jdk.internal.reflect.NativeMethodAccessorImpl.invoke0(Native Method)
	at java.base/jdk.internal.reflect.NativeMethodAccessorImpl.invoke(NativeMethodAccessorImpl.java:77)
	at java.base/jdk.internal.reflect.DelegatingMethodAccessorImpl.invoke(DelegatingMethodAccessorImpl.java:43)
	at java.base/java.lang.reflect.Method.invoke(Method.java:568)
	at org.springframework.aop.aspectj.AbstractAspectJAdvice.invokeAdviceMethodWithGivenArgs(AbstractAspectJAdvice.java:642)
	at org.springframework.aop.aspectj.AbstractAspectJAdvice.invokeAdviceMethod(AbstractAspectJAdvice.java:632)
	at org.springframework.aop.aspectj.AspectJAroundAdvice.invoke(AspectJAroundAdvice.java:71)
	at org.springframework.aop.framework.ReflectiveMethodInvocation.proceed(ReflectiveMethodInvocation.java:173)
	at org.springframework.transaction.interceptor.TransactionAspectSupport.invokeWithinTransaction(TransactionAspectSupport.java:380)
	at org.springframework.transaction.interceptor.TransactionInterceptor.invoke(TransactionInterceptor.java:119)
	at org.springframework.aop.framework.ReflectiveMethodInvocation.proceed(ReflectiveMethodInvocation.java:184)
	at org.springframework.aop.interceptor.ExposeInvocationInterceptor.invoke(ExposeInvocationInterceptor.java:97)
	at org.springframework.aop.framework.ReflectiveMethodInvocation.proceed(ReflectiveMethodInvocation.java:184)
	at org.springframework.aop.framework.CglibAopProxy$DynamicAdvisedInterceptor.intercept(CglibAopProxy.java:728)
	at com.example.ClinicaDefinitiva.application.service.actor.PatientApplicationService$$SpringCGLIB$$0.updateContactData(<generated>)
	at com.example.ClinicaDefinitiva.infrastructure.rest.controller.actor.PatientController.updateContact(PatientController.java:151)
	at java.base/jdk.internal.reflect.NativeMethodAccessorImpl.invoke0(Native Method)
	at java.base/jdk.internal.reflect.NativeMethodAccessorImpl.invoke(NativeMethodAccessorImpl.java:77)
	at java.base/jdk.internal.reflect.DelegatingMethodAccessorImpl.invoke(DelegatingMethodAccessorImpl.java:43)
	at java.base/java.lang.reflect.Method.invoke(Method.java:568)
	at org.springframework.aop.support.AopUtils.invokeJoinpointUsingReflection(AopUtils.java:359)
	at org.springframework.aop.framework.ReflectiveMethodInvocation.invokeJoinpoint(ReflectiveMethodInvocation.java:196)
	at org.springframework.aop.framework.ReflectiveMethodInvocation.proceed(ReflectiveMethodInvocation.java:163)
	at org.springframework.validation.beanvalidation.MethodValidationInterceptor.invoke(MethodValidationInterceptor.java:174)
	at org.springframework.aop.framework.ReflectiveMethodInvocation.proceed(ReflectiveMethodInvocation.java:184)
	at org.springframework.aop.framework.CglibAopProxy$DynamicAdvisedInterceptor.intercept(CglibAopProxy.java:728)
	at com.example.ClinicaDefinitiva.infrastructure.rest.controller.actor.PatientController$$SpringCGLIB$$0.updateContact(<generated>)
	at java.base/jdk.internal.reflect.NativeMethodAccessorImpl.invoke0(Native Method)
	at java.base/jdk.internal.reflect.NativeMethodAccessorImpl.invoke(NativeMethodAccessorImpl.java:77)
	at java.base/jdk.internal.reflect.DelegatingMethodAccessorImpl.invoke(DelegatingMethodAccessorImpl.java:43)
	at java.base/java.lang.reflect.Method.invoke(Method.java:568)
	at org.springframework.web.method.support.InvocableHandlerMethod.doInvoke(InvocableHandlerMethod.java:258)
	at org.springframework.web.method.support.InvocableHandlerMethod.invokeForRequest(InvocableHandlerMethod.java:191)
	at org.springframework.web.servlet.mvc.method.annotation.ServletInvocableHandlerMethod.invokeAndHandle(ServletInvocableHandlerMethod.java:118)
	at org.springframework.web.servlet.mvc.method.annotation.RequestMappingHandlerAdapter.invokeHandlerMethod(RequestMappingHandlerAdapter.java:986)
	at org.springframework.web.servlet.mvc.method.annotation.RequestMappingHandlerAdapter.handleInternal(RequestMappingHandlerAdapter.java:891)
	at org.springframework.web.servlet.mvc.method.AbstractHandlerMethodAdapter.handle(AbstractHandlerMethodAdapter.java:87)
	at org.springframework.web.servlet.DispatcherServlet.doDispatch(DispatcherServlet.java:1089)
	at org.springframework.web.servlet.DispatcherServlet.doService(DispatcherServlet.java:979)
	at org.springframework.web.servlet.FrameworkServlet.processRequest(FrameworkServlet.java:1014)
	at org.springframework.web.servlet.FrameworkServlet.service(FrameworkServlet.java:888)
	at jakarta.servlet.http.HttpServlet.service(HttpServlet.java:658)
	at org.apache.catalina.core.ApplicationFilterChain.internalDoFilter(ApplicationFilterChain.java:195)
	at org.apache.catalina.core.ApplicationFilterChain.doFilter(ApplicationFilterChain.java:140)
	at org.apache.tomcat.websocket.server.WsFilter.doFilter(WsFilter.java:51)
	at org.apache.catalina.core.ApplicationFilterChain.internalDoFilter(ApplicationFilterChain.java:164)
	at org.apache.catalina.core.ApplicationFilterChain.doFilter(ApplicationFilterChain.java:140)
	at com.example.ClinicaDefinitiva.util.RequestIdFilter.doFilterInternal(RequestIdFilter.java:76)
	at org.springframework.web.filter.OncePerRequestFilter.doFilter(OncePerRequestFilter.java:116)
	at org.apache.catalina.core.ApplicationFilterChain.internalDoFilter(ApplicationFilterChain.java:164)
	at org.apache.catalina.core.ApplicationFilterChain.doFilter(ApplicationFilterChain.java:140)
	at org.springframework.web.filter.CompositeFilter$VirtualFilterChain.doFilter(CompositeFilter.java:108)
	at org.springframework.web.filter.CompositeFilter$VirtualFilterChain.doFilter(CompositeFilter.java:108)
	at org.springframework.security.web.FilterChainProxy.lambda$doFilterInternal$3(FilterChainProxy.java:231)
	at org.springframework.security.web.ObservationFilterChainDecorator$FilterObservation$SimpleFilterObservation.lambda$wrap$1(ObservationFilterChainDecorator.java:479)
	at org.springframework.security.web.ObservationFilterChainDecorator$AroundFilterObservation$SimpleAroundFilterObservation.lambda$wrap$1(ObservationFilterChainDecorator.java:340)
	at org.springframework.security.web.ObservationFilterChainDecorator.lambda$wrapSecured$0(ObservationFilterChainDecorator.java:82)
	at org.springframework.security.web.ObservationFilterChainDecorator$VirtualFilterChain.doFilter(ObservationFilterChainDecorator.java:128)
	at org.springframework.security.web.access.intercept.AuthorizationFilter.doFilter(AuthorizationFilter.java:101)
	at org.springframework.security.web.ObservationFilterChainDecorator$ObservationFilter.wrapFilter(ObservationFilterChainDecorator.java:240)
	at org.springframework.security.web.ObservationFilterChainDecorator$ObservationFilter.doFilter(ObservationFilterChainDecorator.java:227)
	at org.springframework.security.web.ObservationFilterChainDecorator$VirtualFilterChain.doFilter(ObservationFilterChainDecorator.java:137)
	at org.springframework.security.web.access.ExceptionTranslationFilter.doFilter(ExceptionTranslationFilter.java:125)
	at org.springframework.security.web.access.ExceptionTranslationFilter.doFilter(ExceptionTranslationFilter.java:119)
	at org.springframework.security.web.ObservationFilterChainDecorator$ObservationFilter.wrapFilter(ObservationFilterChainDecorator.java:240)
	at org.springframework.security.web.ObservationFilterChainDecorator$ObservationFilter.doFilter(ObservationFilterChainDecorator.java:227)
	at org.springframework.security.web.ObservationFilterChainDecorator$VirtualFilterChain.doFilter(ObservationFilterChainDecorator.java:137)
	at org.springframework.security.web.session.SessionManagementFilter.doFilter(SessionManagementFilter.java:131)
	at org.springframework.security.web.session.SessionManagementFilter.doFilter(SessionManagementFilter.java:85)
	at org.springframework.security.web.ObservationFilterChainDecorator$ObservationFilter.wrapFilter(ObservationFilterChainDecorator.java:240)
	at org.springframework.security.web.ObservationFilterChainDecorator$ObservationFilter.doFilter(ObservationFilterChainDecorator.java:227)
	at org.springframework.security.web.ObservationFilterChainDecorator$VirtualFilterChain.doFilter(ObservationFilterChainDecorator.java:137)
	at org.springframework.security.web.authentication.AnonymousAuthenticationFilter.doFilter(AnonymousAuthenticationFilter.java:100)
	at org.springframework.security.web.ObservationFilterChainDecorator$ObservationFilter.wrapFilter(ObservationFilterChainDecorator.java:240)
	at org.springframework.security.web.ObservationFilterChainDecorator$ObservationFilter.doFilter(ObservationFilterChainDecorator.java:227)
	at org.springframework.security.web.ObservationFilterChainDecorator$VirtualFilterChain.doFilter(ObservationFilterChainDecorator.java:137)
	at org.springframework.security.web.servletapi.SecurityContextHolderAwareRequestFilter.doFilter(SecurityContextHolderAwareRequestFilter.java:179)
	at org.springframework.security.web.ObservationFilterChainDecorator$ObservationFilter.wrapFilter(ObservationFilterChainDecorator.java:240)
	at org.springframework.security.web.ObservationFilterChainDecorator$ObservationFilter.doFilter(ObservationFilterChainDecorator.java:227)
	at org.springframework.security.web.ObservationFilterChainDecorator$VirtualFilterChain.doFilter(ObservationFilterChainDecorator.java:137)
	at org.springframework.security.web.savedrequest.RequestCacheAwareFilter.doFilter(RequestCacheAwareFilter.java:63)
	at org.springframework.security.web.ObservationFilterChainDecorator$ObservationFilter.wrapFilter(ObservationFilterChainDecorator.java:240)
	at org.springframework.security.web.ObservationFilterChainDecorator$ObservationFilter.doFilter(ObservationFilterChainDecorator.java:227)
	at org.springframework.security.web.ObservationFilterChainDecorator$VirtualFilterChain.doFilter(ObservationFilterChainDecorator.java:137)
	at com.example.ClinicaDefinitiva.infrastructure.security.filter.JwtAuthenticationFilter.doFilterInternal(JwtAuthenticationFilter.java:40)
	at org.springframework.web.filter.OncePerRequestFilter.doFilter(OncePerRequestFilter.java:116)
	at org.springframework.security.web.ObservationFilterChainDecorator$ObservationFilter.wrapFilter(ObservationFilterChainDecorator.java:240)
	at org.springframework.security.web.ObservationFilterChainDecorator$ObservationFilter.doFilter(ObservationFilterChainDecorator.java:227)
	at org.springframework.security.web.ObservationFilterChainDecorator$VirtualFilterChain.doFilter(ObservationFilterChainDecorator.java:137)
	at org.springframework.security.web.authentication.logout.LogoutFilter.doFilter(LogoutFilter.java:107)
	at org.springframework.security.web.authentication.logout.LogoutFilter.doFilter(LogoutFilter.java:93)
	at org.springframework.security.web.ObservationFilterChainDecorator$ObservationFilter.wrapFilter(ObservationFilterChainDecorator.java:240)
	at org.springframework.security.web.ObservationFilterChainDecorator$ObservationFilter.doFilter(ObservationFilterChainDecorator.java:227)
	at org.springframework.security.web.ObservationFilterChainDecorator$VirtualFilterChain.doFilter(ObservationFilterChainDecorator.java:137)
	at org.springframework.security.web.header.HeaderWriterFilter.doHeadersAfter(HeaderWriterFilter.java:90)
	at org.springframework.security.web.header.HeaderWriterFilter.doFilterInternal(HeaderWriterFilter.java:75)
	at org.springframework.web.filter.OncePerRequestFilter.doFilter(OncePerRequestFilter.java:116)
	at org.springframework.security.web.ObservationFilterChainDecorator$ObservationFilter.wrapFilter(ObservationFilterChainDecorator.java:240)
	at org.springframework.security.web.ObservationFilterChainDecorator$ObservationFilter.doFilter(ObservationFilterChainDecorator.java:227)
	at org.springframework.security.web.ObservationFilterChainDecorator$VirtualFilterChain.doFilter(ObservationFilterChainDecorator.java:137)
	at org.springframework.security.web.context.SecurityContextHolderFilter.doFilter(SecurityContextHolderFilter.java:82)
	at org.springframework.security.web.context.SecurityContextHolderFilter.doFilter(SecurityContextHolderFilter.java:69)
	at org.springframework.security.web.ObservationFilterChainDecorator$ObservationFilter.wrapFilter(ObservationFilterChainDecorator.java:240)
	at org.springframework.security.web.ObservationFilterChainDecorator$ObservationFilter.doFilter(ObservationFilterChainDecorator.java:227)
	at org.springframework.security.web.ObservationFilterChainDecorator$VirtualFilterChain.doFilter(ObservationFilterChainDecorator.java:137)
	at org.springframework.security.web.context.request.async.WebAsyncManagerIntegrationFilter.doFilterInternal(WebAsyncManagerIntegrationFilter.java:62)
	at org.springframework.web.filter.OncePerRequestFilter.doFilter(OncePerRequestFilter.java:116)
	at org.springframework.security.web.ObservationFilterChainDecorator$ObservationFilter.wrapFilter(ObservationFilterChainDecorator.java:240)
	at org.springframework.security.web.ObservationFilterChainDecorator$ObservationFilter.doFilter(ObservationFilterChainDecorator.java:227)
	at org.springframework.security.web.ObservationFilterChainDecorator$VirtualFilterChain.doFilter(ObservationFilterChainDecorator.java:137)
	at org.springframework.security.web.session.DisableEncodeUrlFilter.doFilterInternal(DisableEncodeUrlFilter.java:42)
	at org.springframework.web.filter.OncePerRequestFilter.doFilter(OncePerRequestFilter.java:116)
	at org.springframework.security.web.ObservationFilterChainDecorator$ObservationFilter.wrapFilter(ObservationFilterChainDecorator.java:240)
	at org.springframework.security.web.ObservationFilterChainDecorator$AroundFilterObservation$SimpleAroundFilterObservation.lambda$wrap$0(ObservationFilterChainDecorator.java:323)
	at org.springframework.security.web.ObservationFilterChainDecorator$ObservationFilter.doFilter(ObservationFilterChainDecorator.java:224)
	at org.springframework.security.web.ObservationFilterChainDecorator$VirtualFilterChain.doFilter(ObservationFilterChainDecorator.java:137)
	at org.springframework.security.web.FilterChainProxy.doFilterInternal(FilterChainProxy.java:233)
	at org.springframework.security.web.FilterChainProxy.doFilter(FilterChainProxy.java:191)
	at org.springframework.web.filter.CompositeFilter$VirtualFilterChain.doFilter(CompositeFilter.java:113)
	at org.springframework.web.filter.ServletRequestPathFilter.doFilter(ServletRequestPathFilter.java:52)
	at org.springframework.web.filter.CompositeFilter$VirtualFilterChain.doFilter(CompositeFilter.java:113)
	at org.springframework.web.filter.CompositeFilter.doFilter(CompositeFilter.java:74)
	at org.springframework.security.config.annotation.web.configuration.WebSecurityConfiguration$CompositeFilterChainProxy.doFilter(WebSecurityConfiguration.java:319)
	at org.springframework.web.filter.CompositeFilter$VirtualFilterChain.doFilter(CompositeFilter.java:113)
	at org.springframework.web.servlet.handler.HandlerMappingIntrospector.lambda$createCacheFilter$3(HandlerMappingIntrospector.java:243)
	at org.springframework.web.filter.CompositeFilter$VirtualFilterChain.doFilter(CompositeFilter.java:113)
	at org.springframework.web.filter.CompositeFilter.doFilter(CompositeFilter.java:74)
	at org.springframework.security.config.annotation.web.configuration.WebMvcSecurityConfiguration$CompositeFilterChainProxy.doFilter(WebMvcSecurityConfiguration.java:240)
	at org.springframework.web.filter.DelegatingFilterProxy.invokeDelegate(DelegatingFilterProxy.java:362)
	at org.springframework.web.filter.DelegatingFilterProxy.doFilter(DelegatingFilterProxy.java:278)
	at org.apache.catalina.core.ApplicationFilterChain.internalDoFilter(ApplicationFilterChain.java:164)
	at org.apache.catalina.core.ApplicationFilterChain.doFilter(ApplicationFilterChain.java:140)
	at org.springframework.web.filter.RequestContextFilter.doFilterInternal(RequestContextFilter.java:100)
	at org.springframework.web.filter.OncePerRequestFilter.doFilter(OncePerRequestFilter.java:116)
	at org.apache.catalina.core.ApplicationFilterChain.internalDoFilter(ApplicationFilterChain.java:164)
	at org.apache.catalina.core.ApplicationFilterChain.doFilter(ApplicationFilterChain.java:140)
	at org.springframework.web.filter.FormContentFilter.doFilterInternal(FormContentFilter.java:93)
	at org.springframework.web.filter.OncePerRequestFilter.doFilter(OncePerRequestFilter.java:116)
	at org.apache.catalina.core.ApplicationFilterChain.internalDoFilter(ApplicationFilterChain.java:164)
	at org.apache.catalina.core.ApplicationFilterChain.doFilter(ApplicationFilterChain.java:140)
	at org.springframework.web.filter.ServerHttpObservationFilter.doFilterInternal(ServerHttpObservationFilter.java:114)
	at org.springframework.web.filter.OncePerRequestFilter.doFilter(OncePerRequestFilter.java:116)
	at org.apache.catalina.core.ApplicationFilterChain.internalDoFilter(ApplicationFilterChain.java:164)
	at org.apache.catalina.core.ApplicationFilterChain.doFilter(ApplicationFilterChain.java:140)
	at org.springframework.web.filter.CharacterEncodingFilter.doFilterInternal(CharacterEncodingFilter.java:201)
	at org.springframework.web.filter.OncePerRequestFilter.doFilter(OncePerRequestFilter.java:116)
	at org.apache.catalina.core.ApplicationFilterChain.internalDoFilter(ApplicationFilterChain.java:164)
	at org.apache.catalina.core.ApplicationFilterChain.doFilter(ApplicationFilterChain.java:140)
	at org.apache.catalina.core.StandardWrapperValve.invoke(StandardWrapperValve.java:167)
	at org.apache.catalina.core.StandardContextValve.invoke(StandardContextValve.java:90)
	at org.apache.catalina.authenticator.AuthenticatorBase.invoke(AuthenticatorBase.java:483)
	at org.apache.catalina.core.StandardHostValve.invoke(StandardHostValve.java:116)
	at org.apache.catalina.valves.ErrorReportValve.invoke(ErrorReportValve.java:93)
	at org.apache.catalina.core.StandardEngineValve.invoke(StandardEngineValve.java:74)
	at org.apache.catalina.connector.CoyoteAdapter.service(CoyoteAdapter.java:344)
	at org.apache.coyote.http11.Http11Processor.service(Http11Processor.java:398)
	at org.apache.coyote.AbstractProcessorLight.process(AbstractProcessorLight.java:63)
	at org.apache.coyote.AbstractProtocol$ConnectionHandler.process(AbstractProtocol.java:903)
	at org.apache.tomcat.util.net.NioEndpoint$SocketProcessor.doRun(NioEndpoint.java:1740)
	at org.apache.tomcat.util.net.SocketProcessorBase.run(SocketProcessorBase.java:52)
	at org.apache.tomcat.util.threads.ThreadPoolExecutor.runWorker(ThreadPoolExecutor.java:1189)
	at org.apache.tomcat.util.threads.ThreadPoolExecutor$Worker.run(ThreadPoolExecutor.java:658)
	at org.apache.tomcat.util.threads.TaskThread$WrappingRunnable.run(TaskThread.java:63)
	at java.base/java.lang.Thread.run(Thread.java:842)
2026-03-24 14:30:21 DEBUG [http-nio-8080-exec-10] o.s.security.web.FilterChainProxy - Securing PATCH /error
2026-03-24 14:30:21 TRACE [http-nio-8080-exec-10] o.s.s.w.a.logout.LogoutFilter - Did not match request to Or [Ant [pattern='/logout', GET], Ant [pattern='/logout', POST], Ant [pattern='/logout', PUT], Ant [pattern='/logout', DELETE]]
2026-03-24 14:30:21 TRACE [http-nio-8080-exec-10] o.s.s.w.a.AnonymousAuthenticationFilter - Set SecurityContextHolder to AnonymousAuthenticationToken [Principal=anonymousUser, Credentials=[PROTECTED], Authenticated=true, Details=WebAuthenticationDetails [RemoteIpAddress=0:0:0:0:0:0:0:1, SessionId=null], Granted Authorities=[ROLE_ANONYMOUS]]
2026-03-24 14:30:21 DEBUG [http-nio-8080-exec-10] o.s.s.w.a.Http403ForbiddenEntryPoint - Pre-authenticated entry point called. Rejecting access
2026-03-24 14:57:52 DEBUG [http-nio-8080-exec-1] o.s.security.web.FilterChainProxy - Securing GET /api/v1/shifts
2026-03-24 14:57:52 TRACE [http-nio-8080-exec-1] o.s.s.w.a.logout.LogoutFilter - Did not match request to Or [Ant [pattern='/logout', GET], Ant [pattern='/logout', POST], Ant [pattern='/logout', PUT], Ant [pattern='/logout', DELETE]]
2026-03-24 14:57:52 TRACE [http-nio-8080-exec-1] o.s.s.w.a.AnonymousAuthenticationFilter - Did not set SecurityContextHolder since already authenticated UsernamePasswordAuthenticationToken [Principal=com.example.ClinicaDefinitiva.infrastructure.security.adapter.CustomUserDetails@2338b312, Credentials=[PROTECTED], Authenticated=true, Details=null, Granted Authorities=[UPDATE_COMPANY, UPDATE_INVOICE, CREATE_ASSIGNMENT, UPDATE_GUARDIAN, CLONE_ROLE_ROLE, CANCEL_APPOINTMENT, UPDATE_JOURNAL_ENTRY, REVERSE_JOURNAL_ENTRY, CREATE_CONTRACT, DELETE_APPOINTMENT, RESCHEDULE_APPOINTMENT, SET_PERMISSIONS_ROLE, CREATE_PATIENT, READ_USER_IDENTITY, IS_CURRENTLY_ACTIVE_ASSIGNMENT, READ_RATE, ACTIVATE_ROLE_ROLE, DELETE_ROLE_ROLE, READ_APPOINTMENT, READ_DENTIST, CREATE_COMPANY, VIEW_ROLE_ROLE, SCHEDULE_APPOINTMENT, ROLE_RECEPTIONIST, DELETE_INVOICE, CREATE_CUSTOM_ROLE_ROLE, UPDATE_PAYMENT, CREATE_DENTIST, CHECK_PERMISSION_ROLE, READ_PATIENT, READ_ADMINISTRATIVE_REPORT, CREATE_APPOINTMENT, VIEW_ASSIGNMENT_ASSIGNMENT, READ_CONTRACT, DELETE_ADMINISTRATIVE_REPORT, DEACTIVATE_USER_IDENTITY, REVERSE_INVOICE, DEACTIVATE_ROLE_ROLE, APPROVE_INVOICE, READ_PROVIDED_SERVICE, REVOKE_ASSIGNMENT, READ_AVAILABILITY, READ_RECEPTIONIST, DELETE_RATE, UPDATE_PRIMARY_ASSIGNMENT, UPDATE_DENTIST, CREATE_USER_IDENTITY, DELETE_CONTRACT, DELETE_PAYMENT, DELETE_ASSIGNMENT, READ_COMPANY, UPDATE_ADMINISTRATIVE_REPORT, REMOVE_PERMISSION_ROLE, CREATE_PAYMENT, UPDATE_USER_IDENTITY, ADD_PERMISSION_ROLE, READ_GUARDIAN, UPDATE_CONTRACT, DELETE_COMPANY, IS_ACTIVE_AT_ASSIGNMENT, DELETE_DENTIST, READ_ASSIGNMENT, POST_INVOICE, REVOKE_ALL_ASSIGNMENT, CREATE_JOURNAL_ENTRY, CREATE_ADMINISTRATIVE_REPORT, UPDATE_ASSIGNMENT, READ_SHIFT, POST_JOURNAL_ENTRY, CREATE_GUARDIAN, ROLE_ADMINISTRATOR, CREATE_TEMPORARY_ASSIGNMENT, READ_PAYMENT, CREATE_RATE, EXTEND_ASSIGNMENT_ASSIGNMENT, READ_INVOICE, REACTIVATE_USER_IDENTITY, UPDATE_APPOINTMENT, UPDATE_RATE, DELETE_JOURNAL_ENTRY, CREATE_SHIFT, READ_JOURNAL_ENTRY, MARK_DELETED_ROLE_ROLE, CREATE_INVOICE, UPDATE_SHIFT, SUSPEND_ROLE_ROLE, UPDATE_PATIENT, UPDATE_PROVIDED_SERVICE, SUSPEND_USER_IDENTITY]]
2026-03-24 14:57:52 TRACE [http-nio-8080-exec-1] o.s.s.w.a.s.CompositeSessionAuthenticationStrategy - Preparing session with ChangeSessionIdAuthenticationStrategy (1/1)
2026-03-24 14:57:52 DEBUG [http-nio-8080-exec-1] o.s.security.web.FilterChainProxy - Secured GET /api/v1/shifts
2026-03-24 14:57:52 DEBUG [http-nio-8080-exec-1] o.s.web.servlet.DispatcherServlet - GET "/api/v1/shifts", parameters={}
2026-03-24 14:57:52 DEBUG [http-nio-8080-exec-1] o.s.w.s.m.m.a.RequestMappingHandlerMapping - Mapped to com.example.ClinicaDefinitiva.infrastructure.rest.controller.administration.operations.ShiftController#findAll(Pageable, CustomUserDetails)
2026-03-24 14:57:52 DEBUG [http-nio-8080-exec-1] o.s.w.s.m.m.a.HttpEntityMethodProcessor - Using 'application/json', given [*/*] and supported [application/json, application/*+json]
2026-03-24 14:57:52 DEBUG [http-nio-8080-exec-1] o.s.w.s.m.m.a.HttpEntityMethodProcessor - Writing [Page 1 of 1 containing UNKNOWN instances]
2026-03-24 14:57:52 DEBUG [http-nio-8080-exec-1] o.s.web.servlet.DispatcherServlet - Completed 200 OK
2026-03-24 15:00:32 DEBUG [http-nio-8080-exec-5] o.s.security.web.FilterChainProxy - Securing POST /api/v1/shifts/exclude-block
2026-03-24 15:00:32 TRACE [http-nio-8080-exec-5] o.s.s.w.a.logout.LogoutFilter - Did not match request to Or [Ant [pattern='/logout', GET], Ant [pattern='/logout', POST], Ant [pattern='/logout', PUT], Ant [pattern='/logout', DELETE]]
2026-03-24 15:00:32 TRACE [http-nio-8080-exec-5] o.s.s.w.a.AnonymousAuthenticationFilter - Did not set SecurityContextHolder since already authenticated UsernamePasswordAuthenticationToken [Principal=com.example.ClinicaDefinitiva.infrastructure.security.adapter.CustomUserDetails@47daf81f, Credentials=[PROTECTED], Authenticated=true, Details=null, Granted Authorities=[UPDATE_COMPANY, UPDATE_INVOICE, CREATE_ASSIGNMENT, UPDATE_GUARDIAN, CLONE_ROLE_ROLE, CANCEL_APPOINTMENT, UPDATE_JOURNAL_ENTRY, REVERSE_JOURNAL_ENTRY, CREATE_CONTRACT, DELETE_APPOINTMENT, RESCHEDULE_APPOINTMENT, SET_PERMISSIONS_ROLE, CREATE_PATIENT, READ_USER_IDENTITY, IS_CURRENTLY_ACTIVE_ASSIGNMENT, READ_RATE, ACTIVATE_ROLE_ROLE, DELETE_ROLE_ROLE, READ_APPOINTMENT, READ_DENTIST, CREATE_COMPANY, VIEW_ROLE_ROLE, SCHEDULE_APPOINTMENT, ROLE_RECEPTIONIST, DELETE_INVOICE, CREATE_CUSTOM_ROLE_ROLE, UPDATE_PAYMENT, CREATE_DENTIST, CHECK_PERMISSION_ROLE, READ_PATIENT, READ_ADMINISTRATIVE_REPORT, CREATE_APPOINTMENT, VIEW_ASSIGNMENT_ASSIGNMENT, READ_CONTRACT, DELETE_ADMINISTRATIVE_REPORT, DEACTIVATE_USER_IDENTITY, REVERSE_INVOICE, DEACTIVATE_ROLE_ROLE, APPROVE_INVOICE, READ_PROVIDED_SERVICE, REVOKE_ASSIGNMENT, READ_AVAILABILITY, READ_RECEPTIONIST, DELETE_RATE, UPDATE_PRIMARY_ASSIGNMENT, UPDATE_DENTIST, CREATE_USER_IDENTITY, DELETE_CONTRACT, DELETE_PAYMENT, DELETE_ASSIGNMENT, READ_COMPANY, UPDATE_ADMINISTRATIVE_REPORT, REMOVE_PERMISSION_ROLE, CREATE_PAYMENT, UPDATE_USER_IDENTITY, ADD_PERMISSION_ROLE, READ_GUARDIAN, UPDATE_CONTRACT, DELETE_COMPANY, IS_ACTIVE_AT_ASSIGNMENT, DELETE_DENTIST, READ_ASSIGNMENT, POST_INVOICE, REVOKE_ALL_ASSIGNMENT, CREATE_JOURNAL_ENTRY, CREATE_ADMINISTRATIVE_REPORT, UPDATE_ASSIGNMENT, READ_SHIFT, POST_JOURNAL_ENTRY, CREATE_GUARDIAN, ROLE_ADMINISTRATOR, CREATE_TEMPORARY_ASSIGNMENT, READ_PAYMENT, CREATE_RATE, EXTEND_ASSIGNMENT_ASSIGNMENT, READ_INVOICE, REACTIVATE_USER_IDENTITY, UPDATE_APPOINTMENT, UPDATE_RATE, DELETE_JOURNAL_ENTRY, CREATE_SHIFT, READ_JOURNAL_ENTRY, MARK_DELETED_ROLE_ROLE, CREATE_INVOICE, UPDATE_SHIFT, SUSPEND_ROLE_ROLE, UPDATE_PATIENT, UPDATE_PROVIDED_SERVICE, SUSPEND_USER_IDENTITY]]
2026-03-24 15:00:32 TRACE [http-nio-8080-exec-5] o.s.s.w.a.s.CompositeSessionAuthenticationStrategy - Preparing session with ChangeSessionIdAuthenticationStrategy (1/1)
2026-03-24 15:00:32 DEBUG [http-nio-8080-exec-5] o.s.security.web.FilterChainProxy - Secured POST /api/v1/shifts/exclude-block
2026-03-24 15:00:32 DEBUG [http-nio-8080-exec-5] o.s.web.servlet.DispatcherServlet - POST "/api/v1/shifts/exclude-block", parameters={}
2026-03-24 15:00:32 DEBUG [http-nio-8080-exec-5] o.s.w.s.m.m.a.ExceptionHandlerExceptionResolver - Using @ExceptionHandler com.example.ClinicaDefinitiva.infrastructure.rest.advice.GlobalControllerAdvice#handleMethodNotAllowed(HttpRequestMethodNotSupportedException)
2026-03-24 15:00:32 WARN  [http-nio-8080-exec-5] c.e.C.i.r.a.GlobalControllerAdvice - Método no soportado [requestId=59c7c8f3-e0e3-45eb-be46-7eb0e283aa1f, usuario=admin@test.com]: Request method 'POST' is not supported
2026-03-24 15:00:32 DEBUG [http-nio-8080-exec-5] o.s.w.s.m.m.a.HttpEntityMethodProcessor - Using 'application/json', given [*/*] and supported [application/json, application/*+json]
2026-03-24 15:00:32 DEBUG [http-nio-8080-exec-5] o.s.w.s.m.m.a.HttpEntityMethodProcessor - Writing [com.example.ClinicaDefinitiva.infrastructure.rest.dto.ErrorResponse@5bac9442]
2026-03-24 15:00:32 DEBUG [http-nio-8080-exec-5] o.s.w.s.m.m.a.ExceptionHandlerExceptionResolver - Resolved [org.springframework.web.HttpRequestMethodNotSupportedException: Request method 'POST' is not supported]
2026-03-24 15:00:32 DEBUG [http-nio-8080-exec-5] o.s.web.servlet.DispatcherServlet - Completed 405 METHOD_NOT_ALLOWED
2026-03-24 15:04:14 DEBUG [http-nio-8080-exec-8] o.s.security.web.FilterChainProxy - Securing POST /api/v1/shifts/2/cancel?reason=Personal
2026-03-24 15:04:14 TRACE [http-nio-8080-exec-8] o.s.s.w.a.logout.LogoutFilter - Did not match request to Or [Ant [pattern='/logout', GET], Ant [pattern='/logout', POST], Ant [pattern='/logout', PUT], Ant [pattern='/logout', DELETE]]
2026-03-24 15:04:14 TRACE [http-nio-8080-exec-8] o.s.s.w.a.AnonymousAuthenticationFilter - Did not set SecurityContextHolder since already authenticated UsernamePasswordAuthenticationToken [Principal=com.example.ClinicaDefinitiva.infrastructure.security.adapter.CustomUserDetails@32acb695, Credentials=[PROTECTED], Authenticated=true, Details=null, Granted Authorities=[UPDATE_COMPANY, UPDATE_INVOICE, CREATE_ASSIGNMENT, UPDATE_GUARDIAN, CLONE_ROLE_ROLE, CANCEL_APPOINTMENT, UPDATE_JOURNAL_ENTRY, REVERSE_JOURNAL_ENTRY, CREATE_CONTRACT, DELETE_APPOINTMENT, RESCHEDULE_APPOINTMENT, SET_PERMISSIONS_ROLE, CREATE_PATIENT, READ_USER_IDENTITY, IS_CURRENTLY_ACTIVE_ASSIGNMENT, READ_RATE, ACTIVATE_ROLE_ROLE, DELETE_ROLE_ROLE, READ_APPOINTMENT, READ_DENTIST, CREATE_COMPANY, VIEW_ROLE_ROLE, SCHEDULE_APPOINTMENT, ROLE_RECEPTIONIST, DELETE_INVOICE, CREATE_CUSTOM_ROLE_ROLE, UPDATE_PAYMENT, CREATE_DENTIST, CHECK_PERMISSION_ROLE, READ_PATIENT, READ_ADMINISTRATIVE_REPORT, CREATE_APPOINTMENT, VIEW_ASSIGNMENT_ASSIGNMENT, READ_CONTRACT, DELETE_ADMINISTRATIVE_REPORT, DEACTIVATE_USER_IDENTITY, REVERSE_INVOICE, DEACTIVATE_ROLE_ROLE, APPROVE_INVOICE, READ_PROVIDED_SERVICE, REVOKE_ASSIGNMENT, READ_AVAILABILITY, READ_RECEPTIONIST, DELETE_RATE, UPDATE_PRIMARY_ASSIGNMENT, UPDATE_DENTIST, CREATE_USER_IDENTITY, DELETE_CONTRACT, DELETE_PAYMENT, DELETE_ASSIGNMENT, READ_COMPANY, UPDATE_ADMINISTRATIVE_REPORT, REMOVE_PERMISSION_ROLE, CREATE_PAYMENT, UPDATE_USER_IDENTITY, ADD_PERMISSION_ROLE, READ_GUARDIAN, UPDATE_CONTRACT, DELETE_COMPANY, IS_ACTIVE_AT_ASSIGNMENT, DELETE_DENTIST, READ_ASSIGNMENT, POST_INVOICE, REVOKE_ALL_ASSIGNMENT, CREATE_JOURNAL_ENTRY, CREATE_ADMINISTRATIVE_REPORT, UPDATE_ASSIGNMENT, READ_SHIFT, POST_JOURNAL_ENTRY, CREATE_GUARDIAN, ROLE_ADMINISTRATOR, CREATE_TEMPORARY_ASSIGNMENT, READ_PAYMENT, CREATE_RATE, EXTEND_ASSIGNMENT_ASSIGNMENT, READ_INVOICE, REACTIVATE_USER_IDENTITY, UPDATE_APPOINTMENT, UPDATE_RATE, DELETE_JOURNAL_ENTRY, CREATE_SHIFT, READ_JOURNAL_ENTRY, MARK_DELETED_ROLE_ROLE, CREATE_INVOICE, UPDATE_SHIFT, SUSPEND_ROLE_ROLE, UPDATE_PATIENT, UPDATE_PROVIDED_SERVICE, SUSPEND_USER_IDENTITY]]
2026-03-24 15:04:14 TRACE [http-nio-8080-exec-8] o.s.s.w.a.s.CompositeSessionAuthenticationStrategy - Preparing session with ChangeSessionIdAuthenticationStrategy (1/1)
2026-03-24 15:04:14 DEBUG [http-nio-8080-exec-8] o.s.security.web.FilterChainProxy - Secured POST /api/v1/shifts/2/cancel?reason=Personal
2026-03-24 15:04:14 DEBUG [http-nio-8080-exec-8] o.s.web.servlet.DispatcherServlet - POST "/api/v1/shifts/2/cancel?reason=Personal", parameters={masked}
2026-03-24 15:04:14 DEBUG [http-nio-8080-exec-8] o.s.w.s.m.m.a.RequestMappingHandlerMapping - Mapped to com.example.ClinicaDefinitiva.infrastructure.rest.controller.administration.operations.ShiftController#cancel(Long, String, CustomUserDetails)
2026-03-24 15:04:14 DEBUG [http-nio-8080-exec-8] o.s.w.s.m.m.a.ExceptionHandlerExceptionResolver - Using @ExceptionHandler com.example.ClinicaDefinitiva.infrastructure.rest.advice.GlobalControllerAdvice#handleNotFoundException(RuntimeException)
2026-03-24 15:04:14 WARN  [http-nio-8080-exec-8] o.s.w.s.m.m.a.ExceptionHandlerExceptionResolver - Failure in @ExceptionHandler com.example.ClinicaDefinitiva.infrastructure.rest.advice.GlobalControllerAdvice#handleNotFoundException(RuntimeException)
java.lang.NoClassDefFoundError: Could not initialize class com.example.ClinicaDefinitiva.domain.errors.context.EntityContext
	at com.example.ClinicaDefinitiva.infrastructure.rest.advice.GlobalControllerAdvice.getContextForException(GlobalControllerAdvice.java:783)
	at com.example.ClinicaDefinitiva.infrastructure.rest.advice.GlobalControllerAdvice.handleNotFoundException(GlobalControllerAdvice.java:427)
	at java.base/jdk.internal.reflect.NativeMethodAccessorImpl.invoke0(Native Method)
	at java.base/jdk.internal.reflect.NativeMethodAccessorImpl.invoke(NativeMethodAccessorImpl.java:77)
	at java.base/jdk.internal.reflect.DelegatingMethodAccessorImpl.invoke(DelegatingMethodAccessorImpl.java:43)
	at java.base/java.lang.reflect.Method.invoke(Method.java:568)
	at org.springframework.web.method.support.InvocableHandlerMethod.doInvoke(InvocableHandlerMethod.java:258)
	at org.springframework.web.method.support.InvocableHandlerMethod.invokeForRequest(InvocableHandlerMethod.java:191)
	at org.springframework.web.servlet.mvc.method.annotation.ServletInvocableHandlerMethod.invokeAndHandle(ServletInvocableHandlerMethod.java:118)
	at org.springframework.web.servlet.mvc.method.annotation.ExceptionHandlerExceptionResolver.doResolveHandlerMethodException(ExceptionHandlerExceptionResolver.java:471)
	at org.springframework.web.servlet.handler.AbstractHandlerMethodExceptionResolver.doResolveException(AbstractHandlerMethodExceptionResolver.java:73)
	at org.springframework.web.servlet.handler.AbstractHandlerExceptionResolver.resolveException(AbstractHandlerExceptionResolver.java:182)
	at org.springframework.web.servlet.handler.HandlerExceptionResolverComposite.resolveException(HandlerExceptionResolverComposite.java:80)
	at org.springframework.web.servlet.DispatcherServlet.processHandlerException(DispatcherServlet.java:1359)
	at org.springframework.web.servlet.DispatcherServlet.processDispatchResult(DispatcherServlet.java:1161)
	at org.springframework.web.servlet.DispatcherServlet.doDispatch(DispatcherServlet.java:1106)
	at org.springframework.web.servlet.DispatcherServlet.doService(DispatcherServlet.java:979)
	at org.springframework.web.servlet.FrameworkServlet.processRequest(FrameworkServlet.java:1014)
	at org.springframework.web.servlet.FrameworkServlet.doPost(FrameworkServlet.java:914)
	at jakarta.servlet.http.HttpServlet.service(HttpServlet.java:590)
	at org.springframework.web.servlet.FrameworkServlet.service(FrameworkServlet.java:885)
	at jakarta.servlet.http.HttpServlet.service(HttpServlet.java:658)
	at org.apache.catalina.core.ApplicationFilterChain.internalDoFilter(ApplicationFilterChain.java:195)
	at org.apache.catalina.core.ApplicationFilterChain.doFilter(ApplicationFilterChain.java:140)
	at org.apache.tomcat.websocket.server.WsFilter.doFilter(WsFilter.java:51)
	at org.apache.catalina.core.ApplicationFilterChain.internalDoFilter(ApplicationFilterChain.java:164)
	at org.apache.catalina.core.ApplicationFilterChain.doFilter(ApplicationFilterChain.java:140)
	at com.example.ClinicaDefinitiva.util.RequestIdFilter.doFilterInternal(RequestIdFilter.java:76)
	at org.springframework.web.filter.OncePerRequestFilter.doFilter(OncePerRequestFilter.java:116)
	at org.apache.catalina.core.ApplicationFilterChain.internalDoFilter(ApplicationFilterChain.java:164)
	at org.apache.catalina.core.ApplicationFilterChain.doFilter(ApplicationFilterChain.java:140)
	at org.springframework.web.filter.CompositeFilter$VirtualFilterChain.doFilter(CompositeFilter.java:108)
	at org.springframework.web.filter.CompositeFilter$VirtualFilterChain.doFilter(CompositeFilter.java:108)
	at org.springframework.security.web.FilterChainProxy.lambda$doFilterInternal$3(FilterChainProxy.java:231)
	at org.springframework.security.web.ObservationFilterChainDecorator$FilterObservation$SimpleFilterObservation.lambda$wrap$1(ObservationFilterChainDecorator.java:479)
	at org.springframework.security.web.ObservationFilterChainDecorator$AroundFilterObservation$SimpleAroundFilterObservation.lambda$wrap$1(ObservationFilterChainDecorator.java:340)
	at org.springframework.security.web.ObservationFilterChainDecorator.lambda$wrapSecured$0(ObservationFilterChainDecorator.java:82)
	at org.springframework.security.web.ObservationFilterChainDecorator$VirtualFilterChain.doFilter(ObservationFilterChainDecorator.java:128)
	at org.springframework.security.web.access.intercept.AuthorizationFilter.doFilter(AuthorizationFilter.java:101)
	at org.springframework.security.web.ObservationFilterChainDecorator$ObservationFilter.wrapFilter(ObservationFilterChainDecorator.java:240)
	at org.springframework.security.web.ObservationFilterChainDecorator$ObservationFilter.doFilter(ObservationFilterChainDecorator.java:227)
	at org.springframework.security.web.ObservationFilterChainDecorator$VirtualFilterChain.doFilter(ObservationFilterChainDecorator.java:137)
	at org.springframework.security.web.access.ExceptionTranslationFilter.doFilter(ExceptionTranslationFilter.java:125)
	at org.springframework.security.web.access.ExceptionTranslationFilter.doFilter(ExceptionTranslationFilter.java:119)
	at org.springframework.security.web.ObservationFilterChainDecorator$ObservationFilter.wrapFilter(ObservationFilterChainDecorator.java:240)
	at org.springframework.security.web.ObservationFilterChainDecorator$ObservationFilter.doFilter(ObservationFilterChainDecorator.java:227)
	at org.springframework.security.web.ObservationFilterChainDecorator$VirtualFilterChain.doFilter(ObservationFilterChainDecorator.java:137)
	at org.springframework.security.web.session.SessionManagementFilter.doFilter(SessionManagementFilter.java:131)
	at org.springframework.security.web.session.SessionManagementFilter.doFilter(SessionManagementFilter.java:85)
	at org.springframework.security.web.ObservationFilterChainDecorator$ObservationFilter.wrapFilter(ObservationFilterChainDecorator.java:240)
	at org.springframework.security.web.ObservationFilterChainDecorator$ObservationFilter.doFilter(ObservationFilterChainDecorator.java:227)
	at org.springframework.security.web.ObservationFilterChainDecorator$VirtualFilterChain.doFilter(ObservationFilterChainDecorator.java:137)
	at org.springframework.security.web.authentication.AnonymousAuthenticationFilter.doFilter(AnonymousAuthenticationFilter.java:100)
	at org.springframework.security.web.ObservationFilterChainDecorator$ObservationFilter.wrapFilter(ObservationFilterChainDecorator.java:240)
	at org.springframework.security.web.ObservationFilterChainDecorator$ObservationFilter.doFilter(ObservationFilterChainDecorator.java:227)
	at org.springframework.security.web.ObservationFilterChainDecorator$VirtualFilterChain.doFilter(ObservationFilterChainDecorator.java:137)
	at org.springframework.security.web.servletapi.SecurityContextHolderAwareRequestFilter.doFilter(SecurityContextHolderAwareRequestFilter.java:179)
	at org.springframework.security.web.ObservationFilterChainDecorator$ObservationFilter.wrapFilter(ObservationFilterChainDecorator.java:240)
	at org.springframework.security.web.ObservationFilterChainDecorator$ObservationFilter.doFilter(ObservationFilterChainDecorator.java:227)
	at org.springframework.security.web.ObservationFilterChainDecorator$VirtualFilterChain.doFilter(ObservationFilterChainDecorator.java:137)
	at org.springframework.security.web.savedrequest.RequestCacheAwareFilter.doFilter(RequestCacheAwareFilter.java:63)
	at org.springframework.security.web.ObservationFilterChainDecorator$ObservationFilter.wrapFilter(ObservationFilterChainDecorator.java:240)
	at org.springframework.security.web.ObservationFilterChainDecorator$ObservationFilter.doFilter(ObservationFilterChainDecorator.java:227)
	at org.springframework.security.web.ObservationFilterChainDecorator$VirtualFilterChain.doFilter(ObservationFilterChainDecorator.java:137)
	at com.example.ClinicaDefinitiva.infrastructure.security.filter.JwtAuthenticationFilter.doFilterInternal(JwtAuthenticationFilter.java:40)
	at org.springframework.web.filter.OncePerRequestFilter.doFilter(OncePerRequestFilter.java:116)
	at org.springframework.security.web.ObservationFilterChainDecorator$ObservationFilter.wrapFilter(ObservationFilterChainDecorator.java:240)
	at org.springframework.security.web.ObservationFilterChainDecorator$ObservationFilter.doFilter(ObservationFilterChainDecorator.java:227)
	at org.springframework.security.web.ObservationFilterChainDecorator$VirtualFilterChain.doFilter(ObservationFilterChainDecorator.java:137)
	at org.springframework.security.web.authentication.logout.LogoutFilter.doFilter(LogoutFilter.java:107)
	at org.springframework.security.web.authentication.logout.LogoutFilter.doFilter(LogoutFilter.java:93)
	at org.springframework.security.web.ObservationFilterChainDecorator$ObservationFilter.wrapFilter(ObservationFilterChainDecorator.java:240)
	at org.springframework.security.web.ObservationFilterChainDecorator$ObservationFilter.doFilter(ObservationFilterChainDecorator.java:227)
	at org.springframework.security.web.ObservationFilterChainDecorator$VirtualFilterChain.doFilter(ObservationFilterChainDecorator.java:137)
	at org.springframework.security.web.header.HeaderWriterFilter.doHeadersAfter(HeaderWriterFilter.java:90)
	at org.springframework.security.web.header.HeaderWriterFilter.doFilterInternal(HeaderWriterFilter.java:75)
	at org.springframework.web.filter.OncePerRequestFilter.doFilter(OncePerRequestFilter.java:116)
	at org.springframework.security.web.ObservationFilterChainDecorator$ObservationFilter.wrapFilter(ObservationFilterChainDecorator.java:240)
	at org.springframework.security.web.ObservationFilterChainDecorator$ObservationFilter.doFilter(ObservationFilterChainDecorator.java:227)
	at org.springframework.security.web.ObservationFilterChainDecorator$VirtualFilterChain.doFilter(ObservationFilterChainDecorator.java:137)
	at org.springframework.security.web.context.SecurityContextHolderFilter.doFilter(SecurityContextHolderFilter.java:82)
	at org.springframework.security.web.context.SecurityContextHolderFilter.doFilter(SecurityContextHolderFilter.java:69)
	at org.springframework.security.web.ObservationFilterChainDecorator$ObservationFilter.wrapFilter(ObservationFilterChainDecorator.java:240)
	at org.springframework.security.web.ObservationFilterChainDecorator$ObservationFilter.doFilter(ObservationFilterChainDecorator.java:227)
	at org.springframework.security.web.ObservationFilterChainDecorator$VirtualFilterChain.doFilter(ObservationFilterChainDecorator.java:137)
	at org.springframework.security.web.context.request.async.WebAsyncManagerIntegrationFilter.doFilterInternal(WebAsyncManagerIntegrationFilter.java:62)
	at org.springframework.web.filter.OncePerRequestFilter.doFilter(OncePerRequestFilter.java:116)
	at org.springframework.security.web.ObservationFilterChainDecorator$ObservationFilter.wrapFilter(ObservationFilterChainDecorator.java:240)
	at org.springframework.security.web.ObservationFilterChainDecorator$ObservationFilter.doFilter(ObservationFilterChainDecorator.java:227)
	at org.springframework.security.web.ObservationFilterChainDecorator$VirtualFilterChain.doFilter(ObservationFilterChainDecorator.java:137)
	at org.springframework.security.web.session.DisableEncodeUrlFilter.doFilterInternal(DisableEncodeUrlFilter.java:42)
	at org.springframework.web.filter.OncePerRequestFilter.doFilter(OncePerRequestFilter.java:116)
	at org.springframework.security.web.ObservationFilterChainDecorator$ObservationFilter.wrapFilter(ObservationFilterChainDecorator.java:240)
	at org.springframework.security.web.ObservationFilterChainDecorator$AroundFilterObservation$SimpleAroundFilterObservation.lambda$wrap$0(ObservationFilterChainDecorator.java:323)
	at org.springframework.security.web.ObservationFilterChainDecorator$ObservationFilter.doFilter(ObservationFilterChainDecorator.java:224)
	at org.springframework.security.web.ObservationFilterChainDecorator$VirtualFilterChain.doFilter(ObservationFilterChainDecorator.java:137)
	at org.springframework.security.web.FilterChainProxy.doFilterInternal(FilterChainProxy.java:233)
	at org.springframework.security.web.FilterChainProxy.doFilter(FilterChainProxy.java:191)
	at org.springframework.web.filter.CompositeFilter$VirtualFilterChain.doFilter(CompositeFilter.java:113)
	at org.springframework.web.filter.ServletRequestPathFilter.doFilter(ServletRequestPathFilter.java:52)
	at org.springframework.web.filter.CompositeFilter$VirtualFilterChain.doFilter(CompositeFilter.java:113)
	at org.springframework.web.filter.CompositeFilter.doFilter(CompositeFilter.java:74)
	at org.springframework.security.config.annotation.web.configuration.WebSecurityConfiguration$CompositeFilterChainProxy.doFilter(WebSecurityConfiguration.java:319)
	at org.springframework.web.filter.CompositeFilter$VirtualFilterChain.doFilter(CompositeFilter.java:113)
	at org.springframework.web.servlet.handler.HandlerMappingIntrospector.lambda$createCacheFilter$3(HandlerMappingIntrospector.java:243)
	at org.springframework.web.filter.CompositeFilter$VirtualFilterChain.doFilter(CompositeFilter.java:113)
	at org.springframework.web.filter.CompositeFilter.doFilter(CompositeFilter.java:74)
	at org.springframework.security.config.annotation.web.configuration.WebMvcSecurityConfiguration$CompositeFilterChainProxy.doFilter(WebMvcSecurityConfiguration.java:240)
	at org.springframework.web.filter.DelegatingFilterProxy.invokeDelegate(DelegatingFilterProxy.java:362)
	at org.springframework.web.filter.DelegatingFilterProxy.doFilter(DelegatingFilterProxy.java:278)
	at org.apache.catalina.core.ApplicationFilterChain.internalDoFilter(ApplicationFilterChain.java:164)
	at org.apache.catalina.core.ApplicationFilterChain.doFilter(ApplicationFilterChain.java:140)
	at org.springframework.web.filter.RequestContextFilter.doFilterInternal(RequestContextFilter.java:100)
	at org.springframework.web.filter.OncePerRequestFilter.doFilter(OncePerRequestFilter.java:116)
	at org.apache.catalina.core.ApplicationFilterChain.internalDoFilter(ApplicationFilterChain.java:164)
	at org.apache.catalina.core.ApplicationFilterChain.doFilter(ApplicationFilterChain.java:140)
	at org.springframework.web.filter.FormContentFilter.doFilterInternal(FormContentFilter.java:93)
	at org.springframework.web.filter.OncePerRequestFilter.doFilter(OncePerRequestFilter.java:116)
	at org.apache.catalina.core.ApplicationFilterChain.internalDoFilter(ApplicationFilterChain.java:164)
	at org.apache.catalina.core.ApplicationFilterChain.doFilter(ApplicationFilterChain.java:140)
	at org.springframework.web.filter.ServerHttpObservationFilter.doFilterInternal(ServerHttpObservationFilter.java:114)
	at org.springframework.web.filter.OncePerRequestFilter.doFilter(OncePerRequestFilter.java:116)
	at org.apache.catalina.core.ApplicationFilterChain.internalDoFilter(ApplicationFilterChain.java:164)
	at org.apache.catalina.core.ApplicationFilterChain.doFilter(ApplicationFilterChain.java:140)
	at org.springframework.web.filter.CharacterEncodingFilter.doFilterInternal(CharacterEncodingFilter.java:201)
	at org.springframework.web.filter.OncePerRequestFilter.doFilter(OncePerRequestFilter.java:116)
	at org.apache.catalina.core.ApplicationFilterChain.internalDoFilter(ApplicationFilterChain.java:164)
	at org.apache.catalina.core.ApplicationFilterChain.doFilter(ApplicationFilterChain.java:140)
	at org.apache.catalina.core.StandardWrapperValve.invoke(StandardWrapperValve.java:167)
	at org.apache.catalina.core.StandardContextValve.invoke(StandardContextValve.java:90)
	at org.apache.catalina.authenticator.AuthenticatorBase.invoke(AuthenticatorBase.java:483)
	at org.apache.catalina.core.StandardHostValve.invoke(StandardHostValve.java:116)
	at org.apache.catalina.valves.ErrorReportValve.invoke(ErrorReportValve.java:93)
	at org.apache.catalina.core.StandardEngineValve.invoke(StandardEngineValve.java:74)
	at org.apache.catalina.connector.CoyoteAdapter.service(CoyoteAdapter.java:344)
	at org.apache.coyote.http11.Http11Processor.service(Http11Processor.java:398)
	at org.apache.coyote.AbstractProcessorLight.process(AbstractProcessorLight.java:63)
	at org.apache.coyote.AbstractProtocol$ConnectionHandler.process(AbstractProtocol.java:903)
	at org.apache.tomcat.util.net.NioEndpoint$SocketProcessor.doRun(NioEndpoint.java:1740)
	at org.apache.tomcat.util.net.SocketProcessorBase.run(SocketProcessorBase.java:52)
	at org.apache.tomcat.util.threads.ThreadPoolExecutor.runWorker(ThreadPoolExecutor.java:1189)
	at org.apache.tomcat.util.threads.ThreadPoolExecutor$Worker.run(ThreadPoolExecutor.java:658)
	at org.apache.tomcat.util.threads.TaskThread$WrappingRunnable.run(TaskThread.java:63)
	at java.base/java.lang.Thread.run(Thread.java:842)
Caused by: java.lang.ExceptionInInitializerError: Exception java.lang.IllegalArgumentException: No enum constant com.example.ClinicaDefinitiva.domain.errors.context.CodeEntity.SYSTEM [in thread "http-nio-8080-exec-4"]
	at java.base/java.lang.Enum.valueOf(Enum.java:273)
	at com.example.ClinicaDefinitiva.domain.errors.context.CodeEntity.valueOf(CodeEntity.java:3)
	at com.example.ClinicaDefinitiva.domain.errors.context.EntityContext.<clinit>(EntityContext.java:28)
	at com.example.ClinicaDefinitiva.infrastructure.rest.advice.GlobalControllerAdvice.getContextForException(GlobalControllerAdvice.java:770)
	at com.example.ClinicaDefinitiva.infrastructure.rest.advice.GlobalControllerAdvice.handleNotFoundException(GlobalControllerAdvice.java:427)
	at java.base/jdk.internal.reflect.NativeMethodAccessorImpl.invoke0(Native Method)
	at java.base/jdk.internal.reflect.NativeMethodAccessorImpl.invoke(NativeMethodAccessorImpl.java:77)
	at java.base/jdk.internal.reflect.DelegatingMethodAccessorImpl.invoke(DelegatingMethodAccessorImpl.java:43)
	at java.base/java.lang.reflect.Method.invoke(Method.java:568)
	at org.springframework.web.method.support.InvocableHandlerMethod.doInvoke(InvocableHandlerMethod.java:258)
	at org.springframework.web.method.support.InvocableHandlerMethod.invokeForRequest(InvocableHandlerMethod.java:191)
	at org.springframework.web.servlet.mvc.method.annotation.ServletInvocableHandlerMethod.invokeAndHandle(ServletInvocableHandlerMethod.java:118)
	at org.springframework.web.servlet.mvc.method.annotation.ExceptionHandlerExceptionResolver.doResolveHandlerMethodException(ExceptionHandlerExceptionResolver.java:471)
	at org.springframework.web.servlet.handler.AbstractHandlerMethodExceptionResolver.doResolveException(AbstractHandlerMethodExceptionResolver.java:73)
	at org.springframework.web.servlet.handler.AbstractHandlerExceptionResolver.resolveException(AbstractHandlerExceptionResolver.java:182)
	at org.springframework.web.servlet.handler.HandlerExceptionResolverComposite.resolveException(HandlerExceptionResolverComposite.java:80)
	at org.springframework.web.servlet.DispatcherServlet.processHandlerException(DispatcherServlet.java:1359)
	at org.springframework.web.servlet.DispatcherServlet.processDispatchResult(DispatcherServlet.java:1161)
	at org.springframework.web.servlet.DispatcherServlet.doDispatch(DispatcherServlet.java:1106)
	at org.springframework.web.servlet.DispatcherServlet.doService(DispatcherServlet.java:979)
	at org.springframework.web.servlet.FrameworkServlet.processRequest(FrameworkServlet.java:1014)
	at org.springframework.web.servlet.FrameworkServlet.service(FrameworkServlet.java:888)
	... 123 common frames omitted
2026-03-24 15:04:14 DEBUG [http-nio-8080-exec-8] o.s.web.servlet.DispatcherServlet - Failed to complete request: com.example.ClinicaDefinitiva.application.exceptions.administration.operations.ShiftNotFoundException: Not found
2026-03-24 15:04:14 ERROR [http-nio-8080-exec-8] o.a.c.c.C.[.[.[.[dispatcherServlet] - Servlet.service() for servlet [dispatcherServlet] in context with path [] threw exception [Request processing failed: com.example.ClinicaDefinitiva.application.exceptions.administration.operations.ShiftNotFoundException: Not found] with root cause
com.example.ClinicaDefinitiva.application.exceptions.administration.operations.ShiftNotFoundException: Not found
	at com.example.ClinicaDefinitiva.application.service.administration.ShiftApplicationService.lambda$cancel$4(ShiftApplicationService.java:256)
	at java.base/java.util.Optional.orElseThrow(Optional.java:403)
	at com.example.ClinicaDefinitiva.application.service.administration.ShiftApplicationService.cancel(ShiftApplicationService.java:256)
	at java.base/jdk.internal.reflect.NativeMethodAccessorImpl.invoke0(Native Method)
	at java.base/jdk.internal.reflect.NativeMethodAccessorImpl.invoke(NativeMethodAccessorImpl.java:77)
	at java.base/jdk.internal.reflect.DelegatingMethodAccessorImpl.invoke(DelegatingMethodAccessorImpl.java:43)
	at java.base/java.lang.reflect.Method.invoke(Method.java:568)
	at org.springframework.aop.support.AopUtils.invokeJoinpointUsingReflection(AopUtils.java:359)
	at org.springframework.aop.framework.ReflectiveMethodInvocation.invokeJoinpoint(ReflectiveMethodInvocation.java:196)
	at org.springframework.aop.framework.ReflectiveMethodInvocation.proceed(ReflectiveMethodInvocation.java:163)
	at org.springframework.aop.aspectj.MethodInvocationProceedingJoinPoint.proceed(MethodInvocationProceedingJoinPoint.java:89)
	at com.example.ClinicaDefinitiva.infrastructure.security.config.AuthorizationAspect.checkPermission(AuthorizationAspect.java:76)
	at java.base/jdk.internal.reflect.NativeMethodAccessorImpl.invoke0(Native Method)
	at java.base/jdk.internal.reflect.NativeMethodAccessorImpl.invoke(NativeMethodAccessorImpl.java:77)
	at java.base/jdk.internal.reflect.DelegatingMethodAccessorImpl.invoke(DelegatingMethodAccessorImpl.java:43)
	at java.base/java.lang.reflect.Method.invoke(Method.java:568)
	at org.springframework.aop.aspectj.AbstractAspectJAdvice.invokeAdviceMethodWithGivenArgs(AbstractAspectJAdvice.java:642)
	at org.springframework.aop.aspectj.AbstractAspectJAdvice.invokeAdviceMethod(AbstractAspectJAdvice.java:632)
	at org.springframework.aop.aspectj.AspectJAroundAdvice.invoke(AspectJAroundAdvice.java:71)
	at org.springframework.aop.framework.ReflectiveMethodInvocation.proceed(ReflectiveMethodInvocation.java:173)
	at org.springframework.transaction.interceptor.TransactionAspectSupport.invokeWithinTransaction(TransactionAspectSupport.java:380)
	at org.springframework.transaction.interceptor.TransactionInterceptor.invoke(TransactionInterceptor.java:119)
	at org.springframework.aop.framework.ReflectiveMethodInvocation.proceed(ReflectiveMethodInvocation.java:184)
	at org.springframework.aop.interceptor.ExposeInvocationInterceptor.invoke(ExposeInvocationInterceptor.java:97)
	at org.springframework.aop.framework.ReflectiveMethodInvocation.proceed(ReflectiveMethodInvocation.java:184)
	at org.springframework.aop.framework.CglibAopProxy$DynamicAdvisedInterceptor.intercept(CglibAopProxy.java:728)
	at com.example.ClinicaDefinitiva.application.service.administration.ShiftApplicationService$$SpringCGLIB$$0.cancel(<generated>)
	at com.example.ClinicaDefinitiva.infrastructure.rest.controller.administration.operations.ShiftController.cancel(ShiftController.java:126)
	at java.base/jdk.internal.reflect.NativeMethodAccessorImpl.invoke0(Native Method)
	at java.base/jdk.internal.reflect.NativeMethodAccessorImpl.invoke(NativeMethodAccessorImpl.java:77)
	at java.base/jdk.internal.reflect.DelegatingMethodAccessorImpl.invoke(DelegatingMethodAccessorImpl.java:43)
	at java.base/java.lang.reflect.Method.invoke(Method.java:568)
	at org.springframework.web.method.support.InvocableHandlerMethod.doInvoke(InvocableHandlerMethod.java:258)
	at org.springframework.web.method.support.InvocableHandlerMethod.invokeForRequest(InvocableHandlerMethod.java:191)
	at org.springframework.web.servlet.mvc.method.annotation.ServletInvocableHandlerMethod.invokeAndHandle(ServletInvocableHandlerMethod.java:118)
	at org.springframework.web.servlet.mvc.method.annotation.RequestMappingHandlerAdapter.invokeHandlerMethod(RequestMappingHandlerAdapter.java:986)
	at org.springframework.web.servlet.mvc.method.annotation.RequestMappingHandlerAdapter.handleInternal(RequestMappingHandlerAdapter.java:891)
	at org.springframework.web.servlet.mvc.method.AbstractHandlerMethodAdapter.handle(AbstractHandlerMethodAdapter.java:87)
	at org.springframework.web.servlet.DispatcherServlet.doDispatch(DispatcherServlet.java:1089)
	at org.springframework.web.servlet.DispatcherServlet.doService(DispatcherServlet.java:979)
	at org.springframework.web.servlet.FrameworkServlet.processRequest(FrameworkServlet.java:1014)
	at org.springframework.web.servlet.FrameworkServlet.doPost(FrameworkServlet.java:914)
	at jakarta.servlet.http.HttpServlet.service(HttpServlet.java:590)
	at org.springframework.web.servlet.FrameworkServlet.service(FrameworkServlet.java:885)
	at jakarta.servlet.http.HttpServlet.service(HttpServlet.java:658)
	at org.apache.catalina.core.ApplicationFilterChain.internalDoFilter(ApplicationFilterChain.java:195)
	at org.apache.catalina.core.ApplicationFilterChain.doFilter(ApplicationFilterChain.java:140)
	at org.apache.tomcat.websocket.server.WsFilter.doFilter(WsFilter.java:51)
	at org.apache.catalina.core.ApplicationFilterChain.internalDoFilter(ApplicationFilterChain.java:164)
	at org.apache.catalina.core.ApplicationFilterChain.doFilter(ApplicationFilterChain.java:140)
	at com.example.ClinicaDefinitiva.util.RequestIdFilter.doFilterInternal(RequestIdFilter.java:76)
	at org.springframework.web.filter.OncePerRequestFilter.doFilter(OncePerRequestFilter.java:116)
	at org.apache.catalina.core.ApplicationFilterChain.internalDoFilter(ApplicationFilterChain.java:164)
	at org.apache.catalina.core.ApplicationFilterChain.doFilter(ApplicationFilterChain.java:140)
	at org.springframework.web.filter.CompositeFilter$VirtualFilterChain.doFilter(CompositeFilter.java:108)
	at org.springframework.web.filter.CompositeFilter$VirtualFilterChain.doFilter(CompositeFilter.java:108)
	at org.springframework.security.web.FilterChainProxy.lambda$doFilterInternal$3(FilterChainProxy.java:231)
	at org.springframework.security.web.ObservationFilterChainDecorator$FilterObservation$SimpleFilterObservation.lambda$wrap$1(ObservationFilterChainDecorator.java:479)
	at org.springframework.security.web.ObservationFilterChainDecorator$AroundFilterObservation$SimpleAroundFilterObservation.lambda$wrap$1(ObservationFilterChainDecorator.java:340)
	at org.springframework.security.web.ObservationFilterChainDecorator.lambda$wrapSecured$0(ObservationFilterChainDecorator.java:82)
	at org.springframework.security.web.ObservationFilterChainDecorator$VirtualFilterChain.doFilter(ObservationFilterChainDecorator.java:128)
	at org.springframework.security.web.access.intercept.AuthorizationFilter.doFilter(AuthorizationFilter.java:101)
	at org.springframework.security.web.ObservationFilterChainDecorator$ObservationFilter.wrapFilter(ObservationFilterChainDecorator.java:240)
	at org.springframework.security.web.ObservationFilterChainDecorator$ObservationFilter.doFilter(ObservationFilterChainDecorator.java:227)
	at org.springframework.security.web.ObservationFilterChainDecorator$VirtualFilterChain.doFilter(ObservationFilterChainDecorator.java:137)
	at org.springframework.security.web.access.ExceptionTranslationFilter.doFilter(ExceptionTranslationFilter.java:125)
	at org.springframework.security.web.access.ExceptionTranslationFilter.doFilter(ExceptionTranslationFilter.java:119)
	at org.springframework.security.web.ObservationFilterChainDecorator$ObservationFilter.wrapFilter(ObservationFilterChainDecorator.java:240)
	at org.springframework.security.web.ObservationFilterChainDecorator$ObservationFilter.doFilter(ObservationFilterChainDecorator.java:227)
	at org.springframework.security.web.ObservationFilterChainDecorator$VirtualFilterChain.doFilter(ObservationFilterChainDecorator.java:137)
	at org.springframework.security.web.session.SessionManagementFilter.doFilter(SessionManagementFilter.java:131)
	at org.springframework.security.web.session.SessionManagementFilter.doFilter(SessionManagementFilter.java:85)
	at org.springframework.security.web.ObservationFilterChainDecorator$ObservationFilter.wrapFilter(ObservationFilterChainDecorator.java:240)
	at org.springframework.security.web.ObservationFilterChainDecorator$ObservationFilter.doFilter(ObservationFilterChainDecorator.java:227)
	at org.springframework.security.web.ObservationFilterChainDecorator$VirtualFilterChain.doFilter(ObservationFilterChainDecorator.java:137)
	at org.springframework.security.web.authentication.AnonymousAuthenticationFilter.doFilter(AnonymousAuthenticationFilter.java:100)
	at org.springframework.security.web.ObservationFilterChainDecorator$ObservationFilter.wrapFilter(ObservationFilterChainDecorator.java:240)
	at org.springframework.security.web.ObservationFilterChainDecorator$ObservationFilter.doFilter(ObservationFilterChainDecorator.java:227)
	at org.springframework.security.web.ObservationFilterChainDecorator$VirtualFilterChain.doFilter(ObservationFilterChainDecorator.java:137)
	at org.springframework.security.web.servletapi.SecurityContextHolderAwareRequestFilter.doFilter(SecurityContextHolderAwareRequestFilter.java:179)
	at org.springframework.security.web.ObservationFilterChainDecorator$ObservationFilter.wrapFilter(ObservationFilterChainDecorator.java:240)
	at org.springframework.security.web.ObservationFilterChainDecorator$ObservationFilter.doFilter(ObservationFilterChainDecorator.java:227)
	at org.springframework.security.web.ObservationFilterChainDecorator$VirtualFilterChain.doFilter(ObservationFilterChainDecorator.java:137)
	at org.springframework.security.web.savedrequest.RequestCacheAwareFilter.doFilter(RequestCacheAwareFilter.java:63)
	at org.springframework.security.web.ObservationFilterChainDecorator$ObservationFilter.wrapFilter(ObservationFilterChainDecorator.java:240)
	at org.springframework.security.web.ObservationFilterChainDecorator$ObservationFilter.doFilter(ObservationFilterChainDecorator.java:227)
	at org.springframework.security.web.ObservationFilterChainDecorator$VirtualFilterChain.doFilter(ObservationFilterChainDecorator.java:137)
	at com.example.ClinicaDefinitiva.infrastructure.security.filter.JwtAuthenticationFilter.doFilterInternal(JwtAuthenticationFilter.java:40)
	at org.springframework.web.filter.OncePerRequestFilter.doFilter(OncePerRequestFilter.java:116)
	at org.springframework.security.web.ObservationFilterChainDecorator$ObservationFilter.wrapFilter(ObservationFilterChainDecorator.java:240)
	at org.springframework.security.web.ObservationFilterChainDecorator$ObservationFilter.doFilter(ObservationFilterChainDecorator.java:227)
	at org.springframework.security.web.ObservationFilterChainDecorator$VirtualFilterChain.doFilter(ObservationFilterChainDecorator.java:137)
	at org.springframework.security.web.authentication.logout.LogoutFilter.doFilter(LogoutFilter.java:107)
	at org.springframework.security.web.authentication.logout.LogoutFilter.doFilter(LogoutFilter.java:93)
	at org.springframework.security.web.ObservationFilterChainDecorator$ObservationFilter.wrapFilter(ObservationFilterChainDecorator.java:240)
	at org.springframework.security.web.ObservationFilterChainDecorator$ObservationFilter.doFilter(ObservationFilterChainDecorator.java:227)
	at org.springframework.security.web.ObservationFilterChainDecorator$VirtualFilterChain.doFilter(ObservationFilterChainDecorator.java:137)
	at org.springframework.security.web.header.HeaderWriterFilter.doHeadersAfter(HeaderWriterFilter.java:90)
	at org.springframework.security.web.header.HeaderWriterFilter.doFilterInternal(HeaderWriterFilter.java:75)
	at org.springframework.web.filter.OncePerRequestFilter.doFilter(OncePerRequestFilter.java:116)
	at org.springframework.security.web.ObservationFilterChainDecorator$ObservationFilter.wrapFilter(ObservationFilterChainDecorator.java:240)
	at org.springframework.security.web.ObservationFilterChainDecorator$ObservationFilter.doFilter(ObservationFilterChainDecorator.java:227)
	at org.springframework.security.web.ObservationFilterChainDecorator$VirtualFilterChain.doFilter(ObservationFilterChainDecorator.java:137)
	at org.springframework.security.web.context.SecurityContextHolderFilter.doFilter(SecurityContextHolderFilter.java:82)
	at org.springframework.security.web.context.SecurityContextHolderFilter.doFilter(SecurityContextHolderFilter.java:69)
	at org.springframework.security.web.ObservationFilterChainDecorator$ObservationFilter.wrapFilter(ObservationFilterChainDecorator.java:240)
	at org.springframework.security.web.ObservationFilterChainDecorator$ObservationFilter.doFilter(ObservationFilterChainDecorator.java:227)
	at org.springframework.security.web.ObservationFilterChainDecorator$VirtualFilterChain.doFilter(ObservationFilterChainDecorator.java:137)
	at org.springframework.security.web.context.request.async.WebAsyncManagerIntegrationFilter.doFilterInternal(WebAsyncManagerIntegrationFilter.java:62)
	at org.springframework.web.filter.OncePerRequestFilter.doFilter(OncePerRequestFilter.java:116)
	at org.springframework.security.web.ObservationFilterChainDecorator$ObservationFilter.wrapFilter(ObservationFilterChainDecorator.java:240)
	at org.springframework.security.web.ObservationFilterChainDecorator$ObservationFilter.doFilter(ObservationFilterChainDecorator.java:227)
	at org.springframework.security.web.ObservationFilterChainDecorator$VirtualFilterChain.doFilter(ObservationFilterChainDecorator.java:137)
	at org.springframework.security.web.session.DisableEncodeUrlFilter.doFilterInternal(DisableEncodeUrlFilter.java:42)
	at org.springframework.web.filter.OncePerRequestFilter.doFilter(OncePerRequestFilter.java:116)
	at org.springframework.security.web.ObservationFilterChainDecorator$ObservationFilter.wrapFilter(ObservationFilterChainDecorator.java:240)
	at org.springframework.security.web.ObservationFilterChainDecorator$AroundFilterObservation$SimpleAroundFilterObservation.lambda$wrap$0(ObservationFilterChainDecorator.java:323)
	at org.springframework.security.web.ObservationFilterChainDecorator$ObservationFilter.doFilter(ObservationFilterChainDecorator.java:224)
	at org.springframework.security.web.ObservationFilterChainDecorator$VirtualFilterChain.doFilter(ObservationFilterChainDecorator.java:137)
	at org.springframework.security.web.FilterChainProxy.doFilterInternal(FilterChainProxy.java:233)
	at org.springframework.security.web.FilterChainProxy.doFilter(FilterChainProxy.java:191)
	at org.springframework.web.filter.CompositeFilter$VirtualFilterChain.doFilter(CompositeFilter.java:113)
	at org.springframework.web.filter.ServletRequestPathFilter.doFilter(ServletRequestPathFilter.java:52)
	at org.springframework.web.filter.CompositeFilter$VirtualFilterChain.doFilter(CompositeFilter.java:113)
	at org.springframework.web.filter.CompositeFilter.doFilter(CompositeFilter.java:74)
	at org.springframework.security.config.annotation.web.configuration.WebSecurityConfiguration$CompositeFilterChainProxy.doFilter(WebSecurityConfiguration.java:319)
	at org.springframework.web.filter.CompositeFilter$VirtualFilterChain.doFilter(CompositeFilter.java:113)
	at org.springframework.web.servlet.handler.HandlerMappingIntrospector.lambda$createCacheFilter$3(HandlerMappingIntrospector.java:243)
	at org.springframework.web.filter.CompositeFilter$VirtualFilterChain.doFilter(CompositeFilter.java:113)
	at org.springframework.web.filter.CompositeFilter.doFilter(CompositeFilter.java:74)
	at org.springframework.security.config.annotation.web.configuration.WebMvcSecurityConfiguration$CompositeFilterChainProxy.doFilter(WebMvcSecurityConfiguration.java:240)
	at org.springframework.web.filter.DelegatingFilterProxy.invokeDelegate(DelegatingFilterProxy.java:362)
	at org.springframework.web.filter.DelegatingFilterProxy.doFilter(DelegatingFilterProxy.java:278)
	at org.apache.catalina.core.ApplicationFilterChain.internalDoFilter(ApplicationFilterChain.java:164)
	at org.apache.catalina.core.ApplicationFilterChain.doFilter(ApplicationFilterChain.java:140)
	at org.springframework.web.filter.RequestContextFilter.doFilterInternal(RequestContextFilter.java:100)
	at org.springframework.web.filter.OncePerRequestFilter.doFilter(OncePerRequestFilter.java:116)
	at org.apache.catalina.core.ApplicationFilterChain.internalDoFilter(ApplicationFilterChain.java:164)
	at org.apache.catalina.core.ApplicationFilterChain.doFilter(ApplicationFilterChain.java:140)
	at org.springframework.web.filter.FormContentFilter.doFilterInternal(FormContentFilter.java:93)
	at org.springframework.web.filter.OncePerRequestFilter.doFilter(OncePerRequestFilter.java:116)
	at org.apache.catalina.core.ApplicationFilterChain.internalDoFilter(ApplicationFilterChain.java:164)
	at org.apache.catalina.core.ApplicationFilterChain.doFilter(ApplicationFilterChain.java:140)
	at org.springframework.web.filter.ServerHttpObservationFilter.doFilterInternal(ServerHttpObservationFilter.java:114)
	at org.springframework.web.filter.OncePerRequestFilter.doFilter(OncePerRequestFilter.java:116)
	at org.apache.catalina.core.ApplicationFilterChain.internalDoFilter(ApplicationFilterChain.java:164)
	at org.apache.catalina.core.ApplicationFilterChain.doFilter(ApplicationFilterChain.java:140)
	at org.springframework.web.filter.CharacterEncodingFilter.doFilterInternal(CharacterEncodingFilter.java:201)
	at org.springframework.web.filter.OncePerRequestFilter.doFilter(OncePerRequestFilter.java:116)
	at org.apache.catalina.core.ApplicationFilterChain.internalDoFilter(ApplicationFilterChain.java:164)
	at org.apache.catalina.core.ApplicationFilterChain.doFilter(ApplicationFilterChain.java:140)
	at org.apache.catalina.core.StandardWrapperValve.invoke(StandardWrapperValve.java:167)
	at org.apache.catalina.core.StandardContextValve.invoke(StandardContextValve.java:90)
	at org.apache.catalina.authenticator.AuthenticatorBase.invoke(AuthenticatorBase.java:483)
	at org.apache.catalina.core.StandardHostValve.invoke(StandardHostValve.java:116)
	at org.apache.catalina.valves.ErrorReportValve.invoke(ErrorReportValve.java:93)
	at org.apache.catalina.core.StandardEngineValve.invoke(StandardEngineValve.java:74)
	at org.apache.catalina.connector.CoyoteAdapter.service(CoyoteAdapter.java:344)
	at org.apache.coyote.http11.Http11Processor.service(Http11Processor.java:398)
	at org.apache.coyote.AbstractProcessorLight.process(AbstractProcessorLight.java:63)
	at org.apache.coyote.AbstractProtocol$ConnectionHandler.process(AbstractProtocol.java:903)
	at org.apache.tomcat.util.net.NioEndpoint$SocketProcessor.doRun(NioEndpoint.java:1740)
	at org.apache.tomcat.util.net.SocketProcessorBase.run(SocketProcessorBase.java:52)
	at org.apache.tomcat.util.threads.ThreadPoolExecutor.runWorker(ThreadPoolExecutor.java:1189)
	at org.apache.tomcat.util.threads.ThreadPoolExecutor$Worker.run(ThreadPoolExecutor.java:658)
	at org.apache.tomcat.util.threads.TaskThread$WrappingRunnable.run(TaskThread.java:63)
	at java.base/java.lang.Thread.run(Thread.java:842)
2026-03-24 15:04:14 DEBUG [http-nio-8080-exec-8] o.s.security.web.FilterChainProxy - Securing POST /error?reason=Personal
2026-03-24 15:04:14 TRACE [http-nio-8080-exec-8] o.s.s.w.a.logout.LogoutFilter - Did not match request to Or [Ant [pattern='/logout', GET], Ant [pattern='/logout', POST], Ant [pattern='/logout', PUT], Ant [pattern='/logout', DELETE]]
2026-03-24 15:04:14 TRACE [http-nio-8080-exec-8] o.s.s.w.a.AnonymousAuthenticationFilter - Set SecurityContextHolder to AnonymousAuthenticationToken [Principal=anonymousUser, Credentials=[PROTECTED], Authenticated=true, Details=WebAuthenticationDetails [RemoteIpAddress=0:0:0:0:0:0:0:1, SessionId=null], Granted Authorities=[ROLE_ANONYMOUS]]
2026-03-24 15:04:14 DEBUG [http-nio-8080-exec-8] o.s.s.w.a.Http403ForbiddenEntryPoint - Pre-authenticated entry point called. Rejecting access
2026-03-24 15:12:13 DEBUG [http-nio-8080-exec-2] o.s.security.web.FilterChainProxy - Securing POST /api/v1/treatments
2026-03-24 15:12:13 TRACE [http-nio-8080-exec-2] o.s.s.w.a.logout.LogoutFilter - Did not match request to Or [Ant [pattern='/logout', GET], Ant [pattern='/logout', POST], Ant [pattern='/logout', PUT], Ant [pattern='/logout', DELETE]]
2026-03-24 15:12:13 TRACE [http-nio-8080-exec-2] o.s.s.w.a.AnonymousAuthenticationFilter - Did not set SecurityContextHolder since already authenticated UsernamePasswordAuthenticationToken [Principal=com.example.ClinicaDefinitiva.infrastructure.security.adapter.CustomUserDetails@957055, Credentials=[PROTECTED], Authenticated=true, Details=null, Granted Authorities=[UPDATE_COMPANY, UPDATE_INVOICE, CREATE_ASSIGNMENT, UPDATE_GUARDIAN, CLONE_ROLE_ROLE, CANCEL_APPOINTMENT, UPDATE_JOURNAL_ENTRY, REVERSE_JOURNAL_ENTRY, CREATE_CONTRACT, DELETE_APPOINTMENT, RESCHEDULE_APPOINTMENT, SET_PERMISSIONS_ROLE, CREATE_PATIENT, READ_USER_IDENTITY, IS_CURRENTLY_ACTIVE_ASSIGNMENT, READ_RATE, ACTIVATE_ROLE_ROLE, DELETE_ROLE_ROLE, READ_APPOINTMENT, READ_DENTIST, CREATE_COMPANY, VIEW_ROLE_ROLE, SCHEDULE_APPOINTMENT, ROLE_RECEPTIONIST, DELETE_INVOICE, CREATE_CUSTOM_ROLE_ROLE, UPDATE_PAYMENT, CREATE_DENTIST, CHECK_PERMISSION_ROLE, READ_PATIENT, READ_ADMINISTRATIVE_REPORT, CREATE_APPOINTMENT, VIEW_ASSIGNMENT_ASSIGNMENT, READ_CONTRACT, DELETE_ADMINISTRATIVE_REPORT, DEACTIVATE_USER_IDENTITY, REVERSE_INVOICE, DEACTIVATE_ROLE_ROLE, APPROVE_INVOICE, READ_PROVIDED_SERVICE, REVOKE_ASSIGNMENT, READ_AVAILABILITY, READ_RECEPTIONIST, DELETE_RATE, UPDATE_PRIMARY_ASSIGNMENT, UPDATE_DENTIST, CREATE_USER_IDENTITY, DELETE_CONTRACT, DELETE_PAYMENT, DELETE_ASSIGNMENT, READ_COMPANY, UPDATE_ADMINISTRATIVE_REPORT, REMOVE_PERMISSION_ROLE, CREATE_PAYMENT, UPDATE_USER_IDENTITY, ADD_PERMISSION_ROLE, READ_GUARDIAN, UPDATE_CONTRACT, DELETE_COMPANY, IS_ACTIVE_AT_ASSIGNMENT, DELETE_DENTIST, READ_ASSIGNMENT, POST_INVOICE, REVOKE_ALL_ASSIGNMENT, CREATE_JOURNAL_ENTRY, CREATE_ADMINISTRATIVE_REPORT, UPDATE_ASSIGNMENT, READ_SHIFT, POST_JOURNAL_ENTRY, CREATE_GUARDIAN, ROLE_ADMINISTRATOR, CREATE_TEMPORARY_ASSIGNMENT, READ_PAYMENT, CREATE_RATE, EXTEND_ASSIGNMENT_ASSIGNMENT, READ_INVOICE, REACTIVATE_USER_IDENTITY, UPDATE_APPOINTMENT, UPDATE_RATE, DELETE_JOURNAL_ENTRY, CREATE_SHIFT, READ_JOURNAL_ENTRY, MARK_DELETED_ROLE_ROLE, CREATE_INVOICE, UPDATE_SHIFT, SUSPEND_ROLE_ROLE, UPDATE_PATIENT, UPDATE_PROVIDED_SERVICE, SUSPEND_USER_IDENTITY]]
2026-03-24 15:12:13 TRACE [http-nio-8080-exec-2] o.s.s.w.a.s.CompositeSessionAuthenticationStrategy - Preparing session with ChangeSessionIdAuthenticationStrategy (1/1)
2026-03-24 15:12:13 DEBUG [http-nio-8080-exec-2] o.s.security.web.FilterChainProxy - Secured POST /api/v1/treatments
2026-03-24 15:12:13 DEBUG [http-nio-8080-exec-2] o.s.web.servlet.DispatcherServlet - POST "/api/v1/treatments", parameters={}
2026-03-24 15:12:13 DEBUG [http-nio-8080-exec-2] o.s.w.s.m.m.a.RequestMappingHandlerMapping - Mapped to com.example.ClinicaDefinitiva.infrastructure.rest.controller.clinicalTreatments.TreatmentController#create(CreateTreatmentRequest, CustomUserDetails)
2026-03-24 15:12:13 DEBUG [http-nio-8080-exec-2] o.s.web.method.HandlerMethod - Could not resolve parameter [0] in public org.springframework.http.ResponseEntity<com.example.ClinicaDefinitiva.infrastructure.rest.dto.clinicalTreatments.ReadTreatmentResponse> com.example.ClinicaDefinitiva.infrastructure.rest.controller.clinicalTreatments.TreatmentController.create(com.example.ClinicaDefinitiva.infrastructure.rest.dto.clinicalTreatments.CreateTreatmentRequest,com.example.ClinicaDefinitiva.infrastructure.security.adapter.CustomUserDetails): JSON parse error: Cannot deserialize value of type `java.lang.Long` from Object value (token `JsonToken.START_OBJECT`)
2026-03-24 15:12:13 DEBUG [http-nio-8080-exec-2] o.s.w.s.m.m.a.ExceptionHandlerExceptionResolver - Using @ExceptionHandler com.example.ClinicaDefinitiva.infrastructure.rest.advice.GlobalControllerAdvice#handleHttpMessageNotReadable(HttpMessageNotReadableException)
2026-03-24 15:12:13 WARN  [http-nio-8080-exec-2] c.e.C.i.r.a.GlobalControllerAdvice - JSON mal formado [requestId=0e1e2d9f-0290-4e00-9159-8b3bf8f85027, usuario=admin@test.com]: JSON parse error: Cannot deserialize value of type `java.lang.Long` from Object value (token `JsonToken.START_OBJECT`)
2026-03-24 15:12:13 DEBUG [http-nio-8080-exec-2] o.s.w.s.m.m.a.HttpEntityMethodProcessor - Using 'application/json', given [*/*] and supported [application/json, application/*+json]
2026-03-24 15:12:13 DEBUG [http-nio-8080-exec-2] o.s.w.s.m.m.a.HttpEntityMethodProcessor - Writing [com.example.ClinicaDefinitiva.infrastructure.rest.dto.ErrorResponse@620813c1]
2026-03-24 15:12:13 DEBUG [http-nio-8080-exec-2] o.s.w.s.m.m.a.ExceptionHandlerExceptionResolver - Resolved [org.springframework.http.converter.HttpMessageNotReadableException: JSON parse error: Cannot deserialize value of type `java.lang.Long` from Object value (token `JsonToken.START_OBJECT`)]
2026-03-24 15:12:13 DEBUG [http-nio-8080-exec-2] o.s.web.servlet.DispatcherServlet - Completed 400 BAD_REQUEST
2026-03-24 15:13:04 DEBUG [http-nio-8080-exec-3] o.s.security.web.FilterChainProxy - Securing GET /api/v1/treatments
2026-03-24 15:13:04 TRACE [http-nio-8080-exec-3] o.s.s.w.a.logout.LogoutFilter - Did not match request to Or [Ant [pattern='/logout', GET], Ant [pattern='/logout', POST], Ant [pattern='/logout', PUT], Ant [pattern='/logout', DELETE]]
2026-03-24 15:13:04 TRACE [http-nio-8080-exec-3] o.s.s.w.a.AnonymousAuthenticationFilter - Did not set SecurityContextHolder since already authenticated UsernamePasswordAuthenticationToken [Principal=com.example.ClinicaDefinitiva.infrastructure.security.adapter.CustomUserDetails@472c25dd, Credentials=[PROTECTED], Authenticated=true, Details=null, Granted Authorities=[UPDATE_COMPANY, UPDATE_INVOICE, CREATE_ASSIGNMENT, UPDATE_GUARDIAN, CLONE_ROLE_ROLE, CANCEL_APPOINTMENT, UPDATE_JOURNAL_ENTRY, REVERSE_JOURNAL_ENTRY, CREATE_CONTRACT, DELETE_APPOINTMENT, RESCHEDULE_APPOINTMENT, SET_PERMISSIONS_ROLE, CREATE_PATIENT, READ_USER_IDENTITY, IS_CURRENTLY_ACTIVE_ASSIGNMENT, READ_RATE, ACTIVATE_ROLE_ROLE, DELETE_ROLE_ROLE, READ_APPOINTMENT, READ_DENTIST, CREATE_COMPANY, VIEW_ROLE_ROLE, SCHEDULE_APPOINTMENT, ROLE_RECEPTIONIST, DELETE_INVOICE, CREATE_CUSTOM_ROLE_ROLE, UPDATE_PAYMENT, CREATE_DENTIST, CHECK_PERMISSION_ROLE, READ_PATIENT, READ_ADMINISTRATIVE_REPORT, CREATE_APPOINTMENT, VIEW_ASSIGNMENT_ASSIGNMENT, READ_CONTRACT, DELETE_ADMINISTRATIVE_REPORT, DEACTIVATE_USER_IDENTITY, REVERSE_INVOICE, DEACTIVATE_ROLE_ROLE, APPROVE_INVOICE, READ_PROVIDED_SERVICE, REVOKE_ASSIGNMENT, READ_AVAILABILITY, READ_RECEPTIONIST, DELETE_RATE, UPDATE_PRIMARY_ASSIGNMENT, UPDATE_DENTIST, CREATE_USER_IDENTITY, DELETE_CONTRACT, DELETE_PAYMENT, DELETE_ASSIGNMENT, READ_COMPANY, UPDATE_ADMINISTRATIVE_REPORT, REMOVE_PERMISSION_ROLE, CREATE_PAYMENT, UPDATE_USER_IDENTITY, ADD_PERMISSION_ROLE, READ_GUARDIAN, UPDATE_CONTRACT, DELETE_COMPANY, IS_ACTIVE_AT_ASSIGNMENT, DELETE_DENTIST, READ_ASSIGNMENT, POST_INVOICE, REVOKE_ALL_ASSIGNMENT, CREATE_JOURNAL_ENTRY, CREATE_ADMINISTRATIVE_REPORT, UPDATE_ASSIGNMENT, READ_SHIFT, POST_JOURNAL_ENTRY, CREATE_GUARDIAN, ROLE_ADMINISTRATOR, CREATE_TEMPORARY_ASSIGNMENT, READ_PAYMENT, CREATE_RATE, EXTEND_ASSIGNMENT_ASSIGNMENT, READ_INVOICE, REACTIVATE_USER_IDENTITY, UPDATE_APPOINTMENT, UPDATE_RATE, DELETE_JOURNAL_ENTRY, CREATE_SHIFT, READ_JOURNAL_ENTRY, MARK_DELETED_ROLE_ROLE, CREATE_INVOICE, UPDATE_SHIFT, SUSPEND_ROLE_ROLE, UPDATE_PATIENT, UPDATE_PROVIDED_SERVICE, SUSPEND_USER_IDENTITY]]
2026-03-24 15:13:04 TRACE [http-nio-8080-exec-3] o.s.s.w.a.s.CompositeSessionAuthenticationStrategy - Preparing session with ChangeSessionIdAuthenticationStrategy (1/1)
2026-03-24 15:13:04 DEBUG [http-nio-8080-exec-3] o.s.security.web.FilterChainProxy - Secured GET /api/v1/treatments
2026-03-24 15:13:04 DEBUG [http-nio-8080-exec-3] o.s.web.servlet.DispatcherServlet - GET "/api/v1/treatments", parameters={}
2026-03-24 15:13:04 DEBUG [http-nio-8080-exec-3] o.s.w.s.m.m.a.RequestMappingHandlerMapping - Mapped to com.example.ClinicaDefinitiva.infrastructure.rest.controller.clinicalTreatments.TreatmentController#findAll(Pageable, CustomUserDetails)
2026-03-24 15:13:04 DEBUG [http-nio-8080-exec-3] o.s.w.s.m.m.a.ExceptionHandlerExceptionResolver - Using @ExceptionHandler com.example.ClinicaDefinitiva.infrastructure.rest.advice.GlobalControllerAdvice#handleAccessDenied(AccessDeniedException)
2026-03-24 15:13:04 WARN  [http-nio-8080-exec-3] c.e.C.i.r.a.GlobalControllerAdvice - Acceso denegado [requestId=a7ef9ebd-af5e-4d24-925c-5c7fd22a6e9e, usuario=admin@test.com]: Rol no tiene permiso base: READ_TREATMENT
2026-03-24 15:13:04 DEBUG [http-nio-8080-exec-3] o.s.w.s.m.m.a.HttpEntityMethodProcessor - Using 'application/json', given [*/*] and supported [application/json, application/*+json]
2026-03-24 15:13:04 DEBUG [http-nio-8080-exec-3] o.s.w.s.m.m.a.HttpEntityMethodProcessor - Writing [com.example.ClinicaDefinitiva.infrastructure.rest.dto.ErrorResponse@57105a2f]
2026-03-24 15:13:04 DEBUG [http-nio-8080-exec-3] o.s.w.s.m.m.a.ExceptionHandlerExceptionResolver - Resolved [org.springframework.security.access.AccessDeniedException: Rol no tiene permiso base: READ_TREATMENT]
2026-03-24 15:13:04 DEBUG [http-nio-8080-exec-3] o.s.web.servlet.DispatcherServlet - Completed 403 FORBIDDEN
2026-03-24 15:15:30 DEBUG [http-nio-8080-exec-6] o.s.security.web.FilterChainProxy - Securing GET /api/v1/treatments
2026-03-24 15:15:30 TRACE [http-nio-8080-exec-6] o.s.s.w.a.logout.LogoutFilter - Did not match request to Or [Ant [pattern='/logout', GET], Ant [pattern='/logout', POST], Ant [pattern='/logout', PUT], Ant [pattern='/logout', DELETE]]
2026-03-24 15:15:30 TRACE [http-nio-8080-exec-6] o.s.s.w.a.AnonymousAuthenticationFilter - Did not set SecurityContextHolder since already authenticated UsernamePasswordAuthenticationToken [Principal=com.example.ClinicaDefinitiva.infrastructure.security.adapter.CustomUserDetails@33560b66, Credentials=[PROTECTED], Authenticated=true, Details=null, Granted Authorities=[UPDATE_COMPANY, UPDATE_INVOICE, CREATE_ASSIGNMENT, UPDATE_GUARDIAN, CLONE_ROLE_ROLE, CANCEL_APPOINTMENT, UPDATE_JOURNAL_ENTRY, REVERSE_JOURNAL_ENTRY, CREATE_CONTRACT, DELETE_APPOINTMENT, RESCHEDULE_APPOINTMENT, SET_PERMISSIONS_ROLE, CREATE_PATIENT, READ_USER_IDENTITY, IS_CURRENTLY_ACTIVE_ASSIGNMENT, READ_RATE, ACTIVATE_ROLE_ROLE, DELETE_ROLE_ROLE, READ_APPOINTMENT, READ_DENTIST, CREATE_COMPANY, VIEW_ROLE_ROLE, SCHEDULE_APPOINTMENT, ROLE_RECEPTIONIST, DELETE_INVOICE, CREATE_CUSTOM_ROLE_ROLE, UPDATE_PAYMENT, CREATE_DENTIST, CHECK_PERMISSION_ROLE, READ_PATIENT, READ_ADMINISTRATIVE_REPORT, CREATE_APPOINTMENT, VIEW_ASSIGNMENT_ASSIGNMENT, READ_CONTRACT, DELETE_ADMINISTRATIVE_REPORT, DEACTIVATE_USER_IDENTITY, REVERSE_INVOICE, DEACTIVATE_ROLE_ROLE, APPROVE_INVOICE, READ_PROVIDED_SERVICE, REVOKE_ASSIGNMENT, READ_AVAILABILITY, READ_RECEPTIONIST, DELETE_RATE, UPDATE_PRIMARY_ASSIGNMENT, UPDATE_DENTIST, CREATE_USER_IDENTITY, DELETE_CONTRACT, DELETE_PAYMENT, DELETE_ASSIGNMENT, READ_COMPANY, UPDATE_ADMINISTRATIVE_REPORT, REMOVE_PERMISSION_ROLE, CREATE_PAYMENT, UPDATE_USER_IDENTITY, ADD_PERMISSION_ROLE, READ_GUARDIAN, UPDATE_CONTRACT, DELETE_COMPANY, IS_ACTIVE_AT_ASSIGNMENT, DELETE_DENTIST, READ_ASSIGNMENT, POST_INVOICE, REVOKE_ALL_ASSIGNMENT, CREATE_JOURNAL_ENTRY, CREATE_ADMINISTRATIVE_REPORT, UPDATE_ASSIGNMENT, READ_SHIFT, POST_JOURNAL_ENTRY, CREATE_GUARDIAN, ROLE_ADMINISTRATOR, CREATE_TEMPORARY_ASSIGNMENT, READ_PAYMENT, CREATE_RATE, EXTEND_ASSIGNMENT_ASSIGNMENT, READ_INVOICE, REACTIVATE_USER_IDENTITY, UPDATE_APPOINTMENT, UPDATE_RATE, DELETE_JOURNAL_ENTRY, CREATE_SHIFT, READ_JOURNAL_ENTRY, MARK_DELETED_ROLE_ROLE, CREATE_INVOICE, UPDATE_SHIFT, SUSPEND_ROLE_ROLE, UPDATE_PATIENT, UPDATE_PROVIDED_SERVICE, SUSPEND_USER_IDENTITY]]
2026-03-24 15:15:30 TRACE [http-nio-8080-exec-6] o.s.s.w.a.s.CompositeSessionAuthenticationStrategy - Preparing session with ChangeSessionIdAuthenticationStrategy (1/1)
2026-03-24 15:15:30 DEBUG [http-nio-8080-exec-6] o.s.security.web.FilterChainProxy - Secured GET /api/v1/treatments
2026-03-24 15:15:30 DEBUG [http-nio-8080-exec-6] o.s.web.servlet.DispatcherServlet - GET "/api/v1/treatments", parameters={}
2026-03-24 15:15:30 DEBUG [http-nio-8080-exec-6] o.s.w.s.m.m.a.RequestMappingHandlerMapping - Mapped to com.example.ClinicaDefinitiva.infrastructure.rest.controller.clinicalTreatments.TreatmentController#findAll(Pageable, CustomUserDetails)
2026-03-24 15:15:30 DEBUG [http-nio-8080-exec-6] o.s.w.s.m.m.a.ExceptionHandlerExceptionResolver - Using @ExceptionHandler com.example.ClinicaDefinitiva.infrastructure.rest.advice.GlobalControllerAdvice#handleAccessDenied(AccessDeniedException)
2026-03-24 15:15:30 WARN  [http-nio-8080-exec-6] c.e.C.i.r.a.GlobalControllerAdvice - Acceso denegado [requestId=1571dcb2-2d44-43b6-bc01-35533d067fad, usuario=admin@test.com]: Rol no tiene permiso base: READ_TREATMENT
2026-03-24 15:15:30 DEBUG [http-nio-8080-exec-6] o.s.w.s.m.m.a.HttpEntityMethodProcessor - Using 'application/json', given [*/*] and supported [application/json, application/*+json]
2026-03-24 15:15:30 DEBUG [http-nio-8080-exec-6] o.s.w.s.m.m.a.HttpEntityMethodProcessor - Writing [com.example.ClinicaDefinitiva.infrastructure.rest.dto.ErrorResponse@6331ecd5]
2026-03-24 15:15:30 DEBUG [http-nio-8080-exec-6] o.s.w.s.m.m.a.ExceptionHandlerExceptionResolver - Resolved [org.springframework.security.access.AccessDeniedException: Rol no tiene permiso base: READ_TREATMENT]
2026-03-24 15:15:30 DEBUG [http-nio-8080-exec-6] o.s.web.servlet.DispatcherServlet - Completed 403 FORBIDDEN
2026-03-24 15:35:48 DEBUG [http-nio-8080-exec-10] o.s.security.web.FilterChainProxy - Securing POST /api/v1/services
2026-03-24 15:35:48 TRACE [http-nio-8080-exec-10] o.s.s.w.a.logout.LogoutFilter - Did not match request to Or [Ant [pattern='/logout', GET], Ant [pattern='/logout', POST], Ant [pattern='/logout', PUT], Ant [pattern='/logout', DELETE]]
2026-03-24 15:35:48 TRACE [http-nio-8080-exec-10] o.s.s.w.a.AnonymousAuthenticationFilter - Set SecurityContextHolder to AnonymousAuthenticationToken [Principal=anonymousUser, Credentials=[PROTECTED], Authenticated=true, Details=WebAuthenticationDetails [RemoteIpAddress=0:0:0:0:0:0:0:1, SessionId=null], Granted Authorities=[ROLE_ANONYMOUS]]
2026-03-24 15:35:48 DEBUG [http-nio-8080-exec-10] o.s.s.w.a.Http403ForbiddenEntryPoint - Pre-authenticated entry point called. Rejecting access
2026-03-24 15:35:48 DEBUG [http-nio-8080-exec-10] o.s.security.web.FilterChainProxy - Securing POST /error
2026-03-24 15:35:48 TRACE [http-nio-8080-exec-10] o.s.s.w.a.logout.LogoutFilter - Did not match request to Or [Ant [pattern='/logout', GET], Ant [pattern='/logout', POST], Ant [pattern='/logout', PUT], Ant [pattern='/logout', DELETE]]
2026-03-24 15:35:48 TRACE [http-nio-8080-exec-10] o.s.s.w.a.AnonymousAuthenticationFilter - Set SecurityContextHolder to AnonymousAuthenticationToken [Principal=anonymousUser, Credentials=[PROTECTED], Authenticated=true, Details=WebAuthenticationDetails [RemoteIpAddress=0:0:0:0:0:0:0:1, SessionId=null], Granted Authorities=[ROLE_ANONYMOUS]]
2026-03-24 15:35:48 DEBUG [http-nio-8080-exec-10] o.s.s.w.a.Http403ForbiddenEntryPoint - Pre-authenticated entry point called. Rejecting access
2026-03-24 15:36:47 DEBUG [http-nio-8080-exec-9] o.s.security.web.FilterChainProxy - Securing GET /api/v1/services
2026-03-24 15:36:47 TRACE [http-nio-8080-exec-9] o.s.s.w.a.logout.LogoutFilter - Did not match request to Or [Ant [pattern='/logout', GET], Ant [pattern='/logout', POST], Ant [pattern='/logout', PUT], Ant [pattern='/logout', DELETE]]
2026-03-24 15:36:47 TRACE [http-nio-8080-exec-9] o.s.s.w.a.AnonymousAuthenticationFilter - Set SecurityContextHolder to AnonymousAuthenticationToken [Principal=anonymousUser, Credentials=[PROTECTED], Authenticated=true, Details=WebAuthenticationDetails [RemoteIpAddress=0:0:0:0:0:0:0:1, SessionId=null], Granted Authorities=[ROLE_ANONYMOUS]]
2026-03-24 15:36:47 DEBUG [http-nio-8080-exec-9] o.s.s.w.a.Http403ForbiddenEntryPoint - Pre-authenticated entry point called. Rejecting access
2026-03-24 15:36:47 DEBUG [http-nio-8080-exec-9] o.s.security.web.FilterChainProxy - Securing GET /error
2026-03-24 15:36:47 TRACE [http-nio-8080-exec-9] o.s.s.w.a.logout.LogoutFilter - Did not match request to Or [Ant [pattern='/logout', GET], Ant [pattern='/logout', POST], Ant [pattern='/logout', PUT], Ant [pattern='/logout', DELETE]]
2026-03-24 15:36:47 TRACE [http-nio-8080-exec-9] o.s.s.w.a.AnonymousAuthenticationFilter - Set SecurityContextHolder to AnonymousAuthenticationToken [Principal=anonymousUser, Credentials=[PROTECTED], Authenticated=true, Details=WebAuthenticationDetails [RemoteIpAddress=0:0:0:0:0:0:0:1, SessionId=null], Granted Authorities=[ROLE_ANONYMOUS]]
2026-03-24 15:36:47 DEBUG [http-nio-8080-exec-9] o.s.s.w.a.Http403ForbiddenEntryPoint - Pre-authenticated entry point called. Rejecting access
2026-03-24 15:52:12 DEBUG [http-nio-8080-exec-3] o.s.security.web.FilterChainProxy - Securing GET /api/v1/appointments/45
2026-03-24 15:52:12 TRACE [http-nio-8080-exec-3] o.s.s.w.a.logout.LogoutFilter - Did not match request to Or [Ant [pattern='/logout', GET], Ant [pattern='/logout', POST], Ant [pattern='/logout', PUT], Ant [pattern='/logout', DELETE]]
2026-03-24 15:52:12 TRACE [http-nio-8080-exec-3] o.s.s.w.a.AnonymousAuthenticationFilter - Set SecurityContextHolder to AnonymousAuthenticationToken [Principal=anonymousUser, Credentials=[PROTECTED], Authenticated=true, Details=WebAuthenticationDetails [RemoteIpAddress=0:0:0:0:0:0:0:1, SessionId=null], Granted Authorities=[ROLE_ANONYMOUS]]
2026-03-24 15:52:12 DEBUG [http-nio-8080-exec-3] o.s.s.w.a.Http403ForbiddenEntryPoint - Pre-authenticated entry point called. Rejecting access
2026-03-24 15:52:12 DEBUG [http-nio-8080-exec-3] o.s.security.web.FilterChainProxy - Securing GET /error
2026-03-24 15:52:12 TRACE [http-nio-8080-exec-3] o.s.s.w.a.logout.LogoutFilter - Did not match request to Or [Ant [pattern='/logout', GET], Ant [pattern='/logout', POST], Ant [pattern='/logout', PUT], Ant [pattern='/logout', DELETE]]
2026-03-24 15:52:12 TRACE [http-nio-8080-exec-3] o.s.s.w.a.AnonymousAuthenticationFilter - Set SecurityContextHolder to AnonymousAuthenticationToken [Principal=anonymousUser, Credentials=[PROTECTED], Authenticated=true, Details=WebAuthenticationDetails [RemoteIpAddress=0:0:0:0:0:0:0:1, SessionId=null], Granted Authorities=[ROLE_ANONYMOUS]]
2026-03-24 15:52:12 DEBUG [http-nio-8080-exec-3] o.s.s.w.a.Http403ForbiddenEntryPoint - Pre-authenticated entry point called. Rejecting access
2026-03-24 17:59:16 WARN  [HikariPool-1:housekeeper] com.zaxxer.hikari.pool.HikariPool - HikariPool-1 - Thread starvation or clock leap detected (housekeeper delta=58m47s335ms662µs600ns).
2026-03-24 19:50:04 INFO  [background-preinit] o.h.validator.internal.util.Version - HV000001: Hibernate Validator 8.0.2.Final
2026-03-24 19:50:04 DEBUG [background-preinit] o.h.v.i.x.config.ValidationXmlParser - Trying to load META-INF/validation.xml for XML based Validator configuration.
2026-03-24 19:50:04 DEBUG [background-preinit] o.h.v.i.x.c.ResourceLoaderHelper - Trying to load META-INF/validation.xml via TCCL
2026-03-24 19:50:04 DEBUG [background-preinit] o.h.v.i.x.c.ResourceLoaderHelper - Trying to load META-INF/validation.xml via Hibernate Validator's class loader
2026-03-24 19:50:04 DEBUG [background-preinit] o.h.v.i.x.config.ValidationXmlParser - No META-INF/validation.xml found. Using annotation based configuration only.
2026-03-24 19:50:04 DEBUG [background-preinit] o.h.v.i.e.r.TraversableResolvers - Found jakarta.persistence.Persistence on classpath containing 'getPersistenceUtil'. Assuming JPA 2 environment. Trying to instantiate JPA aware TraversableResolver
2026-03-24 19:50:04 DEBUG [background-preinit] o.h.v.i.e.r.TraversableResolvers - Instantiated JPA aware TraversableResolver of type org.hibernate.validator.internal.engine.resolver.JPATraversableResolver.
2026-03-24 19:50:04 INFO  [main] c.e.C.ClinicaDefinitivaApplicationTests - Starting ClinicaDefinitivaApplicationTests using Java 17.0.10 with PID 10908 (started by David in C:\Users\David\OneDrive\Documents\proyectosJava\ClinicaDefinitiva)
2026-03-24 19:50:04 INFO  [main] c.e.C.ClinicaDefinitivaApplicationTests - The following 1 profile is active: "test"
2026-03-24 19:50:05 DEBUG [background-preinit] o.h.v.m.ResourceBundleMessageInterpolator - Loaded expression factory via original TCCL
2026-03-24 19:50:05 DEBUG [main] o.s.w.c.s.GenericWebApplicationContext - Refreshing org.springframework.web.context.support.GenericWebApplicationContext@55421b8d
2026-03-24 19:50:05 DEBUG [background-preinit] o.h.v.i.e.ValidatorFactoryConfigurationHelper - HV000252: Using org.hibernate.validator.internal.engine.DefaultPropertyNodeNameProvider as property node name provider.
2026-03-24 19:50:05 DEBUG [background-preinit] o.h.v.i.e.ValidatorFactoryConfigurationHelper - HV000234: Using org.hibernate.validator.messageinterpolation.ResourceBundleMessageInterpolator as ValidatorFactory-scoped message interpolator.
2026-03-24 19:50:05 DEBUG [background-preinit] o.h.v.i.e.ValidatorFactoryConfigurationHelper - HV000234: Using org.hibernate.validator.internal.engine.resolver.JPATraversableResolver as ValidatorFactory-scoped traversable resolver.
2026-03-24 19:50:05 DEBUG [background-preinit] o.h.v.i.e.ValidatorFactoryConfigurationHelper - HV000234: Using org.hibernate.validator.internal.util.ExecutableParameterNameProvider as ValidatorFactory-scoped parameter name provider.
2026-03-24 19:50:05 DEBUG [background-preinit] o.h.v.i.e.ValidatorFactoryConfigurationHelper - HV000234: Using org.hibernate.validator.internal.engine.DefaultClockProvider as ValidatorFactory-scoped clock provider.
2026-03-24 19:50:05 DEBUG [background-preinit] o.h.v.i.e.ValidatorFactoryConfigurationHelper - HV000234: Using org.hibernate.validator.internal.engine.scripting.DefaultScriptEvaluatorFactory as ValidatorFactory-scoped script evaluator factory.
2026-03-24 19:50:16 INFO  [main] o.s.d.r.c.RepositoryConfigurationDelegate - Bootstrapping Spring Data JPA repositories in DEFAULT mode.
2026-03-24 19:50:18 INFO  [main] o.s.d.r.c.RepositoryConfigurationDelegate - Finished Spring Data repository scanning in 1467 ms. Found 21 JPA repository interfaces.
2026-03-24 19:50:22 INFO  [main] o.h.jpa.internal.util.LogHelper - HHH000204: Processing PersistenceUnitInfo [name: default]
2026-03-24 19:50:23 INFO  [main] org.hibernate.Version - HHH000412: Hibernate ORM core version 6.6.15.Final
2026-03-24 19:50:23 INFO  [main] o.h.c.i.RegionFactoryInitiator - HHH000026: Second-level cache disabled
2026-03-24 19:50:26 INFO  [main] o.s.o.j.p.SpringPersistenceUnitInfo - No LoadTimeWeaver setup: ignoring JPA class transformer
2026-03-24 19:50:27 INFO  [main] com.zaxxer.hikari.HikariDataSource - HikariPool-1 - Starting...
2026-03-24 19:50:28 INFO  [main] com.zaxxer.hikari.pool.HikariPool - HikariPool-1 - Added connection conn0: url=jdbc:h2:mem:testdb user=SA
2026-03-24 19:50:28 INFO  [main] com.zaxxer.hikari.HikariDataSource - HikariPool-1 - Start completed.
2026-03-24 19:50:28 WARN  [main] org.hibernate.orm.deprecation - HHH90000025: H2Dialect does not need to be specified explicitly using 'hibernate.dialect' (remove the property setting and it will be selected by default)
2026-03-24 19:50:28 INFO  [main] o.hibernate.orm.connections.pooling - HHH10001005: Database info:
	Database JDBC URL [Connecting through datasource 'HikariDataSource (HikariPool-1)']
	Database driver: undefined/unknown
	Database version: 2.3.232
	Autocommit mode: undefined/unknown
	Isolation level: undefined/unknown
	Minimum pool size: undefined/unknown
	Maximum pool size: undefined/unknown
2026-03-24 19:50:33 DEBUG [main] o.h.v.i.x.config.ValidationXmlParser - Trying to load META-INF/validation.xml for XML based Validator configuration.
2026-03-24 19:50:33 DEBUG [main] o.h.v.i.x.c.ResourceLoaderHelper - Trying to load META-INF/validation.xml via TCCL
2026-03-24 19:50:33 DEBUG [main] o.h.v.i.x.c.ResourceLoaderHelper - Trying to load META-INF/validation.xml via Hibernate Validator's class loader
2026-03-24 19:50:33 DEBUG [main] o.h.v.i.x.config.ValidationXmlParser - No META-INF/validation.xml found. Using annotation based configuration only.
2026-03-24 19:50:33 DEBUG [main] o.h.v.i.e.r.TraversableResolvers - Found jakarta.persistence.Persistence on classpath containing 'getPersistenceUtil'. Assuming JPA 2 environment. Trying to instantiate JPA aware TraversableResolver
2026-03-24 19:50:33 DEBUG [main] o.h.v.i.e.r.TraversableResolvers - Instantiated JPA aware TraversableResolver of type org.hibernate.validator.internal.engine.resolver.JPATraversableResolver.
2026-03-24 19:50:33 DEBUG [main] o.h.v.m.ResourceBundleMessageInterpolator - Loaded expression factory via original TCCL
2026-03-24 19:50:33 DEBUG [main] o.h.v.i.e.ValidatorFactoryConfigurationHelper - HV000252: Using org.hibernate.validator.internal.engine.DefaultPropertyNodeNameProvider as property node name provider.
2026-03-24 19:50:33 DEBUG [main] o.h.v.i.e.ValidatorFactoryConfigurationHelper - HV000234: Using org.hibernate.validator.messageinterpolation.ResourceBundleMessageInterpolator as ValidatorFactory-scoped message interpolator.
2026-03-24 19:50:33 DEBUG [main] o.h.v.i.e.ValidatorFactoryConfigurationHelper - HV000234: Using org.hibernate.validator.internal.engine.resolver.JPATraversableResolver as ValidatorFactory-scoped traversable resolver.
2026-03-24 19:50:33 DEBUG [main] o.h.v.i.e.ValidatorFactoryConfigurationHelper - HV000234: Using org.hibernate.validator.internal.util.ExecutableParameterNameProvider as ValidatorFactory-scoped parameter name provider.
2026-03-24 19:50:33 DEBUG [main] o.h.v.i.e.ValidatorFactoryConfigurationHelper - HV000234: Using org.hibernate.validator.internal.engine.DefaultClockProvider as ValidatorFactory-scoped clock provider.
2026-03-24 19:50:33 DEBUG [main] o.h.v.i.e.ValidatorFactoryConfigurationHelper - HV000234: Using org.hibernate.validator.internal.engine.scripting.DefaultScriptEvaluatorFactory as ValidatorFactory-scoped script evaluator factory.
2026-03-24 19:50:42 INFO  [main] o.h.e.t.j.p.i.JtaPlatformInitiator - HHH000489: No JTA platform available (set 'hibernate.transaction.jta.platform' to enable JTA platform integration)
2026-03-24 19:50:43 INFO  [main] o.s.o.j.LocalContainerEntityManagerFactoryBean - Initialized JPA EntityManagerFactory for persistence unit 'default'
2026-03-24 19:50:47 INFO  [main] o.s.d.j.r.query.QueryEnhancerFactory - Hibernate is in classpath; If applicable, HQL parser will be used.
2026-03-24 19:51:02 INFO  [main] c.e.C.i.p.s.StripePaymentGateway - ? Stripe payment gateway initialized
2026-03-24 19:51:02 INFO  [main] c.e.C.i.p.s.StripePaymentGateway - ? Stripe payment gateway initialized
2026-03-24 19:51:03 INFO  [main] o.s.s.c.a.a.c.InitializeAuthenticationProviderBeanManagerConfigurer$InitializeAuthenticationProviderManagerConfigurer - Global AuthenticationManager configured with AuthenticationProvider bean with name authenticationProvider
2026-03-24 19:51:03 WARN  [main] o.s.s.c.a.a.c.InitializeUserDetailsBeanManagerConfigurer$InitializeUserDetailsManagerConfigurer - Global AuthenticationManager configured with an AuthenticationProvider bean. UserDetailsService beans will not be used by Spring Security for automatically configuring username/password login. Consider removing the AuthenticationProvider bean. Alternatively, consider using the UserDetailsService in a manually instantiated DaoAuthenticationProvider. If the current configuration is intentional, to turn off this warning, increase the logging level of 'org.springframework.security.config.annotation.authentication.configuration.InitializeUserDetailsBeanManagerConfigurer' to ERROR
2026-03-24 19:51:04 INFO  [main] c.e.C.i.p.s.StripePaymentGateway - ? Stripe payment gateway initialized
2026-03-24 19:51:04 WARN  [main] o.s.b.a.o.j.JpaBaseConfiguration$JpaWebConfiguration - spring.jpa.open-in-view is enabled by default. Therefore, database queries may be performed during view rendering. Explicitly configure spring.jpa.open-in-view to disable this warning
2026-03-24 19:51:05 DEBUG [main] o.s.w.s.m.m.a.RequestMappingHandlerMapping - 193 mappings in 'requestMappingHandlerMapping'
2026-03-24 19:51:06 DEBUG [main] o.s.w.s.h.SimpleUrlHandlerMapping - Patterns [/webjars/**, /**] in 'resourceHandlerMapping'
2026-03-24 19:51:06 INFO  [main] o.s.b.a.e.web.EndpointLinksResolver - Exposing 1 endpoint beneath base path '/actuator'
2026-03-24 19:51:07 DEBUG [main] o.s.s.web.DefaultSecurityFilterChain - Will secure any request with filters: DisableEncodeUrlFilter, WebAsyncManagerIntegrationFilter, SecurityContextHolderFilter, HeaderWriterFilter, LogoutFilter, JwtAuthenticationFilter, RequestCacheAwareFilter, SecurityContextHolderAwareRequestFilter, AnonymousAuthenticationFilter, SessionManagementFilter, ExceptionTranslationFilter, AuthorizationFilter
2026-03-24 19:51:08 DEBUG [main] o.h.v.m.ResourceBundleMessageInterpolator - Loaded expression factory via original TCCL
2026-03-24 19:51:08 DEBUG [main] o.h.v.i.e.AbstractConfigurationImpl - Setting custom MessageInterpolator of type org.springframework.validation.beanvalidation.LocaleContextMessageInterpolator
2026-03-24 19:51:08 DEBUG [main] o.h.v.i.e.AbstractConfigurationImpl - Setting custom ConstraintValidatorFactory of type org.springframework.validation.beanvalidation.SpringConstraintValidatorFactory
2026-03-24 19:51:08 DEBUG [main] o.h.v.i.x.config.ValidationXmlParser - Trying to load META-INF/validation.xml for XML based Validator configuration.
2026-03-24 19:51:08 DEBUG [main] o.h.v.i.x.c.ResourceLoaderHelper - Trying to load META-INF/validation.xml via user class loader
2026-03-24 19:51:08 DEBUG [main] o.h.v.i.x.c.ResourceLoaderHelper - Trying to load META-INF/validation.xml via TCCL
2026-03-24 19:51:08 DEBUG [main] o.h.v.i.x.c.ResourceLoaderHelper - Trying to load META-INF/validation.xml via Hibernate Validator's class loader
2026-03-24 19:51:08 DEBUG [main] o.h.v.i.x.config.ValidationXmlParser - No META-INF/validation.xml found. Using annotation based configuration only.
2026-03-24 19:51:08 DEBUG [main] o.h.v.i.e.r.TraversableResolvers - Found jakarta.persistence.Persistence on classpath containing 'getPersistenceUtil'. Assuming JPA 2 environment. Trying to instantiate JPA aware TraversableResolver
2026-03-24 19:51:08 DEBUG [main] o.h.v.i.e.r.TraversableResolvers - Instantiated JPA aware TraversableResolver of type org.hibernate.validator.internal.engine.resolver.JPATraversableResolver.
2026-03-24 19:51:08 DEBUG [main] o.h.v.i.e.ValidatorFactoryConfigurationHelper - HV000252: Using org.hibernate.validator.internal.engine.DefaultPropertyNodeNameProvider as property node name provider.
2026-03-24 19:51:08 DEBUG [main] o.h.v.i.e.ValidatorFactoryConfigurationHelper - HV000234: Using org.springframework.validation.beanvalidation.LocaleContextMessageInterpolator as ValidatorFactory-scoped message interpolator.
2026-03-24 19:51:08 DEBUG [main] o.h.v.i.e.ValidatorFactoryConfigurationHelper - HV000234: Using org.hibernate.validator.internal.engine.resolver.JPATraversableResolver as ValidatorFactory-scoped traversable resolver.
2026-03-24 19:51:08 DEBUG [main] o.h.v.i.e.ValidatorFactoryConfigurationHelper - HV000234: Using org.hibernate.validator.internal.util.ExecutableParameterNameProvider as ValidatorFactory-scoped parameter name provider.
2026-03-24 19:51:08 DEBUG [main] o.h.v.i.e.ValidatorFactoryConfigurationHelper - HV000234: Using org.hibernate.validator.internal.engine.DefaultClockProvider as ValidatorFactory-scoped clock provider.
2026-03-24 19:51:08 DEBUG [main] o.h.v.i.e.ValidatorFactoryConfigurationHelper - HV000234: Using org.hibernate.validator.internal.engine.scripting.DefaultScriptEvaluatorFactory as ValidatorFactory-scoped script evaluator factory.
2026-03-24 19:51:09 DEBUG [main] o.s.w.s.m.m.a.RequestMappingHandlerAdapter - ControllerAdvice beans: 0 @ModelAttribute, 0 @InitBinder, 1 RequestBodyAdvice, 1 ResponseBodyAdvice
2026-03-24 19:51:09 DEBUG [main] o.s.w.s.m.m.a.ExceptionHandlerExceptionResolver - ControllerAdvice beans: 1 @ExceptionHandler, 1 ResponseBodyAdvice
2026-03-24 19:51:11 INFO  [main] c.e.C.ClinicaDefinitivaApplicationTests - Started ClinicaDefinitivaApplicationTests in 68.605 seconds (process running for 77.701)
2026-03-24 19:51:13 DEBUG [SpringApplicationShutdownHook] o.s.w.c.s.GenericWebApplicationContext - Closing org.springframework.web.context.support.GenericWebApplicationContext@55421b8d, started on Tue Mar 24 19:50:05 COT 2026
2026-03-24 19:51:13 INFO  [SpringApplicationShutdownHook] o.s.o.j.LocalContainerEntityManagerFactoryBean - Closing JPA EntityManagerFactory for persistence unit 'default'
2026-03-24 19:51:16 INFO  [SpringApplicationShutdownHook] com.zaxxer.hikari.HikariDataSource - HikariPool-1 - Shutdown initiated...
2026-03-24 19:51:16 INFO  [SpringApplicationShutdownHook] com.zaxxer.hikari.HikariDataSource - HikariPool-1 - Shutdown completed.
