2026-03-15 01:16:54 WARN  [HikariPool-1:housekeeper] com.zaxxer.hikari.pool.HikariPool - HikariPool-1 - Thread starvation or clock leap detected (housekeeper delta=3h28s840ms647µs101ns).
2026-03-15 05:14:53 WARN  [HikariPool-1:housekeeper] com.zaxxer.hikari.pool.HikariPool - HikariPool-1 - Thread starvation or clock leap detected (housekeeper delta=3h28s556ms98µs800ns).
2026-03-15 08:17:21 WARN  [HikariPool-1:housekeeper] com.zaxxer.hikari.pool.HikariPool - HikariPool-1 - Thread starvation or clock leap detected (housekeeper delta=3h28s667ms35µs400ns).
2026-03-15 15:26:05 WARN  [HikariPool-1:housekeeper] com.zaxxer.hikari.pool.HikariPool - HikariPool-1 - Thread starvation or clock leap detected (housekeeper delta=7h8m50s97ms325µs100ns).
2026-03-15 16:45:08 DEBUG [http-nio-8080-exec-5] o.s.security.web.FilterChainProxy - Securing POST /api/v1/usuarios
2026-03-15 16:45:08 TRACE [http-nio-8080-exec-5] o.s.s.w.a.logout.LogoutFilter - Did not match request to Or [Ant [pattern='/logout', GET], Ant [pattern='/logout', POST], Ant [pattern='/logout', PUT], Ant [pattern='/logout', DELETE]]
2026-03-15 16:45:08 TRACE [http-nio-8080-exec-5] o.s.s.w.a.AnonymousAuthenticationFilter - Set SecurityContextHolder to AnonymousAuthenticationToken [Principal=anonymousUser, Credentials=[PROTECTED], Authenticated=true, Details=WebAuthenticationDetails [RemoteIpAddress=0:0:0:0:0:0:0:1, SessionId=null], Granted Authorities=[ROLE_ANONYMOUS]]
2026-03-15 16:45:08 DEBUG [http-nio-8080-exec-5] o.s.s.w.a.Http403ForbiddenEntryPoint - Pre-authenticated entry point called. Rejecting access
2026-03-15 16:45:08 DEBUG [http-nio-8080-exec-5] o.s.security.web.FilterChainProxy - Securing POST /error
2026-03-15 16:45:08 TRACE [http-nio-8080-exec-5] o.s.s.w.a.logout.LogoutFilter - Did not match request to Or [Ant [pattern='/logout', GET], Ant [pattern='/logout', POST], Ant [pattern='/logout', PUT], Ant [pattern='/logout', DELETE]]
2026-03-15 16:45:08 TRACE [http-nio-8080-exec-5] o.s.s.w.a.AnonymousAuthenticationFilter - Set SecurityContextHolder to AnonymousAuthenticationToken [Principal=anonymousUser, Credentials=[PROTECTED], Authenticated=true, Details=WebAuthenticationDetails [RemoteIpAddress=0:0:0:0:0:0:0:1, SessionId=null], Granted Authorities=[ROLE_ANONYMOUS]]
2026-03-15 16:45:08 DEBUG [http-nio-8080-exec-5] o.s.s.w.a.Http403ForbiddenEntryPoint - Pre-authenticated entry point called. Rejecting access
2026-03-15 17:15:41 DEBUG [http-nio-8080-exec-8] o.s.security.web.FilterChainProxy - Securing POST /api/v1/auth/login
2026-03-15 17:15:42 TRACE [http-nio-8080-exec-8] o.s.s.w.a.logout.LogoutFilter - Did not match request to Or [Ant [pattern='/logout', GET], Ant [pattern='/logout', POST], Ant [pattern='/logout', PUT], Ant [pattern='/logout', DELETE]]
2026-03-15 17:15:42 TRACE [http-nio-8080-exec-8] o.s.s.w.a.AnonymousAuthenticationFilter - Set SecurityContextHolder to AnonymousAuthenticationToken [Principal=anonymousUser, Credentials=[PROTECTED], Authenticated=true, Details=WebAuthenticationDetails [RemoteIpAddress=0:0:0:0:0:0:0:1, SessionId=null], Granted Authorities=[ROLE_ANONYMOUS]]
2026-03-15 17:15:42 DEBUG [http-nio-8080-exec-8] o.s.security.web.FilterChainProxy - Secured POST /api/v1/auth/login
2026-03-15 17:15:42 DEBUG [http-nio-8080-exec-8] o.s.web.servlet.DispatcherServlet - POST "/api/v1/auth/login", parameters={}
2026-03-15 17:15:42 DEBUG [http-nio-8080-exec-8] o.s.w.s.m.m.a.RequestMappingHandlerMapping - Mapped to com.example.ClinicaDefinitiva.infrastructure.rest.controller.auth.AuthController#login(LoginRequest)
2026-03-15 17:15:42 DEBUG [http-nio-8080-exec-8] o.s.w.s.m.m.a.RequestResponseBodyMethodProcessor - Read "application/json;charset=UTF-8" to [LoginRequest[email=admin@test.com, password=admin123]]
2026-03-15 17:15:43 DEBUG [http-nio-8080-exec-8] o.s.s.a.d.DaoAuthenticationProvider - Authenticated user
2026-03-15 17:15:43 DEBUG [http-nio-8080-exec-8] o.s.w.s.m.m.a.HttpEntityMethodProcessor - Using 'application/json', given [*/*] and supported [application/json, application/*+json]
2026-03-15 17:15:43 DEBUG [http-nio-8080-exec-8] o.s.w.s.m.m.a.HttpEntityMethodProcessor - Writing [{token=eyJhbGciOiJIUzI1NiJ9.eyJzdWIiOiJhZG1pbkB0ZXN0LmNvbSIsInJvbGVzIjpbIlJPTEVfVVNFUiJdLCJpYXQiOjE3 (truncated)...]
2026-03-15 17:15:43 DEBUG [http-nio-8080-exec-8] o.s.web.servlet.DispatcherServlet - Completed 200 OK
2026-03-15 17:15:57 DEBUG [http-nio-8080-exec-10] o.s.security.web.FilterChainProxy - Securing POST /api/v1/usuarios
2026-03-15 17:15:57 TRACE [http-nio-8080-exec-10] o.s.s.w.a.logout.LogoutFilter - Did not match request to Or [Ant [pattern='/logout', GET], Ant [pattern='/logout', POST], Ant [pattern='/logout', PUT], Ant [pattern='/logout', DELETE]]
2026-03-15 17:15:57 TRACE [http-nio-8080-exec-10] o.s.s.w.a.AnonymousAuthenticationFilter - Set SecurityContextHolder to AnonymousAuthenticationToken [Principal=anonymousUser, Credentials=[PROTECTED], Authenticated=true, Details=WebAuthenticationDetails [RemoteIpAddress=0:0:0:0:0:0:0:1, SessionId=null], Granted Authorities=[ROLE_ANONYMOUS]]
2026-03-15 17:15:57 DEBUG [http-nio-8080-exec-10] o.s.s.w.a.Http403ForbiddenEntryPoint - Pre-authenticated entry point called. Rejecting access
2026-03-15 17:15:57 DEBUG [http-nio-8080-exec-10] o.s.security.web.FilterChainProxy - Securing POST /error
2026-03-15 17:15:57 TRACE [http-nio-8080-exec-10] o.s.s.w.a.logout.LogoutFilter - Did not match request to Or [Ant [pattern='/logout', GET], Ant [pattern='/logout', POST], Ant [pattern='/logout', PUT], Ant [pattern='/logout', DELETE]]
2026-03-15 17:15:57 TRACE [http-nio-8080-exec-10] o.s.s.w.a.AnonymousAuthenticationFilter - Set SecurityContextHolder to AnonymousAuthenticationToken [Principal=anonymousUser, Credentials=[PROTECTED], Authenticated=true, Details=WebAuthenticationDetails [RemoteIpAddress=0:0:0:0:0:0:0:1, SessionId=null], Granted Authorities=[ROLE_ANONYMOUS]]
2026-03-15 17:15:57 DEBUG [http-nio-8080-exec-10] o.s.s.w.a.Http403ForbiddenEntryPoint - Pre-authenticated entry point called. Rejecting access
2026-03-15 17:16:58 DEBUG [http-nio-8080-exec-4] o.s.security.web.FilterChainProxy - Securing POST /api/v1/usuarios
2026-03-15 17:16:58 TRACE [http-nio-8080-exec-4] o.s.s.w.a.logout.LogoutFilter - Did not match request to Or [Ant [pattern='/logout', GET], Ant [pattern='/logout', POST], Ant [pattern='/logout', PUT], Ant [pattern='/logout', DELETE]]
2026-03-15 17:16:59 TRACE [http-nio-8080-exec-4] o.s.s.w.a.AnonymousAuthenticationFilter - Did not set SecurityContextHolder since already authenticated UsernamePasswordAuthenticationToken [Principal=com.example.ClinicaDefinitiva.infrastructure.security.adapter.CustomUserDetails@4cc17340, Credentials=[PROTECTED], Authenticated=true, Details=null, Granted Authorities=[UPDATE_COMPANY, UPDATE_INVOICE, CREATE_ASSIGNMENT, UPDATE_GUARDIAN, CLONE_ROLE_ROLE, CANCEL_APPOINTMENT, UPDATE_JOURNAL_ENTRY, REVERSE_JOURNAL_ENTRY, CREATE_CONTRACT, DELETE_APPOINTMENT, RESCHEDULE_APPOINTMENT, SET_PERMISSIONS_ROLE, CREATE_PATIENT, READ_USER_IDENTITY, IS_CURRENTLY_ACTIVE_ASSIGNMENT, READ_RATE, ACTIVATE_ROLE_ROLE, DELETE_ROLE_ROLE, READ_APPOINTMENT, READ_DENTIST, CREATE_COMPANY, VIEW_ROLE_ROLE, SCHEDULE_APPOINTMENT, ROLE_RECEPTIONIST, DELETE_INVOICE, CREATE_CUSTOM_ROLE_ROLE, UPDATE_PAYMENT, CREATE_DENTIST, CHECK_PERMISSION_ROLE, READ_PATIENT, READ_ADMINISTRATIVE_REPORT, CREATE_APPOINTMENT, VIEW_ASSIGNMENT_ASSIGNMENT, READ_CONTRACT, DELETE_ADMINISTRATIVE_REPORT, DEACTIVATE_USER_IDENTITY, REVERSE_INVOICE, DEACTIVATE_ROLE_ROLE, APPROVE_INVOICE, READ_PROVIDED_SERVICE, REVOKE_ASSIGNMENT, READ_AVAILABILITY, READ_RECEPTIONIST, DELETE_RATE, UPDATE_PRIMARY_ASSIGNMENT, UPDATE_DENTIST, CREATE_USER_IDENTITY, DELETE_CONTRACT, DELETE_PAYMENT, DELETE_ASSIGNMENT, READ_COMPANY, UPDATE_ADMINISTRATIVE_REPORT, REMOVE_PERMISSION_ROLE, CREATE_PAYMENT, UPDATE_USER_IDENTITY, ADD_PERMISSION_ROLE, READ_GUARDIAN, UPDATE_CONTRACT, DELETE_COMPANY, IS_ACTIVE_AT_ASSIGNMENT, DELETE_DENTIST, READ_ASSIGNMENT, POST_INVOICE, REVOKE_ALL_ASSIGNMENT, CREATE_JOURNAL_ENTRY, CREATE_ADMINISTRATIVE_REPORT, UPDATE_ASSIGNMENT, READ_SHIFT, POST_JOURNAL_ENTRY, CREATE_GUARDIAN, ROLE_ADMINISTRATOR, CREATE_TEMPORARY_ASSIGNMENT, READ_PAYMENT, CREATE_RATE, EXTEND_ASSIGNMENT_ASSIGNMENT, READ_INVOICE, REACTIVATE_USER_IDENTITY, UPDATE_APPOINTMENT, UPDATE_RATE, DELETE_JOURNAL_ENTRY, CREATE_SHIFT, READ_JOURNAL_ENTRY, MARK_DELETED_ROLE_ROLE, CREATE_INVOICE, UPDATE_SHIFT, SUSPEND_ROLE_ROLE, UPDATE_PATIENT, UPDATE_PROVIDED_SERVICE, SUSPEND_USER_IDENTITY]]
2026-03-15 17:16:59 TRACE [http-nio-8080-exec-4] o.s.s.w.a.s.CompositeSessionAuthenticationStrategy - Preparing session with ChangeSessionIdAuthenticationStrategy (1/1)
2026-03-15 17:16:59 DEBUG [http-nio-8080-exec-4] o.s.security.web.FilterChainProxy - Secured POST /api/v1/usuarios
2026-03-15 17:16:59 DEBUG [http-nio-8080-exec-4] o.s.web.servlet.DispatcherServlet - POST "/api/v1/usuarios", parameters={}
2026-03-15 17:16:59 DEBUG [http-nio-8080-exec-4] o.s.w.s.h.SimpleUrlHandlerMapping - Mapped to ResourceHttpRequestHandler [classpath [META-INF/resources/], classpath [resources/], classpath [static/], classpath [public/], ServletContext [/]]
2026-03-15 17:16:59 DEBUG [http-nio-8080-exec-4] o.s.w.s.r.ResourceHttpRequestHandler - Resource not found
2026-03-15 17:16:59 DEBUG [http-nio-8080-exec-4] o.s.w.s.m.s.DefaultHandlerExceptionResolver - Resolved [org.springframework.web.servlet.resource.NoResourceFoundException: No static resource api/v1/usuarios.]
2026-03-15 17:16:59 DEBUG [http-nio-8080-exec-4] o.s.web.servlet.DispatcherServlet - Completed 404 NOT_FOUND
2026-03-15 17:16:59 DEBUG [http-nio-8080-exec-4] o.s.security.web.FilterChainProxy - Securing POST /error
2026-03-15 17:16:59 TRACE [http-nio-8080-exec-4] o.s.s.w.a.logout.LogoutFilter - Did not match request to Or [Ant [pattern='/logout', GET], Ant [pattern='/logout', POST], Ant [pattern='/logout', PUT], Ant [pattern='/logout', DELETE]]
2026-03-15 17:16:59 TRACE [http-nio-8080-exec-4] o.s.s.w.a.AnonymousAuthenticationFilter - Set SecurityContextHolder to AnonymousAuthenticationToken [Principal=anonymousUser, Credentials=[PROTECTED], Authenticated=true, Details=WebAuthenticationDetails [RemoteIpAddress=0:0:0:0:0:0:0:1, SessionId=null], Granted Authorities=[ROLE_ANONYMOUS]]
2026-03-15 17:16:59 DEBUG [http-nio-8080-exec-4] o.s.s.w.a.Http403ForbiddenEntryPoint - Pre-authenticated entry point called. Rejecting access
2026-03-15 17:17:44 DEBUG [http-nio-8080-exec-3] o.s.security.web.FilterChainProxy - Securing POST /api/v1/usuarios
2026-03-15 17:17:44 TRACE [http-nio-8080-exec-3] o.s.s.w.a.logout.LogoutFilter - Did not match request to Or [Ant [pattern='/logout', GET], Ant [pattern='/logout', POST], Ant [pattern='/logout', PUT], Ant [pattern='/logout', DELETE]]
2026-03-15 17:17:45 TRACE [http-nio-8080-exec-3] o.s.s.w.a.AnonymousAuthenticationFilter - Did not set SecurityContextHolder since already authenticated UsernamePasswordAuthenticationToken [Principal=com.example.ClinicaDefinitiva.infrastructure.security.adapter.CustomUserDetails@2c1b9c45, Credentials=[PROTECTED], Authenticated=true, Details=null, Granted Authorities=[UPDATE_COMPANY, UPDATE_INVOICE, CREATE_ASSIGNMENT, UPDATE_GUARDIAN, CLONE_ROLE_ROLE, CANCEL_APPOINTMENT, UPDATE_JOURNAL_ENTRY, REVERSE_JOURNAL_ENTRY, CREATE_CONTRACT, DELETE_APPOINTMENT, RESCHEDULE_APPOINTMENT, SET_PERMISSIONS_ROLE, CREATE_PATIENT, READ_USER_IDENTITY, IS_CURRENTLY_ACTIVE_ASSIGNMENT, READ_RATE, ACTIVATE_ROLE_ROLE, DELETE_ROLE_ROLE, READ_APPOINTMENT, READ_DENTIST, CREATE_COMPANY, VIEW_ROLE_ROLE, SCHEDULE_APPOINTMENT, ROLE_RECEPTIONIST, DELETE_INVOICE, CREATE_CUSTOM_ROLE_ROLE, UPDATE_PAYMENT, CREATE_DENTIST, CHECK_PERMISSION_ROLE, READ_PATIENT, READ_ADMINISTRATIVE_REPORT, CREATE_APPOINTMENT, VIEW_ASSIGNMENT_ASSIGNMENT, READ_CONTRACT, DELETE_ADMINISTRATIVE_REPORT, DEACTIVATE_USER_IDENTITY, REVERSE_INVOICE, DEACTIVATE_ROLE_ROLE, APPROVE_INVOICE, READ_PROVIDED_SERVICE, REVOKE_ASSIGNMENT, READ_AVAILABILITY, READ_RECEPTIONIST, DELETE_RATE, UPDATE_PRIMARY_ASSIGNMENT, UPDATE_DENTIST, CREATE_USER_IDENTITY, DELETE_CONTRACT, DELETE_PAYMENT, DELETE_ASSIGNMENT, READ_COMPANY, UPDATE_ADMINISTRATIVE_REPORT, REMOVE_PERMISSION_ROLE, CREATE_PAYMENT, UPDATE_USER_IDENTITY, ADD_PERMISSION_ROLE, READ_GUARDIAN, UPDATE_CONTRACT, DELETE_COMPANY, IS_ACTIVE_AT_ASSIGNMENT, DELETE_DENTIST, READ_ASSIGNMENT, POST_INVOICE, REVOKE_ALL_ASSIGNMENT, CREATE_JOURNAL_ENTRY, CREATE_ADMINISTRATIVE_REPORT, UPDATE_ASSIGNMENT, READ_SHIFT, POST_JOURNAL_ENTRY, CREATE_GUARDIAN, ROLE_ADMINISTRATOR, CREATE_TEMPORARY_ASSIGNMENT, READ_PAYMENT, CREATE_RATE, EXTEND_ASSIGNMENT_ASSIGNMENT, READ_INVOICE, REACTIVATE_USER_IDENTITY, UPDATE_APPOINTMENT, UPDATE_RATE, DELETE_JOURNAL_ENTRY, CREATE_SHIFT, READ_JOURNAL_ENTRY, MARK_DELETED_ROLE_ROLE, CREATE_INVOICE, UPDATE_SHIFT, SUSPEND_ROLE_ROLE, UPDATE_PATIENT, UPDATE_PROVIDED_SERVICE, SUSPEND_USER_IDENTITY]]
2026-03-15 17:17:45 TRACE [http-nio-8080-exec-3] o.s.s.w.a.s.CompositeSessionAuthenticationStrategy - Preparing session with ChangeSessionIdAuthenticationStrategy (1/1)
2026-03-15 17:17:45 DEBUG [http-nio-8080-exec-3] o.s.security.web.FilterChainProxy - Secured POST /api/v1/usuarios
2026-03-15 17:17:45 DEBUG [http-nio-8080-exec-3] o.s.web.servlet.DispatcherServlet - POST "/api/v1/usuarios", parameters={}
2026-03-15 17:17:45 DEBUG [http-nio-8080-exec-3] o.s.w.s.h.SimpleUrlHandlerMapping - Mapped to ResourceHttpRequestHandler [classpath [META-INF/resources/], classpath [resources/], classpath [static/], classpath [public/], ServletContext [/]]
2026-03-15 17:17:45 DEBUG [http-nio-8080-exec-3] o.s.w.s.r.ResourceHttpRequestHandler - Resource not found
2026-03-15 17:17:45 DEBUG [http-nio-8080-exec-3] o.s.w.s.m.s.DefaultHandlerExceptionResolver - Resolved [org.springframework.web.servlet.resource.NoResourceFoundException: No static resource api/v1/usuarios.]
2026-03-15 17:17:45 DEBUG [http-nio-8080-exec-3] o.s.web.servlet.DispatcherServlet - Completed 404 NOT_FOUND
2026-03-15 17:17:45 DEBUG [http-nio-8080-exec-3] o.s.security.web.FilterChainProxy - Securing POST /error
2026-03-15 17:17:45 TRACE [http-nio-8080-exec-3] o.s.s.w.a.logout.LogoutFilter - Did not match request to Or [Ant [pattern='/logout', GET], Ant [pattern='/logout', POST], Ant [pattern='/logout', PUT], Ant [pattern='/logout', DELETE]]
2026-03-15 17:17:45 TRACE [http-nio-8080-exec-3] o.s.s.w.a.AnonymousAuthenticationFilter - Set SecurityContextHolder to AnonymousAuthenticationToken [Principal=anonymousUser, Credentials=[PROTECTED], Authenticated=true, Details=WebAuthenticationDetails [RemoteIpAddress=0:0:0:0:0:0:0:1, SessionId=null], Granted Authorities=[ROLE_ANONYMOUS]]
2026-03-15 17:17:45 DEBUG [http-nio-8080-exec-3] o.s.s.w.a.Http403ForbiddenEntryPoint - Pre-authenticated entry point called. Rejecting access
2026-03-15 17:24:51 DEBUG [http-nio-8080-exec-7] o.s.security.web.FilterChainProxy - Securing POST /api/v1/usuarios
2026-03-15 17:24:51 TRACE [http-nio-8080-exec-7] o.s.s.w.a.logout.LogoutFilter - Did not match request to Or [Ant [pattern='/logout', GET], Ant [pattern='/logout', POST], Ant [pattern='/logout', PUT], Ant [pattern='/logout', DELETE]]
2026-03-15 17:24:51 TRACE [http-nio-8080-exec-7] o.s.s.w.a.AnonymousAuthenticationFilter - Did not set SecurityContextHolder since already authenticated UsernamePasswordAuthenticationToken [Principal=com.example.ClinicaDefinitiva.infrastructure.security.adapter.CustomUserDetails@5c583888, Credentials=[PROTECTED], Authenticated=true, Details=null, Granted Authorities=[UPDATE_COMPANY, UPDATE_INVOICE, CREATE_ASSIGNMENT, UPDATE_GUARDIAN, CLONE_ROLE_ROLE, CANCEL_APPOINTMENT, UPDATE_JOURNAL_ENTRY, REVERSE_JOURNAL_ENTRY, CREATE_CONTRACT, DELETE_APPOINTMENT, RESCHEDULE_APPOINTMENT, SET_PERMISSIONS_ROLE, CREATE_PATIENT, READ_USER_IDENTITY, IS_CURRENTLY_ACTIVE_ASSIGNMENT, READ_RATE, ACTIVATE_ROLE_ROLE, DELETE_ROLE_ROLE, READ_APPOINTMENT, READ_DENTIST, CREATE_COMPANY, VIEW_ROLE_ROLE, SCHEDULE_APPOINTMENT, ROLE_RECEPTIONIST, DELETE_INVOICE, CREATE_CUSTOM_ROLE_ROLE, UPDATE_PAYMENT, CREATE_DENTIST, CHECK_PERMISSION_ROLE, READ_PATIENT, READ_ADMINISTRATIVE_REPORT, CREATE_APPOINTMENT, VIEW_ASSIGNMENT_ASSIGNMENT, READ_CONTRACT, DELETE_ADMINISTRATIVE_REPORT, DEACTIVATE_USER_IDENTITY, REVERSE_INVOICE, DEACTIVATE_ROLE_ROLE, APPROVE_INVOICE, READ_PROVIDED_SERVICE, REVOKE_ASSIGNMENT, READ_AVAILABILITY, READ_RECEPTIONIST, DELETE_RATE, UPDATE_PRIMARY_ASSIGNMENT, UPDATE_DENTIST, CREATE_USER_IDENTITY, DELETE_CONTRACT, DELETE_PAYMENT, DELETE_ASSIGNMENT, READ_COMPANY, UPDATE_ADMINISTRATIVE_REPORT, REMOVE_PERMISSION_ROLE, CREATE_PAYMENT, UPDATE_USER_IDENTITY, ADD_PERMISSION_ROLE, READ_GUARDIAN, UPDATE_CONTRACT, DELETE_COMPANY, IS_ACTIVE_AT_ASSIGNMENT, DELETE_DENTIST, READ_ASSIGNMENT, POST_INVOICE, REVOKE_ALL_ASSIGNMENT, CREATE_JOURNAL_ENTRY, CREATE_ADMINISTRATIVE_REPORT, UPDATE_ASSIGNMENT, READ_SHIFT, POST_JOURNAL_ENTRY, CREATE_GUARDIAN, ROLE_ADMINISTRATOR, CREATE_TEMPORARY_ASSIGNMENT, READ_PAYMENT, CREATE_RATE, EXTEND_ASSIGNMENT_ASSIGNMENT, READ_INVOICE, REACTIVATE_USER_IDENTITY, UPDATE_APPOINTMENT, UPDATE_RATE, DELETE_JOURNAL_ENTRY, CREATE_SHIFT, READ_JOURNAL_ENTRY, MARK_DELETED_ROLE_ROLE, CREATE_INVOICE, UPDATE_SHIFT, SUSPEND_ROLE_ROLE, UPDATE_PATIENT, UPDATE_PROVIDED_SERVICE, SUSPEND_USER_IDENTITY]]
2026-03-15 17:24:51 TRACE [http-nio-8080-exec-7] o.s.s.w.a.s.CompositeSessionAuthenticationStrategy - Preparing session with ChangeSessionIdAuthenticationStrategy (1/1)
2026-03-15 17:24:51 DEBUG [http-nio-8080-exec-7] o.s.security.web.FilterChainProxy - Secured POST /api/v1/usuarios
2026-03-15 17:24:51 DEBUG [http-nio-8080-exec-7] o.s.web.servlet.DispatcherServlet - POST "/api/v1/usuarios", parameters={}
2026-03-15 17:24:51 DEBUG [http-nio-8080-exec-7] o.s.w.s.h.SimpleUrlHandlerMapping - Mapped to ResourceHttpRequestHandler [classpath [META-INF/resources/], classpath [resources/], classpath [static/], classpath [public/], ServletContext [/]]
2026-03-15 17:24:51 DEBUG [http-nio-8080-exec-7] o.s.w.s.r.ResourceHttpRequestHandler - Resource not found
2026-03-15 17:24:51 DEBUG [http-nio-8080-exec-7] o.s.w.s.m.s.DefaultHandlerExceptionResolver - Resolved [org.springframework.web.servlet.resource.NoResourceFoundException: No static resource api/v1/usuarios.]
2026-03-15 17:24:51 DEBUG [http-nio-8080-exec-7] o.s.web.servlet.DispatcherServlet - Completed 404 NOT_FOUND
2026-03-15 17:24:51 DEBUG [http-nio-8080-exec-7] o.s.security.web.FilterChainProxy - Securing POST /error
2026-03-15 17:24:51 TRACE [http-nio-8080-exec-7] o.s.s.w.a.logout.LogoutFilter - Did not match request to Or [Ant [pattern='/logout', GET], Ant [pattern='/logout', POST], Ant [pattern='/logout', PUT], Ant [pattern='/logout', DELETE]]
2026-03-15 17:24:51 TRACE [http-nio-8080-exec-7] o.s.s.w.a.AnonymousAuthenticationFilter - Set SecurityContextHolder to AnonymousAuthenticationToken [Principal=anonymousUser, Credentials=[PROTECTED], Authenticated=true, Details=WebAuthenticationDetails [RemoteIpAddress=0:0:0:0:0:0:0:1, SessionId=null], Granted Authorities=[ROLE_ANONYMOUS]]
2026-03-15 17:24:51 DEBUG [http-nio-8080-exec-7] o.s.s.w.a.Http403ForbiddenEntryPoint - Pre-authenticated entry point called. Rejecting access
2026-03-15 17:25:25 DEBUG [http-nio-8080-exec-9] o.s.security.web.FilterChainProxy - Securing POST /api/v1/register
2026-03-15 17:25:25 TRACE [http-nio-8080-exec-9] o.s.s.w.a.logout.LogoutFilter - Did not match request to Or [Ant [pattern='/logout', GET], Ant [pattern='/logout', POST], Ant [pattern='/logout', PUT], Ant [pattern='/logout', DELETE]]
2026-03-15 17:25:25 TRACE [http-nio-8080-exec-9] o.s.s.w.a.AnonymousAuthenticationFilter - Did not set SecurityContextHolder since already authenticated UsernamePasswordAuthenticationToken [Principal=com.example.ClinicaDefinitiva.infrastructure.security.adapter.CustomUserDetails@4508a15d, Credentials=[PROTECTED], Authenticated=true, Details=null, Granted Authorities=[UPDATE_COMPANY, UPDATE_INVOICE, CREATE_ASSIGNMENT, UPDATE_GUARDIAN, CLONE_ROLE_ROLE, CANCEL_APPOINTMENT, UPDATE_JOURNAL_ENTRY, REVERSE_JOURNAL_ENTRY, CREATE_CONTRACT, DELETE_APPOINTMENT, RESCHEDULE_APPOINTMENT, SET_PERMISSIONS_ROLE, CREATE_PATIENT, READ_USER_IDENTITY, IS_CURRENTLY_ACTIVE_ASSIGNMENT, READ_RATE, ACTIVATE_ROLE_ROLE, DELETE_ROLE_ROLE, READ_APPOINTMENT, READ_DENTIST, CREATE_COMPANY, VIEW_ROLE_ROLE, SCHEDULE_APPOINTMENT, ROLE_RECEPTIONIST, DELETE_INVOICE, CREATE_CUSTOM_ROLE_ROLE, UPDATE_PAYMENT, CREATE_DENTIST, CHECK_PERMISSION_ROLE, READ_PATIENT, READ_ADMINISTRATIVE_REPORT, CREATE_APPOINTMENT, VIEW_ASSIGNMENT_ASSIGNMENT, READ_CONTRACT, DELETE_ADMINISTRATIVE_REPORT, DEACTIVATE_USER_IDENTITY, REVERSE_INVOICE, DEACTIVATE_ROLE_ROLE, APPROVE_INVOICE, READ_PROVIDED_SERVICE, REVOKE_ASSIGNMENT, READ_AVAILABILITY, READ_RECEPTIONIST, DELETE_RATE, UPDATE_PRIMARY_ASSIGNMENT, UPDATE_DENTIST, CREATE_USER_IDENTITY, DELETE_CONTRACT, DELETE_PAYMENT, DELETE_ASSIGNMENT, READ_COMPANY, UPDATE_ADMINISTRATIVE_REPORT, REMOVE_PERMISSION_ROLE, CREATE_PAYMENT, UPDATE_USER_IDENTITY, ADD_PERMISSION_ROLE, READ_GUARDIAN, UPDATE_CONTRACT, DELETE_COMPANY, IS_ACTIVE_AT_ASSIGNMENT, DELETE_DENTIST, READ_ASSIGNMENT, POST_INVOICE, REVOKE_ALL_ASSIGNMENT, CREATE_JOURNAL_ENTRY, CREATE_ADMINISTRATIVE_REPORT, UPDATE_ASSIGNMENT, READ_SHIFT, POST_JOURNAL_ENTRY, CREATE_GUARDIAN, ROLE_ADMINISTRATOR, CREATE_TEMPORARY_ASSIGNMENT, READ_PAYMENT, CREATE_RATE, EXTEND_ASSIGNMENT_ASSIGNMENT, READ_INVOICE, REACTIVATE_USER_IDENTITY, UPDATE_APPOINTMENT, UPDATE_RATE, DELETE_JOURNAL_ENTRY, CREATE_SHIFT, READ_JOURNAL_ENTRY, MARK_DELETED_ROLE_ROLE, CREATE_INVOICE, UPDATE_SHIFT, SUSPEND_ROLE_ROLE, UPDATE_PATIENT, UPDATE_PROVIDED_SERVICE, SUSPEND_USER_IDENTITY]]
2026-03-15 17:25:25 TRACE [http-nio-8080-exec-9] o.s.s.w.a.s.CompositeSessionAuthenticationStrategy - Preparing session with ChangeSessionIdAuthenticationStrategy (1/1)
2026-03-15 17:25:25 DEBUG [http-nio-8080-exec-9] o.s.security.web.FilterChainProxy - Secured POST /api/v1/register
2026-03-15 17:25:25 DEBUG [http-nio-8080-exec-9] o.s.web.servlet.DispatcherServlet - POST "/api/v1/register", parameters={}
2026-03-15 17:25:25 DEBUG [http-nio-8080-exec-9] o.s.w.s.h.SimpleUrlHandlerMapping - Mapped to ResourceHttpRequestHandler [classpath [META-INF/resources/], classpath [resources/], classpath [static/], classpath [public/], ServletContext [/]]
2026-03-15 17:25:25 DEBUG [http-nio-8080-exec-9] o.s.w.s.r.ResourceHttpRequestHandler - Resource not found
2026-03-15 17:25:25 DEBUG [http-nio-8080-exec-9] o.s.w.s.m.s.DefaultHandlerExceptionResolver - Resolved [org.springframework.web.servlet.resource.NoResourceFoundException: No static resource api/v1/register.]
2026-03-15 17:25:25 DEBUG [http-nio-8080-exec-9] o.s.web.servlet.DispatcherServlet - Completed 404 NOT_FOUND
2026-03-15 17:25:25 DEBUG [http-nio-8080-exec-9] o.s.security.web.FilterChainProxy - Securing POST /error
2026-03-15 17:25:25 TRACE [http-nio-8080-exec-9] o.s.s.w.a.logout.LogoutFilter - Did not match request to Or [Ant [pattern='/logout', GET], Ant [pattern='/logout', POST], Ant [pattern='/logout', PUT], Ant [pattern='/logout', DELETE]]
2026-03-15 17:25:25 TRACE [http-nio-8080-exec-9] o.s.s.w.a.AnonymousAuthenticationFilter - Set SecurityContextHolder to AnonymousAuthenticationToken [Principal=anonymousUser, Credentials=[PROTECTED], Authenticated=true, Details=WebAuthenticationDetails [RemoteIpAddress=0:0:0:0:0:0:0:1, SessionId=null], Granted Authorities=[ROLE_ANONYMOUS]]
2026-03-15 17:25:25 DEBUG [http-nio-8080-exec-9] o.s.s.w.a.Http403ForbiddenEntryPoint - Pre-authenticated entry point called. Rejecting access
2026-03-15 17:26:00 DEBUG [http-nio-8080-exec-8] o.s.security.web.FilterChainProxy - Securing POST /api/v1/register
2026-03-15 17:26:00 TRACE [http-nio-8080-exec-8] o.s.s.w.a.logout.LogoutFilter - Did not match request to Or [Ant [pattern='/logout', GET], Ant [pattern='/logout', POST], Ant [pattern='/logout', PUT], Ant [pattern='/logout', DELETE]]
2026-03-15 17:26:00 TRACE [http-nio-8080-exec-8] o.s.s.w.a.AnonymousAuthenticationFilter - Did not set SecurityContextHolder since already authenticated UsernamePasswordAuthenticationToken [Principal=com.example.ClinicaDefinitiva.infrastructure.security.adapter.CustomUserDetails@33e2bab9, Credentials=[PROTECTED], Authenticated=true, Details=null, Granted Authorities=[UPDATE_COMPANY, UPDATE_INVOICE, CREATE_ASSIGNMENT, UPDATE_GUARDIAN, CLONE_ROLE_ROLE, CANCEL_APPOINTMENT, UPDATE_JOURNAL_ENTRY, REVERSE_JOURNAL_ENTRY, CREATE_CONTRACT, DELETE_APPOINTMENT, RESCHEDULE_APPOINTMENT, SET_PERMISSIONS_ROLE, CREATE_PATIENT, READ_USER_IDENTITY, IS_CURRENTLY_ACTIVE_ASSIGNMENT, READ_RATE, ACTIVATE_ROLE_ROLE, DELETE_ROLE_ROLE, READ_APPOINTMENT, READ_DENTIST, CREATE_COMPANY, VIEW_ROLE_ROLE, SCHEDULE_APPOINTMENT, ROLE_RECEPTIONIST, DELETE_INVOICE, CREATE_CUSTOM_ROLE_ROLE, UPDATE_PAYMENT, CREATE_DENTIST, CHECK_PERMISSION_ROLE, READ_PATIENT, READ_ADMINISTRATIVE_REPORT, CREATE_APPOINTMENT, VIEW_ASSIGNMENT_ASSIGNMENT, READ_CONTRACT, DELETE_ADMINISTRATIVE_REPORT, DEACTIVATE_USER_IDENTITY, REVERSE_INVOICE, DEACTIVATE_ROLE_ROLE, APPROVE_INVOICE, READ_PROVIDED_SERVICE, REVOKE_ASSIGNMENT, READ_AVAILABILITY, READ_RECEPTIONIST, DELETE_RATE, UPDATE_PRIMARY_ASSIGNMENT, UPDATE_DENTIST, CREATE_USER_IDENTITY, DELETE_CONTRACT, DELETE_PAYMENT, DELETE_ASSIGNMENT, READ_COMPANY, UPDATE_ADMINISTRATIVE_REPORT, REMOVE_PERMISSION_ROLE, CREATE_PAYMENT, UPDATE_USER_IDENTITY, ADD_PERMISSION_ROLE, READ_GUARDIAN, UPDATE_CONTRACT, DELETE_COMPANY, IS_ACTIVE_AT_ASSIGNMENT, DELETE_DENTIST, READ_ASSIGNMENT, POST_INVOICE, REVOKE_ALL_ASSIGNMENT, CREATE_JOURNAL_ENTRY, CREATE_ADMINISTRATIVE_REPORT, UPDATE_ASSIGNMENT, READ_SHIFT, POST_JOURNAL_ENTRY, CREATE_GUARDIAN, ROLE_ADMINISTRATOR, CREATE_TEMPORARY_ASSIGNMENT, READ_PAYMENT, CREATE_RATE, EXTEND_ASSIGNMENT_ASSIGNMENT, READ_INVOICE, REACTIVATE_USER_IDENTITY, UPDATE_APPOINTMENT, UPDATE_RATE, DELETE_JOURNAL_ENTRY, CREATE_SHIFT, READ_JOURNAL_ENTRY, MARK_DELETED_ROLE_ROLE, CREATE_INVOICE, UPDATE_SHIFT, SUSPEND_ROLE_ROLE, UPDATE_PATIENT, UPDATE_PROVIDED_SERVICE, SUSPEND_USER_IDENTITY]]
2026-03-15 17:26:00 TRACE [http-nio-8080-exec-8] o.s.s.w.a.s.CompositeSessionAuthenticationStrategy - Preparing session with ChangeSessionIdAuthenticationStrategy (1/1)
2026-03-15 17:26:00 DEBUG [http-nio-8080-exec-8] o.s.security.web.FilterChainProxy - Secured POST /api/v1/register
2026-03-15 17:26:00 DEBUG [http-nio-8080-exec-8] o.s.web.servlet.DispatcherServlet - POST "/api/v1/register", parameters={}
2026-03-15 17:26:00 DEBUG [http-nio-8080-exec-8] o.s.w.s.h.SimpleUrlHandlerMapping - Mapped to ResourceHttpRequestHandler [classpath [META-INF/resources/], classpath [resources/], classpath [static/], classpath [public/], ServletContext [/]]
2026-03-15 17:26:00 DEBUG [http-nio-8080-exec-8] o.s.w.s.r.ResourceHttpRequestHandler - Resource not found
2026-03-15 17:26:00 DEBUG [http-nio-8080-exec-8] o.s.w.s.m.s.DefaultHandlerExceptionResolver - Resolved [org.springframework.web.servlet.resource.NoResourceFoundException: No static resource api/v1/register.]
2026-03-15 17:26:00 DEBUG [http-nio-8080-exec-8] o.s.web.servlet.DispatcherServlet - Completed 404 NOT_FOUND
2026-03-15 17:26:00 DEBUG [http-nio-8080-exec-8] o.s.security.web.FilterChainProxy - Securing POST /error
2026-03-15 17:26:00 TRACE [http-nio-8080-exec-8] o.s.s.w.a.logout.LogoutFilter - Did not match request to Or [Ant [pattern='/logout', GET], Ant [pattern='/logout', POST], Ant [pattern='/logout', PUT], Ant [pattern='/logout', DELETE]]
2026-03-15 17:26:00 TRACE [http-nio-8080-exec-8] o.s.s.w.a.AnonymousAuthenticationFilter - Set SecurityContextHolder to AnonymousAuthenticationToken [Principal=anonymousUser, Credentials=[PROTECTED], Authenticated=true, Details=WebAuthenticationDetails [RemoteIpAddress=0:0:0:0:0:0:0:1, SessionId=null], Granted Authorities=[ROLE_ANONYMOUS]]
2026-03-15 17:26:00 DEBUG [http-nio-8080-exec-8] o.s.s.w.a.Http403ForbiddenEntryPoint - Pre-authenticated entry point called. Rejecting access
2026-03-15 17:26:36 DEBUG [http-nio-8080-exec-10] o.s.security.web.FilterChainProxy - Securing GET /api/v1/users
2026-03-15 17:26:36 TRACE [http-nio-8080-exec-10] o.s.s.w.a.logout.LogoutFilter - Did not match request to Or [Ant [pattern='/logout', GET], Ant [pattern='/logout', POST], Ant [pattern='/logout', PUT], Ant [pattern='/logout', DELETE]]
2026-03-15 17:26:36 TRACE [http-nio-8080-exec-10] o.s.s.w.a.AnonymousAuthenticationFilter - Set SecurityContextHolder to AnonymousAuthenticationToken [Principal=anonymousUser, Credentials=[PROTECTED], Authenticated=true, Details=WebAuthenticationDetails [RemoteIpAddress=0:0:0:0:0:0:0:1, SessionId=null], Granted Authorities=[ROLE_ANONYMOUS]]
2026-03-15 17:26:36 DEBUG [http-nio-8080-exec-10] o.s.s.w.a.Http403ForbiddenEntryPoint - Pre-authenticated entry point called. Rejecting access
2026-03-15 17:26:36 DEBUG [http-nio-8080-exec-10] o.s.security.web.FilterChainProxy - Securing GET /error
2026-03-15 17:26:36 TRACE [http-nio-8080-exec-10] o.s.s.w.a.logout.LogoutFilter - Did not match request to Or [Ant [pattern='/logout', GET], Ant [pattern='/logout', POST], Ant [pattern='/logout', PUT], Ant [pattern='/logout', DELETE]]
2026-03-15 17:26:36 TRACE [http-nio-8080-exec-10] o.s.s.w.a.AnonymousAuthenticationFilter - Set SecurityContextHolder to AnonymousAuthenticationToken [Principal=anonymousUser, Credentials=[PROTECTED], Authenticated=true, Details=WebAuthenticationDetails [RemoteIpAddress=0:0:0:0:0:0:0:1, SessionId=null], Granted Authorities=[ROLE_ANONYMOUS]]
2026-03-15 17:26:36 DEBUG [http-nio-8080-exec-10] o.s.s.w.a.Http403ForbiddenEntryPoint - Pre-authenticated entry point called. Rejecting access
2026-03-15 17:27:42 DEBUG [http-nio-8080-exec-4] o.s.security.web.FilterChainProxy - Securing GET /api/v1/users
2026-03-15 17:27:42 TRACE [http-nio-8080-exec-4] o.s.s.w.a.logout.LogoutFilter - Did not match request to Or [Ant [pattern='/logout', GET], Ant [pattern='/logout', POST], Ant [pattern='/logout', PUT], Ant [pattern='/logout', DELETE]]
2026-03-15 17:27:42 TRACE [http-nio-8080-exec-4] o.s.s.w.a.AnonymousAuthenticationFilter - Set SecurityContextHolder to AnonymousAuthenticationToken [Principal=anonymousUser, Credentials=[PROTECTED], Authenticated=true, Details=WebAuthenticationDetails [RemoteIpAddress=0:0:0:0:0:0:0:1, SessionId=null], Granted Authorities=[ROLE_ANONYMOUS]]
2026-03-15 17:27:42 DEBUG [http-nio-8080-exec-4] o.s.s.w.a.Http403ForbiddenEntryPoint - Pre-authenticated entry point called. Rejecting access
2026-03-15 17:27:42 DEBUG [http-nio-8080-exec-4] o.s.security.web.FilterChainProxy - Securing GET /error
2026-03-15 17:27:42 TRACE [http-nio-8080-exec-4] o.s.s.w.a.logout.LogoutFilter - Did not match request to Or [Ant [pattern='/logout', GET], Ant [pattern='/logout', POST], Ant [pattern='/logout', PUT], Ant [pattern='/logout', DELETE]]
2026-03-15 17:27:42 TRACE [http-nio-8080-exec-4] o.s.s.w.a.AnonymousAuthenticationFilter - Set SecurityContextHolder to AnonymousAuthenticationToken [Principal=anonymousUser, Credentials=[PROTECTED], Authenticated=true, Details=WebAuthenticationDetails [RemoteIpAddress=0:0:0:0:0:0:0:1, SessionId=null], Granted Authorities=[ROLE_ANONYMOUS]]
2026-03-15 17:27:42 DEBUG [http-nio-8080-exec-4] o.s.s.w.a.Http403ForbiddenEntryPoint - Pre-authenticated entry point called. Rejecting access
2026-03-15 17:28:09 DEBUG [http-nio-8080-exec-3] o.s.security.web.FilterChainProxy - Securing GET /api/v1/users
2026-03-15 17:28:09 TRACE [http-nio-8080-exec-3] o.s.s.w.a.logout.LogoutFilter - Did not match request to Or [Ant [pattern='/logout', GET], Ant [pattern='/logout', POST], Ant [pattern='/logout', PUT], Ant [pattern='/logout', DELETE]]
2026-03-15 17:28:10 TRACE [http-nio-8080-exec-3] o.s.s.w.a.AnonymousAuthenticationFilter - Did not set SecurityContextHolder since already authenticated UsernamePasswordAuthenticationToken [Principal=com.example.ClinicaDefinitiva.infrastructure.security.adapter.CustomUserDetails@5c3008b0, Credentials=[PROTECTED], Authenticated=true, Details=null, Granted Authorities=[UPDATE_COMPANY, UPDATE_INVOICE, CREATE_ASSIGNMENT, UPDATE_GUARDIAN, CLONE_ROLE_ROLE, CANCEL_APPOINTMENT, UPDATE_JOURNAL_ENTRY, REVERSE_JOURNAL_ENTRY, CREATE_CONTRACT, DELETE_APPOINTMENT, RESCHEDULE_APPOINTMENT, SET_PERMISSIONS_ROLE, CREATE_PATIENT, READ_USER_IDENTITY, IS_CURRENTLY_ACTIVE_ASSIGNMENT, READ_RATE, ACTIVATE_ROLE_ROLE, DELETE_ROLE_ROLE, READ_APPOINTMENT, READ_DENTIST, CREATE_COMPANY, VIEW_ROLE_ROLE, SCHEDULE_APPOINTMENT, ROLE_RECEPTIONIST, DELETE_INVOICE, CREATE_CUSTOM_ROLE_ROLE, UPDATE_PAYMENT, CREATE_DENTIST, CHECK_PERMISSION_ROLE, READ_PATIENT, READ_ADMINISTRATIVE_REPORT, CREATE_APPOINTMENT, VIEW_ASSIGNMENT_ASSIGNMENT, READ_CONTRACT, DELETE_ADMINISTRATIVE_REPORT, DEACTIVATE_USER_IDENTITY, REVERSE_INVOICE, DEACTIVATE_ROLE_ROLE, APPROVE_INVOICE, READ_PROVIDED_SERVICE, REVOKE_ASSIGNMENT, READ_AVAILABILITY, READ_RECEPTIONIST, DELETE_RATE, UPDATE_PRIMARY_ASSIGNMENT, UPDATE_DENTIST, CREATE_USER_IDENTITY, DELETE_CONTRACT, DELETE_PAYMENT, DELETE_ASSIGNMENT, READ_COMPANY, UPDATE_ADMINISTRATIVE_REPORT, REMOVE_PERMISSION_ROLE, CREATE_PAYMENT, UPDATE_USER_IDENTITY, ADD_PERMISSION_ROLE, READ_GUARDIAN, UPDATE_CONTRACT, DELETE_COMPANY, IS_ACTIVE_AT_ASSIGNMENT, DELETE_DENTIST, READ_ASSIGNMENT, POST_INVOICE, REVOKE_ALL_ASSIGNMENT, CREATE_JOURNAL_ENTRY, CREATE_ADMINISTRATIVE_REPORT, UPDATE_ASSIGNMENT, READ_SHIFT, POST_JOURNAL_ENTRY, CREATE_GUARDIAN, ROLE_ADMINISTRATOR, CREATE_TEMPORARY_ASSIGNMENT, READ_PAYMENT, CREATE_RATE, EXTEND_ASSIGNMENT_ASSIGNMENT, READ_INVOICE, REACTIVATE_USER_IDENTITY, UPDATE_APPOINTMENT, UPDATE_RATE, DELETE_JOURNAL_ENTRY, CREATE_SHIFT, READ_JOURNAL_ENTRY, MARK_DELETED_ROLE_ROLE, CREATE_INVOICE, UPDATE_SHIFT, SUSPEND_ROLE_ROLE, UPDATE_PATIENT, UPDATE_PROVIDED_SERVICE, SUSPEND_USER_IDENTITY]]
2026-03-15 17:28:10 TRACE [http-nio-8080-exec-3] o.s.s.w.a.s.CompositeSessionAuthenticationStrategy - Preparing session with ChangeSessionIdAuthenticationStrategy (1/1)
2026-03-15 17:28:10 DEBUG [http-nio-8080-exec-3] o.s.security.web.FilterChainProxy - Secured GET /api/v1/users
2026-03-15 17:28:10 DEBUG [http-nio-8080-exec-3] o.s.web.servlet.DispatcherServlet - GET "/api/v1/users", parameters={}
2026-03-15 17:28:10 DEBUG [http-nio-8080-exec-3] o.s.w.s.m.m.a.RequestMappingHandlerMapping - Mapped to com.example.ClinicaDefinitiva.infrastructure.rest.controller.authentication.UserIdentityController#findAll(Pageable, CustomUserDetails)
2026-03-15 17:28:13 WARN  [http-nio-8080-exec-3] o.s.d.w.c.SpringDataJacksonConfiguration$PageModule$WarningLoggingModifier - Serializing PageImpl instances as-is is not supported, meaning that there is no guarantee about the stability of the resulting JSON structure!
	For a stable JSON structure, please use Spring Data's PagedModel (globally via @EnableSpringDataWebSupport(pageSerializationMode = VIA_DTO))
	or Spring HATEOAS and Spring Data's PagedResourcesAssembler as documented in https://docs.spring.io/spring-data/commons/reference/repositories/core-extensions.html#core.web.pageables.

2026-03-15 17:28:13 DEBUG [http-nio-8080-exec-3] o.s.w.s.m.m.a.HttpEntityMethodProcessor - Using 'application/json', given [*/*] and supported [application/json, application/*+json]
2026-03-15 17:28:13 DEBUG [http-nio-8080-exec-3] o.s.w.s.m.m.a.HttpEntityMethodProcessor - Writing [Page 1 of 1 containing com.example.ClinicaDefinitiva.infrastructure.rest.dto.userResponse.PageUserId (truncated)...]
2026-03-15 17:28:13 DEBUG [http-nio-8080-exec-3] o.s.web.servlet.DispatcherServlet - Completed 200 OK
2026-03-15 17:29:01 DEBUG [http-nio-8080-exec-6] o.s.security.web.FilterChainProxy - Securing POST /api/v1/register
2026-03-15 17:29:01 TRACE [http-nio-8080-exec-6] o.s.s.w.a.logout.LogoutFilter - Did not match request to Or [Ant [pattern='/logout', GET], Ant [pattern='/logout', POST], Ant [pattern='/logout', PUT], Ant [pattern='/logout', DELETE]]
2026-03-15 17:29:02 TRACE [http-nio-8080-exec-6] o.s.s.w.a.AnonymousAuthenticationFilter - Did not set SecurityContextHolder since already authenticated UsernamePasswordAuthenticationToken [Principal=com.example.ClinicaDefinitiva.infrastructure.security.adapter.CustomUserDetails@3549d1c6, Credentials=[PROTECTED], Authenticated=true, Details=null, Granted Authorities=[UPDATE_COMPANY, UPDATE_INVOICE, CREATE_ASSIGNMENT, UPDATE_GUARDIAN, CLONE_ROLE_ROLE, CANCEL_APPOINTMENT, UPDATE_JOURNAL_ENTRY, REVERSE_JOURNAL_ENTRY, CREATE_CONTRACT, DELETE_APPOINTMENT, RESCHEDULE_APPOINTMENT, SET_PERMISSIONS_ROLE, CREATE_PATIENT, READ_USER_IDENTITY, IS_CURRENTLY_ACTIVE_ASSIGNMENT, READ_RATE, ACTIVATE_ROLE_ROLE, DELETE_ROLE_ROLE, READ_APPOINTMENT, READ_DENTIST, CREATE_COMPANY, VIEW_ROLE_ROLE, SCHEDULE_APPOINTMENT, ROLE_RECEPTIONIST, DELETE_INVOICE, CREATE_CUSTOM_ROLE_ROLE, UPDATE_PAYMENT, CREATE_DENTIST, CHECK_PERMISSION_ROLE, READ_PATIENT, READ_ADMINISTRATIVE_REPORT, CREATE_APPOINTMENT, VIEW_ASSIGNMENT_ASSIGNMENT, READ_CONTRACT, DELETE_ADMINISTRATIVE_REPORT, DEACTIVATE_USER_IDENTITY, REVERSE_INVOICE, DEACTIVATE_ROLE_ROLE, APPROVE_INVOICE, READ_PROVIDED_SERVICE, REVOKE_ASSIGNMENT, READ_AVAILABILITY, READ_RECEPTIONIST, DELETE_RATE, UPDATE_PRIMARY_ASSIGNMENT, UPDATE_DENTIST, CREATE_USER_IDENTITY, DELETE_CONTRACT, DELETE_PAYMENT, DELETE_ASSIGNMENT, READ_COMPANY, UPDATE_ADMINISTRATIVE_REPORT, REMOVE_PERMISSION_ROLE, CREATE_PAYMENT, UPDATE_USER_IDENTITY, ADD_PERMISSION_ROLE, READ_GUARDIAN, UPDATE_CONTRACT, DELETE_COMPANY, IS_ACTIVE_AT_ASSIGNMENT, DELETE_DENTIST, READ_ASSIGNMENT, POST_INVOICE, REVOKE_ALL_ASSIGNMENT, CREATE_JOURNAL_ENTRY, CREATE_ADMINISTRATIVE_REPORT, UPDATE_ASSIGNMENT, READ_SHIFT, POST_JOURNAL_ENTRY, CREATE_GUARDIAN, ROLE_ADMINISTRATOR, CREATE_TEMPORARY_ASSIGNMENT, READ_PAYMENT, CREATE_RATE, EXTEND_ASSIGNMENT_ASSIGNMENT, READ_INVOICE, REACTIVATE_USER_IDENTITY, UPDATE_APPOINTMENT, UPDATE_RATE, DELETE_JOURNAL_ENTRY, CREATE_SHIFT, READ_JOURNAL_ENTRY, MARK_DELETED_ROLE_ROLE, CREATE_INVOICE, UPDATE_SHIFT, SUSPEND_ROLE_ROLE, UPDATE_PATIENT, UPDATE_PROVIDED_SERVICE, SUSPEND_USER_IDENTITY]]
2026-03-15 17:29:02 TRACE [http-nio-8080-exec-6] o.s.s.w.a.s.CompositeSessionAuthenticationStrategy - Preparing session with ChangeSessionIdAuthenticationStrategy (1/1)
2026-03-15 17:29:02 DEBUG [http-nio-8080-exec-6] o.s.security.web.FilterChainProxy - Secured POST /api/v1/register
2026-03-15 17:29:02 DEBUG [http-nio-8080-exec-6] o.s.web.servlet.DispatcherServlet - POST "/api/v1/register", parameters={}
2026-03-15 17:29:02 DEBUG [http-nio-8080-exec-6] o.s.w.s.h.SimpleUrlHandlerMapping - Mapped to ResourceHttpRequestHandler [classpath [META-INF/resources/], classpath [resources/], classpath [static/], classpath [public/], ServletContext [/]]
2026-03-15 17:29:02 DEBUG [http-nio-8080-exec-6] o.s.w.s.r.ResourceHttpRequestHandler - Resource not found
2026-03-15 17:29:02 DEBUG [http-nio-8080-exec-6] o.s.w.s.m.s.DefaultHandlerExceptionResolver - Resolved [org.springframework.web.servlet.resource.NoResourceFoundException: No static resource api/v1/register.]
2026-03-15 17:29:02 DEBUG [http-nio-8080-exec-6] o.s.web.servlet.DispatcherServlet - Completed 404 NOT_FOUND
2026-03-15 17:29:02 DEBUG [http-nio-8080-exec-6] o.s.security.web.FilterChainProxy - Securing POST /error
2026-03-15 17:29:02 TRACE [http-nio-8080-exec-6] o.s.s.w.a.logout.LogoutFilter - Did not match request to Or [Ant [pattern='/logout', GET], Ant [pattern='/logout', POST], Ant [pattern='/logout', PUT], Ant [pattern='/logout', DELETE]]
2026-03-15 17:29:02 TRACE [http-nio-8080-exec-6] o.s.s.w.a.AnonymousAuthenticationFilter - Set SecurityContextHolder to AnonymousAuthenticationToken [Principal=anonymousUser, Credentials=[PROTECTED], Authenticated=true, Details=WebAuthenticationDetails [RemoteIpAddress=0:0:0:0:0:0:0:1, SessionId=null], Granted Authorities=[ROLE_ANONYMOUS]]
2026-03-15 17:29:02 DEBUG [http-nio-8080-exec-6] o.s.s.w.a.Http403ForbiddenEntryPoint - Pre-authenticated entry point called. Rejecting access
2026-03-15 17:31:45 DEBUG [http-nio-8080-exec-9] o.s.security.web.FilterChainProxy - Securing POST /api/v1/register
2026-03-15 17:31:45 TRACE [http-nio-8080-exec-9] o.s.s.w.a.logout.LogoutFilter - Did not match request to Or [Ant [pattern='/logout', GET], Ant [pattern='/logout', POST], Ant [pattern='/logout', PUT], Ant [pattern='/logout', DELETE]]
2026-03-15 17:31:45 TRACE [http-nio-8080-exec-9] o.s.s.w.a.AnonymousAuthenticationFilter - Did not set SecurityContextHolder since already authenticated UsernamePasswordAuthenticationToken [Principal=com.example.ClinicaDefinitiva.infrastructure.security.adapter.CustomUserDetails@2f6f8246, Credentials=[PROTECTED], Authenticated=true, Details=null, Granted Authorities=[UPDATE_COMPANY, UPDATE_INVOICE, CREATE_ASSIGNMENT, UPDATE_GUARDIAN, CLONE_ROLE_ROLE, CANCEL_APPOINTMENT, UPDATE_JOURNAL_ENTRY, REVERSE_JOURNAL_ENTRY, CREATE_CONTRACT, DELETE_APPOINTMENT, RESCHEDULE_APPOINTMENT, SET_PERMISSIONS_ROLE, CREATE_PATIENT, READ_USER_IDENTITY, IS_CURRENTLY_ACTIVE_ASSIGNMENT, READ_RATE, ACTIVATE_ROLE_ROLE, DELETE_ROLE_ROLE, READ_APPOINTMENT, READ_DENTIST, CREATE_COMPANY, VIEW_ROLE_ROLE, SCHEDULE_APPOINTMENT, ROLE_RECEPTIONIST, DELETE_INVOICE, CREATE_CUSTOM_ROLE_ROLE, UPDATE_PAYMENT, CREATE_DENTIST, CHECK_PERMISSION_ROLE, READ_PATIENT, READ_ADMINISTRATIVE_REPORT, CREATE_APPOINTMENT, VIEW_ASSIGNMENT_ASSIGNMENT, READ_CONTRACT, DELETE_ADMINISTRATIVE_REPORT, DEACTIVATE_USER_IDENTITY, REVERSE_INVOICE, DEACTIVATE_ROLE_ROLE, APPROVE_INVOICE, READ_PROVIDED_SERVICE, REVOKE_ASSIGNMENT, READ_AVAILABILITY, READ_RECEPTIONIST, DELETE_RATE, UPDATE_PRIMARY_ASSIGNMENT, UPDATE_DENTIST, CREATE_USER_IDENTITY, DELETE_CONTRACT, DELETE_PAYMENT, DELETE_ASSIGNMENT, READ_COMPANY, UPDATE_ADMINISTRATIVE_REPORT, REMOVE_PERMISSION_ROLE, CREATE_PAYMENT, UPDATE_USER_IDENTITY, ADD_PERMISSION_ROLE, READ_GUARDIAN, UPDATE_CONTRACT, DELETE_COMPANY, IS_ACTIVE_AT_ASSIGNMENT, DELETE_DENTIST, READ_ASSIGNMENT, POST_INVOICE, REVOKE_ALL_ASSIGNMENT, CREATE_JOURNAL_ENTRY, CREATE_ADMINISTRATIVE_REPORT, UPDATE_ASSIGNMENT, READ_SHIFT, POST_JOURNAL_ENTRY, CREATE_GUARDIAN, ROLE_ADMINISTRATOR, CREATE_TEMPORARY_ASSIGNMENT, READ_PAYMENT, CREATE_RATE, EXTEND_ASSIGNMENT_ASSIGNMENT, READ_INVOICE, REACTIVATE_USER_IDENTITY, UPDATE_APPOINTMENT, UPDATE_RATE, DELETE_JOURNAL_ENTRY, CREATE_SHIFT, READ_JOURNAL_ENTRY, MARK_DELETED_ROLE_ROLE, CREATE_INVOICE, UPDATE_SHIFT, SUSPEND_ROLE_ROLE, UPDATE_PATIENT, UPDATE_PROVIDED_SERVICE, SUSPEND_USER_IDENTITY]]
2026-03-15 17:31:45 TRACE [http-nio-8080-exec-9] o.s.s.w.a.s.CompositeSessionAuthenticationStrategy - Preparing session with ChangeSessionIdAuthenticationStrategy (1/1)
2026-03-15 17:31:45 DEBUG [http-nio-8080-exec-9] o.s.security.web.FilterChainProxy - Secured POST /api/v1/register
2026-03-15 17:31:45 DEBUG [http-nio-8080-exec-9] o.s.web.servlet.DispatcherServlet - POST "/api/v1/register", parameters={}
2026-03-15 17:31:45 DEBUG [http-nio-8080-exec-9] o.s.w.s.h.SimpleUrlHandlerMapping - Mapped to ResourceHttpRequestHandler [classpath [META-INF/resources/], classpath [resources/], classpath [static/], classpath [public/], ServletContext [/]]
2026-03-15 17:31:45 DEBUG [http-nio-8080-exec-9] o.s.w.s.r.ResourceHttpRequestHandler - Resource not found
2026-03-15 17:31:45 DEBUG [http-nio-8080-exec-9] o.s.w.s.m.s.DefaultHandlerExceptionResolver - Resolved [org.springframework.web.servlet.resource.NoResourceFoundException: No static resource api/v1/register.]
2026-03-15 17:31:45 DEBUG [http-nio-8080-exec-9] o.s.web.servlet.DispatcherServlet - Completed 404 NOT_FOUND
2026-03-15 17:31:45 DEBUG [http-nio-8080-exec-9] o.s.security.web.FilterChainProxy - Securing POST /error
2026-03-15 17:31:45 TRACE [http-nio-8080-exec-9] o.s.s.w.a.logout.LogoutFilter - Did not match request to Or [Ant [pattern='/logout', GET], Ant [pattern='/logout', POST], Ant [pattern='/logout', PUT], Ant [pattern='/logout', DELETE]]
2026-03-15 17:31:45 TRACE [http-nio-8080-exec-9] o.s.s.w.a.AnonymousAuthenticationFilter - Set SecurityContextHolder to AnonymousAuthenticationToken [Principal=anonymousUser, Credentials=[PROTECTED], Authenticated=true, Details=WebAuthenticationDetails [RemoteIpAddress=0:0:0:0:0:0:0:1, SessionId=null], Granted Authorities=[ROLE_ANONYMOUS]]
2026-03-15 17:31:45 DEBUG [http-nio-8080-exec-9] o.s.s.w.a.Http403ForbiddenEntryPoint - Pre-authenticated entry point called. Rejecting access
2026-03-15 17:33:28 DEBUG [http-nio-8080-exec-2] o.s.security.web.FilterChainProxy - Securing POST /api/v1/register
2026-03-15 17:33:28 TRACE [http-nio-8080-exec-2] o.s.s.w.a.logout.LogoutFilter - Did not match request to Or [Ant [pattern='/logout', GET], Ant [pattern='/logout', POST], Ant [pattern='/logout', PUT], Ant [pattern='/logout', DELETE]]
2026-03-15 17:33:28 TRACE [http-nio-8080-exec-2] o.s.s.w.a.AnonymousAuthenticationFilter - Did not set SecurityContextHolder since already authenticated UsernamePasswordAuthenticationToken [Principal=com.example.ClinicaDefinitiva.infrastructure.security.adapter.CustomUserDetails@5af30abb, Credentials=[PROTECTED], Authenticated=true, Details=null, Granted Authorities=[UPDATE_COMPANY, UPDATE_INVOICE, CREATE_ASSIGNMENT, UPDATE_GUARDIAN, CLONE_ROLE_ROLE, CANCEL_APPOINTMENT, UPDATE_JOURNAL_ENTRY, REVERSE_JOURNAL_ENTRY, CREATE_CONTRACT, DELETE_APPOINTMENT, RESCHEDULE_APPOINTMENT, SET_PERMISSIONS_ROLE, CREATE_PATIENT, READ_USER_IDENTITY, IS_CURRENTLY_ACTIVE_ASSIGNMENT, READ_RATE, ACTIVATE_ROLE_ROLE, DELETE_ROLE_ROLE, READ_APPOINTMENT, READ_DENTIST, CREATE_COMPANY, VIEW_ROLE_ROLE, SCHEDULE_APPOINTMENT, ROLE_RECEPTIONIST, DELETE_INVOICE, CREATE_CUSTOM_ROLE_ROLE, UPDATE_PAYMENT, CREATE_DENTIST, CHECK_PERMISSION_ROLE, READ_PATIENT, READ_ADMINISTRATIVE_REPORT, CREATE_APPOINTMENT, VIEW_ASSIGNMENT_ASSIGNMENT, READ_CONTRACT, DELETE_ADMINISTRATIVE_REPORT, DEACTIVATE_USER_IDENTITY, REVERSE_INVOICE, DEACTIVATE_ROLE_ROLE, APPROVE_INVOICE, READ_PROVIDED_SERVICE, REVOKE_ASSIGNMENT, READ_AVAILABILITY, READ_RECEPTIONIST, DELETE_RATE, UPDATE_PRIMARY_ASSIGNMENT, UPDATE_DENTIST, CREATE_USER_IDENTITY, DELETE_CONTRACT, DELETE_PAYMENT, DELETE_ASSIGNMENT, READ_COMPANY, UPDATE_ADMINISTRATIVE_REPORT, REMOVE_PERMISSION_ROLE, CREATE_PAYMENT, UPDATE_USER_IDENTITY, ADD_PERMISSION_ROLE, READ_GUARDIAN, UPDATE_CONTRACT, DELETE_COMPANY, IS_ACTIVE_AT_ASSIGNMENT, DELETE_DENTIST, READ_ASSIGNMENT, POST_INVOICE, REVOKE_ALL_ASSIGNMENT, CREATE_JOURNAL_ENTRY, CREATE_ADMINISTRATIVE_REPORT, UPDATE_ASSIGNMENT, READ_SHIFT, POST_JOURNAL_ENTRY, CREATE_GUARDIAN, ROLE_ADMINISTRATOR, CREATE_TEMPORARY_ASSIGNMENT, READ_PAYMENT, CREATE_RATE, EXTEND_ASSIGNMENT_ASSIGNMENT, READ_INVOICE, REACTIVATE_USER_IDENTITY, UPDATE_APPOINTMENT, UPDATE_RATE, DELETE_JOURNAL_ENTRY, CREATE_SHIFT, READ_JOURNAL_ENTRY, MARK_DELETED_ROLE_ROLE, CREATE_INVOICE, UPDATE_SHIFT, SUSPEND_ROLE_ROLE, UPDATE_PATIENT, UPDATE_PROVIDED_SERVICE, SUSPEND_USER_IDENTITY]]
2026-03-15 17:33:28 TRACE [http-nio-8080-exec-2] o.s.s.w.a.s.CompositeSessionAuthenticationStrategy - Preparing session with ChangeSessionIdAuthenticationStrategy (1/1)
2026-03-15 17:33:28 DEBUG [http-nio-8080-exec-2] o.s.security.web.FilterChainProxy - Secured POST /api/v1/register
2026-03-15 17:33:28 DEBUG [http-nio-8080-exec-2] o.s.web.servlet.DispatcherServlet - POST "/api/v1/register", parameters={}
2026-03-15 17:33:28 DEBUG [http-nio-8080-exec-2] o.s.w.s.h.SimpleUrlHandlerMapping - Mapped to ResourceHttpRequestHandler [classpath [META-INF/resources/], classpath [resources/], classpath [static/], classpath [public/], ServletContext [/]]
2026-03-15 17:33:28 DEBUG [http-nio-8080-exec-2] o.s.w.s.r.ResourceHttpRequestHandler - Resource not found
2026-03-15 17:33:28 DEBUG [http-nio-8080-exec-2] o.s.w.s.m.s.DefaultHandlerExceptionResolver - Resolved [org.springframework.web.servlet.resource.NoResourceFoundException: No static resource api/v1/register.]
2026-03-15 17:33:28 DEBUG [http-nio-8080-exec-2] o.s.web.servlet.DispatcherServlet - Completed 404 NOT_FOUND
2026-03-15 17:33:28 DEBUG [http-nio-8080-exec-2] o.s.security.web.FilterChainProxy - Securing POST /error
2026-03-15 17:33:28 TRACE [http-nio-8080-exec-2] o.s.s.w.a.logout.LogoutFilter - Did not match request to Or [Ant [pattern='/logout', GET], Ant [pattern='/logout', POST], Ant [pattern='/logout', PUT], Ant [pattern='/logout', DELETE]]
2026-03-15 17:33:28 TRACE [http-nio-8080-exec-2] o.s.s.w.a.AnonymousAuthenticationFilter - Set SecurityContextHolder to AnonymousAuthenticationToken [Principal=anonymousUser, Credentials=[PROTECTED], Authenticated=true, Details=WebAuthenticationDetails [RemoteIpAddress=0:0:0:0:0:0:0:1, SessionId=null], Granted Authorities=[ROLE_ANONYMOUS]]
2026-03-15 17:33:28 DEBUG [http-nio-8080-exec-2] o.s.s.w.a.Http403ForbiddenEntryPoint - Pre-authenticated entry point called. Rejecting access
2026-03-15 17:34:33 DEBUG [http-nio-8080-exec-3] o.s.security.web.FilterChainProxy - Securing POST /api/v1/register
2026-03-15 17:34:33 TRACE [http-nio-8080-exec-3] o.s.s.w.a.logout.LogoutFilter - Did not match request to Or [Ant [pattern='/logout', GET], Ant [pattern='/logout', POST], Ant [pattern='/logout', PUT], Ant [pattern='/logout', DELETE]]
2026-03-15 17:34:33 TRACE [http-nio-8080-exec-3] o.s.s.w.a.AnonymousAuthenticationFilter - Did not set SecurityContextHolder since already authenticated UsernamePasswordAuthenticationToken [Principal=com.example.ClinicaDefinitiva.infrastructure.security.adapter.CustomUserDetails@7107219c, Credentials=[PROTECTED], Authenticated=true, Details=null, Granted Authorities=[UPDATE_COMPANY, UPDATE_INVOICE, CREATE_ASSIGNMENT, UPDATE_GUARDIAN, CLONE_ROLE_ROLE, CANCEL_APPOINTMENT, UPDATE_JOURNAL_ENTRY, REVERSE_JOURNAL_ENTRY, CREATE_CONTRACT, DELETE_APPOINTMENT, RESCHEDULE_APPOINTMENT, SET_PERMISSIONS_ROLE, CREATE_PATIENT, READ_USER_IDENTITY, IS_CURRENTLY_ACTIVE_ASSIGNMENT, READ_RATE, ACTIVATE_ROLE_ROLE, DELETE_ROLE_ROLE, READ_APPOINTMENT, READ_DENTIST, CREATE_COMPANY, VIEW_ROLE_ROLE, SCHEDULE_APPOINTMENT, ROLE_RECEPTIONIST, DELETE_INVOICE, CREATE_CUSTOM_ROLE_ROLE, UPDATE_PAYMENT, CREATE_DENTIST, CHECK_PERMISSION_ROLE, READ_PATIENT, READ_ADMINISTRATIVE_REPORT, CREATE_APPOINTMENT, VIEW_ASSIGNMENT_ASSIGNMENT, READ_CONTRACT, DELETE_ADMINISTRATIVE_REPORT, DEACTIVATE_USER_IDENTITY, REVERSE_INVOICE, DEACTIVATE_ROLE_ROLE, APPROVE_INVOICE, READ_PROVIDED_SERVICE, REVOKE_ASSIGNMENT, READ_AVAILABILITY, READ_RECEPTIONIST, DELETE_RATE, UPDATE_PRIMARY_ASSIGNMENT, UPDATE_DENTIST, CREATE_USER_IDENTITY, DELETE_CONTRACT, DELETE_PAYMENT, DELETE_ASSIGNMENT, READ_COMPANY, UPDATE_ADMINISTRATIVE_REPORT, REMOVE_PERMISSION_ROLE, CREATE_PAYMENT, UPDATE_USER_IDENTITY, ADD_PERMISSION_ROLE, READ_GUARDIAN, UPDATE_CONTRACT, DELETE_COMPANY, IS_ACTIVE_AT_ASSIGNMENT, DELETE_DENTIST, READ_ASSIGNMENT, POST_INVOICE, REVOKE_ALL_ASSIGNMENT, CREATE_JOURNAL_ENTRY, CREATE_ADMINISTRATIVE_REPORT, UPDATE_ASSIGNMENT, READ_SHIFT, POST_JOURNAL_ENTRY, CREATE_GUARDIAN, ROLE_ADMINISTRATOR, CREATE_TEMPORARY_ASSIGNMENT, READ_PAYMENT, CREATE_RATE, EXTEND_ASSIGNMENT_ASSIGNMENT, READ_INVOICE, REACTIVATE_USER_IDENTITY, UPDATE_APPOINTMENT, UPDATE_RATE, DELETE_JOURNAL_ENTRY, CREATE_SHIFT, READ_JOURNAL_ENTRY, MARK_DELETED_ROLE_ROLE, CREATE_INVOICE, UPDATE_SHIFT, SUSPEND_ROLE_ROLE, UPDATE_PATIENT, UPDATE_PROVIDED_SERVICE, SUSPEND_USER_IDENTITY]]
2026-03-15 17:34:33 TRACE [http-nio-8080-exec-3] o.s.s.w.a.s.CompositeSessionAuthenticationStrategy - Preparing session with ChangeSessionIdAuthenticationStrategy (1/1)
2026-03-15 17:34:33 DEBUG [http-nio-8080-exec-3] o.s.security.web.FilterChainProxy - Secured POST /api/v1/register
2026-03-15 17:34:33 DEBUG [http-nio-8080-exec-3] o.s.web.servlet.DispatcherServlet - POST "/api/v1/register", parameters={}
2026-03-15 17:34:33 DEBUG [http-nio-8080-exec-3] o.s.w.s.h.SimpleUrlHandlerMapping - Mapped to ResourceHttpRequestHandler [classpath [META-INF/resources/], classpath [resources/], classpath [static/], classpath [public/], ServletContext [/]]
2026-03-15 17:34:33 DEBUG [http-nio-8080-exec-3] o.s.w.s.r.ResourceHttpRequestHandler - Resource not found
2026-03-15 17:34:33 DEBUG [http-nio-8080-exec-3] o.s.w.s.m.s.DefaultHandlerExceptionResolver - Resolved [org.springframework.web.servlet.resource.NoResourceFoundException: No static resource api/v1/register.]
2026-03-15 17:34:33 DEBUG [http-nio-8080-exec-3] o.s.web.servlet.DispatcherServlet - Completed 404 NOT_FOUND
2026-03-15 17:34:33 DEBUG [http-nio-8080-exec-3] o.s.security.web.FilterChainProxy - Securing POST /error
2026-03-15 17:34:33 TRACE [http-nio-8080-exec-3] o.s.s.w.a.logout.LogoutFilter - Did not match request to Or [Ant [pattern='/logout', GET], Ant [pattern='/logout', POST], Ant [pattern='/logout', PUT], Ant [pattern='/logout', DELETE]]
2026-03-15 17:34:33 TRACE [http-nio-8080-exec-3] o.s.s.w.a.AnonymousAuthenticationFilter - Set SecurityContextHolder to AnonymousAuthenticationToken [Principal=anonymousUser, Credentials=[PROTECTED], Authenticated=true, Details=WebAuthenticationDetails [RemoteIpAddress=0:0:0:0:0:0:0:1, SessionId=null], Granted Authorities=[ROLE_ANONYMOUS]]
2026-03-15 17:34:33 DEBUG [http-nio-8080-exec-3] o.s.s.w.a.Http403ForbiddenEntryPoint - Pre-authenticated entry point called. Rejecting access
2026-03-15 17:35:59 DEBUG [http-nio-8080-exec-5] o.s.security.web.FilterChainProxy - Securing POST /api/v1/register
2026-03-15 17:35:59 TRACE [http-nio-8080-exec-5] o.s.s.w.a.logout.LogoutFilter - Did not match request to Or [Ant [pattern='/logout', GET], Ant [pattern='/logout', POST], Ant [pattern='/logout', PUT], Ant [pattern='/logout', DELETE]]
2026-03-15 17:35:59 TRACE [http-nio-8080-exec-5] o.s.s.w.a.AnonymousAuthenticationFilter - Did not set SecurityContextHolder since already authenticated UsernamePasswordAuthenticationToken [Principal=com.example.ClinicaDefinitiva.infrastructure.security.adapter.CustomUserDetails@521f7bec, Credentials=[PROTECTED], Authenticated=true, Details=null, Granted Authorities=[UPDATE_COMPANY, UPDATE_INVOICE, CREATE_ASSIGNMENT, UPDATE_GUARDIAN, CLONE_ROLE_ROLE, CANCEL_APPOINTMENT, UPDATE_JOURNAL_ENTRY, REVERSE_JOURNAL_ENTRY, CREATE_CONTRACT, DELETE_APPOINTMENT, RESCHEDULE_APPOINTMENT, SET_PERMISSIONS_ROLE, CREATE_PATIENT, READ_USER_IDENTITY, IS_CURRENTLY_ACTIVE_ASSIGNMENT, READ_RATE, ACTIVATE_ROLE_ROLE, DELETE_ROLE_ROLE, READ_APPOINTMENT, READ_DENTIST, CREATE_COMPANY, VIEW_ROLE_ROLE, SCHEDULE_APPOINTMENT, ROLE_RECEPTIONIST, DELETE_INVOICE, CREATE_CUSTOM_ROLE_ROLE, UPDATE_PAYMENT, CREATE_DENTIST, CHECK_PERMISSION_ROLE, READ_PATIENT, READ_ADMINISTRATIVE_REPORT, CREATE_APPOINTMENT, VIEW_ASSIGNMENT_ASSIGNMENT, READ_CONTRACT, DELETE_ADMINISTRATIVE_REPORT, DEACTIVATE_USER_IDENTITY, REVERSE_INVOICE, DEACTIVATE_ROLE_ROLE, APPROVE_INVOICE, READ_PROVIDED_SERVICE, REVOKE_ASSIGNMENT, READ_AVAILABILITY, READ_RECEPTIONIST, DELETE_RATE, UPDATE_PRIMARY_ASSIGNMENT, UPDATE_DENTIST, CREATE_USER_IDENTITY, DELETE_CONTRACT, DELETE_PAYMENT, DELETE_ASSIGNMENT, READ_COMPANY, UPDATE_ADMINISTRATIVE_REPORT, REMOVE_PERMISSION_ROLE, CREATE_PAYMENT, UPDATE_USER_IDENTITY, ADD_PERMISSION_ROLE, READ_GUARDIAN, UPDATE_CONTRACT, DELETE_COMPANY, IS_ACTIVE_AT_ASSIGNMENT, DELETE_DENTIST, READ_ASSIGNMENT, POST_INVOICE, REVOKE_ALL_ASSIGNMENT, CREATE_JOURNAL_ENTRY, CREATE_ADMINISTRATIVE_REPORT, UPDATE_ASSIGNMENT, READ_SHIFT, POST_JOURNAL_ENTRY, CREATE_GUARDIAN, ROLE_ADMINISTRATOR, CREATE_TEMPORARY_ASSIGNMENT, READ_PAYMENT, CREATE_RATE, EXTEND_ASSIGNMENT_ASSIGNMENT, READ_INVOICE, REACTIVATE_USER_IDENTITY, UPDATE_APPOINTMENT, UPDATE_RATE, DELETE_JOURNAL_ENTRY, CREATE_SHIFT, READ_JOURNAL_ENTRY, MARK_DELETED_ROLE_ROLE, CREATE_INVOICE, UPDATE_SHIFT, SUSPEND_ROLE_ROLE, UPDATE_PATIENT, UPDATE_PROVIDED_SERVICE, SUSPEND_USER_IDENTITY]]
2026-03-15 17:35:59 TRACE [http-nio-8080-exec-5] o.s.s.w.a.s.CompositeSessionAuthenticationStrategy - Preparing session with ChangeSessionIdAuthenticationStrategy (1/1)
2026-03-15 17:35:59 DEBUG [http-nio-8080-exec-5] o.s.security.web.FilterChainProxy - Secured POST /api/v1/register
2026-03-15 17:35:59 DEBUG [http-nio-8080-exec-5] o.s.web.servlet.DispatcherServlet - POST "/api/v1/register", parameters={}
2026-03-15 17:35:59 DEBUG [http-nio-8080-exec-5] o.s.w.s.h.SimpleUrlHandlerMapping - Mapped to ResourceHttpRequestHandler [classpath [META-INF/resources/], classpath [resources/], classpath [static/], classpath [public/], ServletContext [/]]
2026-03-15 17:35:59 DEBUG [http-nio-8080-exec-5] o.s.w.s.r.ResourceHttpRequestHandler - Resource not found
2026-03-15 17:35:59 DEBUG [http-nio-8080-exec-5] o.s.w.s.m.s.DefaultHandlerExceptionResolver - Resolved [org.springframework.web.servlet.resource.NoResourceFoundException: No static resource api/v1/register.]
2026-03-15 17:35:59 DEBUG [http-nio-8080-exec-5] o.s.web.servlet.DispatcherServlet - Completed 404 NOT_FOUND
2026-03-15 17:35:59 DEBUG [http-nio-8080-exec-5] o.s.security.web.FilterChainProxy - Securing POST /error
2026-03-15 17:35:59 TRACE [http-nio-8080-exec-5] o.s.s.w.a.logout.LogoutFilter - Did not match request to Or [Ant [pattern='/logout', GET], Ant [pattern='/logout', POST], Ant [pattern='/logout', PUT], Ant [pattern='/logout', DELETE]]
2026-03-15 17:35:59 TRACE [http-nio-8080-exec-5] o.s.s.w.a.AnonymousAuthenticationFilter - Set SecurityContextHolder to AnonymousAuthenticationToken [Principal=anonymousUser, Credentials=[PROTECTED], Authenticated=true, Details=WebAuthenticationDetails [RemoteIpAddress=0:0:0:0:0:0:0:1, SessionId=null], Granted Authorities=[ROLE_ANONYMOUS]]
2026-03-15 17:35:59 DEBUG [http-nio-8080-exec-5] o.s.s.w.a.Http403ForbiddenEntryPoint - Pre-authenticated entry point called. Rejecting access
2026-03-15 17:39:13 DEBUG [http-nio-8080-exec-10] o.s.security.web.FilterChainProxy - Securing POST /api/v1/register
2026-03-15 17:39:13 TRACE [http-nio-8080-exec-10] o.s.s.w.a.logout.LogoutFilter - Did not match request to Or [Ant [pattern='/logout', GET], Ant [pattern='/logout', POST], Ant [pattern='/logout', PUT], Ant [pattern='/logout', DELETE]]
2026-03-15 17:39:13 TRACE [http-nio-8080-exec-10] o.s.s.w.a.AnonymousAuthenticationFilter - Did not set SecurityContextHolder since already authenticated UsernamePasswordAuthenticationToken [Principal=com.example.ClinicaDefinitiva.infrastructure.security.adapter.CustomUserDetails@25e607d9, Credentials=[PROTECTED], Authenticated=true, Details=null, Granted Authorities=[UPDATE_COMPANY, UPDATE_INVOICE, CREATE_ASSIGNMENT, UPDATE_GUARDIAN, CLONE_ROLE_ROLE, CANCEL_APPOINTMENT, UPDATE_JOURNAL_ENTRY, REVERSE_JOURNAL_ENTRY, CREATE_CONTRACT, DELETE_APPOINTMENT, RESCHEDULE_APPOINTMENT, SET_PERMISSIONS_ROLE, CREATE_PATIENT, READ_USER_IDENTITY, IS_CURRENTLY_ACTIVE_ASSIGNMENT, READ_RATE, ACTIVATE_ROLE_ROLE, DELETE_ROLE_ROLE, READ_APPOINTMENT, READ_DENTIST, CREATE_COMPANY, VIEW_ROLE_ROLE, SCHEDULE_APPOINTMENT, ROLE_RECEPTIONIST, DELETE_INVOICE, CREATE_CUSTOM_ROLE_ROLE, UPDATE_PAYMENT, CREATE_DENTIST, CHECK_PERMISSION_ROLE, READ_PATIENT, READ_ADMINISTRATIVE_REPORT, CREATE_APPOINTMENT, VIEW_ASSIGNMENT_ASSIGNMENT, READ_CONTRACT, DELETE_ADMINISTRATIVE_REPORT, DEACTIVATE_USER_IDENTITY, REVERSE_INVOICE, DEACTIVATE_ROLE_ROLE, APPROVE_INVOICE, READ_PROVIDED_SERVICE, REVOKE_ASSIGNMENT, READ_AVAILABILITY, READ_RECEPTIONIST, DELETE_RATE, UPDATE_PRIMARY_ASSIGNMENT, UPDATE_DENTIST, CREATE_USER_IDENTITY, DELETE_CONTRACT, DELETE_PAYMENT, DELETE_ASSIGNMENT, READ_COMPANY, UPDATE_ADMINISTRATIVE_REPORT, REMOVE_PERMISSION_ROLE, CREATE_PAYMENT, UPDATE_USER_IDENTITY, ADD_PERMISSION_ROLE, READ_GUARDIAN, UPDATE_CONTRACT, DELETE_COMPANY, IS_ACTIVE_AT_ASSIGNMENT, DELETE_DENTIST, READ_ASSIGNMENT, POST_INVOICE, REVOKE_ALL_ASSIGNMENT, CREATE_JOURNAL_ENTRY, CREATE_ADMINISTRATIVE_REPORT, UPDATE_ASSIGNMENT, READ_SHIFT, POST_JOURNAL_ENTRY, CREATE_GUARDIAN, ROLE_ADMINISTRATOR, CREATE_TEMPORARY_ASSIGNMENT, READ_PAYMENT, CREATE_RATE, EXTEND_ASSIGNMENT_ASSIGNMENT, READ_INVOICE, REACTIVATE_USER_IDENTITY, UPDATE_APPOINTMENT, UPDATE_RATE, DELETE_JOURNAL_ENTRY, CREATE_SHIFT, READ_JOURNAL_ENTRY, MARK_DELETED_ROLE_ROLE, CREATE_INVOICE, UPDATE_SHIFT, SUSPEND_ROLE_ROLE, UPDATE_PATIENT, UPDATE_PROVIDED_SERVICE, SUSPEND_USER_IDENTITY]]
2026-03-15 17:39:13 TRACE [http-nio-8080-exec-10] o.s.s.w.a.s.CompositeSessionAuthenticationStrategy - Preparing session with ChangeSessionIdAuthenticationStrategy (1/1)
2026-03-15 17:39:13 DEBUG [http-nio-8080-exec-10] o.s.security.web.FilterChainProxy - Secured POST /api/v1/register
2026-03-15 17:39:13 DEBUG [http-nio-8080-exec-10] o.s.web.servlet.DispatcherServlet - POST "/api/v1/register", parameters={}
2026-03-15 17:39:13 DEBUG [http-nio-8080-exec-10] o.s.w.s.h.SimpleUrlHandlerMapping - Mapped to ResourceHttpRequestHandler [classpath [META-INF/resources/], classpath [resources/], classpath [static/], classpath [public/], ServletContext [/]]
2026-03-15 17:39:13 DEBUG [http-nio-8080-exec-10] o.s.w.s.r.ResourceHttpRequestHandler - Resource not found
2026-03-15 17:39:13 DEBUG [http-nio-8080-exec-10] o.s.w.s.m.s.DefaultHandlerExceptionResolver - Resolved [org.springframework.web.servlet.resource.NoResourceFoundException: No static resource api/v1/register.]
2026-03-15 17:39:13 DEBUG [http-nio-8080-exec-10] o.s.web.servlet.DispatcherServlet - Completed 404 NOT_FOUND
2026-03-15 17:39:13 DEBUG [http-nio-8080-exec-10] o.s.security.web.FilterChainProxy - Securing POST /error
2026-03-15 17:39:13 TRACE [http-nio-8080-exec-10] o.s.s.w.a.logout.LogoutFilter - Did not match request to Or [Ant [pattern='/logout', GET], Ant [pattern='/logout', POST], Ant [pattern='/logout', PUT], Ant [pattern='/logout', DELETE]]
2026-03-15 17:39:13 TRACE [http-nio-8080-exec-10] o.s.s.w.a.AnonymousAuthenticationFilter - Set SecurityContextHolder to AnonymousAuthenticationToken [Principal=anonymousUser, Credentials=[PROTECTED], Authenticated=true, Details=WebAuthenticationDetails [RemoteIpAddress=0:0:0:0:0:0:0:1, SessionId=null], Granted Authorities=[ROLE_ANONYMOUS]]
2026-03-15 17:39:13 DEBUG [http-nio-8080-exec-10] o.s.s.w.a.Http403ForbiddenEntryPoint - Pre-authenticated entry point called. Rejecting access
2026-03-15 17:44:09 DEBUG [http-nio-8080-exec-4] o.s.security.web.FilterChainProxy - Securing POST /api/v1/users/register
2026-03-15 17:44:09 TRACE [http-nio-8080-exec-4] o.s.s.w.a.logout.LogoutFilter - Did not match request to Or [Ant [pattern='/logout', GET], Ant [pattern='/logout', POST], Ant [pattern='/logout', PUT], Ant [pattern='/logout', DELETE]]
2026-03-15 17:44:09 TRACE [http-nio-8080-exec-4] o.s.s.w.a.AnonymousAuthenticationFilter - Did not set SecurityContextHolder since already authenticated UsernamePasswordAuthenticationToken [Principal=com.example.ClinicaDefinitiva.infrastructure.security.adapter.CustomUserDetails@5d71f3d5, Credentials=[PROTECTED], Authenticated=true, Details=null, Granted Authorities=[UPDATE_COMPANY, UPDATE_INVOICE, CREATE_ASSIGNMENT, UPDATE_GUARDIAN, CLONE_ROLE_ROLE, CANCEL_APPOINTMENT, UPDATE_JOURNAL_ENTRY, REVERSE_JOURNAL_ENTRY, CREATE_CONTRACT, DELETE_APPOINTMENT, RESCHEDULE_APPOINTMENT, SET_PERMISSIONS_ROLE, CREATE_PATIENT, READ_USER_IDENTITY, IS_CURRENTLY_ACTIVE_ASSIGNMENT, READ_RATE, ACTIVATE_ROLE_ROLE, DELETE_ROLE_ROLE, READ_APPOINTMENT, READ_DENTIST, CREATE_COMPANY, VIEW_ROLE_ROLE, SCHEDULE_APPOINTMENT, ROLE_RECEPTIONIST, DELETE_INVOICE, CREATE_CUSTOM_ROLE_ROLE, UPDATE_PAYMENT, CREATE_DENTIST, CHECK_PERMISSION_ROLE, READ_PATIENT, READ_ADMINISTRATIVE_REPORT, CREATE_APPOINTMENT, VIEW_ASSIGNMENT_ASSIGNMENT, READ_CONTRACT, DELETE_ADMINISTRATIVE_REPORT, DEACTIVATE_USER_IDENTITY, REVERSE_INVOICE, DEACTIVATE_ROLE_ROLE, APPROVE_INVOICE, READ_PROVIDED_SERVICE, REVOKE_ASSIGNMENT, READ_AVAILABILITY, READ_RECEPTIONIST, DELETE_RATE, UPDATE_PRIMARY_ASSIGNMENT, UPDATE_DENTIST, CREATE_USER_IDENTITY, DELETE_CONTRACT, DELETE_PAYMENT, DELETE_ASSIGNMENT, READ_COMPANY, UPDATE_ADMINISTRATIVE_REPORT, REMOVE_PERMISSION_ROLE, CREATE_PAYMENT, UPDATE_USER_IDENTITY, ADD_PERMISSION_ROLE, READ_GUARDIAN, UPDATE_CONTRACT, DELETE_COMPANY, IS_ACTIVE_AT_ASSIGNMENT, DELETE_DENTIST, READ_ASSIGNMENT, POST_INVOICE, REVOKE_ALL_ASSIGNMENT, CREATE_JOURNAL_ENTRY, CREATE_ADMINISTRATIVE_REPORT, UPDATE_ASSIGNMENT, READ_SHIFT, POST_JOURNAL_ENTRY, CREATE_GUARDIAN, ROLE_ADMINISTRATOR, CREATE_TEMPORARY_ASSIGNMENT, READ_PAYMENT, CREATE_RATE, EXTEND_ASSIGNMENT_ASSIGNMENT, READ_INVOICE, REACTIVATE_USER_IDENTITY, UPDATE_APPOINTMENT, UPDATE_RATE, DELETE_JOURNAL_ENTRY, CREATE_SHIFT, READ_JOURNAL_ENTRY, MARK_DELETED_ROLE_ROLE, CREATE_INVOICE, UPDATE_SHIFT, SUSPEND_ROLE_ROLE, UPDATE_PATIENT, UPDATE_PROVIDED_SERVICE, SUSPEND_USER_IDENTITY]]
2026-03-15 17:44:09 TRACE [http-nio-8080-exec-4] o.s.s.w.a.s.CompositeSessionAuthenticationStrategy - Preparing session with ChangeSessionIdAuthenticationStrategy (1/1)
2026-03-15 17:44:09 DEBUG [http-nio-8080-exec-4] o.s.security.web.FilterChainProxy - Secured POST /api/v1/users/register
2026-03-15 17:44:09 DEBUG [http-nio-8080-exec-4] o.s.web.servlet.DispatcherServlet - POST "/api/v1/users/register", parameters={}
2026-03-15 17:44:09 DEBUG [http-nio-8080-exec-4] o.s.w.s.m.m.a.RequestMappingHandlerMapping - Mapped to com.example.ClinicaDefinitiva.infrastructure.rest.controller.authentication.UserIdentityController#register(CreateUserIdentityRequest, CustomUserDetails)
2026-03-15 17:44:09 DEBUG [http-nio-8080-exec-4] o.s.w.s.m.m.a.RequestResponseBodyMethodProcessor - Read "application/json;charset=UTF-8" to [CreateUserIdentityRequest[email={{randomEmail}}, password=Test123!, name={{randomName}}]]
2026-03-15 17:44:09 DEBUG [http-nio-8080-exec-4] o.s.web.servlet.DispatcherServlet - Failed to complete request: java.util.NoSuchElementException: No value present
2026-03-15 17:44:09 ERROR [http-nio-8080-exec-4] o.a.c.c.C.[.[.[.[dispatcherServlet] - Servlet.service() for servlet [dispatcherServlet] in context with path [] threw exception [Request processing failed: java.util.NoSuchElementException: No value present] with root cause
java.util.NoSuchElementException: No value present
	at java.base/java.util.Optional.get(Optional.java:143)
	at com.example.ClinicaDefinitiva.application.service.authentication.UserIdentityApplicationService.register(UserIdentityApplicationService.java:192)
	at java.base/jdk.internal.reflect.NativeMethodAccessorImpl.invoke0(Native Method)
	at java.base/jdk.internal.reflect.NativeMethodAccessorImpl.invoke(NativeMethodAccessorImpl.java:77)
	at java.base/jdk.internal.reflect.DelegatingMethodAccessorImpl.invoke(DelegatingMethodAccessorImpl.java:43)
	at java.base/java.lang.reflect.Method.invoke(Method.java:568)
	at org.springframework.aop.support.AopUtils.invokeJoinpointUsingReflection(AopUtils.java:359)
	at org.springframework.aop.framework.ReflectiveMethodInvocation.invokeJoinpoint(ReflectiveMethodInvocation.java:196)
	at org.springframework.aop.framework.ReflectiveMethodInvocation.proceed(ReflectiveMethodInvocation.java:163)
	at org.springframework.aop.aspectj.MethodInvocationProceedingJoinPoint.proceed(MethodInvocationProceedingJoinPoint.java:89)
	at com.example.ClinicaDefinitiva.infrastructure.security.config.AuthorizationAspect.checkPermission(AuthorizationAspect.java:76)
	at java.base/jdk.internal.reflect.NativeMethodAccessorImpl.invoke0(Native Method)
	at java.base/jdk.internal.reflect.NativeMethodAccessorImpl.invoke(NativeMethodAccessorImpl.java:77)
	at java.base/jdk.internal.reflect.DelegatingMethodAccessorImpl.invoke(DelegatingMethodAccessorImpl.java:43)
	at java.base/java.lang.reflect.Method.invoke(Method.java:568)
	at org.springframework.aop.aspectj.AbstractAspectJAdvice.invokeAdviceMethodWithGivenArgs(AbstractAspectJAdvice.java:642)
	at org.springframework.aop.aspectj.AbstractAspectJAdvice.invokeAdviceMethod(AbstractAspectJAdvice.java:632)
	at org.springframework.aop.aspectj.AspectJAroundAdvice.invoke(AspectJAroundAdvice.java:71)
	at org.springframework.aop.framework.ReflectiveMethodInvocation.proceed(ReflectiveMethodInvocation.java:173)
	at org.springframework.transaction.interceptor.TransactionAspectSupport.invokeWithinTransaction(TransactionAspectSupport.java:380)
	at org.springframework.transaction.interceptor.TransactionInterceptor.invoke(TransactionInterceptor.java:119)
	at org.springframework.aop.framework.ReflectiveMethodInvocation.proceed(ReflectiveMethodInvocation.java:184)
	at org.springframework.aop.interceptor.ExposeInvocationInterceptor.invoke(ExposeInvocationInterceptor.java:97)
	at org.springframework.aop.framework.ReflectiveMethodInvocation.proceed(ReflectiveMethodInvocation.java:184)
	at org.springframework.aop.framework.CglibAopProxy$DynamicAdvisedInterceptor.intercept(CglibAopProxy.java:728)
	at com.example.ClinicaDefinitiva.application.service.authentication.UserIdentityApplicationService$$SpringCGLIB$$0.register(<generated>)
	at com.example.ClinicaDefinitiva.infrastructure.rest.controller.authentication.UserIdentityController.register(UserIdentityController.java:144)
	at java.base/jdk.internal.reflect.NativeMethodAccessorImpl.invoke0(Native Method)
	at java.base/jdk.internal.reflect.NativeMethodAccessorImpl.invoke(NativeMethodAccessorImpl.java:77)
	at java.base/jdk.internal.reflect.DelegatingMethodAccessorImpl.invoke(DelegatingMethodAccessorImpl.java:43)
	at java.base/java.lang.reflect.Method.invoke(Method.java:568)
	at org.springframework.aop.support.AopUtils.invokeJoinpointUsingReflection(AopUtils.java:359)
	at org.springframework.aop.framework.ReflectiveMethodInvocation.invokeJoinpoint(ReflectiveMethodInvocation.java:196)
	at org.springframework.aop.framework.ReflectiveMethodInvocation.proceed(ReflectiveMethodInvocation.java:163)
	at org.springframework.validation.beanvalidation.MethodValidationInterceptor.invoke(MethodValidationInterceptor.java:174)
	at org.springframework.aop.framework.ReflectiveMethodInvocation.proceed(ReflectiveMethodInvocation.java:184)
	at org.springframework.aop.framework.CglibAopProxy$DynamicAdvisedInterceptor.intercept(CglibAopProxy.java:728)
	at com.example.ClinicaDefinitiva.infrastructure.rest.controller.authentication.UserIdentityController$$SpringCGLIB$$0.register(<generated>)
	at java.base/jdk.internal.reflect.NativeMethodAccessorImpl.invoke0(Native Method)
	at java.base/jdk.internal.reflect.NativeMethodAccessorImpl.invoke(NativeMethodAccessorImpl.java:77)
	at java.base/jdk.internal.reflect.DelegatingMethodAccessorImpl.invoke(DelegatingMethodAccessorImpl.java:43)
	at java.base/java.lang.reflect.Method.invoke(Method.java:568)
	at org.springframework.web.method.support.InvocableHandlerMethod.doInvoke(InvocableHandlerMethod.java:258)
	at org.springframework.web.method.support.InvocableHandlerMethod.invokeForRequest(InvocableHandlerMethod.java:191)
	at org.springframework.web.servlet.mvc.method.annotation.ServletInvocableHandlerMethod.invokeAndHandle(ServletInvocableHandlerMethod.java:118)
	at org.springframework.web.servlet.mvc.method.annotation.RequestMappingHandlerAdapter.invokeHandlerMethod(RequestMappingHandlerAdapter.java:986)
	at org.springframework.web.servlet.mvc.method.annotation.RequestMappingHandlerAdapter.handleInternal(RequestMappingHandlerAdapter.java:891)
	at org.springframework.web.servlet.mvc.method.AbstractHandlerMethodAdapter.handle(AbstractHandlerMethodAdapter.java:87)
	at org.springframework.web.servlet.DispatcherServlet.doDispatch(DispatcherServlet.java:1089)
	at org.springframework.web.servlet.DispatcherServlet.doService(DispatcherServlet.java:979)
	at org.springframework.web.servlet.FrameworkServlet.processRequest(FrameworkServlet.java:1014)
	at org.springframework.web.servlet.FrameworkServlet.doPost(FrameworkServlet.java:914)
	at jakarta.servlet.http.HttpServlet.service(HttpServlet.java:590)
	at org.springframework.web.servlet.FrameworkServlet.service(FrameworkServlet.java:885)
	at jakarta.servlet.http.HttpServlet.service(HttpServlet.java:658)
	at org.apache.catalina.core.ApplicationFilterChain.internalDoFilter(ApplicationFilterChain.java:195)
	at org.apache.catalina.core.ApplicationFilterChain.doFilter(ApplicationFilterChain.java:140)
	at org.apache.tomcat.websocket.server.WsFilter.doFilter(WsFilter.java:51)
	at org.apache.catalina.core.ApplicationFilterChain.internalDoFilter(ApplicationFilterChain.java:164)
	at org.apache.catalina.core.ApplicationFilterChain.doFilter(ApplicationFilterChain.java:140)
	at com.example.ClinicaDefinitiva.util.RequestIdFilter.doFilterInternal(RequestIdFilter.java:76)
	at org.springframework.web.filter.OncePerRequestFilter.doFilter(OncePerRequestFilter.java:116)
	at org.apache.catalina.core.ApplicationFilterChain.internalDoFilter(ApplicationFilterChain.java:164)
	at org.apache.catalina.core.ApplicationFilterChain.doFilter(ApplicationFilterChain.java:140)
	at org.springframework.web.filter.CompositeFilter$VirtualFilterChain.doFilter(CompositeFilter.java:108)
	at org.springframework.web.filter.CompositeFilter$VirtualFilterChain.doFilter(CompositeFilter.java:108)
	at org.springframework.security.web.FilterChainProxy.lambda$doFilterInternal$3(FilterChainProxy.java:231)
	at org.springframework.security.web.ObservationFilterChainDecorator$FilterObservation$SimpleFilterObservation.lambda$wrap$1(ObservationFilterChainDecorator.java:479)
	at org.springframework.security.web.ObservationFilterChainDecorator$AroundFilterObservation$SimpleAroundFilterObservation.lambda$wrap$1(ObservationFilterChainDecorator.java:340)
	at org.springframework.security.web.ObservationFilterChainDecorator.lambda$wrapSecured$0(ObservationFilterChainDecorator.java:82)
	at org.springframework.security.web.ObservationFilterChainDecorator$VirtualFilterChain.doFilter(ObservationFilterChainDecorator.java:128)
	at org.springframework.security.web.access.intercept.AuthorizationFilter.doFilter(AuthorizationFilter.java:101)
	at org.springframework.security.web.ObservationFilterChainDecorator$ObservationFilter.wrapFilter(ObservationFilterChainDecorator.java:240)
	at org.springframework.security.web.ObservationFilterChainDecorator$ObservationFilter.doFilter(ObservationFilterChainDecorator.java:227)
	at org.springframework.security.web.ObservationFilterChainDecorator$VirtualFilterChain.doFilter(ObservationFilterChainDecorator.java:137)
	at org.springframework.security.web.access.ExceptionTranslationFilter.doFilter(ExceptionTranslationFilter.java:125)
	at org.springframework.security.web.access.ExceptionTranslationFilter.doFilter(ExceptionTranslationFilter.java:119)
	at org.springframework.security.web.ObservationFilterChainDecorator$ObservationFilter.wrapFilter(ObservationFilterChainDecorator.java:240)
	at org.springframework.security.web.ObservationFilterChainDecorator$ObservationFilter.doFilter(ObservationFilterChainDecorator.java:227)
	at org.springframework.security.web.ObservationFilterChainDecorator$VirtualFilterChain.doFilter(ObservationFilterChainDecorator.java:137)
	at org.springframework.security.web.session.SessionManagementFilter.doFilter(SessionManagementFilter.java:131)
	at org.springframework.security.web.session.SessionManagementFilter.doFilter(SessionManagementFilter.java:85)
	at org.springframework.security.web.ObservationFilterChainDecorator$ObservationFilter.wrapFilter(ObservationFilterChainDecorator.java:240)
	at org.springframework.security.web.ObservationFilterChainDecorator$ObservationFilter.doFilter(ObservationFilterChainDecorator.java:227)
	at org.springframework.security.web.ObservationFilterChainDecorator$VirtualFilterChain.doFilter(ObservationFilterChainDecorator.java:137)
	at org.springframework.security.web.authentication.AnonymousAuthenticationFilter.doFilter(AnonymousAuthenticationFilter.java:100)
	at org.springframework.security.web.ObservationFilterChainDecorator$ObservationFilter.wrapFilter(ObservationFilterChainDecorator.java:240)
	at org.springframework.security.web.ObservationFilterChainDecorator$ObservationFilter.doFilter(ObservationFilterChainDecorator.java:227)
	at org.springframework.security.web.ObservationFilterChainDecorator$VirtualFilterChain.doFilter(ObservationFilterChainDecorator.java:137)
	at org.springframework.security.web.servletapi.SecurityContextHolderAwareRequestFilter.doFilter(SecurityContextHolderAwareRequestFilter.java:179)
	at org.springframework.security.web.ObservationFilterChainDecorator$ObservationFilter.wrapFilter(ObservationFilterChainDecorator.java:240)
	at org.springframework.security.web.ObservationFilterChainDecorator$ObservationFilter.doFilter(ObservationFilterChainDecorator.java:227)
	at org.springframework.security.web.ObservationFilterChainDecorator$VirtualFilterChain.doFilter(ObservationFilterChainDecorator.java:137)
	at org.springframework.security.web.savedrequest.RequestCacheAwareFilter.doFilter(RequestCacheAwareFilter.java:63)
	at org.springframework.security.web.ObservationFilterChainDecorator$ObservationFilter.wrapFilter(ObservationFilterChainDecorator.java:240)
	at org.springframework.security.web.ObservationFilterChainDecorator$ObservationFilter.doFilter(ObservationFilterChainDecorator.java:227)
	at org.springframework.security.web.ObservationFilterChainDecorator$VirtualFilterChain.doFilter(ObservationFilterChainDecorator.java:137)
	at com.example.ClinicaDefinitiva.infrastructure.security.filter.JwtAuthenticationFilter.doFilterInternal(JwtAuthenticationFilter.java:40)
	at org.springframework.web.filter.OncePerRequestFilter.doFilter(OncePerRequestFilter.java:116)
	at org.springframework.security.web.ObservationFilterChainDecorator$ObservationFilter.wrapFilter(ObservationFilterChainDecorator.java:240)
	at org.springframework.security.web.ObservationFilterChainDecorator$ObservationFilter.doFilter(ObservationFilterChainDecorator.java:227)
	at org.springframework.security.web.ObservationFilterChainDecorator$VirtualFilterChain.doFilter(ObservationFilterChainDecorator.java:137)
	at org.springframework.security.web.authentication.logout.LogoutFilter.doFilter(LogoutFilter.java:107)
	at org.springframework.security.web.authentication.logout.LogoutFilter.doFilter(LogoutFilter.java:93)
	at org.springframework.security.web.ObservationFilterChainDecorator$ObservationFilter.wrapFilter(ObservationFilterChainDecorator.java:240)
	at org.springframework.security.web.ObservationFilterChainDecorator$ObservationFilter.doFilter(ObservationFilterChainDecorator.java:227)
	at org.springframework.security.web.ObservationFilterChainDecorator$VirtualFilterChain.doFilter(ObservationFilterChainDecorator.java:137)
	at org.springframework.security.web.header.HeaderWriterFilter.doHeadersAfter(HeaderWriterFilter.java:90)
	at org.springframework.security.web.header.HeaderWriterFilter.doFilterInternal(HeaderWriterFilter.java:75)
	at org.springframework.web.filter.OncePerRequestFilter.doFilter(OncePerRequestFilter.java:116)
	at org.springframework.security.web.ObservationFilterChainDecorator$ObservationFilter.wrapFilter(ObservationFilterChainDecorator.java:240)
	at org.springframework.security.web.ObservationFilterChainDecorator$ObservationFilter.doFilter(ObservationFilterChainDecorator.java:227)
	at org.springframework.security.web.ObservationFilterChainDecorator$VirtualFilterChain.doFilter(ObservationFilterChainDecorator.java:137)
	at org.springframework.security.web.context.SecurityContextHolderFilter.doFilter(SecurityContextHolderFilter.java:82)
	at org.springframework.security.web.context.SecurityContextHolderFilter.doFilter(SecurityContextHolderFilter.java:69)
	at org.springframework.security.web.ObservationFilterChainDecorator$ObservationFilter.wrapFilter(ObservationFilterChainDecorator.java:240)
	at org.springframework.security.web.ObservationFilterChainDecorator$ObservationFilter.doFilter(ObservationFilterChainDecorator.java:227)
	at org.springframework.security.web.ObservationFilterChainDecorator$VirtualFilterChain.doFilter(ObservationFilterChainDecorator.java:137)
	at org.springframework.security.web.context.request.async.WebAsyncManagerIntegrationFilter.doFilterInternal(WebAsyncManagerIntegrationFilter.java:62)
	at org.springframework.web.filter.OncePerRequestFilter.doFilter(OncePerRequestFilter.java:116)
	at org.springframework.security.web.ObservationFilterChainDecorator$ObservationFilter.wrapFilter(ObservationFilterChainDecorator.java:240)
	at org.springframework.security.web.ObservationFilterChainDecorator$ObservationFilter.doFilter(ObservationFilterChainDecorator.java:227)
	at org.springframework.security.web.ObservationFilterChainDecorator$VirtualFilterChain.doFilter(ObservationFilterChainDecorator.java:137)
	at org.springframework.security.web.session.DisableEncodeUrlFilter.doFilterInternal(DisableEncodeUrlFilter.java:42)
	at org.springframework.web.filter.OncePerRequestFilter.doFilter(OncePerRequestFilter.java:116)
	at org.springframework.security.web.ObservationFilterChainDecorator$ObservationFilter.wrapFilter(ObservationFilterChainDecorator.java:240)
	at org.springframework.security.web.ObservationFilterChainDecorator$AroundFilterObservation$SimpleAroundFilterObservation.lambda$wrap$0(ObservationFilterChainDecorator.java:323)
	at org.springframework.security.web.ObservationFilterChainDecorator$ObservationFilter.doFilter(ObservationFilterChainDecorator.java:224)
	at org.springframework.security.web.ObservationFilterChainDecorator$VirtualFilterChain.doFilter(ObservationFilterChainDecorator.java:137)
	at org.springframework.security.web.FilterChainProxy.doFilterInternal(FilterChainProxy.java:233)
	at org.springframework.security.web.FilterChainProxy.doFilter(FilterChainProxy.java:191)
	at org.springframework.web.filter.CompositeFilter$VirtualFilterChain.doFilter(CompositeFilter.java:113)
	at org.springframework.web.filter.ServletRequestPathFilter.doFilter(ServletRequestPathFilter.java:52)
	at org.springframework.web.filter.CompositeFilter$VirtualFilterChain.doFilter(CompositeFilter.java:113)
	at org.springframework.web.filter.CompositeFilter.doFilter(CompositeFilter.java:74)
	at org.springframework.security.config.annotation.web.configuration.WebSecurityConfiguration$CompositeFilterChainProxy.doFilter(WebSecurityConfiguration.java:319)
	at org.springframework.web.filter.CompositeFilter$VirtualFilterChain.doFilter(CompositeFilter.java:113)
	at org.springframework.web.servlet.handler.HandlerMappingIntrospector.lambda$createCacheFilter$3(HandlerMappingIntrospector.java:243)
	at org.springframework.web.filter.CompositeFilter$VirtualFilterChain.doFilter(CompositeFilter.java:113)
	at org.springframework.web.filter.CompositeFilter.doFilter(CompositeFilter.java:74)
	at org.springframework.security.config.annotation.web.configuration.WebMvcSecurityConfiguration$CompositeFilterChainProxy.doFilter(WebMvcSecurityConfiguration.java:240)
	at org.springframework.web.filter.DelegatingFilterProxy.invokeDelegate(DelegatingFilterProxy.java:362)
	at org.springframework.web.filter.DelegatingFilterProxy.doFilter(DelegatingFilterProxy.java:278)
	at org.apache.catalina.core.ApplicationFilterChain.internalDoFilter(ApplicationFilterChain.java:164)
	at org.apache.catalina.core.ApplicationFilterChain.doFilter(ApplicationFilterChain.java:140)
	at org.springframework.web.filter.RequestContextFilter.doFilterInternal(RequestContextFilter.java:100)
	at org.springframework.web.filter.OncePerRequestFilter.doFilter(OncePerRequestFilter.java:116)
	at org.apache.catalina.core.ApplicationFilterChain.internalDoFilter(ApplicationFilterChain.java:164)
	at org.apache.catalina.core.ApplicationFilterChain.doFilter(ApplicationFilterChain.java:140)
	at org.springframework.web.filter.FormContentFilter.doFilterInternal(FormContentFilter.java:93)
	at org.springframework.web.filter.OncePerRequestFilter.doFilter(OncePerRequestFilter.java:116)
	at org.apache.catalina.core.ApplicationFilterChain.internalDoFilter(ApplicationFilterChain.java:164)
	at org.apache.catalina.core.ApplicationFilterChain.doFilter(ApplicationFilterChain.java:140)
	at org.springframework.web.filter.ServerHttpObservationFilter.doFilterInternal(ServerHttpObservationFilter.java:114)
	at org.springframework.web.filter.OncePerRequestFilter.doFilter(OncePerRequestFilter.java:116)
	at org.apache.catalina.core.ApplicationFilterChain.internalDoFilter(ApplicationFilterChain.java:164)
	at org.apache.catalina.core.ApplicationFilterChain.doFilter(ApplicationFilterChain.java:140)
	at org.springframework.web.filter.CharacterEncodingFilter.doFilterInternal(CharacterEncodingFilter.java:201)
	at org.springframework.web.filter.OncePerRequestFilter.doFilter(OncePerRequestFilter.java:116)
	at org.apache.catalina.core.ApplicationFilterChain.internalDoFilter(ApplicationFilterChain.java:164)
	at org.apache.catalina.core.ApplicationFilterChain.doFilter(ApplicationFilterChain.java:140)
	at org.apache.catalina.core.StandardWrapperValve.invoke(StandardWrapperValve.java:167)
	at org.apache.catalina.core.StandardContextValve.invoke(StandardContextValve.java:90)
	at org.apache.catalina.authenticator.AuthenticatorBase.invoke(AuthenticatorBase.java:483)
	at org.apache.catalina.core.StandardHostValve.invoke(StandardHostValve.java:116)
	at org.apache.catalina.valves.ErrorReportValve.invoke(ErrorReportValve.java:93)
	at org.apache.catalina.core.StandardEngineValve.invoke(StandardEngineValve.java:74)
	at org.apache.catalina.connector.CoyoteAdapter.service(CoyoteAdapter.java:344)
	at org.apache.coyote.http11.Http11Processor.service(Http11Processor.java:398)
	at org.apache.coyote.AbstractProcessorLight.process(AbstractProcessorLight.java:63)
	at org.apache.coyote.AbstractProtocol$ConnectionHandler.process(AbstractProtocol.java:903)
	at org.apache.tomcat.util.net.NioEndpoint$SocketProcessor.doRun(NioEndpoint.java:1740)
	at org.apache.tomcat.util.net.SocketProcessorBase.run(SocketProcessorBase.java:52)
	at org.apache.tomcat.util.threads.ThreadPoolExecutor.runWorker(ThreadPoolExecutor.java:1189)
	at org.apache.tomcat.util.threads.ThreadPoolExecutor$Worker.run(ThreadPoolExecutor.java:658)
	at org.apache.tomcat.util.threads.TaskThread$WrappingRunnable.run(TaskThread.java:63)
	at java.base/java.lang.Thread.run(Thread.java:842)
2026-03-15 17:44:09 DEBUG [http-nio-8080-exec-4] o.s.security.web.FilterChainProxy - Securing POST /error
2026-03-15 17:44:09 TRACE [http-nio-8080-exec-4] o.s.s.w.a.logout.LogoutFilter - Did not match request to Or [Ant [pattern='/logout', GET], Ant [pattern='/logout', POST], Ant [pattern='/logout', PUT], Ant [pattern='/logout', DELETE]]
2026-03-15 17:44:09 TRACE [http-nio-8080-exec-4] o.s.s.w.a.AnonymousAuthenticationFilter - Set SecurityContextHolder to AnonymousAuthenticationToken [Principal=anonymousUser, Credentials=[PROTECTED], Authenticated=true, Details=WebAuthenticationDetails [RemoteIpAddress=0:0:0:0:0:0:0:1, SessionId=null], Granted Authorities=[ROLE_ANONYMOUS]]
2026-03-15 17:44:09 DEBUG [http-nio-8080-exec-4] o.s.s.w.a.Http403ForbiddenEntryPoint - Pre-authenticated entry point called. Rejecting access
2026-03-15 18:09:19 INFO  [background-preinit] o.h.validator.internal.util.Version - HV000001: Hibernate Validator 8.0.2.Final
2026-03-15 18:09:19 DEBUG [background-preinit] o.h.v.i.x.config.ValidationXmlParser - Trying to load META-INF/validation.xml for XML based Validator configuration.
2026-03-15 18:09:19 DEBUG [background-preinit] o.h.v.i.x.c.ResourceLoaderHelper - Trying to load META-INF/validation.xml via TCCL
2026-03-15 18:09:19 DEBUG [background-preinit] o.h.v.i.x.c.ResourceLoaderHelper - Trying to load META-INF/validation.xml via Hibernate Validator's class loader
2026-03-15 18:09:19 DEBUG [background-preinit] o.h.v.i.x.config.ValidationXmlParser - No META-INF/validation.xml found. Using annotation based configuration only.
2026-03-15 18:09:19 DEBUG [background-preinit] o.h.v.i.e.r.TraversableResolvers - Found jakarta.persistence.Persistence on classpath containing 'getPersistenceUtil'. Assuming JPA 2 environment. Trying to instantiate JPA aware TraversableResolver
2026-03-15 18:09:19 DEBUG [background-preinit] o.h.v.i.e.r.TraversableResolvers - Instantiated JPA aware TraversableResolver of type org.hibernate.validator.internal.engine.resolver.JPATraversableResolver.
2026-03-15 18:09:19 INFO  [main] c.e.C.ClinicaDefinitivaApplicationTests - Starting ClinicaDefinitivaApplicationTests using Java 17.0.10 with PID 5740 (started by David in C:\Users\David\OneDrive\Documents\proyectosJava\ClinicaDefinitiva)
2026-03-15 18:09:19 INFO  [main] c.e.C.ClinicaDefinitivaApplicationTests - The following 1 profile is active: "test"
2026-03-15 18:09:19 DEBUG [background-preinit] o.h.v.m.ResourceBundleMessageInterpolator - Loaded expression factory via original TCCL
2026-03-15 18:09:20 DEBUG [main] o.s.w.c.s.GenericWebApplicationContext - Refreshing org.springframework.web.context.support.GenericWebApplicationContext@3751acd7
2026-03-15 18:09:21 DEBUG [background-preinit] o.h.v.i.e.ValidatorFactoryConfigurationHelper - HV000252: Using org.hibernate.validator.internal.engine.DefaultPropertyNodeNameProvider as property node name provider.
2026-03-15 18:09:21 DEBUG [background-preinit] o.h.v.i.e.ValidatorFactoryConfigurationHelper - HV000234: Using org.hibernate.validator.messageinterpolation.ResourceBundleMessageInterpolator as ValidatorFactory-scoped message interpolator.
2026-03-15 18:09:21 DEBUG [background-preinit] o.h.v.i.e.ValidatorFactoryConfigurationHelper - HV000234: Using org.hibernate.validator.internal.engine.resolver.JPATraversableResolver as ValidatorFactory-scoped traversable resolver.
2026-03-15 18:09:21 DEBUG [background-preinit] o.h.v.i.e.ValidatorFactoryConfigurationHelper - HV000234: Using org.hibernate.validator.internal.util.ExecutableParameterNameProvider as ValidatorFactory-scoped parameter name provider.
2026-03-15 18:09:21 DEBUG [background-preinit] o.h.v.i.e.ValidatorFactoryConfigurationHelper - HV000234: Using org.hibernate.validator.internal.engine.DefaultClockProvider as ValidatorFactory-scoped clock provider.
2026-03-15 18:09:21 DEBUG [background-preinit] o.h.v.i.e.ValidatorFactoryConfigurationHelper - HV000234: Using org.hibernate.validator.internal.engine.scripting.DefaultScriptEvaluatorFactory as ValidatorFactory-scoped script evaluator factory.
2026-03-15 18:09:31 INFO  [main] o.s.d.r.c.RepositoryConfigurationDelegate - Bootstrapping Spring Data JPA repositories in DEFAULT mode.
2026-03-15 18:09:33 INFO  [main] o.s.d.r.c.RepositoryConfigurationDelegate - Finished Spring Data repository scanning in 1791 ms. Found 12 JPA repository interfaces.
2026-03-15 18:09:38 INFO  [main] o.h.jpa.internal.util.LogHelper - HHH000204: Processing PersistenceUnitInfo [name: default]
2026-03-15 18:09:39 INFO  [main] org.hibernate.Version - HHH000412: Hibernate ORM core version 6.6.15.Final
2026-03-15 18:09:40 INFO  [main] o.h.c.i.RegionFactoryInitiator - HHH000026: Second-level cache disabled
2026-03-15 18:09:42 INFO  [main] o.s.o.j.p.SpringPersistenceUnitInfo - No LoadTimeWeaver setup: ignoring JPA class transformer
2026-03-15 18:09:42 INFO  [main] com.zaxxer.hikari.HikariDataSource - HikariPool-1 - Starting...
2026-03-15 18:09:44 INFO  [main] com.zaxxer.hikari.pool.HikariPool - HikariPool-1 - Added connection conn0: url=jdbc:h2:mem:testdb user=SA
2026-03-15 18:09:44 INFO  [main] com.zaxxer.hikari.HikariDataSource - HikariPool-1 - Start completed.
2026-03-15 18:09:44 WARN  [main] org.hibernate.orm.deprecation - HHH90000025: H2Dialect does not need to be specified explicitly using 'hibernate.dialect' (remove the property setting and it will be selected by default)
2026-03-15 18:09:45 INFO  [main] o.hibernate.orm.connections.pooling - HHH10001005: Database info:
	Database JDBC URL [Connecting through datasource 'HikariDataSource (HikariPool-1)']
	Database driver: undefined/unknown
	Database version: 2.3.232
	Autocommit mode: undefined/unknown
	Isolation level: undefined/unknown
	Minimum pool size: undefined/unknown
	Maximum pool size: undefined/unknown
2026-03-15 18:09:48 DEBUG [main] o.h.v.i.x.config.ValidationXmlParser - Trying to load META-INF/validation.xml for XML based Validator configuration.
2026-03-15 18:09:48 DEBUG [main] o.h.v.i.x.c.ResourceLoaderHelper - Trying to load META-INF/validation.xml via TCCL
2026-03-15 18:09:48 DEBUG [main] o.h.v.i.x.c.ResourceLoaderHelper - Trying to load META-INF/validation.xml via Hibernate Validator's class loader
2026-03-15 18:09:48 DEBUG [main] o.h.v.i.x.config.ValidationXmlParser - No META-INF/validation.xml found. Using annotation based configuration only.
2026-03-15 18:09:48 DEBUG [main] o.h.v.i.e.r.TraversableResolvers - Found jakarta.persistence.Persistence on classpath containing 'getPersistenceUtil'. Assuming JPA 2 environment. Trying to instantiate JPA aware TraversableResolver
2026-03-15 18:09:48 DEBUG [main] o.h.v.i.e.r.TraversableResolvers - Instantiated JPA aware TraversableResolver of type org.hibernate.validator.internal.engine.resolver.JPATraversableResolver.
2026-03-15 18:09:48 DEBUG [main] o.h.v.m.ResourceBundleMessageInterpolator - Loaded expression factory via original TCCL
2026-03-15 18:09:48 DEBUG [main] o.h.v.i.e.ValidatorFactoryConfigurationHelper - HV000252: Using org.hibernate.validator.internal.engine.DefaultPropertyNodeNameProvider as property node name provider.
2026-03-15 18:09:48 DEBUG [main] o.h.v.i.e.ValidatorFactoryConfigurationHelper - HV000234: Using org.hibernate.validator.messageinterpolation.ResourceBundleMessageInterpolator as ValidatorFactory-scoped message interpolator.
2026-03-15 18:09:48 DEBUG [main] o.h.v.i.e.ValidatorFactoryConfigurationHelper - HV000234: Using org.hibernate.validator.internal.engine.resolver.JPATraversableResolver as ValidatorFactory-scoped traversable resolver.
2026-03-15 18:09:48 DEBUG [main] o.h.v.i.e.ValidatorFactoryConfigurationHelper - HV000234: Using org.hibernate.validator.internal.util.ExecutableParameterNameProvider as ValidatorFactory-scoped parameter name provider.
2026-03-15 18:09:48 DEBUG [main] o.h.v.i.e.ValidatorFactoryConfigurationHelper - HV000234: Using org.hibernate.validator.internal.engine.DefaultClockProvider as ValidatorFactory-scoped clock provider.
2026-03-15 18:09:48 DEBUG [main] o.h.v.i.e.ValidatorFactoryConfigurationHelper - HV000234: Using org.hibernate.validator.internal.engine.scripting.DefaultScriptEvaluatorFactory as ValidatorFactory-scoped script evaluator factory.
2026-03-15 18:09:56 INFO  [main] o.h.e.t.j.p.i.JtaPlatformInitiator - HHH000489: No JTA platform available (set 'hibernate.transaction.jta.platform' to enable JTA platform integration)
2026-03-15 18:09:57 INFO  [main] o.s.o.j.LocalContainerEntityManagerFactoryBean - Initialized JPA EntityManagerFactory for persistence unit 'default'
2026-03-15 18:10:01 INFO  [main] o.s.d.j.r.query.QueryEnhancerFactory - Hibernate is in classpath; If applicable, HQL parser will be used.
2026-03-15 18:10:09 INFO  [main] o.s.s.c.a.a.c.InitializeAuthenticationProviderBeanManagerConfigurer$InitializeAuthenticationProviderManagerConfigurer - Global AuthenticationManager configured with AuthenticationProvider bean with name authenticationProvider
2026-03-15 18:10:09 WARN  [main] o.s.s.c.a.a.c.InitializeUserDetailsBeanManagerConfigurer$InitializeUserDetailsManagerConfigurer - Global AuthenticationManager configured with an AuthenticationProvider bean. UserDetailsService beans will not be used by Spring Security for automatically configuring username/password login. Consider removing the AuthenticationProvider bean. Alternatively, consider using the UserDetailsService in a manually instantiated DaoAuthenticationProvider. If the current configuration is intentional, to turn off this warning, increase the logging level of 'org.springframework.security.config.annotation.authentication.configuration.InitializeUserDetailsBeanManagerConfigurer' to ERROR
2026-03-15 18:10:10 WARN  [main] o.s.b.a.o.j.JpaBaseConfiguration$JpaWebConfiguration - spring.jpa.open-in-view is enabled by default. Therefore, database queries may be performed during view rendering. Explicitly configure spring.jpa.open-in-view to disable this warning
2026-03-15 18:10:11 DEBUG [main] o.s.w.s.m.m.a.RequestMappingHandlerMapping - 103 mappings in 'requestMappingHandlerMapping'
2026-03-15 18:10:11 DEBUG [main] o.s.w.s.h.SimpleUrlHandlerMapping - Patterns [/webjars/**, /**] in 'resourceHandlerMapping'
2026-03-15 18:10:13 INFO  [main] o.s.b.a.e.web.EndpointLinksResolver - Exposing 1 endpoint beneath base path '/actuator'
2026-03-15 18:10:14 DEBUG [main] o.s.s.web.DefaultSecurityFilterChain - Will secure any request with filters: DisableEncodeUrlFilter, WebAsyncManagerIntegrationFilter, SecurityContextHolderFilter, HeaderWriterFilter, LogoutFilter, JwtAuthenticationFilter, RequestCacheAwareFilter, SecurityContextHolderAwareRequestFilter, AnonymousAuthenticationFilter, SessionManagementFilter, ExceptionTranslationFilter, AuthorizationFilter
2026-03-15 18:10:14 DEBUG [main] o.h.v.m.ResourceBundleMessageInterpolator - Loaded expression factory via original TCCL
2026-03-15 18:10:14 DEBUG [main] o.h.v.i.e.AbstractConfigurationImpl - Setting custom MessageInterpolator of type org.springframework.validation.beanvalidation.LocaleContextMessageInterpolator
2026-03-15 18:10:14 DEBUG [main] o.h.v.i.e.AbstractConfigurationImpl - Setting custom ConstraintValidatorFactory of type org.springframework.validation.beanvalidation.SpringConstraintValidatorFactory
2026-03-15 18:10:14 DEBUG [main] o.h.v.i.x.config.ValidationXmlParser - Trying to load META-INF/validation.xml for XML based Validator configuration.
2026-03-15 18:10:14 DEBUG [main] o.h.v.i.x.c.ResourceLoaderHelper - Trying to load META-INF/validation.xml via user class loader
2026-03-15 18:10:14 DEBUG [main] o.h.v.i.x.c.ResourceLoaderHelper - Trying to load META-INF/validation.xml via TCCL
2026-03-15 18:10:14 DEBUG [main] o.h.v.i.x.c.ResourceLoaderHelper - Trying to load META-INF/validation.xml via Hibernate Validator's class loader
2026-03-15 18:10:14 DEBUG [main] o.h.v.i.x.config.ValidationXmlParser - No META-INF/validation.xml found. Using annotation based configuration only.
2026-03-15 18:10:14 DEBUG [main] o.h.v.i.e.r.TraversableResolvers - Found jakarta.persistence.Persistence on classpath containing 'getPersistenceUtil'. Assuming JPA 2 environment. Trying to instantiate JPA aware TraversableResolver
2026-03-15 18:10:14 DEBUG [main] o.h.v.i.e.r.TraversableResolvers - Instantiated JPA aware TraversableResolver of type org.hibernate.validator.internal.engine.resolver.JPATraversableResolver.
2026-03-15 18:10:14 DEBUG [main] o.h.v.i.e.ValidatorFactoryConfigurationHelper - HV000252: Using org.hibernate.validator.internal.engine.DefaultPropertyNodeNameProvider as property node name provider.
2026-03-15 18:10:14 DEBUG [main] o.h.v.i.e.ValidatorFactoryConfigurationHelper - HV000234: Using org.springframework.validation.beanvalidation.LocaleContextMessageInterpolator as ValidatorFactory-scoped message interpolator.
2026-03-15 18:10:14 DEBUG [main] o.h.v.i.e.ValidatorFactoryConfigurationHelper - HV000234: Using org.hibernate.validator.internal.engine.resolver.JPATraversableResolver as ValidatorFactory-scoped traversable resolver.
2026-03-15 18:10:14 DEBUG [main] o.h.v.i.e.ValidatorFactoryConfigurationHelper - HV000234: Using org.hibernate.validator.internal.util.ExecutableParameterNameProvider as ValidatorFactory-scoped parameter name provider.
2026-03-15 18:10:14 DEBUG [main] o.h.v.i.e.ValidatorFactoryConfigurationHelper - HV000234: Using org.hibernate.validator.internal.engine.DefaultClockProvider as ValidatorFactory-scoped clock provider.
2026-03-15 18:10:14 DEBUG [main] o.h.v.i.e.ValidatorFactoryConfigurationHelper - HV000234: Using org.hibernate.validator.internal.engine.scripting.DefaultScriptEvaluatorFactory as ValidatorFactory-scoped script evaluator factory.
2026-03-15 18:10:15 DEBUG [main] o.s.w.s.m.m.a.RequestMappingHandlerAdapter - ControllerAdvice beans: 0 @ModelAttribute, 0 @InitBinder, 1 RequestBodyAdvice, 1 ResponseBodyAdvice
2026-03-15 18:10:15 DEBUG [main] o.s.w.s.m.m.a.ExceptionHandlerExceptionResolver - ControllerAdvice beans: 0 @ExceptionHandler, 1 ResponseBodyAdvice
2026-03-15 18:10:17 INFO  [main] c.e.C.ClinicaDefinitivaApplicationTests - Started ClinicaDefinitivaApplicationTests in 61.459 seconds (process running for 71.654)
2026-03-15 18:10:19 DEBUG [SpringApplicationShutdownHook] o.s.w.c.s.GenericWebApplicationContext - Closing org.springframework.web.context.support.GenericWebApplicationContext@3751acd7, started on Sun Mar 15 18:09:20 COT 2026
2026-03-15 18:10:21 INFO  [SpringApplicationShutdownHook] o.s.o.j.LocalContainerEntityManagerFactoryBean - Closing JPA EntityManagerFactory for persistence unit 'default'
2026-03-15 18:10:21 INFO  [SpringApplicationShutdownHook] com.zaxxer.hikari.HikariDataSource - HikariPool-1 - Shutdown initiated...
2026-03-15 18:10:21 INFO  [SpringApplicationShutdownHook] com.zaxxer.hikari.HikariDataSource - HikariPool-1 - Shutdown completed.
2026-03-15 18:12:30 INFO  [background-preinit] o.h.validator.internal.util.Version - HV000001: Hibernate Validator 8.0.2.Final
2026-03-15 18:12:30 DEBUG [background-preinit] o.h.v.i.x.config.ValidationXmlParser - Trying to load META-INF/validation.xml for XML based Validator configuration.
2026-03-15 18:12:30 DEBUG [background-preinit] o.h.v.i.x.c.ResourceLoaderHelper - Trying to load META-INF/validation.xml via TCCL
2026-03-15 18:12:30 DEBUG [background-preinit] o.h.v.i.x.c.ResourceLoaderHelper - Trying to load META-INF/validation.xml via Hibernate Validator's class loader
2026-03-15 18:12:30 DEBUG [background-preinit] o.h.v.i.x.config.ValidationXmlParser - No META-INF/validation.xml found. Using annotation based configuration only.
2026-03-15 18:12:30 DEBUG [background-preinit] o.h.v.i.e.r.TraversableResolvers - Found jakarta.persistence.Persistence on classpath containing 'getPersistenceUtil'. Assuming JPA 2 environment. Trying to instantiate JPA aware TraversableResolver
2026-03-15 18:12:30 DEBUG [background-preinit] o.h.v.i.e.r.TraversableResolvers - Instantiated JPA aware TraversableResolver of type org.hibernate.validator.internal.engine.resolver.JPATraversableResolver.
2026-03-15 18:12:30 INFO  [main] c.e.C.ClinicaDefinitivaApplicationTests - Starting ClinicaDefinitivaApplicationTests using Java 17.0.10 with PID 24948 (started by David in C:\Users\David\OneDrive\Documents\proyectosJava\ClinicaDefinitiva)
2026-03-15 18:12:31 INFO  [main] c.e.C.ClinicaDefinitivaApplicationTests - The following 1 profile is active: "test"
2026-03-15 18:12:31 DEBUG [background-preinit] o.h.v.m.ResourceBundleMessageInterpolator - Loaded expression factory via original TCCL
2026-03-15 18:12:31 DEBUG [main] o.s.w.c.s.GenericWebApplicationContext - Refreshing org.springframework.web.context.support.GenericWebApplicationContext@3751acd7
2026-03-15 18:12:32 DEBUG [background-preinit] o.h.v.i.e.ValidatorFactoryConfigurationHelper - HV000252: Using org.hibernate.validator.internal.engine.DefaultPropertyNodeNameProvider as property node name provider.
2026-03-15 18:12:32 DEBUG [background-preinit] o.h.v.i.e.ValidatorFactoryConfigurationHelper - HV000234: Using org.hibernate.validator.messageinterpolation.ResourceBundleMessageInterpolator as ValidatorFactory-scoped message interpolator.
2026-03-15 18:12:32 DEBUG [background-preinit] o.h.v.i.e.ValidatorFactoryConfigurationHelper - HV000234: Using org.hibernate.validator.internal.engine.resolver.JPATraversableResolver as ValidatorFactory-scoped traversable resolver.
2026-03-15 18:12:32 DEBUG [background-preinit] o.h.v.i.e.ValidatorFactoryConfigurationHelper - HV000234: Using org.hibernate.validator.internal.util.ExecutableParameterNameProvider as ValidatorFactory-scoped parameter name provider.
2026-03-15 18:12:32 DEBUG [background-preinit] o.h.v.i.e.ValidatorFactoryConfigurationHelper - HV000234: Using org.hibernate.validator.internal.engine.DefaultClockProvider as ValidatorFactory-scoped clock provider.
2026-03-15 18:12:32 DEBUG [background-preinit] o.h.v.i.e.ValidatorFactoryConfigurationHelper - HV000234: Using org.hibernate.validator.internal.engine.scripting.DefaultScriptEvaluatorFactory as ValidatorFactory-scoped script evaluator factory.
2026-03-15 18:12:43 INFO  [main] o.s.d.r.c.RepositoryConfigurationDelegate - Bootstrapping Spring Data JPA repositories in DEFAULT mode.
2026-03-15 18:12:45 INFO  [main] o.s.d.r.c.RepositoryConfigurationDelegate - Finished Spring Data repository scanning in 2295 ms. Found 12 JPA repository interfaces.
2026-03-15 18:12:53 INFO  [main] o.h.jpa.internal.util.LogHelper - HHH000204: Processing PersistenceUnitInfo [name: default]
2026-03-15 18:12:53 INFO  [main] org.hibernate.Version - HHH000412: Hibernate ORM core version 6.6.15.Final
2026-03-15 18:12:54 INFO  [main] o.h.c.i.RegionFactoryInitiator - HHH000026: Second-level cache disabled
2026-03-15 18:12:57 INFO  [main] o.s.o.j.p.SpringPersistenceUnitInfo - No LoadTimeWeaver setup: ignoring JPA class transformer
2026-03-15 18:12:58 INFO  [main] com.zaxxer.hikari.HikariDataSource - HikariPool-1 - Starting...
2026-03-15 18:12:59 INFO  [main] com.zaxxer.hikari.pool.HikariPool - HikariPool-1 - Added connection conn0: url=jdbc:h2:mem:testdb user=SA
2026-03-15 18:12:59 INFO  [main] com.zaxxer.hikari.HikariDataSource - HikariPool-1 - Start completed.
2026-03-15 18:13:00 WARN  [main] org.hibernate.orm.deprecation - HHH90000025: H2Dialect does not need to be specified explicitly using 'hibernate.dialect' (remove the property setting and it will be selected by default)
2026-03-15 18:13:00 INFO  [main] o.hibernate.orm.connections.pooling - HHH10001005: Database info:
	Database JDBC URL [Connecting through datasource 'HikariDataSource (HikariPool-1)']
	Database driver: undefined/unknown
	Database version: 2.3.232
	Autocommit mode: undefined/unknown
	Isolation level: undefined/unknown
	Minimum pool size: undefined/unknown
	Maximum pool size: undefined/unknown
2026-03-15 18:13:04 DEBUG [main] o.h.v.i.x.config.ValidationXmlParser - Trying to load META-INF/validation.xml for XML based Validator configuration.
2026-03-15 18:13:04 DEBUG [main] o.h.v.i.x.c.ResourceLoaderHelper - Trying to load META-INF/validation.xml via TCCL
2026-03-15 18:13:04 DEBUG [main] o.h.v.i.x.c.ResourceLoaderHelper - Trying to load META-INF/validation.xml via Hibernate Validator's class loader
2026-03-15 18:13:04 DEBUG [main] o.h.v.i.x.config.ValidationXmlParser - No META-INF/validation.xml found. Using annotation based configuration only.
2026-03-15 18:13:04 DEBUG [main] o.h.v.i.e.r.TraversableResolvers - Found jakarta.persistence.Persistence on classpath containing 'getPersistenceUtil'. Assuming JPA 2 environment. Trying to instantiate JPA aware TraversableResolver
2026-03-15 18:13:04 DEBUG [main] o.h.v.i.e.r.TraversableResolvers - Instantiated JPA aware TraversableResolver of type org.hibernate.validator.internal.engine.resolver.JPATraversableResolver.
2026-03-15 18:13:04 DEBUG [main] o.h.v.m.ResourceBundleMessageInterpolator - Loaded expression factory via original TCCL
2026-03-15 18:13:04 DEBUG [main] o.h.v.i.e.ValidatorFactoryConfigurationHelper - HV000252: Using org.hibernate.validator.internal.engine.DefaultPropertyNodeNameProvider as property node name provider.
2026-03-15 18:13:04 DEBUG [main] o.h.v.i.e.ValidatorFactoryConfigurationHelper - HV000234: Using org.hibernate.validator.messageinterpolation.ResourceBundleMessageInterpolator as ValidatorFactory-scoped message interpolator.
2026-03-15 18:13:04 DEBUG [main] o.h.v.i.e.ValidatorFactoryConfigurationHelper - HV000234: Using org.hibernate.validator.internal.engine.resolver.JPATraversableResolver as ValidatorFactory-scoped traversable resolver.
2026-03-15 18:13:04 DEBUG [main] o.h.v.i.e.ValidatorFactoryConfigurationHelper - HV000234: Using org.hibernate.validator.internal.util.ExecutableParameterNameProvider as ValidatorFactory-scoped parameter name provider.
2026-03-15 18:13:04 DEBUG [main] o.h.v.i.e.ValidatorFactoryConfigurationHelper - HV000234: Using org.hibernate.validator.internal.engine.DefaultClockProvider as ValidatorFactory-scoped clock provider.
2026-03-15 18:13:04 DEBUG [main] o.h.v.i.e.ValidatorFactoryConfigurationHelper - HV000234: Using org.hibernate.validator.internal.engine.scripting.DefaultScriptEvaluatorFactory as ValidatorFactory-scoped script evaluator factory.
2026-03-15 18:13:11 INFO  [main] o.h.e.t.j.p.i.JtaPlatformInitiator - HHH000489: No JTA platform available (set 'hibernate.transaction.jta.platform' to enable JTA platform integration)
2026-03-15 18:13:11 INFO  [main] o.s.o.j.LocalContainerEntityManagerFactoryBean - Initialized JPA EntityManagerFactory for persistence unit 'default'
2026-03-15 18:13:14 INFO  [main] o.s.d.j.r.query.QueryEnhancerFactory - Hibernate is in classpath; If applicable, HQL parser will be used.
2026-03-15 18:13:22 INFO  [main] o.s.s.c.a.a.c.InitializeAuthenticationProviderBeanManagerConfigurer$InitializeAuthenticationProviderManagerConfigurer - Global AuthenticationManager configured with AuthenticationProvider bean with name authenticationProvider
2026-03-15 18:13:22 WARN  [main] o.s.s.c.a.a.c.InitializeUserDetailsBeanManagerConfigurer$InitializeUserDetailsManagerConfigurer - Global AuthenticationManager configured with an AuthenticationProvider bean. UserDetailsService beans will not be used by Spring Security for automatically configuring username/password login. Consider removing the AuthenticationProvider bean. Alternatively, consider using the UserDetailsService in a manually instantiated DaoAuthenticationProvider. If the current configuration is intentional, to turn off this warning, increase the logging level of 'org.springframework.security.config.annotation.authentication.configuration.InitializeUserDetailsBeanManagerConfigurer' to ERROR
2026-03-15 18:13:23 WARN  [main] o.s.b.a.o.j.JpaBaseConfiguration$JpaWebConfiguration - spring.jpa.open-in-view is enabled by default. Therefore, database queries may be performed during view rendering. Explicitly configure spring.jpa.open-in-view to disable this warning
2026-03-15 18:13:23 DEBUG [main] o.s.w.s.m.m.a.RequestMappingHandlerMapping - 103 mappings in 'requestMappingHandlerMapping'
2026-03-15 18:13:24 DEBUG [main] o.s.w.s.h.SimpleUrlHandlerMapping - Patterns [/webjars/**, /**] in 'resourceHandlerMapping'
2026-03-15 18:13:24 INFO  [main] o.s.b.a.e.web.EndpointLinksResolver - Exposing 1 endpoint beneath base path '/actuator'
2026-03-15 18:13:25 DEBUG [main] o.s.s.web.DefaultSecurityFilterChain - Will secure any request with filters: DisableEncodeUrlFilter, WebAsyncManagerIntegrationFilter, SecurityContextHolderFilter, HeaderWriterFilter, LogoutFilter, JwtAuthenticationFilter, RequestCacheAwareFilter, SecurityContextHolderAwareRequestFilter, AnonymousAuthenticationFilter, SessionManagementFilter, ExceptionTranslationFilter, AuthorizationFilter
2026-03-15 18:13:26 DEBUG [main] o.h.v.m.ResourceBundleMessageInterpolator - Loaded expression factory via original TCCL
2026-03-15 18:13:26 DEBUG [main] o.h.v.i.e.AbstractConfigurationImpl - Setting custom MessageInterpolator of type org.springframework.validation.beanvalidation.LocaleContextMessageInterpolator
2026-03-15 18:13:26 DEBUG [main] o.h.v.i.e.AbstractConfigurationImpl - Setting custom ConstraintValidatorFactory of type org.springframework.validation.beanvalidation.SpringConstraintValidatorFactory
2026-03-15 18:13:26 DEBUG [main] o.h.v.i.x.config.ValidationXmlParser - Trying to load META-INF/validation.xml for XML based Validator configuration.
2026-03-15 18:13:26 DEBUG [main] o.h.v.i.x.c.ResourceLoaderHelper - Trying to load META-INF/validation.xml via user class loader
2026-03-15 18:13:26 DEBUG [main] o.h.v.i.x.c.ResourceLoaderHelper - Trying to load META-INF/validation.xml via TCCL
2026-03-15 18:13:26 DEBUG [main] o.h.v.i.x.c.ResourceLoaderHelper - Trying to load META-INF/validation.xml via Hibernate Validator's class loader
2026-03-15 18:13:26 DEBUG [main] o.h.v.i.x.config.ValidationXmlParser - No META-INF/validation.xml found. Using annotation based configuration only.
2026-03-15 18:13:26 DEBUG [main] o.h.v.i.e.r.TraversableResolvers - Found jakarta.persistence.Persistence on classpath containing 'getPersistenceUtil'. Assuming JPA 2 environment. Trying to instantiate JPA aware TraversableResolver
2026-03-15 18:13:26 DEBUG [main] o.h.v.i.e.r.TraversableResolvers - Instantiated JPA aware TraversableResolver of type org.hibernate.validator.internal.engine.resolver.JPATraversableResolver.
2026-03-15 18:13:26 DEBUG [main] o.h.v.i.e.ValidatorFactoryConfigurationHelper - HV000252: Using org.hibernate.validator.internal.engine.DefaultPropertyNodeNameProvider as property node name provider.
2026-03-15 18:13:26 DEBUG [main] o.h.v.i.e.ValidatorFactoryConfigurationHelper - HV000234: Using org.springframework.validation.beanvalidation.LocaleContextMessageInterpolator as ValidatorFactory-scoped message interpolator.
2026-03-15 18:13:26 DEBUG [main] o.h.v.i.e.ValidatorFactoryConfigurationHelper - HV000234: Using org.hibernate.validator.internal.engine.resolver.JPATraversableResolver as ValidatorFactory-scoped traversable resolver.
2026-03-15 18:13:26 DEBUG [main] o.h.v.i.e.ValidatorFactoryConfigurationHelper - HV000234: Using org.hibernate.validator.internal.util.ExecutableParameterNameProvider as ValidatorFactory-scoped parameter name provider.
2026-03-15 18:13:26 DEBUG [main] o.h.v.i.e.ValidatorFactoryConfigurationHelper - HV000234: Using org.hibernate.validator.internal.engine.DefaultClockProvider as ValidatorFactory-scoped clock provider.
2026-03-15 18:13:26 DEBUG [main] o.h.v.i.e.ValidatorFactoryConfigurationHelper - HV000234: Using org.hibernate.validator.internal.engine.scripting.DefaultScriptEvaluatorFactory as ValidatorFactory-scoped script evaluator factory.
2026-03-15 18:13:26 DEBUG [main] o.s.w.s.m.m.a.RequestMappingHandlerAdapter - ControllerAdvice beans: 0 @ModelAttribute, 0 @InitBinder, 1 RequestBodyAdvice, 1 ResponseBodyAdvice
2026-03-15 18:13:27 DEBUG [main] o.s.w.s.m.m.a.ExceptionHandlerExceptionResolver - ControllerAdvice beans: 0 @ExceptionHandler, 1 ResponseBodyAdvice
2026-03-15 18:13:28 INFO  [main] c.e.C.ClinicaDefinitivaApplicationTests - Started ClinicaDefinitivaApplicationTests in 61.54 seconds (process running for 73.242)
2026-03-15 18:13:31 DEBUG [SpringApplicationShutdownHook] o.s.w.c.s.GenericWebApplicationContext - Closing org.springframework.web.context.support.GenericWebApplicationContext@3751acd7, started on Sun Mar 15 18:12:31 COT 2026
2026-03-15 18:13:31 INFO  [SpringApplicationShutdownHook] o.s.o.j.LocalContainerEntityManagerFactoryBean - Closing JPA EntityManagerFactory for persistence unit 'default'
2026-03-15 18:13:31 INFO  [SpringApplicationShutdownHook] com.zaxxer.hikari.HikariDataSource - HikariPool-1 - Shutdown initiated...
2026-03-15 18:13:33 INFO  [SpringApplicationShutdownHook] com.zaxxer.hikari.HikariDataSource - HikariPool-1 - Shutdown completed.
2026-03-15 18:16:41 INFO  [background-preinit] o.h.validator.internal.util.Version - HV000001: Hibernate Validator 8.0.2.Final
2026-03-15 18:16:41 DEBUG [background-preinit] o.h.v.i.x.config.ValidationXmlParser - Trying to load META-INF/validation.xml for XML based Validator configuration.
2026-03-15 18:16:41 DEBUG [background-preinit] o.h.v.i.x.c.ResourceLoaderHelper - Trying to load META-INF/validation.xml via TCCL
2026-03-15 18:16:41 DEBUG [background-preinit] o.h.v.i.x.c.ResourceLoaderHelper - Trying to load META-INF/validation.xml via Hibernate Validator's class loader
2026-03-15 18:16:41 DEBUG [background-preinit] o.h.v.i.x.config.ValidationXmlParser - No META-INF/validation.xml found. Using annotation based configuration only.
2026-03-15 18:16:41 DEBUG [background-preinit] o.h.v.i.e.r.TraversableResolvers - Found jakarta.persistence.Persistence on classpath containing 'getPersistenceUtil'. Assuming JPA 2 environment. Trying to instantiate JPA aware TraversableResolver
2026-03-15 18:16:41 DEBUG [background-preinit] o.h.v.i.e.r.TraversableResolvers - Instantiated JPA aware TraversableResolver of type org.hibernate.validator.internal.engine.resolver.JPATraversableResolver.
2026-03-15 18:16:41 DEBUG [background-preinit] o.h.v.m.ResourceBundleMessageInterpolator - Loaded expression factory via original TCCL
2026-03-15 18:16:41 INFO  [main] c.e.C.ClinicaDefinitivaApplication - Starting ClinicaDefinitivaApplication using Java 17.0.10 with PID 13040 (C:\Users\David\OneDrive\Documents\proyectosJava\ClinicaDefinitiva\target\classes started by David in C:\Users\David\OneDrive\Documents\proyectosJava\ClinicaDefinitiva)
2026-03-15 18:16:41 INFO  [main] c.e.C.ClinicaDefinitivaApplication - No active profile set, falling back to 1 default profile: "default"
2026-03-15 18:16:41 DEBUG [background-preinit] o.h.v.i.e.ValidatorFactoryConfigurationHelper - HV000252: Using org.hibernate.validator.internal.engine.DefaultPropertyNodeNameProvider as property node name provider.
2026-03-15 18:16:41 DEBUG [background-preinit] o.h.v.i.e.ValidatorFactoryConfigurationHelper - HV000234: Using org.hibernate.validator.messageinterpolation.ResourceBundleMessageInterpolator as ValidatorFactory-scoped message interpolator.
2026-03-15 18:16:41 DEBUG [background-preinit] o.h.v.i.e.ValidatorFactoryConfigurationHelper - HV000234: Using org.hibernate.validator.internal.engine.resolver.JPATraversableResolver as ValidatorFactory-scoped traversable resolver.
2026-03-15 18:16:41 DEBUG [background-preinit] o.h.v.i.e.ValidatorFactoryConfigurationHelper - HV000234: Using org.hibernate.validator.internal.util.ExecutableParameterNameProvider as ValidatorFactory-scoped parameter name provider.
2026-03-15 18:16:41 DEBUG [background-preinit] o.h.v.i.e.ValidatorFactoryConfigurationHelper - HV000234: Using org.hibernate.validator.internal.engine.DefaultClockProvider as ValidatorFactory-scoped clock provider.
2026-03-15 18:16:41 DEBUG [background-preinit] o.h.v.i.e.ValidatorFactoryConfigurationHelper - HV000234: Using org.hibernate.validator.internal.engine.scripting.DefaultScriptEvaluatorFactory as ValidatorFactory-scoped script evaluator factory.
2026-03-15 18:16:46 INFO  [main] o.s.d.r.c.RepositoryConfigurationDelegate - Bootstrapping Spring Data JPA repositories in DEFAULT mode.
2026-03-15 18:16:47 INFO  [main] o.s.d.r.c.RepositoryConfigurationDelegate - Finished Spring Data repository scanning in 1101 ms. Found 12 JPA repository interfaces.
2026-03-15 18:16:50 INFO  [main] o.s.b.w.e.tomcat.TomcatWebServer - Tomcat initialized with port 8080 (http)
2026-03-15 18:16:50 INFO  [main] o.a.coyote.http11.Http11NioProtocol - Initializing ProtocolHandler ["http-nio-8080"]
2026-03-15 18:16:50 INFO  [main] o.a.catalina.core.StandardService - Starting service [Tomcat]
2026-03-15 18:16:50 INFO  [main] o.a.catalina.core.StandardEngine - Starting Servlet engine: [Apache Tomcat/10.1.41]
2026-03-15 18:16:51 INFO  [main] o.a.c.c.C.[Tomcat].[localhost].[/] - Initializing Spring embedded WebApplicationContext
2026-03-15 18:16:51 INFO  [main] o.s.b.w.s.c.ServletWebServerApplicationContext - Root WebApplicationContext: initialization completed in 9626 ms
2026-03-15 18:16:51 DEBUG [main] o.s.w.f.ServerHttpObservationFilter - Filter 'webMvcObservationFilter' configured for use
2026-03-15 18:16:52 INFO  [main] o.h.jpa.internal.util.LogHelper - HHH000204: Processing PersistenceUnitInfo [name: default]
2026-03-15 18:16:52 INFO  [main] org.hibernate.Version - HHH000412: Hibernate ORM core version 6.6.15.Final
2026-03-15 18:16:52 INFO  [main] o.h.c.i.RegionFactoryInitiator - HHH000026: Second-level cache disabled
2026-03-15 18:16:54 INFO  [main] o.s.o.j.p.SpringPersistenceUnitInfo - No LoadTimeWeaver setup: ignoring JPA class transformer
2026-03-15 18:16:54 INFO  [main] com.zaxxer.hikari.HikariDataSource - HikariPool-1 - Starting...
2026-03-15 18:16:54 INFO  [main] com.zaxxer.hikari.pool.HikariPool - HikariPool-1 - Added connection com.mysql.cj.jdbc.ConnectionImpl@70819ba8
2026-03-15 18:16:54 INFO  [main] com.zaxxer.hikari.HikariDataSource - HikariPool-1 - Start completed.
2026-03-15 18:16:54 WARN  [main] org.hibernate.dialect.Dialect - HHH000511: The 5.5.5 version for [org.hibernate.dialect.MySQLDialect] is no longer supported, hence certain features may not work properly. The minimum supported version is 8.0.0. Check the community dialects project for available legacy versions.
2026-03-15 18:16:54 WARN  [main] org.hibernate.orm.deprecation - HHH90000025: MySQLDialect does not need to be specified explicitly using 'hibernate.dialect' (remove the property setting and it will be selected by default)
2026-03-15 18:16:55 INFO  [main] o.hibernate.orm.connections.pooling - HHH10001005: Database info:
	Database JDBC URL [Connecting through datasource 'HikariDataSource (HikariPool-1)']
	Database driver: undefined/unknown
	Database version: 5.5.5
	Autocommit mode: undefined/unknown
	Isolation level: undefined/unknown
	Minimum pool size: undefined/unknown
	Maximum pool size: undefined/unknown
2026-03-15 18:16:56 DEBUG [main] o.h.v.i.x.config.ValidationXmlParser - Trying to load META-INF/validation.xml for XML based Validator configuration.
2026-03-15 18:16:56 DEBUG [main] o.h.v.i.x.c.ResourceLoaderHelper - Trying to load META-INF/validation.xml via TCCL
2026-03-15 18:16:56 DEBUG [main] o.h.v.i.x.c.ResourceLoaderHelper - Trying to load META-INF/validation.xml via Hibernate Validator's class loader
2026-03-15 18:16:56 DEBUG [main] o.h.v.i.x.config.ValidationXmlParser - No META-INF/validation.xml found. Using annotation based configuration only.
2026-03-15 18:16:56 DEBUG [main] o.h.v.i.e.r.TraversableResolvers - Found jakarta.persistence.Persistence on classpath containing 'getPersistenceUtil'. Assuming JPA 2 environment. Trying to instantiate JPA aware TraversableResolver
2026-03-15 18:16:56 DEBUG [main] o.h.v.i.e.r.TraversableResolvers - Instantiated JPA aware TraversableResolver of type org.hibernate.validator.internal.engine.resolver.JPATraversableResolver.
2026-03-15 18:16:56 DEBUG [main] o.h.v.m.ResourceBundleMessageInterpolator - Loaded expression factory via original TCCL
2026-03-15 18:16:56 DEBUG [main] o.h.v.i.e.ValidatorFactoryConfigurationHelper - HV000252: Using org.hibernate.validator.internal.engine.DefaultPropertyNodeNameProvider as property node name provider.
2026-03-15 18:16:56 DEBUG [main] o.h.v.i.e.ValidatorFactoryConfigurationHelper - HV000234: Using org.hibernate.validator.messageinterpolation.ResourceBundleMessageInterpolator as ValidatorFactory-scoped message interpolator.
2026-03-15 18:16:56 DEBUG [main] o.h.v.i.e.ValidatorFactoryConfigurationHelper - HV000234: Using org.hibernate.validator.internal.engine.resolver.JPATraversableResolver as ValidatorFactory-scoped traversable resolver.
2026-03-15 18:16:56 DEBUG [main] o.h.v.i.e.ValidatorFactoryConfigurationHelper - HV000234: Using org.hibernate.validator.internal.util.ExecutableParameterNameProvider as ValidatorFactory-scoped parameter name provider.
2026-03-15 18:16:56 DEBUG [main] o.h.v.i.e.ValidatorFactoryConfigurationHelper - HV000234: Using org.hibernate.validator.internal.engine.DefaultClockProvider as ValidatorFactory-scoped clock provider.
2026-03-15 18:16:56 DEBUG [main] o.h.v.i.e.ValidatorFactoryConfigurationHelper - HV000234: Using org.hibernate.validator.internal.engine.scripting.DefaultScriptEvaluatorFactory as ValidatorFactory-scoped script evaluator factory.
2026-03-15 18:17:00 INFO  [main] o.h.e.t.j.p.i.JtaPlatformInitiator - HHH000489: No JTA platform available (set 'hibernate.transaction.jta.platform' to enable JTA platform integration)
2026-03-15 18:17:01 INFO  [main] o.s.o.j.LocalContainerEntityManagerFactoryBean - Initialized JPA EntityManagerFactory for persistence unit 'default'
2026-03-15 18:17:03 INFO  [main] o.s.d.j.r.query.QueryEnhancerFactory - Hibernate is in classpath; If applicable, HQL parser will be used.
2026-03-15 18:17:08 INFO  [main] o.s.s.c.a.a.c.InitializeAuthenticationProviderBeanManagerConfigurer$InitializeAuthenticationProviderManagerConfigurer - Global AuthenticationManager configured with AuthenticationProvider bean with name authenticationProvider
2026-03-15 18:17:08 WARN  [main] o.s.s.c.a.a.c.InitializeUserDetailsBeanManagerConfigurer$InitializeUserDetailsManagerConfigurer - Global AuthenticationManager configured with an AuthenticationProvider bean. UserDetailsService beans will not be used by Spring Security for automatically configuring username/password login. Consider removing the AuthenticationProvider bean. Alternatively, consider using the UserDetailsService in a manually instantiated DaoAuthenticationProvider. If the current configuration is intentional, to turn off this warning, increase the logging level of 'org.springframework.security.config.annotation.authentication.configuration.InitializeUserDetailsBeanManagerConfigurer' to ERROR
2026-03-15 18:17:08 WARN  [main] o.s.b.a.o.j.JpaBaseConfiguration$JpaWebConfiguration - spring.jpa.open-in-view is enabled by default. Therefore, database queries may be performed during view rendering. Explicitly configure spring.jpa.open-in-view to disable this warning
2026-03-15 18:17:09 DEBUG [main] o.s.w.s.m.m.a.RequestMappingHandlerMapping - 103 mappings in 'requestMappingHandlerMapping'
2026-03-15 18:17:09 DEBUG [main] o.s.w.s.h.SimpleUrlHandlerMapping - Patterns [/webjars/**, /**] in 'resourceHandlerMapping'
2026-03-15 18:17:09 INFO  [main] o.s.b.a.e.web.EndpointLinksResolver - Exposing 1 endpoint beneath base path '/actuator'
2026-03-15 18:17:10 DEBUG [main] o.s.s.web.DefaultSecurityFilterChain - Will secure any request with filters: DisableEncodeUrlFilter, WebAsyncManagerIntegrationFilter, SecurityContextHolderFilter, HeaderWriterFilter, LogoutFilter, JwtAuthenticationFilter, RequestCacheAwareFilter, SecurityContextHolderAwareRequestFilter, AnonymousAuthenticationFilter, SessionManagementFilter, ExceptionTranslationFilter, AuthorizationFilter
2026-03-15 18:17:10 DEBUG [main] o.h.v.m.ResourceBundleMessageInterpolator - Loaded expression factory via original TCCL
2026-03-15 18:17:10 DEBUG [main] o.h.v.i.e.AbstractConfigurationImpl - Setting custom MessageInterpolator of type org.springframework.validation.beanvalidation.LocaleContextMessageInterpolator
2026-03-15 18:17:10 DEBUG [main] o.h.v.i.e.AbstractConfigurationImpl - Setting custom ConstraintValidatorFactory of type org.springframework.validation.beanvalidation.SpringConstraintValidatorFactory
2026-03-15 18:17:10 DEBUG [main] o.h.v.i.x.config.ValidationXmlParser - Trying to load META-INF/validation.xml for XML based Validator configuration.
2026-03-15 18:17:10 DEBUG [main] o.h.v.i.x.c.ResourceLoaderHelper - Trying to load META-INF/validation.xml via user class loader
2026-03-15 18:17:10 DEBUG [main] o.h.v.i.x.c.ResourceLoaderHelper - Trying to load META-INF/validation.xml via TCCL
2026-03-15 18:17:10 DEBUG [main] o.h.v.i.x.c.ResourceLoaderHelper - Trying to load META-INF/validation.xml via Hibernate Validator's class loader
2026-03-15 18:17:10 DEBUG [main] o.h.v.i.x.config.ValidationXmlParser - No META-INF/validation.xml found. Using annotation based configuration only.
2026-03-15 18:17:10 DEBUG [main] o.h.v.i.e.r.TraversableResolvers - Found jakarta.persistence.Persistence on classpath containing 'getPersistenceUtil'. Assuming JPA 2 environment. Trying to instantiate JPA aware TraversableResolver
2026-03-15 18:17:10 DEBUG [main] o.h.v.i.e.r.TraversableResolvers - Instantiated JPA aware TraversableResolver of type org.hibernate.validator.internal.engine.resolver.JPATraversableResolver.
2026-03-15 18:17:10 DEBUG [main] o.h.v.i.e.ValidatorFactoryConfigurationHelper - HV000252: Using org.hibernate.validator.internal.engine.DefaultPropertyNodeNameProvider as property node name provider.
2026-03-15 18:17:10 DEBUG [main] o.h.v.i.e.ValidatorFactoryConfigurationHelper - HV000234: Using org.springframework.validation.beanvalidation.LocaleContextMessageInterpolator as ValidatorFactory-scoped message interpolator.
2026-03-15 18:17:10 DEBUG [main] o.h.v.i.e.ValidatorFactoryConfigurationHelper - HV000234: Using org.hibernate.validator.internal.engine.resolver.JPATraversableResolver as ValidatorFactory-scoped traversable resolver.
2026-03-15 18:17:10 DEBUG [main] o.h.v.i.e.ValidatorFactoryConfigurationHelper - HV000234: Using org.hibernate.validator.internal.util.ExecutableParameterNameProvider as ValidatorFactory-scoped parameter name provider.
2026-03-15 18:17:10 DEBUG [main] o.h.v.i.e.ValidatorFactoryConfigurationHelper - HV000234: Using org.hibernate.validator.internal.engine.DefaultClockProvider as ValidatorFactory-scoped clock provider.
2026-03-15 18:17:10 DEBUG [main] o.h.v.i.e.ValidatorFactoryConfigurationHelper - HV000234: Using org.hibernate.validator.internal.engine.scripting.DefaultScriptEvaluatorFactory as ValidatorFactory-scoped script evaluator factory.
2026-03-15 18:17:10 DEBUG [main] o.s.w.s.m.m.a.RequestMappingHandlerAdapter - ControllerAdvice beans: 0 @ModelAttribute, 0 @InitBinder, 1 RequestBodyAdvice, 1 ResponseBodyAdvice
2026-03-15 18:17:11 DEBUG [main] o.s.w.s.m.m.a.ExceptionHandlerExceptionResolver - ControllerAdvice beans: 0 @ExceptionHandler, 1 ResponseBodyAdvice
2026-03-15 18:17:11 INFO  [main] o.a.coyote.http11.Http11NioProtocol - Starting ProtocolHandler ["http-nio-8080"]
2026-03-15 18:17:11 INFO  [main] o.s.b.w.e.tomcat.TomcatWebServer - Tomcat started on port 8080 (http) with context path '/'
2026-03-15 18:17:12 INFO  [main] c.e.C.ClinicaDefinitivaApplication - Started ClinicaDefinitivaApplication in 32.756 seconds (process running for 34.13)
2026-03-15 18:17:12 INFO  [main] c.e.C.ClinicaDefinitivaApplication - Logger funciona correctamente
2026-03-15 18:17:46 INFO  [http-nio-8080-exec-2] o.a.c.c.C.[Tomcat].[localhost].[/] - Initializing Spring DispatcherServlet 'dispatcherServlet'
2026-03-15 18:17:46 INFO  [http-nio-8080-exec-2] o.s.web.servlet.DispatcherServlet - Initializing Servlet 'dispatcherServlet'
2026-03-15 18:17:46 DEBUG [http-nio-8080-exec-2] o.s.web.servlet.DispatcherServlet - Detected StandardServletMultipartResolver
2026-03-15 18:17:46 DEBUG [http-nio-8080-exec-2] o.s.web.servlet.DispatcherServlet - Detected AcceptHeaderLocaleResolver
2026-03-15 18:17:46 DEBUG [http-nio-8080-exec-2] o.s.web.servlet.DispatcherServlet - Detected FixedThemeResolver
2026-03-15 18:17:46 DEBUG [http-nio-8080-exec-2] o.s.web.servlet.DispatcherServlet - Detected org.springframework.web.servlet.view.DefaultRequestToViewNameTranslator@45da0d4
2026-03-15 18:17:46 DEBUG [http-nio-8080-exec-2] o.s.web.servlet.DispatcherServlet - Detected org.springframework.web.servlet.support.SessionFlashMapManager@227d25d6
2026-03-15 18:17:46 DEBUG [http-nio-8080-exec-2] o.s.web.servlet.DispatcherServlet - enableLoggingRequestDetails='false': request parameters and headers will be masked to prevent unsafe logging of potentially sensitive data
2026-03-15 18:17:46 INFO  [http-nio-8080-exec-2] o.s.web.servlet.DispatcherServlet - Completed initialization in 7 ms
2026-03-15 18:17:46 DEBUG [http-nio-8080-exec-2] o.s.security.web.FilterChainProxy - Securing POST /api/v1/users/register
2026-03-15 18:17:46 TRACE [http-nio-8080-exec-2] o.s.s.w.a.logout.LogoutFilter - Did not match request to Or [Ant [pattern='/logout', GET], Ant [pattern='/logout', POST], Ant [pattern='/logout', PUT], Ant [pattern='/logout', DELETE]]
2026-03-15 18:17:47 TRACE [http-nio-8080-exec-2] o.s.s.w.a.AnonymousAuthenticationFilter - Did not set SecurityContextHolder since already authenticated UsernamePasswordAuthenticationToken [Principal=com.example.ClinicaDefinitiva.infrastructure.security.adapter.CustomUserDetails@169acfa3, Credentials=[PROTECTED], Authenticated=true, Details=null, Granted Authorities=[UPDATE_COMPANY, UPDATE_INVOICE, CREATE_ASSIGNMENT, UPDATE_GUARDIAN, CLONE_ROLE_ROLE, CANCEL_APPOINTMENT, UPDATE_JOURNAL_ENTRY, REVERSE_JOURNAL_ENTRY, CREATE_CONTRACT, DELETE_APPOINTMENT, RESCHEDULE_APPOINTMENT, SET_PERMISSIONS_ROLE, CREATE_PATIENT, READ_USER_IDENTITY, IS_CURRENTLY_ACTIVE_ASSIGNMENT, READ_RATE, ACTIVATE_ROLE_ROLE, DELETE_ROLE_ROLE, READ_APPOINTMENT, READ_DENTIST, CREATE_COMPANY, VIEW_ROLE_ROLE, SCHEDULE_APPOINTMENT, ROLE_RECEPTIONIST, DELETE_INVOICE, CREATE_CUSTOM_ROLE_ROLE, UPDATE_PAYMENT, CREATE_DENTIST, CHECK_PERMISSION_ROLE, READ_PATIENT, READ_ADMINISTRATIVE_REPORT, CREATE_APPOINTMENT, VIEW_ASSIGNMENT_ASSIGNMENT, READ_CONTRACT, DELETE_ADMINISTRATIVE_REPORT, DEACTIVATE_USER_IDENTITY, REVERSE_INVOICE, DEACTIVATE_ROLE_ROLE, APPROVE_INVOICE, READ_PROVIDED_SERVICE, REVOKE_ASSIGNMENT, READ_AVAILABILITY, READ_RECEPTIONIST, DELETE_RATE, UPDATE_PRIMARY_ASSIGNMENT, UPDATE_DENTIST, CREATE_USER_IDENTITY, DELETE_CONTRACT, DELETE_PAYMENT, DELETE_ASSIGNMENT, READ_COMPANY, UPDATE_ADMINISTRATIVE_REPORT, REMOVE_PERMISSION_ROLE, CREATE_PAYMENT, UPDATE_USER_IDENTITY, ADD_PERMISSION_ROLE, READ_GUARDIAN, UPDATE_CONTRACT, DELETE_COMPANY, IS_ACTIVE_AT_ASSIGNMENT, DELETE_DENTIST, READ_ASSIGNMENT, POST_INVOICE, REVOKE_ALL_ASSIGNMENT, CREATE_JOURNAL_ENTRY, CREATE_ADMINISTRATIVE_REPORT, UPDATE_ASSIGNMENT, READ_SHIFT, POST_JOURNAL_ENTRY, CREATE_GUARDIAN, ROLE_ADMINISTRATOR, CREATE_TEMPORARY_ASSIGNMENT, READ_PAYMENT, CREATE_RATE, EXTEND_ASSIGNMENT_ASSIGNMENT, READ_INVOICE, REACTIVATE_USER_IDENTITY, UPDATE_APPOINTMENT, UPDATE_RATE, DELETE_JOURNAL_ENTRY, CREATE_SHIFT, READ_JOURNAL_ENTRY, MARK_DELETED_ROLE_ROLE, CREATE_INVOICE, UPDATE_SHIFT, SUSPEND_ROLE_ROLE, UPDATE_PATIENT, UPDATE_PROVIDED_SERVICE, SUSPEND_USER_IDENTITY]]
2026-03-15 18:17:47 TRACE [http-nio-8080-exec-2] o.s.s.w.a.s.CompositeSessionAuthenticationStrategy - Preparing session with ChangeSessionIdAuthenticationStrategy (1/1)
2026-03-15 18:17:47 DEBUG [http-nio-8080-exec-2] o.s.security.web.FilterChainProxy - Secured POST /api/v1/users/register
2026-03-15 18:17:47 DEBUG [http-nio-8080-exec-2] o.s.web.servlet.DispatcherServlet - POST "/api/v1/users/register", parameters={}
2026-03-15 18:17:47 DEBUG [http-nio-8080-exec-2] o.s.w.s.m.m.a.RequestMappingHandlerMapping - Mapped to com.example.ClinicaDefinitiva.infrastructure.rest.controller.authentication.UserIdentityController#register(CreateUserIdentityRequest, CustomUserDetails)
2026-03-15 18:17:48 DEBUG [http-nio-8080-exec-2] o.s.w.s.m.m.a.RequestResponseBodyMethodProcessor - Read "application/json;charset=UTF-8" to [CreateUserIdentityRequest[email={{randomEmail}}, password=Test123!, name={{randomName}}]]
2026-03-15 18:17:48 DEBUG [http-nio-8080-exec-2] o.s.web.servlet.DispatcherServlet - Failed to complete request: java.lang.IllegalArgumentException: No enum constant com.example.ClinicaDefinitiva.domain.errors.catalog.VoError.EMAIL_INVALID
2026-03-15 18:17:48 ERROR [http-nio-8080-exec-2] o.a.c.c.C.[.[.[.[dispatcherServlet] - Servlet.service() for servlet [dispatcherServlet] in context with path [] threw exception [Request processing failed: java.lang.IllegalArgumentException: No enum constant com.example.ClinicaDefinitiva.domain.errors.catalog.VoError.EMAIL_INVALID] with root cause
java.lang.IllegalArgumentException: No enum constant com.example.ClinicaDefinitiva.domain.errors.catalog.VoError.EMAIL_INVALID
	at java.base/java.lang.Enum.valueOf(Enum.java:273)
	at com.example.ClinicaDefinitiva.domain.errors.catalog.VoError.valueOf(VoError.java:8)
	at com.example.ClinicaDefinitiva.domain.vo.Email.ofOrThrow(Email.java:136)
	at com.example.ClinicaDefinitiva.application.mapper.authentication.UserIdentityWriteMapper.toEmail(UserIdentityWriteMapper.java:18)
	at com.example.ClinicaDefinitiva.application.service.authentication.UserIdentityApplicationService.register(UserIdentityApplicationService.java:192)
	at java.base/jdk.internal.reflect.NativeMethodAccessorImpl.invoke0(Native Method)
	at java.base/jdk.internal.reflect.NativeMethodAccessorImpl.invoke(NativeMethodAccessorImpl.java:77)
	at java.base/jdk.internal.reflect.DelegatingMethodAccessorImpl.invoke(DelegatingMethodAccessorImpl.java:43)
	at java.base/java.lang.reflect.Method.invoke(Method.java:568)
	at org.springframework.aop.support.AopUtils.invokeJoinpointUsingReflection(AopUtils.java:359)
	at org.springframework.aop.framework.ReflectiveMethodInvocation.invokeJoinpoint(ReflectiveMethodInvocation.java:196)
	at org.springframework.aop.framework.ReflectiveMethodInvocation.proceed(ReflectiveMethodInvocation.java:163)
	at org.springframework.aop.aspectj.MethodInvocationProceedingJoinPoint.proceed(MethodInvocationProceedingJoinPoint.java:89)
	at com.example.ClinicaDefinitiva.infrastructure.security.config.AuthorizationAspect.checkPermission(AuthorizationAspect.java:76)
	at java.base/jdk.internal.reflect.NativeMethodAccessorImpl.invoke0(Native Method)
	at java.base/jdk.internal.reflect.NativeMethodAccessorImpl.invoke(NativeMethodAccessorImpl.java:77)
	at java.base/jdk.internal.reflect.DelegatingMethodAccessorImpl.invoke(DelegatingMethodAccessorImpl.java:43)
	at java.base/java.lang.reflect.Method.invoke(Method.java:568)
	at org.springframework.aop.aspectj.AbstractAspectJAdvice.invokeAdviceMethodWithGivenArgs(AbstractAspectJAdvice.java:642)
	at org.springframework.aop.aspectj.AbstractAspectJAdvice.invokeAdviceMethod(AbstractAspectJAdvice.java:632)
	at org.springframework.aop.aspectj.AspectJAroundAdvice.invoke(AspectJAroundAdvice.java:71)
	at org.springframework.aop.framework.ReflectiveMethodInvocation.proceed(ReflectiveMethodInvocation.java:173)
	at org.springframework.transaction.interceptor.TransactionAspectSupport.invokeWithinTransaction(TransactionAspectSupport.java:380)
	at org.springframework.transaction.interceptor.TransactionInterceptor.invoke(TransactionInterceptor.java:119)
	at org.springframework.aop.framework.ReflectiveMethodInvocation.proceed(ReflectiveMethodInvocation.java:184)
	at org.springframework.aop.interceptor.ExposeInvocationInterceptor.invoke(ExposeInvocationInterceptor.java:97)
	at org.springframework.aop.framework.ReflectiveMethodInvocation.proceed(ReflectiveMethodInvocation.java:184)
	at org.springframework.aop.framework.CglibAopProxy$DynamicAdvisedInterceptor.intercept(CglibAopProxy.java:728)
	at com.example.ClinicaDefinitiva.application.service.authentication.UserIdentityApplicationService$$SpringCGLIB$$0.register(<generated>)
	at com.example.ClinicaDefinitiva.infrastructure.rest.controller.authentication.UserIdentityController.register(UserIdentityController.java:144)
	at java.base/jdk.internal.reflect.NativeMethodAccessorImpl.invoke0(Native Method)
	at java.base/jdk.internal.reflect.NativeMethodAccessorImpl.invoke(NativeMethodAccessorImpl.java:77)
	at java.base/jdk.internal.reflect.DelegatingMethodAccessorImpl.invoke(DelegatingMethodAccessorImpl.java:43)
	at java.base/java.lang.reflect.Method.invoke(Method.java:568)
	at org.springframework.aop.support.AopUtils.invokeJoinpointUsingReflection(AopUtils.java:359)
	at org.springframework.aop.framework.ReflectiveMethodInvocation.invokeJoinpoint(ReflectiveMethodInvocation.java:196)
	at org.springframework.aop.framework.ReflectiveMethodInvocation.proceed(ReflectiveMethodInvocation.java:163)
	at org.springframework.validation.beanvalidation.MethodValidationInterceptor.invoke(MethodValidationInterceptor.java:174)
	at org.springframework.aop.framework.ReflectiveMethodInvocation.proceed(ReflectiveMethodInvocation.java:184)
	at org.springframework.aop.framework.CglibAopProxy$DynamicAdvisedInterceptor.intercept(CglibAopProxy.java:728)
	at com.example.ClinicaDefinitiva.infrastructure.rest.controller.authentication.UserIdentityController$$SpringCGLIB$$0.register(<generated>)
	at java.base/jdk.internal.reflect.NativeMethodAccessorImpl.invoke0(Native Method)
	at java.base/jdk.internal.reflect.NativeMethodAccessorImpl.invoke(NativeMethodAccessorImpl.java:77)
	at java.base/jdk.internal.reflect.DelegatingMethodAccessorImpl.invoke(DelegatingMethodAccessorImpl.java:43)
	at java.base/java.lang.reflect.Method.invoke(Method.java:568)
	at org.springframework.web.method.support.InvocableHandlerMethod.doInvoke(InvocableHandlerMethod.java:258)
	at org.springframework.web.method.support.InvocableHandlerMethod.invokeForRequest(InvocableHandlerMethod.java:191)
	at org.springframework.web.servlet.mvc.method.annotation.ServletInvocableHandlerMethod.invokeAndHandle(ServletInvocableHandlerMethod.java:118)
	at org.springframework.web.servlet.mvc.method.annotation.RequestMappingHandlerAdapter.invokeHandlerMethod(RequestMappingHandlerAdapter.java:986)
	at org.springframework.web.servlet.mvc.method.annotation.RequestMappingHandlerAdapter.handleInternal(RequestMappingHandlerAdapter.java:891)
	at org.springframework.web.servlet.mvc.method.AbstractHandlerMethodAdapter.handle(AbstractHandlerMethodAdapter.java:87)
	at org.springframework.web.servlet.DispatcherServlet.doDispatch(DispatcherServlet.java:1089)
	at org.springframework.web.servlet.DispatcherServlet.doService(DispatcherServlet.java:979)
	at org.springframework.web.servlet.FrameworkServlet.processRequest(FrameworkServlet.java:1014)
	at org.springframework.web.servlet.FrameworkServlet.doPost(FrameworkServlet.java:914)
	at jakarta.servlet.http.HttpServlet.service(HttpServlet.java:590)
	at org.springframework.web.servlet.FrameworkServlet.service(FrameworkServlet.java:885)
	at jakarta.servlet.http.HttpServlet.service(HttpServlet.java:658)
	at org.apache.catalina.core.ApplicationFilterChain.internalDoFilter(ApplicationFilterChain.java:195)
	at org.apache.catalina.core.ApplicationFilterChain.doFilter(ApplicationFilterChain.java:140)
	at org.apache.tomcat.websocket.server.WsFilter.doFilter(WsFilter.java:51)
	at org.apache.catalina.core.ApplicationFilterChain.internalDoFilter(ApplicationFilterChain.java:164)
	at org.apache.catalina.core.ApplicationFilterChain.doFilter(ApplicationFilterChain.java:140)
	at com.example.ClinicaDefinitiva.util.RequestIdFilter.doFilterInternal(RequestIdFilter.java:76)
	at org.springframework.web.filter.OncePerRequestFilter.doFilter(OncePerRequestFilter.java:116)
	at org.apache.catalina.core.ApplicationFilterChain.internalDoFilter(ApplicationFilterChain.java:164)
	at org.apache.catalina.core.ApplicationFilterChain.doFilter(ApplicationFilterChain.java:140)
	at org.springframework.web.filter.CompositeFilter$VirtualFilterChain.doFilter(CompositeFilter.java:108)
	at org.springframework.web.filter.CompositeFilter$VirtualFilterChain.doFilter(CompositeFilter.java:108)
	at org.springframework.security.web.FilterChainProxy.lambda$doFilterInternal$3(FilterChainProxy.java:231)
	at org.springframework.security.web.ObservationFilterChainDecorator$FilterObservation$SimpleFilterObservation.lambda$wrap$1(ObservationFilterChainDecorator.java:479)
	at org.springframework.security.web.ObservationFilterChainDecorator$AroundFilterObservation$SimpleAroundFilterObservation.lambda$wrap$1(ObservationFilterChainDecorator.java:340)
	at org.springframework.security.web.ObservationFilterChainDecorator.lambda$wrapSecured$0(ObservationFilterChainDecorator.java:82)
	at org.springframework.security.web.ObservationFilterChainDecorator$VirtualFilterChain.doFilter(ObservationFilterChainDecorator.java:128)
	at org.springframework.security.web.access.intercept.AuthorizationFilter.doFilter(AuthorizationFilter.java:101)
	at org.springframework.security.web.ObservationFilterChainDecorator$ObservationFilter.wrapFilter(ObservationFilterChainDecorator.java:240)
	at org.springframework.security.web.ObservationFilterChainDecorator$ObservationFilter.doFilter(ObservationFilterChainDecorator.java:227)
	at org.springframework.security.web.ObservationFilterChainDecorator$VirtualFilterChain.doFilter(ObservationFilterChainDecorator.java:137)
	at org.springframework.security.web.access.ExceptionTranslationFilter.doFilter(ExceptionTranslationFilter.java:125)
	at org.springframework.security.web.access.ExceptionTranslationFilter.doFilter(ExceptionTranslationFilter.java:119)
	at org.springframework.security.web.ObservationFilterChainDecorator$ObservationFilter.wrapFilter(ObservationFilterChainDecorator.java:240)
	at org.springframework.security.web.ObservationFilterChainDecorator$ObservationFilter.doFilter(ObservationFilterChainDecorator.java:227)
	at org.springframework.security.web.ObservationFilterChainDecorator$VirtualFilterChain.doFilter(ObservationFilterChainDecorator.java:137)
	at org.springframework.security.web.session.SessionManagementFilter.doFilter(SessionManagementFilter.java:131)
	at org.springframework.security.web.session.SessionManagementFilter.doFilter(SessionManagementFilter.java:85)
	at org.springframework.security.web.ObservationFilterChainDecorator$ObservationFilter.wrapFilter(ObservationFilterChainDecorator.java:240)
	at org.springframework.security.web.ObservationFilterChainDecorator$ObservationFilter.doFilter(ObservationFilterChainDecorator.java:227)
	at org.springframework.security.web.ObservationFilterChainDecorator$VirtualFilterChain.doFilter(ObservationFilterChainDecorator.java:137)
	at org.springframework.security.web.authentication.AnonymousAuthenticationFilter.doFilter(AnonymousAuthenticationFilter.java:100)
	at org.springframework.security.web.ObservationFilterChainDecorator$ObservationFilter.wrapFilter(ObservationFilterChainDecorator.java:240)
	at org.springframework.security.web.ObservationFilterChainDecorator$ObservationFilter.doFilter(ObservationFilterChainDecorator.java:227)
	at org.springframework.security.web.ObservationFilterChainDecorator$VirtualFilterChain.doFilter(ObservationFilterChainDecorator.java:137)
	at org.springframework.security.web.servletapi.SecurityContextHolderAwareRequestFilter.doFilter(SecurityContextHolderAwareRequestFilter.java:179)
	at org.springframework.security.web.ObservationFilterChainDecorator$ObservationFilter.wrapFilter(ObservationFilterChainDecorator.java:240)
	at org.springframework.security.web.ObservationFilterChainDecorator$ObservationFilter.doFilter(ObservationFilterChainDecorator.java:227)
	at org.springframework.security.web.ObservationFilterChainDecorator$VirtualFilterChain.doFilter(ObservationFilterChainDecorator.java:137)
	at org.springframework.security.web.savedrequest.RequestCacheAwareFilter.doFilter(RequestCacheAwareFilter.java:63)
	at org.springframework.security.web.ObservationFilterChainDecorator$ObservationFilter.wrapFilter(ObservationFilterChainDecorator.java:240)
	at org.springframework.security.web.ObservationFilterChainDecorator$ObservationFilter.doFilter(ObservationFilterChainDecorator.java:227)
	at org.springframework.security.web.ObservationFilterChainDecorator$VirtualFilterChain.doFilter(ObservationFilterChainDecorator.java:137)
	at com.example.ClinicaDefinitiva.infrastructure.security.filter.JwtAuthenticationFilter.doFilterInternal(JwtAuthenticationFilter.java:40)
	at org.springframework.web.filter.OncePerRequestFilter.doFilter(OncePerRequestFilter.java:116)
	at org.springframework.security.web.ObservationFilterChainDecorator$ObservationFilter.wrapFilter(ObservationFilterChainDecorator.java:240)
	at org.springframework.security.web.ObservationFilterChainDecorator$ObservationFilter.doFilter(ObservationFilterChainDecorator.java:227)
	at org.springframework.security.web.ObservationFilterChainDecorator$VirtualFilterChain.doFilter(ObservationFilterChainDecorator.java:137)
	at org.springframework.security.web.authentication.logout.LogoutFilter.doFilter(LogoutFilter.java:107)
	at org.springframework.security.web.authentication.logout.LogoutFilter.doFilter(LogoutFilter.java:93)
	at org.springframework.security.web.ObservationFilterChainDecorator$ObservationFilter.wrapFilter(ObservationFilterChainDecorator.java:240)
	at org.springframework.security.web.ObservationFilterChainDecorator$ObservationFilter.doFilter(ObservationFilterChainDecorator.java:227)
	at org.springframework.security.web.ObservationFilterChainDecorator$VirtualFilterChain.doFilter(ObservationFilterChainDecorator.java:137)
	at org.springframework.security.web.header.HeaderWriterFilter.doHeadersAfter(HeaderWriterFilter.java:90)
	at org.springframework.security.web.header.HeaderWriterFilter.doFilterInternal(HeaderWriterFilter.java:75)
	at org.springframework.web.filter.OncePerRequestFilter.doFilter(OncePerRequestFilter.java:116)
	at org.springframework.security.web.ObservationFilterChainDecorator$ObservationFilter.wrapFilter(ObservationFilterChainDecorator.java:240)
	at org.springframework.security.web.ObservationFilterChainDecorator$ObservationFilter.doFilter(ObservationFilterChainDecorator.java:227)
	at org.springframework.security.web.ObservationFilterChainDecorator$VirtualFilterChain.doFilter(ObservationFilterChainDecorator.java:137)
	at org.springframework.security.web.context.SecurityContextHolderFilter.doFilter(SecurityContextHolderFilter.java:82)
	at org.springframework.security.web.context.SecurityContextHolderFilter.doFilter(SecurityContextHolderFilter.java:69)
	at org.springframework.security.web.ObservationFilterChainDecorator$ObservationFilter.wrapFilter(ObservationFilterChainDecorator.java:240)
	at org.springframework.security.web.ObservationFilterChainDecorator$ObservationFilter.doFilter(ObservationFilterChainDecorator.java:227)
	at org.springframework.security.web.ObservationFilterChainDecorator$VirtualFilterChain.doFilter(ObservationFilterChainDecorator.java:137)
	at org.springframework.security.web.context.request.async.WebAsyncManagerIntegrationFilter.doFilterInternal(WebAsyncManagerIntegrationFilter.java:62)
	at org.springframework.web.filter.OncePerRequestFilter.doFilter(OncePerRequestFilter.java:116)
	at org.springframework.security.web.ObservationFilterChainDecorator$ObservationFilter.wrapFilter(ObservationFilterChainDecorator.java:240)
	at org.springframework.security.web.ObservationFilterChainDecorator$ObservationFilter.doFilter(ObservationFilterChainDecorator.java:227)
	at org.springframework.security.web.ObservationFilterChainDecorator$VirtualFilterChain.doFilter(ObservationFilterChainDecorator.java:137)
	at org.springframework.security.web.session.DisableEncodeUrlFilter.doFilterInternal(DisableEncodeUrlFilter.java:42)
	at org.springframework.web.filter.OncePerRequestFilter.doFilter(OncePerRequestFilter.java:116)
	at org.springframework.security.web.ObservationFilterChainDecorator$ObservationFilter.wrapFilter(ObservationFilterChainDecorator.java:240)
	at org.springframework.security.web.ObservationFilterChainDecorator$AroundFilterObservation$SimpleAroundFilterObservation.lambda$wrap$0(ObservationFilterChainDecorator.java:323)
	at org.springframework.security.web.ObservationFilterChainDecorator$ObservationFilter.doFilter(ObservationFilterChainDecorator.java:224)
	at org.springframework.security.web.ObservationFilterChainDecorator$VirtualFilterChain.doFilter(ObservationFilterChainDecorator.java:137)
	at org.springframework.security.web.FilterChainProxy.doFilterInternal(FilterChainProxy.java:233)
	at org.springframework.security.web.FilterChainProxy.doFilter(FilterChainProxy.java:191)
	at org.springframework.web.filter.CompositeFilter$VirtualFilterChain.doFilter(CompositeFilter.java:113)
	at org.springframework.web.filter.ServletRequestPathFilter.doFilter(ServletRequestPathFilter.java:52)
	at org.springframework.web.filter.CompositeFilter$VirtualFilterChain.doFilter(CompositeFilter.java:113)
	at org.springframework.web.filter.CompositeFilter.doFilter(CompositeFilter.java:74)
	at org.springframework.security.config.annotation.web.configuration.WebSecurityConfiguration$CompositeFilterChainProxy.doFilter(WebSecurityConfiguration.java:319)
	at org.springframework.web.filter.CompositeFilter$VirtualFilterChain.doFilter(CompositeFilter.java:113)
	at org.springframework.web.servlet.handler.HandlerMappingIntrospector.lambda$createCacheFilter$3(HandlerMappingIntrospector.java:243)
	at org.springframework.web.filter.CompositeFilter$VirtualFilterChain.doFilter(CompositeFilter.java:113)
	at org.springframework.web.filter.CompositeFilter.doFilter(CompositeFilter.java:74)
	at org.springframework.security.config.annotation.web.configuration.WebMvcSecurityConfiguration$CompositeFilterChainProxy.doFilter(WebMvcSecurityConfiguration.java:240)
	at org.springframework.web.filter.DelegatingFilterProxy.invokeDelegate(DelegatingFilterProxy.java:362)
	at org.springframework.web.filter.DelegatingFilterProxy.doFilter(DelegatingFilterProxy.java:278)
	at org.apache.catalina.core.ApplicationFilterChain.internalDoFilter(ApplicationFilterChain.java:164)
	at org.apache.catalina.core.ApplicationFilterChain.doFilter(ApplicationFilterChain.java:140)
	at org.springframework.web.filter.RequestContextFilter.doFilterInternal(RequestContextFilter.java:100)
	at org.springframework.web.filter.OncePerRequestFilter.doFilter(OncePerRequestFilter.java:116)
	at org.apache.catalina.core.ApplicationFilterChain.internalDoFilter(ApplicationFilterChain.java:164)
	at org.apache.catalina.core.ApplicationFilterChain.doFilter(ApplicationFilterChain.java:140)
	at org.springframework.web.filter.FormContentFilter.doFilterInternal(FormContentFilter.java:93)
	at org.springframework.web.filter.OncePerRequestFilter.doFilter(OncePerRequestFilter.java:116)
	at org.apache.catalina.core.ApplicationFilterChain.internalDoFilter(ApplicationFilterChain.java:164)
	at org.apache.catalina.core.ApplicationFilterChain.doFilter(ApplicationFilterChain.java:140)
	at org.springframework.web.filter.ServerHttpObservationFilter.doFilterInternal(ServerHttpObservationFilter.java:114)
	at org.springframework.web.filter.OncePerRequestFilter.doFilter(OncePerRequestFilter.java:116)
	at org.apache.catalina.core.ApplicationFilterChain.internalDoFilter(ApplicationFilterChain.java:164)
	at org.apache.catalina.core.ApplicationFilterChain.doFilter(ApplicationFilterChain.java:140)
	at org.springframework.web.filter.CharacterEncodingFilter.doFilterInternal(CharacterEncodingFilter.java:201)
	at org.springframework.web.filter.OncePerRequestFilter.doFilter(OncePerRequestFilter.java:116)
	at org.apache.catalina.core.ApplicationFilterChain.internalDoFilter(ApplicationFilterChain.java:164)
	at org.apache.catalina.core.ApplicationFilterChain.doFilter(ApplicationFilterChain.java:140)
	at org.apache.catalina.core.StandardWrapperValve.invoke(StandardWrapperValve.java:167)
	at org.apache.catalina.core.StandardContextValve.invoke(StandardContextValve.java:90)
	at org.apache.catalina.authenticator.AuthenticatorBase.invoke(AuthenticatorBase.java:483)
	at org.apache.catalina.core.StandardHostValve.invoke(StandardHostValve.java:116)
	at org.apache.catalina.valves.ErrorReportValve.invoke(ErrorReportValve.java:93)
	at org.apache.catalina.core.StandardEngineValve.invoke(StandardEngineValve.java:74)
	at org.apache.catalina.connector.CoyoteAdapter.service(CoyoteAdapter.java:344)
	at org.apache.coyote.http11.Http11Processor.service(Http11Processor.java:398)
	at org.apache.coyote.AbstractProcessorLight.process(AbstractProcessorLight.java:63)
	at org.apache.coyote.AbstractProtocol$ConnectionHandler.process(AbstractProtocol.java:903)
	at org.apache.tomcat.util.net.NioEndpoint$SocketProcessor.doRun(NioEndpoint.java:1740)
	at org.apache.tomcat.util.net.SocketProcessorBase.run(SocketProcessorBase.java:52)
	at org.apache.tomcat.util.threads.ThreadPoolExecutor.runWorker(ThreadPoolExecutor.java:1189)
	at org.apache.tomcat.util.threads.ThreadPoolExecutor$Worker.run(ThreadPoolExecutor.java:658)
	at org.apache.tomcat.util.threads.TaskThread$WrappingRunnable.run(TaskThread.java:63)
	at java.base/java.lang.Thread.run(Thread.java:842)
2026-03-15 18:17:49 DEBUG [http-nio-8080-exec-2] o.s.security.web.FilterChainProxy - Securing POST /error
2026-03-15 18:17:49 TRACE [http-nio-8080-exec-2] o.s.s.w.a.logout.LogoutFilter - Did not match request to Or [Ant [pattern='/logout', GET], Ant [pattern='/logout', POST], Ant [pattern='/logout', PUT], Ant [pattern='/logout', DELETE]]
2026-03-15 18:17:49 TRACE [http-nio-8080-exec-2] o.s.s.w.a.AnonymousAuthenticationFilter - Set SecurityContextHolder to AnonymousAuthenticationToken [Principal=anonymousUser, Credentials=[PROTECTED], Authenticated=true, Details=WebAuthenticationDetails [RemoteIpAddress=0:0:0:0:0:0:0:1, SessionId=null], Granted Authorities=[ROLE_ANONYMOUS]]
2026-03-15 18:17:49 DEBUG [http-nio-8080-exec-2] o.s.s.w.a.Http403ForbiddenEntryPoint - Pre-authenticated entry point called. Rejecting access
2026-03-15 18:29:38 INFO  [background-preinit] o.h.validator.internal.util.Version - HV000001: Hibernate Validator 8.0.2.Final
2026-03-15 18:29:38 DEBUG [background-preinit] o.h.v.i.x.config.ValidationXmlParser - Trying to load META-INF/validation.xml for XML based Validator configuration.
2026-03-15 18:29:38 DEBUG [background-preinit] o.h.v.i.x.c.ResourceLoaderHelper - Trying to load META-INF/validation.xml via TCCL
2026-03-15 18:29:38 DEBUG [background-preinit] o.h.v.i.x.c.ResourceLoaderHelper - Trying to load META-INF/validation.xml via Hibernate Validator's class loader
2026-03-15 18:29:38 DEBUG [background-preinit] o.h.v.i.x.config.ValidationXmlParser - No META-INF/validation.xml found. Using annotation based configuration only.
2026-03-15 18:29:38 DEBUG [background-preinit] o.h.v.i.e.r.TraversableResolvers - Found jakarta.persistence.Persistence on classpath containing 'getPersistenceUtil'. Assuming JPA 2 environment. Trying to instantiate JPA aware TraversableResolver
2026-03-15 18:29:38 DEBUG [background-preinit] o.h.v.i.e.r.TraversableResolvers - Instantiated JPA aware TraversableResolver of type org.hibernate.validator.internal.engine.resolver.JPATraversableResolver.
2026-03-15 18:29:38 DEBUG [background-preinit] o.h.v.m.ResourceBundleMessageInterpolator - Loaded expression factory via original TCCL
2026-03-15 18:29:38 INFO  [main] c.e.C.ClinicaDefinitivaApplication - Starting ClinicaDefinitivaApplication using Java 17.0.10 with PID 25164 (C:\Users\David\OneDrive\Documents\proyectosJava\ClinicaDefinitiva\target\classes started by David in C:\Users\David\OneDrive\Documents\proyectosJava\ClinicaDefinitiva)
2026-03-15 18:29:38 INFO  [main] c.e.C.ClinicaDefinitivaApplication - No active profile set, falling back to 1 default profile: "default"
2026-03-15 18:29:38 DEBUG [background-preinit] o.h.v.i.e.ValidatorFactoryConfigurationHelper - HV000252: Using org.hibernate.validator.internal.engine.DefaultPropertyNodeNameProvider as property node name provider.
2026-03-15 18:29:38 DEBUG [background-preinit] o.h.v.i.e.ValidatorFactoryConfigurationHelper - HV000234: Using org.hibernate.validator.messageinterpolation.ResourceBundleMessageInterpolator as ValidatorFactory-scoped message interpolator.
2026-03-15 18:29:38 DEBUG [background-preinit] o.h.v.i.e.ValidatorFactoryConfigurationHelper - HV000234: Using org.hibernate.validator.internal.engine.resolver.JPATraversableResolver as ValidatorFactory-scoped traversable resolver.
2026-03-15 18:29:38 DEBUG [background-preinit] o.h.v.i.e.ValidatorFactoryConfigurationHelper - HV000234: Using org.hibernate.validator.internal.util.ExecutableParameterNameProvider as ValidatorFactory-scoped parameter name provider.
2026-03-15 18:29:38 DEBUG [background-preinit] o.h.v.i.e.ValidatorFactoryConfigurationHelper - HV000234: Using org.hibernate.validator.internal.engine.DefaultClockProvider as ValidatorFactory-scoped clock provider.
2026-03-15 18:29:38 DEBUG [background-preinit] o.h.v.i.e.ValidatorFactoryConfigurationHelper - HV000234: Using org.hibernate.validator.internal.engine.scripting.DefaultScriptEvaluatorFactory as ValidatorFactory-scoped script evaluator factory.
2026-03-15 18:29:43 INFO  [main] o.s.d.r.c.RepositoryConfigurationDelegate - Bootstrapping Spring Data JPA repositories in DEFAULT mode.
2026-03-15 18:29:44 INFO  [main] o.s.d.r.c.RepositoryConfigurationDelegate - Finished Spring Data repository scanning in 999 ms. Found 12 JPA repository interfaces.
2026-03-15 18:29:47 INFO  [main] o.s.b.w.e.tomcat.TomcatWebServer - Tomcat initialized with port 8080 (http)
2026-03-15 18:29:47 INFO  [main] o.a.coyote.http11.Http11NioProtocol - Initializing ProtocolHandler ["http-nio-8080"]
2026-03-15 18:29:47 INFO  [main] o.a.catalina.core.StandardService - Starting service [Tomcat]
2026-03-15 18:29:47 INFO  [main] o.a.catalina.core.StandardEngine - Starting Servlet engine: [Apache Tomcat/10.1.41]
2026-03-15 18:29:48 INFO  [main] o.a.c.c.C.[Tomcat].[localhost].[/] - Initializing Spring embedded WebApplicationContext
2026-03-15 18:29:48 INFO  [main] o.s.b.w.s.c.ServletWebServerApplicationContext - Root WebApplicationContext: initialization completed in 9527 ms
2026-03-15 18:29:48 DEBUG [main] o.s.w.f.ServerHttpObservationFilter - Filter 'webMvcObservationFilter' configured for use
2026-03-15 18:29:49 INFO  [main] o.h.jpa.internal.util.LogHelper - HHH000204: Processing PersistenceUnitInfo [name: default]
2026-03-15 18:29:50 INFO  [main] org.hibernate.Version - HHH000412: Hibernate ORM core version 6.6.15.Final
2026-03-15 18:29:50 INFO  [main] o.h.c.i.RegionFactoryInitiator - HHH000026: Second-level cache disabled
2026-03-15 18:29:51 INFO  [main] o.s.o.j.p.SpringPersistenceUnitInfo - No LoadTimeWeaver setup: ignoring JPA class transformer
2026-03-15 18:29:51 INFO  [main] com.zaxxer.hikari.HikariDataSource - HikariPool-1 - Starting...
2026-03-15 18:29:52 INFO  [main] com.zaxxer.hikari.pool.HikariPool - HikariPool-1 - Added connection com.mysql.cj.jdbc.ConnectionImpl@49f1184e
2026-03-15 18:29:52 INFO  [main] com.zaxxer.hikari.HikariDataSource - HikariPool-1 - Start completed.
2026-03-15 18:29:52 WARN  [main] org.hibernate.dialect.Dialect - HHH000511: The 5.5.5 version for [org.hibernate.dialect.MySQLDialect] is no longer supported, hence certain features may not work properly. The minimum supported version is 8.0.0. Check the community dialects project for available legacy versions.
2026-03-15 18:29:52 WARN  [main] org.hibernate.orm.deprecation - HHH90000025: MySQLDialect does not need to be specified explicitly using 'hibernate.dialect' (remove the property setting and it will be selected by default)
2026-03-15 18:29:52 INFO  [main] o.hibernate.orm.connections.pooling - HHH10001005: Database info:
	Database JDBC URL [Connecting through datasource 'HikariDataSource (HikariPool-1)']
	Database driver: undefined/unknown
	Database version: 5.5.5
	Autocommit mode: undefined/unknown
	Isolation level: undefined/unknown
	Minimum pool size: undefined/unknown
	Maximum pool size: undefined/unknown
2026-03-15 18:29:55 DEBUG [main] o.h.v.i.x.config.ValidationXmlParser - Trying to load META-INF/validation.xml for XML based Validator configuration.
2026-03-15 18:29:55 DEBUG [main] o.h.v.i.x.c.ResourceLoaderHelper - Trying to load META-INF/validation.xml via TCCL
2026-03-15 18:29:55 DEBUG [main] o.h.v.i.x.c.ResourceLoaderHelper - Trying to load META-INF/validation.xml via Hibernate Validator's class loader
2026-03-15 18:29:55 DEBUG [main] o.h.v.i.x.config.ValidationXmlParser - No META-INF/validation.xml found. Using annotation based configuration only.
2026-03-15 18:29:55 DEBUG [main] o.h.v.i.e.r.TraversableResolvers - Found jakarta.persistence.Persistence on classpath containing 'getPersistenceUtil'. Assuming JPA 2 environment. Trying to instantiate JPA aware TraversableResolver
2026-03-15 18:29:55 DEBUG [main] o.h.v.i.e.r.TraversableResolvers - Instantiated JPA aware TraversableResolver of type org.hibernate.validator.internal.engine.resolver.JPATraversableResolver.
2026-03-15 18:29:55 DEBUG [main] o.h.v.m.ResourceBundleMessageInterpolator - Loaded expression factory via original TCCL
2026-03-15 18:29:55 DEBUG [main] o.h.v.i.e.ValidatorFactoryConfigurationHelper - HV000252: Using org.hibernate.validator.internal.engine.DefaultPropertyNodeNameProvider as property node name provider.
2026-03-15 18:29:55 DEBUG [main] o.h.v.i.e.ValidatorFactoryConfigurationHelper - HV000234: Using org.hibernate.validator.messageinterpolation.ResourceBundleMessageInterpolator as ValidatorFactory-scoped message interpolator.
2026-03-15 18:29:55 DEBUG [main] o.h.v.i.e.ValidatorFactoryConfigurationHelper - HV000234: Using org.hibernate.validator.internal.engine.resolver.JPATraversableResolver as ValidatorFactory-scoped traversable resolver.
2026-03-15 18:29:55 DEBUG [main] o.h.v.i.e.ValidatorFactoryConfigurationHelper - HV000234: Using org.hibernate.validator.internal.util.ExecutableParameterNameProvider as ValidatorFactory-scoped parameter name provider.
2026-03-15 18:29:55 DEBUG [main] o.h.v.i.e.ValidatorFactoryConfigurationHelper - HV000234: Using org.hibernate.validator.internal.engine.DefaultClockProvider as ValidatorFactory-scoped clock provider.
2026-03-15 18:29:55 DEBUG [main] o.h.v.i.e.ValidatorFactoryConfigurationHelper - HV000234: Using org.hibernate.validator.internal.engine.scripting.DefaultScriptEvaluatorFactory as ValidatorFactory-scoped script evaluator factory.
2026-03-15 18:29:58 INFO  [main] o.h.e.t.j.p.i.JtaPlatformInitiator - HHH000489: No JTA platform available (set 'hibernate.transaction.jta.platform' to enable JTA platform integration)
2026-03-15 18:30:00 INFO  [main] o.s.o.j.LocalContainerEntityManagerFactoryBean - Initialized JPA EntityManagerFactory for persistence unit 'default'
2026-03-15 18:30:01 INFO  [main] o.s.d.j.r.query.QueryEnhancerFactory - Hibernate is in classpath; If applicable, HQL parser will be used.
2026-03-15 18:30:06 INFO  [main] o.s.s.c.a.a.c.InitializeAuthenticationProviderBeanManagerConfigurer$InitializeAuthenticationProviderManagerConfigurer - Global AuthenticationManager configured with AuthenticationProvider bean with name authenticationProvider
2026-03-15 18:30:06 WARN  [main] o.s.s.c.a.a.c.InitializeUserDetailsBeanManagerConfigurer$InitializeUserDetailsManagerConfigurer - Global AuthenticationManager configured with an AuthenticationProvider bean. UserDetailsService beans will not be used by Spring Security for automatically configuring username/password login. Consider removing the AuthenticationProvider bean. Alternatively, consider using the UserDetailsService in a manually instantiated DaoAuthenticationProvider. If the current configuration is intentional, to turn off this warning, increase the logging level of 'org.springframework.security.config.annotation.authentication.configuration.InitializeUserDetailsBeanManagerConfigurer' to ERROR
2026-03-15 18:30:06 WARN  [main] o.s.b.a.o.j.JpaBaseConfiguration$JpaWebConfiguration - spring.jpa.open-in-view is enabled by default. Therefore, database queries may be performed during view rendering. Explicitly configure spring.jpa.open-in-view to disable this warning
2026-03-15 18:30:06 DEBUG [main] o.s.w.s.m.m.a.RequestMappingHandlerMapping - 103 mappings in 'requestMappingHandlerMapping'
2026-03-15 18:30:07 DEBUG [main] o.s.w.s.h.SimpleUrlHandlerMapping - Patterns [/webjars/**, /**] in 'resourceHandlerMapping'
2026-03-15 18:30:07 INFO  [main] o.s.b.a.e.web.EndpointLinksResolver - Exposing 1 endpoint beneath base path '/actuator'
2026-03-15 18:30:07 DEBUG [main] o.s.s.web.DefaultSecurityFilterChain - Will secure any request with filters: DisableEncodeUrlFilter, WebAsyncManagerIntegrationFilter, SecurityContextHolderFilter, HeaderWriterFilter, LogoutFilter, JwtAuthenticationFilter, RequestCacheAwareFilter, SecurityContextHolderAwareRequestFilter, AnonymousAuthenticationFilter, SessionManagementFilter, ExceptionTranslationFilter, AuthorizationFilter
2026-03-15 18:30:08 DEBUG [main] o.h.v.m.ResourceBundleMessageInterpolator - Loaded expression factory via original TCCL
2026-03-15 18:30:08 DEBUG [main] o.h.v.i.e.AbstractConfigurationImpl - Setting custom MessageInterpolator of type org.springframework.validation.beanvalidation.LocaleContextMessageInterpolator
2026-03-15 18:30:08 DEBUG [main] o.h.v.i.e.AbstractConfigurationImpl - Setting custom ConstraintValidatorFactory of type org.springframework.validation.beanvalidation.SpringConstraintValidatorFactory
2026-03-15 18:30:08 DEBUG [main] o.h.v.i.x.config.ValidationXmlParser - Trying to load META-INF/validation.xml for XML based Validator configuration.
2026-03-15 18:30:08 DEBUG [main] o.h.v.i.x.c.ResourceLoaderHelper - Trying to load META-INF/validation.xml via user class loader
2026-03-15 18:30:08 DEBUG [main] o.h.v.i.x.c.ResourceLoaderHelper - Trying to load META-INF/validation.xml via TCCL
2026-03-15 18:30:08 DEBUG [main] o.h.v.i.x.c.ResourceLoaderHelper - Trying to load META-INF/validation.xml via Hibernate Validator's class loader
2026-03-15 18:30:08 DEBUG [main] o.h.v.i.x.config.ValidationXmlParser - No META-INF/validation.xml found. Using annotation based configuration only.
2026-03-15 18:30:08 DEBUG [main] o.h.v.i.e.r.TraversableResolvers - Found jakarta.persistence.Persistence on classpath containing 'getPersistenceUtil'. Assuming JPA 2 environment. Trying to instantiate JPA aware TraversableResolver
2026-03-15 18:30:08 DEBUG [main] o.h.v.i.e.r.TraversableResolvers - Instantiated JPA aware TraversableResolver of type org.hibernate.validator.internal.engine.resolver.JPATraversableResolver.
2026-03-15 18:30:08 DEBUG [main] o.h.v.i.e.ValidatorFactoryConfigurationHelper - HV000252: Using org.hibernate.validator.internal.engine.DefaultPropertyNodeNameProvider as property node name provider.
2026-03-15 18:30:08 DEBUG [main] o.h.v.i.e.ValidatorFactoryConfigurationHelper - HV000234: Using org.springframework.validation.beanvalidation.LocaleContextMessageInterpolator as ValidatorFactory-scoped message interpolator.
2026-03-15 18:30:08 DEBUG [main] o.h.v.i.e.ValidatorFactoryConfigurationHelper - HV000234: Using org.hibernate.validator.internal.engine.resolver.JPATraversableResolver as ValidatorFactory-scoped traversable resolver.
2026-03-15 18:30:08 DEBUG [main] o.h.v.i.e.ValidatorFactoryConfigurationHelper - HV000234: Using org.hibernate.validator.internal.util.ExecutableParameterNameProvider as ValidatorFactory-scoped parameter name provider.
2026-03-15 18:30:08 DEBUG [main] o.h.v.i.e.ValidatorFactoryConfigurationHelper - HV000234: Using org.hibernate.validator.internal.engine.DefaultClockProvider as ValidatorFactory-scoped clock provider.
2026-03-15 18:30:08 DEBUG [main] o.h.v.i.e.ValidatorFactoryConfigurationHelper - HV000234: Using org.hibernate.validator.internal.engine.scripting.DefaultScriptEvaluatorFactory as ValidatorFactory-scoped script evaluator factory.
2026-03-15 18:30:08 DEBUG [main] o.s.w.s.m.m.a.RequestMappingHandlerAdapter - ControllerAdvice beans: 0 @ModelAttribute, 0 @InitBinder, 1 RequestBodyAdvice, 1 ResponseBodyAdvice
2026-03-15 18:30:08 DEBUG [main] o.s.w.s.m.m.a.ExceptionHandlerExceptionResolver - ControllerAdvice beans: 0 @ExceptionHandler, 1 ResponseBodyAdvice
2026-03-15 18:30:09 INFO  [main] o.a.coyote.http11.Http11NioProtocol - Starting ProtocolHandler ["http-nio-8080"]
2026-03-15 18:30:09 INFO  [main] o.s.b.w.e.tomcat.TomcatWebServer - Tomcat started on port 8080 (http) with context path '/'
2026-03-15 18:30:09 INFO  [main] c.e.C.ClinicaDefinitivaApplication - Started ClinicaDefinitivaApplication in 33.229 seconds (process running for 34.455)
2026-03-15 18:30:09 INFO  [main] c.e.C.ClinicaDefinitivaApplication - Logger funciona correctamente
2026-03-15 18:30:46 INFO  [http-nio-8080-exec-2] o.a.c.c.C.[Tomcat].[localhost].[/] - Initializing Spring DispatcherServlet 'dispatcherServlet'
2026-03-15 18:30:46 INFO  [http-nio-8080-exec-2] o.s.web.servlet.DispatcherServlet - Initializing Servlet 'dispatcherServlet'
2026-03-15 18:30:46 DEBUG [http-nio-8080-exec-2] o.s.web.servlet.DispatcherServlet - Detected StandardServletMultipartResolver
2026-03-15 18:30:46 DEBUG [http-nio-8080-exec-2] o.s.web.servlet.DispatcherServlet - Detected AcceptHeaderLocaleResolver
2026-03-15 18:30:46 DEBUG [http-nio-8080-exec-2] o.s.web.servlet.DispatcherServlet - Detected FixedThemeResolver
2026-03-15 18:30:46 DEBUG [http-nio-8080-exec-2] o.s.web.servlet.DispatcherServlet - Detected org.springframework.web.servlet.view.DefaultRequestToViewNameTranslator@54586e29
2026-03-15 18:30:46 DEBUG [http-nio-8080-exec-2] o.s.web.servlet.DispatcherServlet - Detected org.springframework.web.servlet.support.SessionFlashMapManager@d4f223e
2026-03-15 18:30:46 DEBUG [http-nio-8080-exec-2] o.s.web.servlet.DispatcherServlet - enableLoggingRequestDetails='false': request parameters and headers will be masked to prevent unsafe logging of potentially sensitive data
2026-03-15 18:30:46 INFO  [http-nio-8080-exec-2] o.s.web.servlet.DispatcherServlet - Completed initialization in 16 ms
2026-03-15 18:30:46 DEBUG [http-nio-8080-exec-2] o.s.security.web.FilterChainProxy - Securing POST /api/v1/users/register
2026-03-15 18:30:47 TRACE [http-nio-8080-exec-2] o.s.s.w.a.logout.LogoutFilter - Did not match request to Or [Ant [pattern='/logout', GET], Ant [pattern='/logout', POST], Ant [pattern='/logout', PUT], Ant [pattern='/logout', DELETE]]
2026-03-15 18:30:49 TRACE [http-nio-8080-exec-2] o.s.s.w.a.AnonymousAuthenticationFilter - Did not set SecurityContextHolder since already authenticated UsernamePasswordAuthenticationToken [Principal=com.example.ClinicaDefinitiva.infrastructure.security.adapter.CustomUserDetails@55e93635, Credentials=[PROTECTED], Authenticated=true, Details=null, Granted Authorities=[UPDATE_COMPANY, UPDATE_INVOICE, CREATE_ASSIGNMENT, UPDATE_GUARDIAN, CLONE_ROLE_ROLE, CANCEL_APPOINTMENT, UPDATE_JOURNAL_ENTRY, REVERSE_JOURNAL_ENTRY, CREATE_CONTRACT, DELETE_APPOINTMENT, RESCHEDULE_APPOINTMENT, SET_PERMISSIONS_ROLE, CREATE_PATIENT, READ_USER_IDENTITY, IS_CURRENTLY_ACTIVE_ASSIGNMENT, READ_RATE, ACTIVATE_ROLE_ROLE, DELETE_ROLE_ROLE, READ_APPOINTMENT, READ_DENTIST, CREATE_COMPANY, VIEW_ROLE_ROLE, SCHEDULE_APPOINTMENT, ROLE_RECEPTIONIST, DELETE_INVOICE, CREATE_CUSTOM_ROLE_ROLE, UPDATE_PAYMENT, CREATE_DENTIST, CHECK_PERMISSION_ROLE, READ_PATIENT, READ_ADMINISTRATIVE_REPORT, CREATE_APPOINTMENT, VIEW_ASSIGNMENT_ASSIGNMENT, READ_CONTRACT, DELETE_ADMINISTRATIVE_REPORT, DEACTIVATE_USER_IDENTITY, REVERSE_INVOICE, DEACTIVATE_ROLE_ROLE, APPROVE_INVOICE, READ_PROVIDED_SERVICE, REVOKE_ASSIGNMENT, READ_AVAILABILITY, READ_RECEPTIONIST, DELETE_RATE, UPDATE_PRIMARY_ASSIGNMENT, UPDATE_DENTIST, CREATE_USER_IDENTITY, DELETE_CONTRACT, DELETE_PAYMENT, DELETE_ASSIGNMENT, READ_COMPANY, UPDATE_ADMINISTRATIVE_REPORT, REMOVE_PERMISSION_ROLE, CREATE_PAYMENT, UPDATE_USER_IDENTITY, ADD_PERMISSION_ROLE, READ_GUARDIAN, UPDATE_CONTRACT, DELETE_COMPANY, IS_ACTIVE_AT_ASSIGNMENT, DELETE_DENTIST, READ_ASSIGNMENT, POST_INVOICE, REVOKE_ALL_ASSIGNMENT, CREATE_JOURNAL_ENTRY, CREATE_ADMINISTRATIVE_REPORT, UPDATE_ASSIGNMENT, READ_SHIFT, POST_JOURNAL_ENTRY, CREATE_GUARDIAN, ROLE_ADMINISTRATOR, CREATE_TEMPORARY_ASSIGNMENT, READ_PAYMENT, CREATE_RATE, EXTEND_ASSIGNMENT_ASSIGNMENT, READ_INVOICE, REACTIVATE_USER_IDENTITY, UPDATE_APPOINTMENT, UPDATE_RATE, DELETE_JOURNAL_ENTRY, CREATE_SHIFT, READ_JOURNAL_ENTRY, MARK_DELETED_ROLE_ROLE, CREATE_INVOICE, UPDATE_SHIFT, SUSPEND_ROLE_ROLE, UPDATE_PATIENT, UPDATE_PROVIDED_SERVICE, SUSPEND_USER_IDENTITY]]
2026-03-15 18:30:49 TRACE [http-nio-8080-exec-2] o.s.s.w.a.s.CompositeSessionAuthenticationStrategy - Preparing session with ChangeSessionIdAuthenticationStrategy (1/1)
2026-03-15 18:30:49 DEBUG [http-nio-8080-exec-2] o.s.security.web.FilterChainProxy - Secured POST /api/v1/users/register
2026-03-15 18:30:49 DEBUG [http-nio-8080-exec-2] o.s.web.servlet.DispatcherServlet - POST "/api/v1/users/register", parameters={}
2026-03-15 18:30:49 DEBUG [http-nio-8080-exec-2] o.s.w.s.m.m.a.RequestMappingHandlerMapping - Mapped to com.example.ClinicaDefinitiva.infrastructure.rest.controller.authentication.UserIdentityController#register(CreateUserIdentityRequest, CustomUserDetails)
2026-03-15 18:30:49 DEBUG [http-nio-8080-exec-2] o.s.w.s.m.m.a.RequestResponseBodyMethodProcessor - Read "application/json;charset=UTF-8" to [CreateUserIdentityRequest[email={{randomEmail}}, password=Test123!, name={{randomName}}]]
2026-03-15 18:30:50 DEBUG [http-nio-8080-exec-2] o.s.web.servlet.DispatcherServlet - Failed to complete request: com.example.ClinicaDefinitiva.domain.exceptions.DomainAggregateException: El formato del email no es válido
2026-03-15 18:30:50 ERROR [http-nio-8080-exec-2] o.a.c.c.C.[.[.[.[dispatcherServlet] - Servlet.service() for servlet [dispatcherServlet] in context with path [] threw exception [Request processing failed: com.example.ClinicaDefinitiva.domain.exceptions.DomainAggregateException: El formato del email no es válido] with root cause
com.example.ClinicaDefinitiva.domain.exceptions.DomainAggregateException: El formato del email no es válido
	at com.example.ClinicaDefinitiva.domain.vo.Email.ofOrThrow(Email.java:135)
	at com.example.ClinicaDefinitiva.application.mapper.authentication.UserIdentityWriteMapper.toEmail(UserIdentityWriteMapper.java:18)
	at com.example.ClinicaDefinitiva.application.service.authentication.UserIdentityApplicationService.register(UserIdentityApplicationService.java:192)
	at java.base/jdk.internal.reflect.NativeMethodAccessorImpl.invoke0(Native Method)
	at java.base/jdk.internal.reflect.NativeMethodAccessorImpl.invoke(NativeMethodAccessorImpl.java:77)
	at java.base/jdk.internal.reflect.DelegatingMethodAccessorImpl.invoke(DelegatingMethodAccessorImpl.java:43)
	at java.base/java.lang.reflect.Method.invoke(Method.java:568)
	at org.springframework.aop.support.AopUtils.invokeJoinpointUsingReflection(AopUtils.java:359)
	at org.springframework.aop.framework.ReflectiveMethodInvocation.invokeJoinpoint(ReflectiveMethodInvocation.java:196)
	at org.springframework.aop.framework.ReflectiveMethodInvocation.proceed(ReflectiveMethodInvocation.java:163)
	at org.springframework.aop.aspectj.MethodInvocationProceedingJoinPoint.proceed(MethodInvocationProceedingJoinPoint.java:89)
	at com.example.ClinicaDefinitiva.infrastructure.security.config.AuthorizationAspect.checkPermission(AuthorizationAspect.java:76)
	at java.base/jdk.internal.reflect.NativeMethodAccessorImpl.invoke0(Native Method)
	at java.base/jdk.internal.reflect.NativeMethodAccessorImpl.invoke(NativeMethodAccessorImpl.java:77)
	at java.base/jdk.internal.reflect.DelegatingMethodAccessorImpl.invoke(DelegatingMethodAccessorImpl.java:43)
	at java.base/java.lang.reflect.Method.invoke(Method.java:568)
	at org.springframework.aop.aspectj.AbstractAspectJAdvice.invokeAdviceMethodWithGivenArgs(AbstractAspectJAdvice.java:642)
	at org.springframework.aop.aspectj.AbstractAspectJAdvice.invokeAdviceMethod(AbstractAspectJAdvice.java:632)
	at org.springframework.aop.aspectj.AspectJAroundAdvice.invoke(AspectJAroundAdvice.java:71)
	at org.springframework.aop.framework.ReflectiveMethodInvocation.proceed(ReflectiveMethodInvocation.java:173)
	at org.springframework.transaction.interceptor.TransactionAspectSupport.invokeWithinTransaction(TransactionAspectSupport.java:380)
	at org.springframework.transaction.interceptor.TransactionInterceptor.invoke(TransactionInterceptor.java:119)
	at org.springframework.aop.framework.ReflectiveMethodInvocation.proceed(ReflectiveMethodInvocation.java:184)
	at org.springframework.aop.interceptor.ExposeInvocationInterceptor.invoke(ExposeInvocationInterceptor.java:97)
	at org.springframework.aop.framework.ReflectiveMethodInvocation.proceed(ReflectiveMethodInvocation.java:184)
	at org.springframework.aop.framework.CglibAopProxy$DynamicAdvisedInterceptor.intercept(CglibAopProxy.java:728)
	at com.example.ClinicaDefinitiva.application.service.authentication.UserIdentityApplicationService$$SpringCGLIB$$0.register(<generated>)
	at com.example.ClinicaDefinitiva.infrastructure.rest.controller.authentication.UserIdentityController.register(UserIdentityController.java:144)
	at java.base/jdk.internal.reflect.NativeMethodAccessorImpl.invoke0(Native Method)
	at java.base/jdk.internal.reflect.NativeMethodAccessorImpl.invoke(NativeMethodAccessorImpl.java:77)
	at java.base/jdk.internal.reflect.DelegatingMethodAccessorImpl.invoke(DelegatingMethodAccessorImpl.java:43)
	at java.base/java.lang.reflect.Method.invoke(Method.java:568)
	at org.springframework.aop.support.AopUtils.invokeJoinpointUsingReflection(AopUtils.java:359)
	at org.springframework.aop.framework.ReflectiveMethodInvocation.invokeJoinpoint(ReflectiveMethodInvocation.java:196)
	at org.springframework.aop.framework.ReflectiveMethodInvocation.proceed(ReflectiveMethodInvocation.java:163)
	at org.springframework.validation.beanvalidation.MethodValidationInterceptor.invoke(MethodValidationInterceptor.java:174)
	at org.springframework.aop.framework.ReflectiveMethodInvocation.proceed(ReflectiveMethodInvocation.java:184)
	at org.springframework.aop.framework.CglibAopProxy$DynamicAdvisedInterceptor.intercept(CglibAopProxy.java:728)
	at com.example.ClinicaDefinitiva.infrastructure.rest.controller.authentication.UserIdentityController$$SpringCGLIB$$0.register(<generated>)
	at java.base/jdk.internal.reflect.NativeMethodAccessorImpl.invoke0(Native Method)
	at java.base/jdk.internal.reflect.NativeMethodAccessorImpl.invoke(NativeMethodAccessorImpl.java:77)
	at java.base/jdk.internal.reflect.DelegatingMethodAccessorImpl.invoke(DelegatingMethodAccessorImpl.java:43)
	at java.base/java.lang.reflect.Method.invoke(Method.java:568)
	at org.springframework.web.method.support.InvocableHandlerMethod.doInvoke(InvocableHandlerMethod.java:258)
	at org.springframework.web.method.support.InvocableHandlerMethod.invokeForRequest(InvocableHandlerMethod.java:191)
	at org.springframework.web.servlet.mvc.method.annotation.ServletInvocableHandlerMethod.invokeAndHandle(ServletInvocableHandlerMethod.java:118)
	at org.springframework.web.servlet.mvc.method.annotation.RequestMappingHandlerAdapter.invokeHandlerMethod(RequestMappingHandlerAdapter.java:986)
	at org.springframework.web.servlet.mvc.method.annotation.RequestMappingHandlerAdapter.handleInternal(RequestMappingHandlerAdapter.java:891)
	at org.springframework.web.servlet.mvc.method.AbstractHandlerMethodAdapter.handle(AbstractHandlerMethodAdapter.java:87)
	at org.springframework.web.servlet.DispatcherServlet.doDispatch(DispatcherServlet.java:1089)
	at org.springframework.web.servlet.DispatcherServlet.doService(DispatcherServlet.java:979)
	at org.springframework.web.servlet.FrameworkServlet.processRequest(FrameworkServlet.java:1014)
	at org.springframework.web.servlet.FrameworkServlet.doPost(FrameworkServlet.java:914)
	at jakarta.servlet.http.HttpServlet.service(HttpServlet.java:590)
	at org.springframework.web.servlet.FrameworkServlet.service(FrameworkServlet.java:885)
	at jakarta.servlet.http.HttpServlet.service(HttpServlet.java:658)
	at org.apache.catalina.core.ApplicationFilterChain.internalDoFilter(ApplicationFilterChain.java:195)
	at org.apache.catalina.core.ApplicationFilterChain.doFilter(ApplicationFilterChain.java:140)
	at org.apache.tomcat.websocket.server.WsFilter.doFilter(WsFilter.java:51)
	at org.apache.catalina.core.ApplicationFilterChain.internalDoFilter(ApplicationFilterChain.java:164)
	at org.apache.catalina.core.ApplicationFilterChain.doFilter(ApplicationFilterChain.java:140)
	at com.example.ClinicaDefinitiva.util.RequestIdFilter.doFilterInternal(RequestIdFilter.java:76)
	at org.springframework.web.filter.OncePerRequestFilter.doFilter(OncePerRequestFilter.java:116)
	at org.apache.catalina.core.ApplicationFilterChain.internalDoFilter(ApplicationFilterChain.java:164)
	at org.apache.catalina.core.ApplicationFilterChain.doFilter(ApplicationFilterChain.java:140)
	at org.springframework.web.filter.CompositeFilter$VirtualFilterChain.doFilter(CompositeFilter.java:108)
	at org.springframework.web.filter.CompositeFilter$VirtualFilterChain.doFilter(CompositeFilter.java:108)
	at org.springframework.security.web.FilterChainProxy.lambda$doFilterInternal$3(FilterChainProxy.java:231)
	at org.springframework.security.web.ObservationFilterChainDecorator$FilterObservation$SimpleFilterObservation.lambda$wrap$1(ObservationFilterChainDecorator.java:479)
	at org.springframework.security.web.ObservationFilterChainDecorator$AroundFilterObservation$SimpleAroundFilterObservation.lambda$wrap$1(ObservationFilterChainDecorator.java:340)
	at org.springframework.security.web.ObservationFilterChainDecorator.lambda$wrapSecured$0(ObservationFilterChainDecorator.java:82)
	at org.springframework.security.web.ObservationFilterChainDecorator$VirtualFilterChain.doFilter(ObservationFilterChainDecorator.java:128)
	at org.springframework.security.web.access.intercept.AuthorizationFilter.doFilter(AuthorizationFilter.java:101)
	at org.springframework.security.web.ObservationFilterChainDecorator$ObservationFilter.wrapFilter(ObservationFilterChainDecorator.java:240)
	at org.springframework.security.web.ObservationFilterChainDecorator$ObservationFilter.doFilter(ObservationFilterChainDecorator.java:227)
	at org.springframework.security.web.ObservationFilterChainDecorator$VirtualFilterChain.doFilter(ObservationFilterChainDecorator.java:137)
	at org.springframework.security.web.access.ExceptionTranslationFilter.doFilter(ExceptionTranslationFilter.java:125)
	at org.springframework.security.web.access.ExceptionTranslationFilter.doFilter(ExceptionTranslationFilter.java:119)
	at org.springframework.security.web.ObservationFilterChainDecorator$ObservationFilter.wrapFilter(ObservationFilterChainDecorator.java:240)
	at org.springframework.security.web.ObservationFilterChainDecorator$ObservationFilter.doFilter(ObservationFilterChainDecorator.java:227)
	at org.springframework.security.web.ObservationFilterChainDecorator$VirtualFilterChain.doFilter(ObservationFilterChainDecorator.java:137)
	at org.springframework.security.web.session.SessionManagementFilter.doFilter(SessionManagementFilter.java:131)
	at org.springframework.security.web.session.SessionManagementFilter.doFilter(SessionManagementFilter.java:85)
	at org.springframework.security.web.ObservationFilterChainDecorator$ObservationFilter.wrapFilter(ObservationFilterChainDecorator.java:240)
	at org.springframework.security.web.ObservationFilterChainDecorator$ObservationFilter.doFilter(ObservationFilterChainDecorator.java:227)
	at org.springframework.security.web.ObservationFilterChainDecorator$VirtualFilterChain.doFilter(ObservationFilterChainDecorator.java:137)
	at org.springframework.security.web.authentication.AnonymousAuthenticationFilter.doFilter(AnonymousAuthenticationFilter.java:100)
	at org.springframework.security.web.ObservationFilterChainDecorator$ObservationFilter.wrapFilter(ObservationFilterChainDecorator.java:240)
	at org.springframework.security.web.ObservationFilterChainDecorator$ObservationFilter.doFilter(ObservationFilterChainDecorator.java:227)
	at org.springframework.security.web.ObservationFilterChainDecorator$VirtualFilterChain.doFilter(ObservationFilterChainDecorator.java:137)
	at org.springframework.security.web.servletapi.SecurityContextHolderAwareRequestFilter.doFilter(SecurityContextHolderAwareRequestFilter.java:179)
	at org.springframework.security.web.ObservationFilterChainDecorator$ObservationFilter.wrapFilter(ObservationFilterChainDecorator.java:240)
	at org.springframework.security.web.ObservationFilterChainDecorator$ObservationFilter.doFilter(ObservationFilterChainDecorator.java:227)
	at org.springframework.security.web.ObservationFilterChainDecorator$VirtualFilterChain.doFilter(ObservationFilterChainDecorator.java:137)
	at org.springframework.security.web.savedrequest.RequestCacheAwareFilter.doFilter(RequestCacheAwareFilter.java:63)
	at org.springframework.security.web.ObservationFilterChainDecorator$ObservationFilter.wrapFilter(ObservationFilterChainDecorator.java:240)
	at org.springframework.security.web.ObservationFilterChainDecorator$ObservationFilter.doFilter(ObservationFilterChainDecorator.java:227)
	at org.springframework.security.web.ObservationFilterChainDecorator$VirtualFilterChain.doFilter(ObservationFilterChainDecorator.java:137)
	at com.example.ClinicaDefinitiva.infrastructure.security.filter.JwtAuthenticationFilter.doFilterInternal(JwtAuthenticationFilter.java:40)
	at org.springframework.web.filter.OncePerRequestFilter.doFilter(OncePerRequestFilter.java:116)
	at org.springframework.security.web.ObservationFilterChainDecorator$ObservationFilter.wrapFilter(ObservationFilterChainDecorator.java:240)
	at org.springframework.security.web.ObservationFilterChainDecorator$ObservationFilter.doFilter(ObservationFilterChainDecorator.java:227)
	at org.springframework.security.web.ObservationFilterChainDecorator$VirtualFilterChain.doFilter(ObservationFilterChainDecorator.java:137)
	at org.springframework.security.web.authentication.logout.LogoutFilter.doFilter(LogoutFilter.java:107)
	at org.springframework.security.web.authentication.logout.LogoutFilter.doFilter(LogoutFilter.java:93)
	at org.springframework.security.web.ObservationFilterChainDecorator$ObservationFilter.wrapFilter(ObservationFilterChainDecorator.java:240)
	at org.springframework.security.web.ObservationFilterChainDecorator$ObservationFilter.doFilter(ObservationFilterChainDecorator.java:227)
	at org.springframework.security.web.ObservationFilterChainDecorator$VirtualFilterChain.doFilter(ObservationFilterChainDecorator.java:137)
	at org.springframework.security.web.header.HeaderWriterFilter.doHeadersAfter(HeaderWriterFilter.java:90)
	at org.springframework.security.web.header.HeaderWriterFilter.doFilterInternal(HeaderWriterFilter.java:75)
	at org.springframework.web.filter.OncePerRequestFilter.doFilter(OncePerRequestFilter.java:116)
	at org.springframework.security.web.ObservationFilterChainDecorator$ObservationFilter.wrapFilter(ObservationFilterChainDecorator.java:240)
	at org.springframework.security.web.ObservationFilterChainDecorator$ObservationFilter.doFilter(ObservationFilterChainDecorator.java:227)
	at org.springframework.security.web.ObservationFilterChainDecorator$VirtualFilterChain.doFilter(ObservationFilterChainDecorator.java:137)
	at org.springframework.security.web.context.SecurityContextHolderFilter.doFilter(SecurityContextHolderFilter.java:82)
	at org.springframework.security.web.context.SecurityContextHolderFilter.doFilter(SecurityContextHolderFilter.java:69)
	at org.springframework.security.web.ObservationFilterChainDecorator$ObservationFilter.wrapFilter(ObservationFilterChainDecorator.java:240)
	at org.springframework.security.web.ObservationFilterChainDecorator$ObservationFilter.doFilter(ObservationFilterChainDecorator.java:227)
	at org.springframework.security.web.ObservationFilterChainDecorator$VirtualFilterChain.doFilter(ObservationFilterChainDecorator.java:137)
	at org.springframework.security.web.context.request.async.WebAsyncManagerIntegrationFilter.doFilterInternal(WebAsyncManagerIntegrationFilter.java:62)
	at org.springframework.web.filter.OncePerRequestFilter.doFilter(OncePerRequestFilter.java:116)
	at org.springframework.security.web.ObservationFilterChainDecorator$ObservationFilter.wrapFilter(ObservationFilterChainDecorator.java:240)
	at org.springframework.security.web.ObservationFilterChainDecorator$ObservationFilter.doFilter(ObservationFilterChainDecorator.java:227)
	at org.springframework.security.web.ObservationFilterChainDecorator$VirtualFilterChain.doFilter(ObservationFilterChainDecorator.java:137)
	at org.springframework.security.web.session.DisableEncodeUrlFilter.doFilterInternal(DisableEncodeUrlFilter.java:42)
	at org.springframework.web.filter.OncePerRequestFilter.doFilter(OncePerRequestFilter.java:116)
	at org.springframework.security.web.ObservationFilterChainDecorator$ObservationFilter.wrapFilter(ObservationFilterChainDecorator.java:240)
	at org.springframework.security.web.ObservationFilterChainDecorator$AroundFilterObservation$SimpleAroundFilterObservation.lambda$wrap$0(ObservationFilterChainDecorator.java:323)
	at org.springframework.security.web.ObservationFilterChainDecorator$ObservationFilter.doFilter(ObservationFilterChainDecorator.java:224)
	at org.springframework.security.web.ObservationFilterChainDecorator$VirtualFilterChain.doFilter(ObservationFilterChainDecorator.java:137)
	at org.springframework.security.web.FilterChainProxy.doFilterInternal(FilterChainProxy.java:233)
	at org.springframework.security.web.FilterChainProxy.doFilter(FilterChainProxy.java:191)
	at org.springframework.web.filter.CompositeFilter$VirtualFilterChain.doFilter(CompositeFilter.java:113)
	at org.springframework.web.filter.ServletRequestPathFilter.doFilter(ServletRequestPathFilter.java:52)
	at org.springframework.web.filter.CompositeFilter$VirtualFilterChain.doFilter(CompositeFilter.java:113)
	at org.springframework.web.filter.CompositeFilter.doFilter(CompositeFilter.java:74)
	at org.springframework.security.config.annotation.web.configuration.WebSecurityConfiguration$CompositeFilterChainProxy.doFilter(WebSecurityConfiguration.java:319)
	at org.springframework.web.filter.CompositeFilter$VirtualFilterChain.doFilter(CompositeFilter.java:113)
	at org.springframework.web.servlet.handler.HandlerMappingIntrospector.lambda$createCacheFilter$3(HandlerMappingIntrospector.java:243)
	at org.springframework.web.filter.CompositeFilter$VirtualFilterChain.doFilter(CompositeFilter.java:113)
	at org.springframework.web.filter.CompositeFilter.doFilter(CompositeFilter.java:74)
	at org.springframework.security.config.annotation.web.configuration.WebMvcSecurityConfiguration$CompositeFilterChainProxy.doFilter(WebMvcSecurityConfiguration.java:240)
	at org.springframework.web.filter.DelegatingFilterProxy.invokeDelegate(DelegatingFilterProxy.java:362)
	at org.springframework.web.filter.DelegatingFilterProxy.doFilter(DelegatingFilterProxy.java:278)
	at org.apache.catalina.core.ApplicationFilterChain.internalDoFilter(ApplicationFilterChain.java:164)
	at org.apache.catalina.core.ApplicationFilterChain.doFilter(ApplicationFilterChain.java:140)
	at org.springframework.web.filter.RequestContextFilter.doFilterInternal(RequestContextFilter.java:100)
	at org.springframework.web.filter.OncePerRequestFilter.doFilter(OncePerRequestFilter.java:116)
	at org.apache.catalina.core.ApplicationFilterChain.internalDoFilter(ApplicationFilterChain.java:164)
	at org.apache.catalina.core.ApplicationFilterChain.doFilter(ApplicationFilterChain.java:140)
	at org.springframework.web.filter.FormContentFilter.doFilterInternal(FormContentFilter.java:93)
	at org.springframework.web.filter.OncePerRequestFilter.doFilter(OncePerRequestFilter.java:116)
	at org.apache.catalina.core.ApplicationFilterChain.internalDoFilter(ApplicationFilterChain.java:164)
	at org.apache.catalina.core.ApplicationFilterChain.doFilter(ApplicationFilterChain.java:140)
	at org.springframework.web.filter.ServerHttpObservationFilter.doFilterInternal(ServerHttpObservationFilter.java:114)
	at org.springframework.web.filter.OncePerRequestFilter.doFilter(OncePerRequestFilter.java:116)
	at org.apache.catalina.core.ApplicationFilterChain.internalDoFilter(ApplicationFilterChain.java:164)
	at org.apache.catalina.core.ApplicationFilterChain.doFilter(ApplicationFilterChain.java:140)
	at org.springframework.web.filter.CharacterEncodingFilter.doFilterInternal(CharacterEncodingFilter.java:201)
	at org.springframework.web.filter.OncePerRequestFilter.doFilter(OncePerRequestFilter.java:116)
	at org.apache.catalina.core.ApplicationFilterChain.internalDoFilter(ApplicationFilterChain.java:164)
	at org.apache.catalina.core.ApplicationFilterChain.doFilter(ApplicationFilterChain.java:140)
	at org.apache.catalina.core.StandardWrapperValve.invoke(StandardWrapperValve.java:167)
	at org.apache.catalina.core.StandardContextValve.invoke(StandardContextValve.java:90)
	at org.apache.catalina.authenticator.AuthenticatorBase.invoke(AuthenticatorBase.java:483)
	at org.apache.catalina.core.StandardHostValve.invoke(StandardHostValve.java:116)
	at org.apache.catalina.valves.ErrorReportValve.invoke(ErrorReportValve.java:93)
	at org.apache.catalina.core.StandardEngineValve.invoke(StandardEngineValve.java:74)
	at org.apache.catalina.connector.CoyoteAdapter.service(CoyoteAdapter.java:344)
	at org.apache.coyote.http11.Http11Processor.service(Http11Processor.java:398)
	at org.apache.coyote.AbstractProcessorLight.process(AbstractProcessorLight.java:63)
	at org.apache.coyote.AbstractProtocol$ConnectionHandler.process(AbstractProtocol.java:903)
	at org.apache.tomcat.util.net.NioEndpoint$SocketProcessor.doRun(NioEndpoint.java:1740)
	at org.apache.tomcat.util.net.SocketProcessorBase.run(SocketProcessorBase.java:52)
	at org.apache.tomcat.util.threads.ThreadPoolExecutor.runWorker(ThreadPoolExecutor.java:1189)
	at org.apache.tomcat.util.threads.ThreadPoolExecutor$Worker.run(ThreadPoolExecutor.java:658)
	at org.apache.tomcat.util.threads.TaskThread$WrappingRunnable.run(TaskThread.java:63)
	at java.base/java.lang.Thread.run(Thread.java:842)
2026-03-15 18:30:50 DEBUG [http-nio-8080-exec-2] o.s.security.web.FilterChainProxy - Securing POST /error
2026-03-15 18:30:50 TRACE [http-nio-8080-exec-2] o.s.s.w.a.logout.LogoutFilter - Did not match request to Or [Ant [pattern='/logout', GET], Ant [pattern='/logout', POST], Ant [pattern='/logout', PUT], Ant [pattern='/logout', DELETE]]
2026-03-15 18:30:50 TRACE [http-nio-8080-exec-2] o.s.s.w.a.AnonymousAuthenticationFilter - Set SecurityContextHolder to AnonymousAuthenticationToken [Principal=anonymousUser, Credentials=[PROTECTED], Authenticated=true, Details=WebAuthenticationDetails [RemoteIpAddress=0:0:0:0:0:0:0:1, SessionId=null], Granted Authorities=[ROLE_ANONYMOUS]]
2026-03-15 18:30:50 DEBUG [http-nio-8080-exec-2] o.s.s.w.a.Http403ForbiddenEntryPoint - Pre-authenticated entry point called. Rejecting access
2026-03-15 18:40:12 DEBUG [http-nio-8080-exec-4] o.s.security.web.FilterChainProxy - Securing POST /api/v1/users/register
2026-03-15 18:40:12 TRACE [http-nio-8080-exec-4] o.s.s.w.a.logout.LogoutFilter - Did not match request to Or [Ant [pattern='/logout', GET], Ant [pattern='/logout', POST], Ant [pattern='/logout', PUT], Ant [pattern='/logout', DELETE]]
2026-03-15 18:40:12 TRACE [http-nio-8080-exec-4] o.s.s.w.a.AnonymousAuthenticationFilter - Did not set SecurityContextHolder since already authenticated UsernamePasswordAuthenticationToken [Principal=com.example.ClinicaDefinitiva.infrastructure.security.adapter.CustomUserDetails@551d9187, Credentials=[PROTECTED], Authenticated=true, Details=null, Granted Authorities=[UPDATE_COMPANY, UPDATE_INVOICE, CREATE_ASSIGNMENT, UPDATE_GUARDIAN, CLONE_ROLE_ROLE, CANCEL_APPOINTMENT, UPDATE_JOURNAL_ENTRY, REVERSE_JOURNAL_ENTRY, CREATE_CONTRACT, DELETE_APPOINTMENT, RESCHEDULE_APPOINTMENT, SET_PERMISSIONS_ROLE, CREATE_PATIENT, READ_USER_IDENTITY, IS_CURRENTLY_ACTIVE_ASSIGNMENT, READ_RATE, ACTIVATE_ROLE_ROLE, DELETE_ROLE_ROLE, READ_APPOINTMENT, READ_DENTIST, CREATE_COMPANY, VIEW_ROLE_ROLE, SCHEDULE_APPOINTMENT, ROLE_RECEPTIONIST, DELETE_INVOICE, CREATE_CUSTOM_ROLE_ROLE, UPDATE_PAYMENT, CREATE_DENTIST, CHECK_PERMISSION_ROLE, READ_PATIENT, READ_ADMINISTRATIVE_REPORT, CREATE_APPOINTMENT, VIEW_ASSIGNMENT_ASSIGNMENT, READ_CONTRACT, DELETE_ADMINISTRATIVE_REPORT, DEACTIVATE_USER_IDENTITY, REVERSE_INVOICE, DEACTIVATE_ROLE_ROLE, APPROVE_INVOICE, READ_PROVIDED_SERVICE, REVOKE_ASSIGNMENT, READ_AVAILABILITY, READ_RECEPTIONIST, DELETE_RATE, UPDATE_PRIMARY_ASSIGNMENT, UPDATE_DENTIST, CREATE_USER_IDENTITY, DELETE_CONTRACT, DELETE_PAYMENT, DELETE_ASSIGNMENT, READ_COMPANY, UPDATE_ADMINISTRATIVE_REPORT, REMOVE_PERMISSION_ROLE, CREATE_PAYMENT, UPDATE_USER_IDENTITY, ADD_PERMISSION_ROLE, READ_GUARDIAN, UPDATE_CONTRACT, DELETE_COMPANY, IS_ACTIVE_AT_ASSIGNMENT, DELETE_DENTIST, READ_ASSIGNMENT, POST_INVOICE, REVOKE_ALL_ASSIGNMENT, CREATE_JOURNAL_ENTRY, CREATE_ADMINISTRATIVE_REPORT, UPDATE_ASSIGNMENT, READ_SHIFT, POST_JOURNAL_ENTRY, CREATE_GUARDIAN, ROLE_ADMINISTRATOR, CREATE_TEMPORARY_ASSIGNMENT, READ_PAYMENT, CREATE_RATE, EXTEND_ASSIGNMENT_ASSIGNMENT, READ_INVOICE, REACTIVATE_USER_IDENTITY, UPDATE_APPOINTMENT, UPDATE_RATE, DELETE_JOURNAL_ENTRY, CREATE_SHIFT, READ_JOURNAL_ENTRY, MARK_DELETED_ROLE_ROLE, CREATE_INVOICE, UPDATE_SHIFT, SUSPEND_ROLE_ROLE, UPDATE_PATIENT, UPDATE_PROVIDED_SERVICE, SUSPEND_USER_IDENTITY]]
2026-03-15 18:40:12 TRACE [http-nio-8080-exec-4] o.s.s.w.a.s.CompositeSessionAuthenticationStrategy - Preparing session with ChangeSessionIdAuthenticationStrategy (1/1)
2026-03-15 18:40:12 DEBUG [http-nio-8080-exec-4] o.s.security.web.FilterChainProxy - Secured POST /api/v1/users/register
2026-03-15 18:40:12 DEBUG [http-nio-8080-exec-4] o.s.web.servlet.DispatcherServlet - POST "/api/v1/users/register", parameters={}
2026-03-15 18:40:12 DEBUG [http-nio-8080-exec-4] o.s.w.s.m.m.a.RequestMappingHandlerMapping - Mapped to com.example.ClinicaDefinitiva.infrastructure.rest.controller.authentication.UserIdentityController#register(CreateUserIdentityRequest, CustomUserDetails)
2026-03-15 18:40:12 DEBUG [http-nio-8080-exec-4] o.s.w.s.m.m.a.RequestResponseBodyMethodProcessor - Read "application/json;charset=UTF-8" to [CreateUserIdentityRequest[email={{randomEmail}}, password=Test123!, name={{randomName}}]]
2026-03-15 18:40:12 DEBUG [http-nio-8080-exec-4] o.s.web.servlet.DispatcherServlet - Failed to complete request: com.example.ClinicaDefinitiva.domain.exceptions.DomainAggregateException: El formato del email no es válido
2026-03-15 18:40:12 ERROR [http-nio-8080-exec-4] o.a.c.c.C.[.[.[.[dispatcherServlet] - Servlet.service() for servlet [dispatcherServlet] in context with path [] threw exception [Request processing failed: com.example.ClinicaDefinitiva.domain.exceptions.DomainAggregateException: El formato del email no es válido] with root cause
com.example.ClinicaDefinitiva.domain.exceptions.DomainAggregateException: El formato del email no es válido
	at com.example.ClinicaDefinitiva.domain.vo.Email.ofOrThrow(Email.java:135)
	at com.example.ClinicaDefinitiva.application.mapper.authentication.UserIdentityWriteMapper.toEmail(UserIdentityWriteMapper.java:18)
	at com.example.ClinicaDefinitiva.application.service.authentication.UserIdentityApplicationService.register(UserIdentityApplicationService.java:192)
	at java.base/jdk.internal.reflect.NativeMethodAccessorImpl.invoke0(Native Method)
	at java.base/jdk.internal.reflect.NativeMethodAccessorImpl.invoke(NativeMethodAccessorImpl.java:77)
	at java.base/jdk.internal.reflect.DelegatingMethodAccessorImpl.invoke(DelegatingMethodAccessorImpl.java:43)
	at java.base/java.lang.reflect.Method.invoke(Method.java:568)
	at org.springframework.aop.support.AopUtils.invokeJoinpointUsingReflection(AopUtils.java:359)
	at org.springframework.aop.framework.ReflectiveMethodInvocation.invokeJoinpoint(ReflectiveMethodInvocation.java:196)
	at org.springframework.aop.framework.ReflectiveMethodInvocation.proceed(ReflectiveMethodInvocation.java:163)
	at org.springframework.aop.aspectj.MethodInvocationProceedingJoinPoint.proceed(MethodInvocationProceedingJoinPoint.java:89)
	at com.example.ClinicaDefinitiva.infrastructure.security.config.AuthorizationAspect.checkPermission(AuthorizationAspect.java:76)
	at java.base/jdk.internal.reflect.NativeMethodAccessorImpl.invoke0(Native Method)
	at java.base/jdk.internal.reflect.NativeMethodAccessorImpl.invoke(NativeMethodAccessorImpl.java:77)
	at java.base/jdk.internal.reflect.DelegatingMethodAccessorImpl.invoke(DelegatingMethodAccessorImpl.java:43)
	at java.base/java.lang.reflect.Method.invoke(Method.java:568)
	at org.springframework.aop.aspectj.AbstractAspectJAdvice.invokeAdviceMethodWithGivenArgs(AbstractAspectJAdvice.java:642)
	at org.springframework.aop.aspectj.AbstractAspectJAdvice.invokeAdviceMethod(AbstractAspectJAdvice.java:632)
	at org.springframework.aop.aspectj.AspectJAroundAdvice.invoke(AspectJAroundAdvice.java:71)
	at org.springframework.aop.framework.ReflectiveMethodInvocation.proceed(ReflectiveMethodInvocation.java:173)
	at org.springframework.transaction.interceptor.TransactionAspectSupport.invokeWithinTransaction(TransactionAspectSupport.java:380)
	at org.springframework.transaction.interceptor.TransactionInterceptor.invoke(TransactionInterceptor.java:119)
	at org.springframework.aop.framework.ReflectiveMethodInvocation.proceed(ReflectiveMethodInvocation.java:184)
	at org.springframework.aop.interceptor.ExposeInvocationInterceptor.invoke(ExposeInvocationInterceptor.java:97)
	at org.springframework.aop.framework.ReflectiveMethodInvocation.proceed(ReflectiveMethodInvocation.java:184)
	at org.springframework.aop.framework.CglibAopProxy$DynamicAdvisedInterceptor.intercept(CglibAopProxy.java:728)
	at com.example.ClinicaDefinitiva.application.service.authentication.UserIdentityApplicationService$$SpringCGLIB$$0.register(<generated>)
	at com.example.ClinicaDefinitiva.infrastructure.rest.controller.authentication.UserIdentityController.register(UserIdentityController.java:144)
	at java.base/jdk.internal.reflect.NativeMethodAccessorImpl.invoke0(Native Method)
	at java.base/jdk.internal.reflect.NativeMethodAccessorImpl.invoke(NativeMethodAccessorImpl.java:77)
	at java.base/jdk.internal.reflect.DelegatingMethodAccessorImpl.invoke(DelegatingMethodAccessorImpl.java:43)
	at java.base/java.lang.reflect.Method.invoke(Method.java:568)
	at org.springframework.aop.support.AopUtils.invokeJoinpointUsingReflection(AopUtils.java:359)
	at org.springframework.aop.framework.ReflectiveMethodInvocation.invokeJoinpoint(ReflectiveMethodInvocation.java:196)
	at org.springframework.aop.framework.ReflectiveMethodInvocation.proceed(ReflectiveMethodInvocation.java:163)
	at org.springframework.validation.beanvalidation.MethodValidationInterceptor.invoke(MethodValidationInterceptor.java:174)
	at org.springframework.aop.framework.ReflectiveMethodInvocation.proceed(ReflectiveMethodInvocation.java:184)
	at org.springframework.aop.framework.CglibAopProxy$DynamicAdvisedInterceptor.intercept(CglibAopProxy.java:728)
	at com.example.ClinicaDefinitiva.infrastructure.rest.controller.authentication.UserIdentityController$$SpringCGLIB$$0.register(<generated>)
	at java.base/jdk.internal.reflect.NativeMethodAccessorImpl.invoke0(Native Method)
	at java.base/jdk.internal.reflect.NativeMethodAccessorImpl.invoke(NativeMethodAccessorImpl.java:77)
	at java.base/jdk.internal.reflect.DelegatingMethodAccessorImpl.invoke(DelegatingMethodAccessorImpl.java:43)
	at java.base/java.lang.reflect.Method.invoke(Method.java:568)
	at org.springframework.web.method.support.InvocableHandlerMethod.doInvoke(InvocableHandlerMethod.java:258)
	at org.springframework.web.method.support.InvocableHandlerMethod.invokeForRequest(InvocableHandlerMethod.java:191)
	at org.springframework.web.servlet.mvc.method.annotation.ServletInvocableHandlerMethod.invokeAndHandle(ServletInvocableHandlerMethod.java:118)
	at org.springframework.web.servlet.mvc.method.annotation.RequestMappingHandlerAdapter.invokeHandlerMethod(RequestMappingHandlerAdapter.java:986)
	at org.springframework.web.servlet.mvc.method.annotation.RequestMappingHandlerAdapter.handleInternal(RequestMappingHandlerAdapter.java:891)
	at org.springframework.web.servlet.mvc.method.AbstractHandlerMethodAdapter.handle(AbstractHandlerMethodAdapter.java:87)
	at org.springframework.web.servlet.DispatcherServlet.doDispatch(DispatcherServlet.java:1089)
	at org.springframework.web.servlet.DispatcherServlet.doService(DispatcherServlet.java:979)
	at org.springframework.web.servlet.FrameworkServlet.processRequest(FrameworkServlet.java:1014)
	at org.springframework.web.servlet.FrameworkServlet.doPost(FrameworkServlet.java:914)
	at jakarta.servlet.http.HttpServlet.service(HttpServlet.java:590)
	at org.springframework.web.servlet.FrameworkServlet.service(FrameworkServlet.java:885)
	at jakarta.servlet.http.HttpServlet.service(HttpServlet.java:658)
	at org.apache.catalina.core.ApplicationFilterChain.internalDoFilter(ApplicationFilterChain.java:195)
	at org.apache.catalina.core.ApplicationFilterChain.doFilter(ApplicationFilterChain.java:140)
	at org.apache.tomcat.websocket.server.WsFilter.doFilter(WsFilter.java:51)
	at org.apache.catalina.core.ApplicationFilterChain.internalDoFilter(ApplicationFilterChain.java:164)
	at org.apache.catalina.core.ApplicationFilterChain.doFilter(ApplicationFilterChain.java:140)
	at com.example.ClinicaDefinitiva.util.RequestIdFilter.doFilterInternal(RequestIdFilter.java:76)
	at org.springframework.web.filter.OncePerRequestFilter.doFilter(OncePerRequestFilter.java:116)
	at org.apache.catalina.core.ApplicationFilterChain.internalDoFilter(ApplicationFilterChain.java:164)
	at org.apache.catalina.core.ApplicationFilterChain.doFilter(ApplicationFilterChain.java:140)
	at org.springframework.web.filter.CompositeFilter$VirtualFilterChain.doFilter(CompositeFilter.java:108)
	at org.springframework.web.filter.CompositeFilter$VirtualFilterChain.doFilter(CompositeFilter.java:108)
	at org.springframework.security.web.FilterChainProxy.lambda$doFilterInternal$3(FilterChainProxy.java:231)
	at org.springframework.security.web.ObservationFilterChainDecorator$FilterObservation$SimpleFilterObservation.lambda$wrap$1(ObservationFilterChainDecorator.java:479)
	at org.springframework.security.web.ObservationFilterChainDecorator$AroundFilterObservation$SimpleAroundFilterObservation.lambda$wrap$1(ObservationFilterChainDecorator.java:340)
	at org.springframework.security.web.ObservationFilterChainDecorator.lambda$wrapSecured$0(ObservationFilterChainDecorator.java:82)
	at org.springframework.security.web.ObservationFilterChainDecorator$VirtualFilterChain.doFilter(ObservationFilterChainDecorator.java:128)
	at org.springframework.security.web.access.intercept.AuthorizationFilter.doFilter(AuthorizationFilter.java:101)
	at org.springframework.security.web.ObservationFilterChainDecorator$ObservationFilter.wrapFilter(ObservationFilterChainDecorator.java:240)
	at org.springframework.security.web.ObservationFilterChainDecorator$ObservationFilter.doFilter(ObservationFilterChainDecorator.java:227)
	at org.springframework.security.web.ObservationFilterChainDecorator$VirtualFilterChain.doFilter(ObservationFilterChainDecorator.java:137)
	at org.springframework.security.web.access.ExceptionTranslationFilter.doFilter(ExceptionTranslationFilter.java:125)
	at org.springframework.security.web.access.ExceptionTranslationFilter.doFilter(ExceptionTranslationFilter.java:119)
	at org.springframework.security.web.ObservationFilterChainDecorator$ObservationFilter.wrapFilter(ObservationFilterChainDecorator.java:240)
	at org.springframework.security.web.ObservationFilterChainDecorator$ObservationFilter.doFilter(ObservationFilterChainDecorator.java:227)
	at org.springframework.security.web.ObservationFilterChainDecorator$VirtualFilterChain.doFilter(ObservationFilterChainDecorator.java:137)
	at org.springframework.security.web.session.SessionManagementFilter.doFilter(SessionManagementFilter.java:131)
	at org.springframework.security.web.session.SessionManagementFilter.doFilter(SessionManagementFilter.java:85)
	at org.springframework.security.web.ObservationFilterChainDecorator$ObservationFilter.wrapFilter(ObservationFilterChainDecorator.java:240)
	at org.springframework.security.web.ObservationFilterChainDecorator$ObservationFilter.doFilter(ObservationFilterChainDecorator.java:227)
	at org.springframework.security.web.ObservationFilterChainDecorator$VirtualFilterChain.doFilter(ObservationFilterChainDecorator.java:137)
	at org.springframework.security.web.authentication.AnonymousAuthenticationFilter.doFilter(AnonymousAuthenticationFilter.java:100)
	at org.springframework.security.web.ObservationFilterChainDecorator$ObservationFilter.wrapFilter(ObservationFilterChainDecorator.java:240)
	at org.springframework.security.web.ObservationFilterChainDecorator$ObservationFilter.doFilter(ObservationFilterChainDecorator.java:227)
	at org.springframework.security.web.ObservationFilterChainDecorator$VirtualFilterChain.doFilter(ObservationFilterChainDecorator.java:137)
	at org.springframework.security.web.servletapi.SecurityContextHolderAwareRequestFilter.doFilter(SecurityContextHolderAwareRequestFilter.java:179)
	at org.springframework.security.web.ObservationFilterChainDecorator$ObservationFilter.wrapFilter(ObservationFilterChainDecorator.java:240)
	at org.springframework.security.web.ObservationFilterChainDecorator$ObservationFilter.doFilter(ObservationFilterChainDecorator.java:227)
	at org.springframework.security.web.ObservationFilterChainDecorator$VirtualFilterChain.doFilter(ObservationFilterChainDecorator.java:137)
	at org.springframework.security.web.savedrequest.RequestCacheAwareFilter.doFilter(RequestCacheAwareFilter.java:63)
	at org.springframework.security.web.ObservationFilterChainDecorator$ObservationFilter.wrapFilter(ObservationFilterChainDecorator.java:240)
	at org.springframework.security.web.ObservationFilterChainDecorator$ObservationFilter.doFilter(ObservationFilterChainDecorator.java:227)
	at org.springframework.security.web.ObservationFilterChainDecorator$VirtualFilterChain.doFilter(ObservationFilterChainDecorator.java:137)
	at com.example.ClinicaDefinitiva.infrastructure.security.filter.JwtAuthenticationFilter.doFilterInternal(JwtAuthenticationFilter.java:40)
	at org.springframework.web.filter.OncePerRequestFilter.doFilter(OncePerRequestFilter.java:116)
	at org.springframework.security.web.ObservationFilterChainDecorator$ObservationFilter.wrapFilter(ObservationFilterChainDecorator.java:240)
	at org.springframework.security.web.ObservationFilterChainDecorator$ObservationFilter.doFilter(ObservationFilterChainDecorator.java:227)
	at org.springframework.security.web.ObservationFilterChainDecorator$VirtualFilterChain.doFilter(ObservationFilterChainDecorator.java:137)
	at org.springframework.security.web.authentication.logout.LogoutFilter.doFilter(LogoutFilter.java:107)
	at org.springframework.security.web.authentication.logout.LogoutFilter.doFilter(LogoutFilter.java:93)
	at org.springframework.security.web.ObservationFilterChainDecorator$ObservationFilter.wrapFilter(ObservationFilterChainDecorator.java:240)
	at org.springframework.security.web.ObservationFilterChainDecorator$ObservationFilter.doFilter(ObservationFilterChainDecorator.java:227)
	at org.springframework.security.web.ObservationFilterChainDecorator$VirtualFilterChain.doFilter(ObservationFilterChainDecorator.java:137)
	at org.springframework.security.web.header.HeaderWriterFilter.doHeadersAfter(HeaderWriterFilter.java:90)
	at org.springframework.security.web.header.HeaderWriterFilter.doFilterInternal(HeaderWriterFilter.java:75)
	at org.springframework.web.filter.OncePerRequestFilter.doFilter(OncePerRequestFilter.java:116)
	at org.springframework.security.web.ObservationFilterChainDecorator$ObservationFilter.wrapFilter(ObservationFilterChainDecorator.java:240)
	at org.springframework.security.web.ObservationFilterChainDecorator$ObservationFilter.doFilter(ObservationFilterChainDecorator.java:227)
	at org.springframework.security.web.ObservationFilterChainDecorator$VirtualFilterChain.doFilter(ObservationFilterChainDecorator.java:137)
	at org.springframework.security.web.context.SecurityContextHolderFilter.doFilter(SecurityContextHolderFilter.java:82)
	at org.springframework.security.web.context.SecurityContextHolderFilter.doFilter(SecurityContextHolderFilter.java:69)
	at org.springframework.security.web.ObservationFilterChainDecorator$ObservationFilter.wrapFilter(ObservationFilterChainDecorator.java:240)
	at org.springframework.security.web.ObservationFilterChainDecorator$ObservationFilter.doFilter(ObservationFilterChainDecorator.java:227)
	at org.springframework.security.web.ObservationFilterChainDecorator$VirtualFilterChain.doFilter(ObservationFilterChainDecorator.java:137)
	at org.springframework.security.web.context.request.async.WebAsyncManagerIntegrationFilter.doFilterInternal(WebAsyncManagerIntegrationFilter.java:62)
	at org.springframework.web.filter.OncePerRequestFilter.doFilter(OncePerRequestFilter.java:116)
	at org.springframework.security.web.ObservationFilterChainDecorator$ObservationFilter.wrapFilter(ObservationFilterChainDecorator.java:240)
	at org.springframework.security.web.ObservationFilterChainDecorator$ObservationFilter.doFilter(ObservationFilterChainDecorator.java:227)
	at org.springframework.security.web.ObservationFilterChainDecorator$VirtualFilterChain.doFilter(ObservationFilterChainDecorator.java:137)
	at org.springframework.security.web.session.DisableEncodeUrlFilter.doFilterInternal(DisableEncodeUrlFilter.java:42)
	at org.springframework.web.filter.OncePerRequestFilter.doFilter(OncePerRequestFilter.java:116)
	at org.springframework.security.web.ObservationFilterChainDecorator$ObservationFilter.wrapFilter(ObservationFilterChainDecorator.java:240)
	at org.springframework.security.web.ObservationFilterChainDecorator$AroundFilterObservation$SimpleAroundFilterObservation.lambda$wrap$0(ObservationFilterChainDecorator.java:323)
	at org.springframework.security.web.ObservationFilterChainDecorator$ObservationFilter.doFilter(ObservationFilterChainDecorator.java:224)
	at org.springframework.security.web.ObservationFilterChainDecorator$VirtualFilterChain.doFilter(ObservationFilterChainDecorator.java:137)
	at org.springframework.security.web.FilterChainProxy.doFilterInternal(FilterChainProxy.java:233)
	at org.springframework.security.web.FilterChainProxy.doFilter(FilterChainProxy.java:191)
	at org.springframework.web.filter.CompositeFilter$VirtualFilterChain.doFilter(CompositeFilter.java:113)
	at org.springframework.web.filter.ServletRequestPathFilter.doFilter(ServletRequestPathFilter.java:52)
	at org.springframework.web.filter.CompositeFilter$VirtualFilterChain.doFilter(CompositeFilter.java:113)
	at org.springframework.web.filter.CompositeFilter.doFilter(CompositeFilter.java:74)
	at org.springframework.security.config.annotation.web.configuration.WebSecurityConfiguration$CompositeFilterChainProxy.doFilter(WebSecurityConfiguration.java:319)
	at org.springframework.web.filter.CompositeFilter$VirtualFilterChain.doFilter(CompositeFilter.java:113)
	at org.springframework.web.servlet.handler.HandlerMappingIntrospector.lambda$createCacheFilter$3(HandlerMappingIntrospector.java:243)
	at org.springframework.web.filter.CompositeFilter$VirtualFilterChain.doFilter(CompositeFilter.java:113)
	at org.springframework.web.filter.CompositeFilter.doFilter(CompositeFilter.java:74)
	at org.springframework.security.config.annotation.web.configuration.WebMvcSecurityConfiguration$CompositeFilterChainProxy.doFilter(WebMvcSecurityConfiguration.java:240)
	at org.springframework.web.filter.DelegatingFilterProxy.invokeDelegate(DelegatingFilterProxy.java:362)
	at org.springframework.web.filter.DelegatingFilterProxy.doFilter(DelegatingFilterProxy.java:278)
	at org.apache.catalina.core.ApplicationFilterChain.internalDoFilter(ApplicationFilterChain.java:164)
	at org.apache.catalina.core.ApplicationFilterChain.doFilter(ApplicationFilterChain.java:140)
	at org.springframework.web.filter.RequestContextFilter.doFilterInternal(RequestContextFilter.java:100)
	at org.springframework.web.filter.OncePerRequestFilter.doFilter(OncePerRequestFilter.java:116)
	at org.apache.catalina.core.ApplicationFilterChain.internalDoFilter(ApplicationFilterChain.java:164)
	at org.apache.catalina.core.ApplicationFilterChain.doFilter(ApplicationFilterChain.java:140)
	at org.springframework.web.filter.FormContentFilter.doFilterInternal(FormContentFilter.java:93)
	at org.springframework.web.filter.OncePerRequestFilter.doFilter(OncePerRequestFilter.java:116)
	at org.apache.catalina.core.ApplicationFilterChain.internalDoFilter(ApplicationFilterChain.java:164)
	at org.apache.catalina.core.ApplicationFilterChain.doFilter(ApplicationFilterChain.java:140)
	at org.springframework.web.filter.ServerHttpObservationFilter.doFilterInternal(ServerHttpObservationFilter.java:114)
	at org.springframework.web.filter.OncePerRequestFilter.doFilter(OncePerRequestFilter.java:116)
	at org.apache.catalina.core.ApplicationFilterChain.internalDoFilter(ApplicationFilterChain.java:164)
	at org.apache.catalina.core.ApplicationFilterChain.doFilter(ApplicationFilterChain.java:140)
	at org.springframework.web.filter.CharacterEncodingFilter.doFilterInternal(CharacterEncodingFilter.java:201)
	at org.springframework.web.filter.OncePerRequestFilter.doFilter(OncePerRequestFilter.java:116)
	at org.apache.catalina.core.ApplicationFilterChain.internalDoFilter(ApplicationFilterChain.java:164)
	at org.apache.catalina.core.ApplicationFilterChain.doFilter(ApplicationFilterChain.java:140)
	at org.apache.catalina.core.StandardWrapperValve.invoke(StandardWrapperValve.java:167)
	at org.apache.catalina.core.StandardContextValve.invoke(StandardContextValve.java:90)
	at org.apache.catalina.authenticator.AuthenticatorBase.invoke(AuthenticatorBase.java:483)
	at org.apache.catalina.core.StandardHostValve.invoke(StandardHostValve.java:116)
	at org.apache.catalina.valves.ErrorReportValve.invoke(ErrorReportValve.java:93)
	at org.apache.catalina.core.StandardEngineValve.invoke(StandardEngineValve.java:74)
	at org.apache.catalina.connector.CoyoteAdapter.service(CoyoteAdapter.java:344)
	at org.apache.coyote.http11.Http11Processor.service(Http11Processor.java:398)
	at org.apache.coyote.AbstractProcessorLight.process(AbstractProcessorLight.java:63)
	at org.apache.coyote.AbstractProtocol$ConnectionHandler.process(AbstractProtocol.java:903)
	at org.apache.tomcat.util.net.NioEndpoint$SocketProcessor.doRun(NioEndpoint.java:1740)
	at org.apache.tomcat.util.net.SocketProcessorBase.run(SocketProcessorBase.java:52)
	at org.apache.tomcat.util.threads.ThreadPoolExecutor.runWorker(ThreadPoolExecutor.java:1189)
	at org.apache.tomcat.util.threads.ThreadPoolExecutor$Worker.run(ThreadPoolExecutor.java:658)
	at org.apache.tomcat.util.threads.TaskThread$WrappingRunnable.run(TaskThread.java:63)
	at java.base/java.lang.Thread.run(Thread.java:842)
2026-03-15 18:40:12 DEBUG [http-nio-8080-exec-4] o.s.security.web.FilterChainProxy - Securing POST /error
2026-03-15 18:40:12 TRACE [http-nio-8080-exec-4] o.s.s.w.a.logout.LogoutFilter - Did not match request to Or [Ant [pattern='/logout', GET], Ant [pattern='/logout', POST], Ant [pattern='/logout', PUT], Ant [pattern='/logout', DELETE]]
2026-03-15 18:40:12 TRACE [http-nio-8080-exec-4] o.s.s.w.a.AnonymousAuthenticationFilter - Set SecurityContextHolder to AnonymousAuthenticationToken [Principal=anonymousUser, Credentials=[PROTECTED], Authenticated=true, Details=WebAuthenticationDetails [RemoteIpAddress=0:0:0:0:0:0:0:1, SessionId=null], Granted Authorities=[ROLE_ANONYMOUS]]
2026-03-15 18:40:12 DEBUG [http-nio-8080-exec-4] o.s.s.w.a.Http403ForbiddenEntryPoint - Pre-authenticated entry point called. Rejecting access
2026-03-15 18:44:31 DEBUG [http-nio-8080-exec-7] o.s.security.web.FilterChainProxy - Securing POST /api/v1/users/register
2026-03-15 18:44:31 TRACE [http-nio-8080-exec-7] o.s.s.w.a.logout.LogoutFilter - Did not match request to Or [Ant [pattern='/logout', GET], Ant [pattern='/logout', POST], Ant [pattern='/logout', PUT], Ant [pattern='/logout', DELETE]]
2026-03-15 18:44:31 TRACE [http-nio-8080-exec-7] o.s.s.w.a.AnonymousAuthenticationFilter - Did not set SecurityContextHolder since already authenticated UsernamePasswordAuthenticationToken [Principal=com.example.ClinicaDefinitiva.infrastructure.security.adapter.CustomUserDetails@4b5ea4d2, Credentials=[PROTECTED], Authenticated=true, Details=null, Granted Authorities=[UPDATE_COMPANY, UPDATE_INVOICE, CREATE_ASSIGNMENT, UPDATE_GUARDIAN, CLONE_ROLE_ROLE, CANCEL_APPOINTMENT, UPDATE_JOURNAL_ENTRY, REVERSE_JOURNAL_ENTRY, CREATE_CONTRACT, DELETE_APPOINTMENT, RESCHEDULE_APPOINTMENT, SET_PERMISSIONS_ROLE, CREATE_PATIENT, READ_USER_IDENTITY, IS_CURRENTLY_ACTIVE_ASSIGNMENT, READ_RATE, ACTIVATE_ROLE_ROLE, DELETE_ROLE_ROLE, READ_APPOINTMENT, READ_DENTIST, CREATE_COMPANY, VIEW_ROLE_ROLE, SCHEDULE_APPOINTMENT, ROLE_RECEPTIONIST, DELETE_INVOICE, CREATE_CUSTOM_ROLE_ROLE, UPDATE_PAYMENT, CREATE_DENTIST, CHECK_PERMISSION_ROLE, READ_PATIENT, READ_ADMINISTRATIVE_REPORT, CREATE_APPOINTMENT, VIEW_ASSIGNMENT_ASSIGNMENT, READ_CONTRACT, DELETE_ADMINISTRATIVE_REPORT, DEACTIVATE_USER_IDENTITY, REVERSE_INVOICE, DEACTIVATE_ROLE_ROLE, APPROVE_INVOICE, READ_PROVIDED_SERVICE, REVOKE_ASSIGNMENT, READ_AVAILABILITY, READ_RECEPTIONIST, DELETE_RATE, UPDATE_PRIMARY_ASSIGNMENT, UPDATE_DENTIST, CREATE_USER_IDENTITY, DELETE_CONTRACT, DELETE_PAYMENT, DELETE_ASSIGNMENT, READ_COMPANY, UPDATE_ADMINISTRATIVE_REPORT, REMOVE_PERMISSION_ROLE, CREATE_PAYMENT, UPDATE_USER_IDENTITY, ADD_PERMISSION_ROLE, READ_GUARDIAN, UPDATE_CONTRACT, DELETE_COMPANY, IS_ACTIVE_AT_ASSIGNMENT, DELETE_DENTIST, READ_ASSIGNMENT, POST_INVOICE, REVOKE_ALL_ASSIGNMENT, CREATE_JOURNAL_ENTRY, CREATE_ADMINISTRATIVE_REPORT, UPDATE_ASSIGNMENT, READ_SHIFT, POST_JOURNAL_ENTRY, CREATE_GUARDIAN, ROLE_ADMINISTRATOR, CREATE_TEMPORARY_ASSIGNMENT, READ_PAYMENT, CREATE_RATE, EXTEND_ASSIGNMENT_ASSIGNMENT, READ_INVOICE, REACTIVATE_USER_IDENTITY, UPDATE_APPOINTMENT, UPDATE_RATE, DELETE_JOURNAL_ENTRY, CREATE_SHIFT, READ_JOURNAL_ENTRY, MARK_DELETED_ROLE_ROLE, CREATE_INVOICE, UPDATE_SHIFT, SUSPEND_ROLE_ROLE, UPDATE_PATIENT, UPDATE_PROVIDED_SERVICE, SUSPEND_USER_IDENTITY]]
2026-03-15 18:44:31 TRACE [http-nio-8080-exec-7] o.s.s.w.a.s.CompositeSessionAuthenticationStrategy - Preparing session with ChangeSessionIdAuthenticationStrategy (1/1)
2026-03-15 18:44:31 DEBUG [http-nio-8080-exec-7] o.s.security.web.FilterChainProxy - Secured POST /api/v1/users/register
2026-03-15 18:44:31 DEBUG [http-nio-8080-exec-7] o.s.web.servlet.DispatcherServlet - POST "/api/v1/users/register", parameters={}
2026-03-15 18:44:31 DEBUG [http-nio-8080-exec-7] o.s.w.s.m.m.a.RequestMappingHandlerMapping - Mapped to com.example.ClinicaDefinitiva.infrastructure.rest.controller.authentication.UserIdentityController#register(CreateUserIdentityRequest, CustomUserDetails)
2026-03-15 18:44:31 DEBUG [http-nio-8080-exec-7] o.s.w.s.m.m.a.RequestResponseBodyMethodProcessor - Read "application/json;charset=UTF-8" to [CreateUserIdentityRequest[email={{randomEmail}}, password=Test123!, name={{randomName}}]]
2026-03-15 18:44:31 DEBUG [http-nio-8080-exec-7] o.s.web.servlet.DispatcherServlet - Failed to complete request: com.example.ClinicaDefinitiva.domain.exceptions.DomainAggregateException: El formato del email no es válido
2026-03-15 18:44:31 ERROR [http-nio-8080-exec-7] o.a.c.c.C.[.[.[.[dispatcherServlet] - Servlet.service() for servlet [dispatcherServlet] in context with path [] threw exception [Request processing failed: com.example.ClinicaDefinitiva.domain.exceptions.DomainAggregateException: El formato del email no es válido] with root cause
com.example.ClinicaDefinitiva.domain.exceptions.DomainAggregateException: El formato del email no es válido
	at com.example.ClinicaDefinitiva.domain.vo.Email.ofOrThrow(Email.java:135)
	at com.example.ClinicaDefinitiva.application.mapper.authentication.UserIdentityWriteMapper.toEmail(UserIdentityWriteMapper.java:18)
	at com.example.ClinicaDefinitiva.application.service.authentication.UserIdentityApplicationService.register(UserIdentityApplicationService.java:192)
	at java.base/jdk.internal.reflect.NativeMethodAccessorImpl.invoke0(Native Method)
	at java.base/jdk.internal.reflect.NativeMethodAccessorImpl.invoke(NativeMethodAccessorImpl.java:77)
	at java.base/jdk.internal.reflect.DelegatingMethodAccessorImpl.invoke(DelegatingMethodAccessorImpl.java:43)
	at java.base/java.lang.reflect.Method.invoke(Method.java:568)
	at org.springframework.aop.support.AopUtils.invokeJoinpointUsingReflection(AopUtils.java:359)
	at org.springframework.aop.framework.ReflectiveMethodInvocation.invokeJoinpoint(ReflectiveMethodInvocation.java:196)
	at org.springframework.aop.framework.ReflectiveMethodInvocation.proceed(ReflectiveMethodInvocation.java:163)
	at org.springframework.aop.aspectj.MethodInvocationProceedingJoinPoint.proceed(MethodInvocationProceedingJoinPoint.java:89)
	at com.example.ClinicaDefinitiva.infrastructure.security.config.AuthorizationAspect.checkPermission(AuthorizationAspect.java:76)
	at java.base/jdk.internal.reflect.NativeMethodAccessorImpl.invoke0(Native Method)
	at java.base/jdk.internal.reflect.NativeMethodAccessorImpl.invoke(NativeMethodAccessorImpl.java:77)
	at java.base/jdk.internal.reflect.DelegatingMethodAccessorImpl.invoke(DelegatingMethodAccessorImpl.java:43)
	at java.base/java.lang.reflect.Method.invoke(Method.java:568)
	at org.springframework.aop.aspectj.AbstractAspectJAdvice.invokeAdviceMethodWithGivenArgs(AbstractAspectJAdvice.java:642)
	at org.springframework.aop.aspectj.AbstractAspectJAdvice.invokeAdviceMethod(AbstractAspectJAdvice.java:632)
	at org.springframework.aop.aspectj.AspectJAroundAdvice.invoke(AspectJAroundAdvice.java:71)
	at org.springframework.aop.framework.ReflectiveMethodInvocation.proceed(ReflectiveMethodInvocation.java:173)
	at org.springframework.transaction.interceptor.TransactionAspectSupport.invokeWithinTransaction(TransactionAspectSupport.java:380)
	at org.springframework.transaction.interceptor.TransactionInterceptor.invoke(TransactionInterceptor.java:119)
	at org.springframework.aop.framework.ReflectiveMethodInvocation.proceed(ReflectiveMethodInvocation.java:184)
	at org.springframework.aop.interceptor.ExposeInvocationInterceptor.invoke(ExposeInvocationInterceptor.java:97)
	at org.springframework.aop.framework.ReflectiveMethodInvocation.proceed(ReflectiveMethodInvocation.java:184)
	at org.springframework.aop.framework.CglibAopProxy$DynamicAdvisedInterceptor.intercept(CglibAopProxy.java:728)
	at com.example.ClinicaDefinitiva.application.service.authentication.UserIdentityApplicationService$$SpringCGLIB$$0.register(<generated>)
	at com.example.ClinicaDefinitiva.infrastructure.rest.controller.authentication.UserIdentityController.register(UserIdentityController.java:144)
	at java.base/jdk.internal.reflect.NativeMethodAccessorImpl.invoke0(Native Method)
	at java.base/jdk.internal.reflect.NativeMethodAccessorImpl.invoke(NativeMethodAccessorImpl.java:77)
	at java.base/jdk.internal.reflect.DelegatingMethodAccessorImpl.invoke(DelegatingMethodAccessorImpl.java:43)
	at java.base/java.lang.reflect.Method.invoke(Method.java:568)
	at org.springframework.aop.support.AopUtils.invokeJoinpointUsingReflection(AopUtils.java:359)
	at org.springframework.aop.framework.ReflectiveMethodInvocation.invokeJoinpoint(ReflectiveMethodInvocation.java:196)
	at org.springframework.aop.framework.ReflectiveMethodInvocation.proceed(ReflectiveMethodInvocation.java:163)
	at org.springframework.validation.beanvalidation.MethodValidationInterceptor.invoke(MethodValidationInterceptor.java:174)
	at org.springframework.aop.framework.ReflectiveMethodInvocation.proceed(ReflectiveMethodInvocation.java:184)
	at org.springframework.aop.framework.CglibAopProxy$DynamicAdvisedInterceptor.intercept(CglibAopProxy.java:728)
	at com.example.ClinicaDefinitiva.infrastructure.rest.controller.authentication.UserIdentityController$$SpringCGLIB$$0.register(<generated>)
	at java.base/jdk.internal.reflect.NativeMethodAccessorImpl.invoke0(Native Method)
	at java.base/jdk.internal.reflect.NativeMethodAccessorImpl.invoke(NativeMethodAccessorImpl.java:77)
	at java.base/jdk.internal.reflect.DelegatingMethodAccessorImpl.invoke(DelegatingMethodAccessorImpl.java:43)
	at java.base/java.lang.reflect.Method.invoke(Method.java:568)
	at org.springframework.web.method.support.InvocableHandlerMethod.doInvoke(InvocableHandlerMethod.java:258)
	at org.springframework.web.method.support.InvocableHandlerMethod.invokeForRequest(InvocableHandlerMethod.java:191)
	at org.springframework.web.servlet.mvc.method.annotation.ServletInvocableHandlerMethod.invokeAndHandle(ServletInvocableHandlerMethod.java:118)
	at org.springframework.web.servlet.mvc.method.annotation.RequestMappingHandlerAdapter.invokeHandlerMethod(RequestMappingHandlerAdapter.java:986)
	at org.springframework.web.servlet.mvc.method.annotation.RequestMappingHandlerAdapter.handleInternal(RequestMappingHandlerAdapter.java:891)
	at org.springframework.web.servlet.mvc.method.AbstractHandlerMethodAdapter.handle(AbstractHandlerMethodAdapter.java:87)
	at org.springframework.web.servlet.DispatcherServlet.doDispatch(DispatcherServlet.java:1089)
	at org.springframework.web.servlet.DispatcherServlet.doService(DispatcherServlet.java:979)
	at org.springframework.web.servlet.FrameworkServlet.processRequest(FrameworkServlet.java:1014)
	at org.springframework.web.servlet.FrameworkServlet.doPost(FrameworkServlet.java:914)
	at jakarta.servlet.http.HttpServlet.service(HttpServlet.java:590)
	at org.springframework.web.servlet.FrameworkServlet.service(FrameworkServlet.java:885)
	at jakarta.servlet.http.HttpServlet.service(HttpServlet.java:658)
	at org.apache.catalina.core.ApplicationFilterChain.internalDoFilter(ApplicationFilterChain.java:195)
	at org.apache.catalina.core.ApplicationFilterChain.doFilter(ApplicationFilterChain.java:140)
	at org.apache.tomcat.websocket.server.WsFilter.doFilter(WsFilter.java:51)
	at org.apache.catalina.core.ApplicationFilterChain.internalDoFilter(ApplicationFilterChain.java:164)
	at org.apache.catalina.core.ApplicationFilterChain.doFilter(ApplicationFilterChain.java:140)
	at com.example.ClinicaDefinitiva.util.RequestIdFilter.doFilterInternal(RequestIdFilter.java:76)
	at org.springframework.web.filter.OncePerRequestFilter.doFilter(OncePerRequestFilter.java:116)
	at org.apache.catalina.core.ApplicationFilterChain.internalDoFilter(ApplicationFilterChain.java:164)
	at org.apache.catalina.core.ApplicationFilterChain.doFilter(ApplicationFilterChain.java:140)
	at org.springframework.web.filter.CompositeFilter$VirtualFilterChain.doFilter(CompositeFilter.java:108)
	at org.springframework.web.filter.CompositeFilter$VirtualFilterChain.doFilter(CompositeFilter.java:108)
	at org.springframework.security.web.FilterChainProxy.lambda$doFilterInternal$3(FilterChainProxy.java:231)
	at org.springframework.security.web.ObservationFilterChainDecorator$FilterObservation$SimpleFilterObservation.lambda$wrap$1(ObservationFilterChainDecorator.java:479)
	at org.springframework.security.web.ObservationFilterChainDecorator$AroundFilterObservation$SimpleAroundFilterObservation.lambda$wrap$1(ObservationFilterChainDecorator.java:340)
	at org.springframework.security.web.ObservationFilterChainDecorator.lambda$wrapSecured$0(ObservationFilterChainDecorator.java:82)
	at org.springframework.security.web.ObservationFilterChainDecorator$VirtualFilterChain.doFilter(ObservationFilterChainDecorator.java:128)
	at org.springframework.security.web.access.intercept.AuthorizationFilter.doFilter(AuthorizationFilter.java:101)
	at org.springframework.security.web.ObservationFilterChainDecorator$ObservationFilter.wrapFilter(ObservationFilterChainDecorator.java:240)
	at org.springframework.security.web.ObservationFilterChainDecorator$ObservationFilter.doFilter(ObservationFilterChainDecorator.java:227)
	at org.springframework.security.web.ObservationFilterChainDecorator$VirtualFilterChain.doFilter(ObservationFilterChainDecorator.java:137)
	at org.springframework.security.web.access.ExceptionTranslationFilter.doFilter(ExceptionTranslationFilter.java:125)
	at org.springframework.security.web.access.ExceptionTranslationFilter.doFilter(ExceptionTranslationFilter.java:119)
	at org.springframework.security.web.ObservationFilterChainDecorator$ObservationFilter.wrapFilter(ObservationFilterChainDecorator.java:240)
	at org.springframework.security.web.ObservationFilterChainDecorator$ObservationFilter.doFilter(ObservationFilterChainDecorator.java:227)
	at org.springframework.security.web.ObservationFilterChainDecorator$VirtualFilterChain.doFilter(ObservationFilterChainDecorator.java:137)
	at org.springframework.security.web.session.SessionManagementFilter.doFilter(SessionManagementFilter.java:131)
	at org.springframework.security.web.session.SessionManagementFilter.doFilter(SessionManagementFilter.java:85)
	at org.springframework.security.web.ObservationFilterChainDecorator$ObservationFilter.wrapFilter(ObservationFilterChainDecorator.java:240)
	at org.springframework.security.web.ObservationFilterChainDecorator$ObservationFilter.doFilter(ObservationFilterChainDecorator.java:227)
	at org.springframework.security.web.ObservationFilterChainDecorator$VirtualFilterChain.doFilter(ObservationFilterChainDecorator.java:137)
	at org.springframework.security.web.authentication.AnonymousAuthenticationFilter.doFilter(AnonymousAuthenticationFilter.java:100)
	at org.springframework.security.web.ObservationFilterChainDecorator$ObservationFilter.wrapFilter(ObservationFilterChainDecorator.java:240)
	at org.springframework.security.web.ObservationFilterChainDecorator$ObservationFilter.doFilter(ObservationFilterChainDecorator.java:227)
	at org.springframework.security.web.ObservationFilterChainDecorator$VirtualFilterChain.doFilter(ObservationFilterChainDecorator.java:137)
	at org.springframework.security.web.servletapi.SecurityContextHolderAwareRequestFilter.doFilter(SecurityContextHolderAwareRequestFilter.java:179)
	at org.springframework.security.web.ObservationFilterChainDecorator$ObservationFilter.wrapFilter(ObservationFilterChainDecorator.java:240)
	at org.springframework.security.web.ObservationFilterChainDecorator$ObservationFilter.doFilter(ObservationFilterChainDecorator.java:227)
	at org.springframework.security.web.ObservationFilterChainDecorator$VirtualFilterChain.doFilter(ObservationFilterChainDecorator.java:137)
	at org.springframework.security.web.savedrequest.RequestCacheAwareFilter.doFilter(RequestCacheAwareFilter.java:63)
	at org.springframework.security.web.ObservationFilterChainDecorator$ObservationFilter.wrapFilter(ObservationFilterChainDecorator.java:240)
	at org.springframework.security.web.ObservationFilterChainDecorator$ObservationFilter.doFilter(ObservationFilterChainDecorator.java:227)
	at org.springframework.security.web.ObservationFilterChainDecorator$VirtualFilterChain.doFilter(ObservationFilterChainDecorator.java:137)
	at com.example.ClinicaDefinitiva.infrastructure.security.filter.JwtAuthenticationFilter.doFilterInternal(JwtAuthenticationFilter.java:40)
	at org.springframework.web.filter.OncePerRequestFilter.doFilter(OncePerRequestFilter.java:116)
	at org.springframework.security.web.ObservationFilterChainDecorator$ObservationFilter.wrapFilter(ObservationFilterChainDecorator.java:240)
	at org.springframework.security.web.ObservationFilterChainDecorator$ObservationFilter.doFilter(ObservationFilterChainDecorator.java:227)
	at org.springframework.security.web.ObservationFilterChainDecorator$VirtualFilterChain.doFilter(ObservationFilterChainDecorator.java:137)
	at org.springframework.security.web.authentication.logout.LogoutFilter.doFilter(LogoutFilter.java:107)
	at org.springframework.security.web.authentication.logout.LogoutFilter.doFilter(LogoutFilter.java:93)
	at org.springframework.security.web.ObservationFilterChainDecorator$ObservationFilter.wrapFilter(ObservationFilterChainDecorator.java:240)
	at org.springframework.security.web.ObservationFilterChainDecorator$ObservationFilter.doFilter(ObservationFilterChainDecorator.java:227)
	at org.springframework.security.web.ObservationFilterChainDecorator$VirtualFilterChain.doFilter(ObservationFilterChainDecorator.java:137)
	at org.springframework.security.web.header.HeaderWriterFilter.doHeadersAfter(HeaderWriterFilter.java:90)
	at org.springframework.security.web.header.HeaderWriterFilter.doFilterInternal(HeaderWriterFilter.java:75)
	at org.springframework.web.filter.OncePerRequestFilter.doFilter(OncePerRequestFilter.java:116)
	at org.springframework.security.web.ObservationFilterChainDecorator$ObservationFilter.wrapFilter(ObservationFilterChainDecorator.java:240)
	at org.springframework.security.web.ObservationFilterChainDecorator$ObservationFilter.doFilter(ObservationFilterChainDecorator.java:227)
	at org.springframework.security.web.ObservationFilterChainDecorator$VirtualFilterChain.doFilter(ObservationFilterChainDecorator.java:137)
	at org.springframework.security.web.context.SecurityContextHolderFilter.doFilter(SecurityContextHolderFilter.java:82)
	at org.springframework.security.web.context.SecurityContextHolderFilter.doFilter(SecurityContextHolderFilter.java:69)
	at org.springframework.security.web.ObservationFilterChainDecorator$ObservationFilter.wrapFilter(ObservationFilterChainDecorator.java:240)
	at org.springframework.security.web.ObservationFilterChainDecorator$ObservationFilter.doFilter(ObservationFilterChainDecorator.java:227)
	at org.springframework.security.web.ObservationFilterChainDecorator$VirtualFilterChain.doFilter(ObservationFilterChainDecorator.java:137)
	at org.springframework.security.web.context.request.async.WebAsyncManagerIntegrationFilter.doFilterInternal(WebAsyncManagerIntegrationFilter.java:62)
	at org.springframework.web.filter.OncePerRequestFilter.doFilter(OncePerRequestFilter.java:116)
	at org.springframework.security.web.ObservationFilterChainDecorator$ObservationFilter.wrapFilter(ObservationFilterChainDecorator.java:240)
	at org.springframework.security.web.ObservationFilterChainDecorator$ObservationFilter.doFilter(ObservationFilterChainDecorator.java:227)
	at org.springframework.security.web.ObservationFilterChainDecorator$VirtualFilterChain.doFilter(ObservationFilterChainDecorator.java:137)
	at org.springframework.security.web.session.DisableEncodeUrlFilter.doFilterInternal(DisableEncodeUrlFilter.java:42)
	at org.springframework.web.filter.OncePerRequestFilter.doFilter(OncePerRequestFilter.java:116)
	at org.springframework.security.web.ObservationFilterChainDecorator$ObservationFilter.wrapFilter(ObservationFilterChainDecorator.java:240)
	at org.springframework.security.web.ObservationFilterChainDecorator$AroundFilterObservation$SimpleAroundFilterObservation.lambda$wrap$0(ObservationFilterChainDecorator.java:323)
	at org.springframework.security.web.ObservationFilterChainDecorator$ObservationFilter.doFilter(ObservationFilterChainDecorator.java:224)
	at org.springframework.security.web.ObservationFilterChainDecorator$VirtualFilterChain.doFilter(ObservationFilterChainDecorator.java:137)
	at org.springframework.security.web.FilterChainProxy.doFilterInternal(FilterChainProxy.java:233)
	at org.springframework.security.web.FilterChainProxy.doFilter(FilterChainProxy.java:191)
	at org.springframework.web.filter.CompositeFilter$VirtualFilterChain.doFilter(CompositeFilter.java:113)
	at org.springframework.web.filter.ServletRequestPathFilter.doFilter(ServletRequestPathFilter.java:52)
	at org.springframework.web.filter.CompositeFilter$VirtualFilterChain.doFilter(CompositeFilter.java:113)
	at org.springframework.web.filter.CompositeFilter.doFilter(CompositeFilter.java:74)
	at org.springframework.security.config.annotation.web.configuration.WebSecurityConfiguration$CompositeFilterChainProxy.doFilter(WebSecurityConfiguration.java:319)
	at org.springframework.web.filter.CompositeFilter$VirtualFilterChain.doFilter(CompositeFilter.java:113)
	at org.springframework.web.servlet.handler.HandlerMappingIntrospector.lambda$createCacheFilter$3(HandlerMappingIntrospector.java:243)
	at org.springframework.web.filter.CompositeFilter$VirtualFilterChain.doFilter(CompositeFilter.java:113)
	at org.springframework.web.filter.CompositeFilter.doFilter(CompositeFilter.java:74)
	at org.springframework.security.config.annotation.web.configuration.WebMvcSecurityConfiguration$CompositeFilterChainProxy.doFilter(WebMvcSecurityConfiguration.java:240)
	at org.springframework.web.filter.DelegatingFilterProxy.invokeDelegate(DelegatingFilterProxy.java:362)
	at org.springframework.web.filter.DelegatingFilterProxy.doFilter(DelegatingFilterProxy.java:278)
	at org.apache.catalina.core.ApplicationFilterChain.internalDoFilter(ApplicationFilterChain.java:164)
	at org.apache.catalina.core.ApplicationFilterChain.doFilter(ApplicationFilterChain.java:140)
	at org.springframework.web.filter.RequestContextFilter.doFilterInternal(RequestContextFilter.java:100)
	at org.springframework.web.filter.OncePerRequestFilter.doFilter(OncePerRequestFilter.java:116)
	at org.apache.catalina.core.ApplicationFilterChain.internalDoFilter(ApplicationFilterChain.java:164)
	at org.apache.catalina.core.ApplicationFilterChain.doFilter(ApplicationFilterChain.java:140)
	at org.springframework.web.filter.FormContentFilter.doFilterInternal(FormContentFilter.java:93)
	at org.springframework.web.filter.OncePerRequestFilter.doFilter(OncePerRequestFilter.java:116)
	at org.apache.catalina.core.ApplicationFilterChain.internalDoFilter(ApplicationFilterChain.java:164)
	at org.apache.catalina.core.ApplicationFilterChain.doFilter(ApplicationFilterChain.java:140)
	at org.springframework.web.filter.ServerHttpObservationFilter.doFilterInternal(ServerHttpObservationFilter.java:114)
	at org.springframework.web.filter.OncePerRequestFilter.doFilter(OncePerRequestFilter.java:116)
	at org.apache.catalina.core.ApplicationFilterChain.internalDoFilter(ApplicationFilterChain.java:164)
	at org.apache.catalina.core.ApplicationFilterChain.doFilter(ApplicationFilterChain.java:140)
	at org.springframework.web.filter.CharacterEncodingFilter.doFilterInternal(CharacterEncodingFilter.java:201)
	at org.springframework.web.filter.OncePerRequestFilter.doFilter(OncePerRequestFilter.java:116)
	at org.apache.catalina.core.ApplicationFilterChain.internalDoFilter(ApplicationFilterChain.java:164)
	at org.apache.catalina.core.ApplicationFilterChain.doFilter(ApplicationFilterChain.java:140)
	at org.apache.catalina.core.StandardWrapperValve.invoke(StandardWrapperValve.java:167)
	at org.apache.catalina.core.StandardContextValve.invoke(StandardContextValve.java:90)
	at org.apache.catalina.authenticator.AuthenticatorBase.invoke(AuthenticatorBase.java:483)
	at org.apache.catalina.core.StandardHostValve.invoke(StandardHostValve.java:116)
	at org.apache.catalina.valves.ErrorReportValve.invoke(ErrorReportValve.java:93)
	at org.apache.catalina.core.StandardEngineValve.invoke(StandardEngineValve.java:74)
	at org.apache.catalina.connector.CoyoteAdapter.service(CoyoteAdapter.java:344)
	at org.apache.coyote.http11.Http11Processor.service(Http11Processor.java:398)
	at org.apache.coyote.AbstractProcessorLight.process(AbstractProcessorLight.java:63)
	at org.apache.coyote.AbstractProtocol$ConnectionHandler.process(AbstractProtocol.java:903)
	at org.apache.tomcat.util.net.NioEndpoint$SocketProcessor.doRun(NioEndpoint.java:1740)
	at org.apache.tomcat.util.net.SocketProcessorBase.run(SocketProcessorBase.java:52)
	at org.apache.tomcat.util.threads.ThreadPoolExecutor.runWorker(ThreadPoolExecutor.java:1189)
	at org.apache.tomcat.util.threads.ThreadPoolExecutor$Worker.run(ThreadPoolExecutor.java:658)
	at org.apache.tomcat.util.threads.TaskThread$WrappingRunnable.run(TaskThread.java:63)
	at java.base/java.lang.Thread.run(Thread.java:842)
2026-03-15 18:44:31 DEBUG [http-nio-8080-exec-7] o.s.security.web.FilterChainProxy - Securing POST /error
2026-03-15 18:44:31 TRACE [http-nio-8080-exec-7] o.s.s.w.a.logout.LogoutFilter - Did not match request to Or [Ant [pattern='/logout', GET], Ant [pattern='/logout', POST], Ant [pattern='/logout', PUT], Ant [pattern='/logout', DELETE]]
2026-03-15 18:44:31 TRACE [http-nio-8080-exec-7] o.s.s.w.a.AnonymousAuthenticationFilter - Set SecurityContextHolder to AnonymousAuthenticationToken [Principal=anonymousUser, Credentials=[PROTECTED], Authenticated=true, Details=WebAuthenticationDetails [RemoteIpAddress=0:0:0:0:0:0:0:1, SessionId=null], Granted Authorities=[ROLE_ANONYMOUS]]
2026-03-15 18:44:31 DEBUG [http-nio-8080-exec-7] o.s.s.w.a.Http403ForbiddenEntryPoint - Pre-authenticated entry point called. Rejecting access
2026-03-15 18:47:02 DEBUG [http-nio-8080-exec-10] o.s.security.web.FilterChainProxy - Securing POST /api/v1/users/register
2026-03-15 18:47:02 TRACE [http-nio-8080-exec-10] o.s.s.w.a.logout.LogoutFilter - Did not match request to Or [Ant [pattern='/logout', GET], Ant [pattern='/logout', POST], Ant [pattern='/logout', PUT], Ant [pattern='/logout', DELETE]]
2026-03-15 18:47:02 TRACE [http-nio-8080-exec-10] o.s.s.w.a.AnonymousAuthenticationFilter - Did not set SecurityContextHolder since already authenticated UsernamePasswordAuthenticationToken [Principal=com.example.ClinicaDefinitiva.infrastructure.security.adapter.CustomUserDetails@6e22e9, Credentials=[PROTECTED], Authenticated=true, Details=null, Granted Authorities=[UPDATE_COMPANY, UPDATE_INVOICE, CREATE_ASSIGNMENT, UPDATE_GUARDIAN, CLONE_ROLE_ROLE, CANCEL_APPOINTMENT, UPDATE_JOURNAL_ENTRY, REVERSE_JOURNAL_ENTRY, CREATE_CONTRACT, DELETE_APPOINTMENT, RESCHEDULE_APPOINTMENT, SET_PERMISSIONS_ROLE, CREATE_PATIENT, READ_USER_IDENTITY, IS_CURRENTLY_ACTIVE_ASSIGNMENT, READ_RATE, ACTIVATE_ROLE_ROLE, DELETE_ROLE_ROLE, READ_APPOINTMENT, READ_DENTIST, CREATE_COMPANY, VIEW_ROLE_ROLE, SCHEDULE_APPOINTMENT, ROLE_RECEPTIONIST, DELETE_INVOICE, CREATE_CUSTOM_ROLE_ROLE, UPDATE_PAYMENT, CREATE_DENTIST, CHECK_PERMISSION_ROLE, READ_PATIENT, READ_ADMINISTRATIVE_REPORT, CREATE_APPOINTMENT, VIEW_ASSIGNMENT_ASSIGNMENT, READ_CONTRACT, DELETE_ADMINISTRATIVE_REPORT, DEACTIVATE_USER_IDENTITY, REVERSE_INVOICE, DEACTIVATE_ROLE_ROLE, APPROVE_INVOICE, READ_PROVIDED_SERVICE, REVOKE_ASSIGNMENT, READ_AVAILABILITY, READ_RECEPTIONIST, DELETE_RATE, UPDATE_PRIMARY_ASSIGNMENT, UPDATE_DENTIST, CREATE_USER_IDENTITY, DELETE_CONTRACT, DELETE_PAYMENT, DELETE_ASSIGNMENT, READ_COMPANY, UPDATE_ADMINISTRATIVE_REPORT, REMOVE_PERMISSION_ROLE, CREATE_PAYMENT, UPDATE_USER_IDENTITY, ADD_PERMISSION_ROLE, READ_GUARDIAN, UPDATE_CONTRACT, DELETE_COMPANY, IS_ACTIVE_AT_ASSIGNMENT, DELETE_DENTIST, READ_ASSIGNMENT, POST_INVOICE, REVOKE_ALL_ASSIGNMENT, CREATE_JOURNAL_ENTRY, CREATE_ADMINISTRATIVE_REPORT, UPDATE_ASSIGNMENT, READ_SHIFT, POST_JOURNAL_ENTRY, CREATE_GUARDIAN, ROLE_ADMINISTRATOR, CREATE_TEMPORARY_ASSIGNMENT, READ_PAYMENT, CREATE_RATE, EXTEND_ASSIGNMENT_ASSIGNMENT, READ_INVOICE, REACTIVATE_USER_IDENTITY, UPDATE_APPOINTMENT, UPDATE_RATE, DELETE_JOURNAL_ENTRY, CREATE_SHIFT, READ_JOURNAL_ENTRY, MARK_DELETED_ROLE_ROLE, CREATE_INVOICE, UPDATE_SHIFT, SUSPEND_ROLE_ROLE, UPDATE_PATIENT, UPDATE_PROVIDED_SERVICE, SUSPEND_USER_IDENTITY]]
2026-03-15 18:47:02 TRACE [http-nio-8080-exec-10] o.s.s.w.a.s.CompositeSessionAuthenticationStrategy - Preparing session with ChangeSessionIdAuthenticationStrategy (1/1)
2026-03-15 18:47:02 DEBUG [http-nio-8080-exec-10] o.s.security.web.FilterChainProxy - Secured POST /api/v1/users/register
2026-03-15 18:47:02 DEBUG [http-nio-8080-exec-10] o.s.web.servlet.DispatcherServlet - POST "/api/v1/users/register", parameters={}
2026-03-15 18:47:02 DEBUG [http-nio-8080-exec-10] o.s.w.s.m.m.a.RequestMappingHandlerMapping - Mapped to com.example.ClinicaDefinitiva.infrastructure.rest.controller.authentication.UserIdentityController#register(CreateUserIdentityRequest, CustomUserDetails)
2026-03-15 18:47:02 DEBUG [http-nio-8080-exec-10] o.s.w.s.m.m.a.RequestResponseBodyMethodProcessor - Read "application/json;charset=UTF-8" to [CreateUserIdentityRequest[email={{randomEmail}}, password=Test123!, name={{randomName}}]]
2026-03-15 18:47:02 DEBUG [http-nio-8080-exec-10] o.s.web.servlet.DispatcherServlet - Failed to complete request: com.example.ClinicaDefinitiva.domain.exceptions.DomainAggregateException: El formato del email no es válido
2026-03-15 18:47:02 ERROR [http-nio-8080-exec-10] o.a.c.c.C.[.[.[.[dispatcherServlet] - Servlet.service() for servlet [dispatcherServlet] in context with path [] threw exception [Request processing failed: com.example.ClinicaDefinitiva.domain.exceptions.DomainAggregateException: El formato del email no es válido] with root cause
com.example.ClinicaDefinitiva.domain.exceptions.DomainAggregateException: El formato del email no es válido
	at com.example.ClinicaDefinitiva.domain.vo.Email.ofOrThrow(Email.java:135)
	at com.example.ClinicaDefinitiva.application.mapper.authentication.UserIdentityWriteMapper.toEmail(UserIdentityWriteMapper.java:18)
	at com.example.ClinicaDefinitiva.application.service.authentication.UserIdentityApplicationService.register(UserIdentityApplicationService.java:192)
	at java.base/jdk.internal.reflect.NativeMethodAccessorImpl.invoke0(Native Method)
	at java.base/jdk.internal.reflect.NativeMethodAccessorImpl.invoke(NativeMethodAccessorImpl.java:77)
	at java.base/jdk.internal.reflect.DelegatingMethodAccessorImpl.invoke(DelegatingMethodAccessorImpl.java:43)
	at java.base/java.lang.reflect.Method.invoke(Method.java:568)
	at org.springframework.aop.support.AopUtils.invokeJoinpointUsingReflection(AopUtils.java:359)
	at org.springframework.aop.framework.ReflectiveMethodInvocation.invokeJoinpoint(ReflectiveMethodInvocation.java:196)
	at org.springframework.aop.framework.ReflectiveMethodInvocation.proceed(ReflectiveMethodInvocation.java:163)
	at org.springframework.aop.aspectj.MethodInvocationProceedingJoinPoint.proceed(MethodInvocationProceedingJoinPoint.java:89)
	at com.example.ClinicaDefinitiva.infrastructure.security.config.AuthorizationAspect.checkPermission(AuthorizationAspect.java:76)
	at java.base/jdk.internal.reflect.NativeMethodAccessorImpl.invoke0(Native Method)
	at java.base/jdk.internal.reflect.NativeMethodAccessorImpl.invoke(NativeMethodAccessorImpl.java:77)
	at java.base/jdk.internal.reflect.DelegatingMethodAccessorImpl.invoke(DelegatingMethodAccessorImpl.java:43)
	at java.base/java.lang.reflect.Method.invoke(Method.java:568)
	at org.springframework.aop.aspectj.AbstractAspectJAdvice.invokeAdviceMethodWithGivenArgs(AbstractAspectJAdvice.java:642)
	at org.springframework.aop.aspectj.AbstractAspectJAdvice.invokeAdviceMethod(AbstractAspectJAdvice.java:632)
	at org.springframework.aop.aspectj.AspectJAroundAdvice.invoke(AspectJAroundAdvice.java:71)
	at org.springframework.aop.framework.ReflectiveMethodInvocation.proceed(ReflectiveMethodInvocation.java:173)
	at org.springframework.transaction.interceptor.TransactionAspectSupport.invokeWithinTransaction(TransactionAspectSupport.java:380)
	at org.springframework.transaction.interceptor.TransactionInterceptor.invoke(TransactionInterceptor.java:119)
	at org.springframework.aop.framework.ReflectiveMethodInvocation.proceed(ReflectiveMethodInvocation.java:184)
	at org.springframework.aop.interceptor.ExposeInvocationInterceptor.invoke(ExposeInvocationInterceptor.java:97)
	at org.springframework.aop.framework.ReflectiveMethodInvocation.proceed(ReflectiveMethodInvocation.java:184)
	at org.springframework.aop.framework.CglibAopProxy$DynamicAdvisedInterceptor.intercept(CglibAopProxy.java:728)
	at com.example.ClinicaDefinitiva.application.service.authentication.UserIdentityApplicationService$$SpringCGLIB$$0.register(<generated>)
	at com.example.ClinicaDefinitiva.infrastructure.rest.controller.authentication.UserIdentityController.register(UserIdentityController.java:144)
	at java.base/jdk.internal.reflect.NativeMethodAccessorImpl.invoke0(Native Method)
	at java.base/jdk.internal.reflect.NativeMethodAccessorImpl.invoke(NativeMethodAccessorImpl.java:77)
	at java.base/jdk.internal.reflect.DelegatingMethodAccessorImpl.invoke(DelegatingMethodAccessorImpl.java:43)
	at java.base/java.lang.reflect.Method.invoke(Method.java:568)
	at org.springframework.aop.support.AopUtils.invokeJoinpointUsingReflection(AopUtils.java:359)
	at org.springframework.aop.framework.ReflectiveMethodInvocation.invokeJoinpoint(ReflectiveMethodInvocation.java:196)
	at org.springframework.aop.framework.ReflectiveMethodInvocation.proceed(ReflectiveMethodInvocation.java:163)
	at org.springframework.validation.beanvalidation.MethodValidationInterceptor.invoke(MethodValidationInterceptor.java:174)
	at org.springframework.aop.framework.ReflectiveMethodInvocation.proceed(ReflectiveMethodInvocation.java:184)
	at org.springframework.aop.framework.CglibAopProxy$DynamicAdvisedInterceptor.intercept(CglibAopProxy.java:728)
	at com.example.ClinicaDefinitiva.infrastructure.rest.controller.authentication.UserIdentityController$$SpringCGLIB$$0.register(<generated>)
	at java.base/jdk.internal.reflect.NativeMethodAccessorImpl.invoke0(Native Method)
	at java.base/jdk.internal.reflect.NativeMethodAccessorImpl.invoke(NativeMethodAccessorImpl.java:77)
	at java.base/jdk.internal.reflect.DelegatingMethodAccessorImpl.invoke(DelegatingMethodAccessorImpl.java:43)
	at java.base/java.lang.reflect.Method.invoke(Method.java:568)
	at org.springframework.web.method.support.InvocableHandlerMethod.doInvoke(InvocableHandlerMethod.java:258)
	at org.springframework.web.method.support.InvocableHandlerMethod.invokeForRequest(InvocableHandlerMethod.java:191)
	at org.springframework.web.servlet.mvc.method.annotation.ServletInvocableHandlerMethod.invokeAndHandle(ServletInvocableHandlerMethod.java:118)
	at org.springframework.web.servlet.mvc.method.annotation.RequestMappingHandlerAdapter.invokeHandlerMethod(RequestMappingHandlerAdapter.java:986)
	at org.springframework.web.servlet.mvc.method.annotation.RequestMappingHandlerAdapter.handleInternal(RequestMappingHandlerAdapter.java:891)
	at org.springframework.web.servlet.mvc.method.AbstractHandlerMethodAdapter.handle(AbstractHandlerMethodAdapter.java:87)
	at org.springframework.web.servlet.DispatcherServlet.doDispatch(DispatcherServlet.java:1089)
	at org.springframework.web.servlet.DispatcherServlet.doService(DispatcherServlet.java:979)
	at org.springframework.web.servlet.FrameworkServlet.processRequest(FrameworkServlet.java:1014)
	at org.springframework.web.servlet.FrameworkServlet.doPost(FrameworkServlet.java:914)
	at jakarta.servlet.http.HttpServlet.service(HttpServlet.java:590)
	at org.springframework.web.servlet.FrameworkServlet.service(FrameworkServlet.java:885)
	at jakarta.servlet.http.HttpServlet.service(HttpServlet.java:658)
	at org.apache.catalina.core.ApplicationFilterChain.internalDoFilter(ApplicationFilterChain.java:195)
	at org.apache.catalina.core.ApplicationFilterChain.doFilter(ApplicationFilterChain.java:140)
	at org.apache.tomcat.websocket.server.WsFilter.doFilter(WsFilter.java:51)
	at org.apache.catalina.core.ApplicationFilterChain.internalDoFilter(ApplicationFilterChain.java:164)
	at org.apache.catalina.core.ApplicationFilterChain.doFilter(ApplicationFilterChain.java:140)
	at com.example.ClinicaDefinitiva.util.RequestIdFilter.doFilterInternal(RequestIdFilter.java:76)
	at org.springframework.web.filter.OncePerRequestFilter.doFilter(OncePerRequestFilter.java:116)
	at org.apache.catalina.core.ApplicationFilterChain.internalDoFilter(ApplicationFilterChain.java:164)
	at org.apache.catalina.core.ApplicationFilterChain.doFilter(ApplicationFilterChain.java:140)
	at org.springframework.web.filter.CompositeFilter$VirtualFilterChain.doFilter(CompositeFilter.java:108)
	at org.springframework.web.filter.CompositeFilter$VirtualFilterChain.doFilter(CompositeFilter.java:108)
	at org.springframework.security.web.FilterChainProxy.lambda$doFilterInternal$3(FilterChainProxy.java:231)
	at org.springframework.security.web.ObservationFilterChainDecorator$FilterObservation$SimpleFilterObservation.lambda$wrap$1(ObservationFilterChainDecorator.java:479)
	at org.springframework.security.web.ObservationFilterChainDecorator$AroundFilterObservation$SimpleAroundFilterObservation.lambda$wrap$1(ObservationFilterChainDecorator.java:340)
	at org.springframework.security.web.ObservationFilterChainDecorator.lambda$wrapSecured$0(ObservationFilterChainDecorator.java:82)
	at org.springframework.security.web.ObservationFilterChainDecorator$VirtualFilterChain.doFilter(ObservationFilterChainDecorator.java:128)
	at org.springframework.security.web.access.intercept.AuthorizationFilter.doFilter(AuthorizationFilter.java:101)
	at org.springframework.security.web.ObservationFilterChainDecorator$ObservationFilter.wrapFilter(ObservationFilterChainDecorator.java:240)
	at org.springframework.security.web.ObservationFilterChainDecorator$ObservationFilter.doFilter(ObservationFilterChainDecorator.java:227)
	at org.springframework.security.web.ObservationFilterChainDecorator$VirtualFilterChain.doFilter(ObservationFilterChainDecorator.java:137)
	at org.springframework.security.web.access.ExceptionTranslationFilter.doFilter(ExceptionTranslationFilter.java:125)
	at org.springframework.security.web.access.ExceptionTranslationFilter.doFilter(ExceptionTranslationFilter.java:119)
	at org.springframework.security.web.ObservationFilterChainDecorator$ObservationFilter.wrapFilter(ObservationFilterChainDecorator.java:240)
	at org.springframework.security.web.ObservationFilterChainDecorator$ObservationFilter.doFilter(ObservationFilterChainDecorator.java:227)
	at org.springframework.security.web.ObservationFilterChainDecorator$VirtualFilterChain.doFilter(ObservationFilterChainDecorator.java:137)
	at org.springframework.security.web.session.SessionManagementFilter.doFilter(SessionManagementFilter.java:131)
	at org.springframework.security.web.session.SessionManagementFilter.doFilter(SessionManagementFilter.java:85)
	at org.springframework.security.web.ObservationFilterChainDecorator$ObservationFilter.wrapFilter(ObservationFilterChainDecorator.java:240)
	at org.springframework.security.web.ObservationFilterChainDecorator$ObservationFilter.doFilter(ObservationFilterChainDecorator.java:227)
	at org.springframework.security.web.ObservationFilterChainDecorator$VirtualFilterChain.doFilter(ObservationFilterChainDecorator.java:137)
	at org.springframework.security.web.authentication.AnonymousAuthenticationFilter.doFilter(AnonymousAuthenticationFilter.java:100)
	at org.springframework.security.web.ObservationFilterChainDecorator$ObservationFilter.wrapFilter(ObservationFilterChainDecorator.java:240)
	at org.springframework.security.web.ObservationFilterChainDecorator$ObservationFilter.doFilter(ObservationFilterChainDecorator.java:227)
	at org.springframework.security.web.ObservationFilterChainDecorator$VirtualFilterChain.doFilter(ObservationFilterChainDecorator.java:137)
	at org.springframework.security.web.servletapi.SecurityContextHolderAwareRequestFilter.doFilter(SecurityContextHolderAwareRequestFilter.java:179)
	at org.springframework.security.web.ObservationFilterChainDecorator$ObservationFilter.wrapFilter(ObservationFilterChainDecorator.java:240)
	at org.springframework.security.web.ObservationFilterChainDecorator$ObservationFilter.doFilter(ObservationFilterChainDecorator.java:227)
	at org.springframework.security.web.ObservationFilterChainDecorator$VirtualFilterChain.doFilter(ObservationFilterChainDecorator.java:137)
	at org.springframework.security.web.savedrequest.RequestCacheAwareFilter.doFilter(RequestCacheAwareFilter.java:63)
	at org.springframework.security.web.ObservationFilterChainDecorator$ObservationFilter.wrapFilter(ObservationFilterChainDecorator.java:240)
	at org.springframework.security.web.ObservationFilterChainDecorator$ObservationFilter.doFilter(ObservationFilterChainDecorator.java:227)
	at org.springframework.security.web.ObservationFilterChainDecorator$VirtualFilterChain.doFilter(ObservationFilterChainDecorator.java:137)
	at com.example.ClinicaDefinitiva.infrastructure.security.filter.JwtAuthenticationFilter.doFilterInternal(JwtAuthenticationFilter.java:40)
	at org.springframework.web.filter.OncePerRequestFilter.doFilter(OncePerRequestFilter.java:116)
	at org.springframework.security.web.ObservationFilterChainDecorator$ObservationFilter.wrapFilter(ObservationFilterChainDecorator.java:240)
	at org.springframework.security.web.ObservationFilterChainDecorator$ObservationFilter.doFilter(ObservationFilterChainDecorator.java:227)
	at org.springframework.security.web.ObservationFilterChainDecorator$VirtualFilterChain.doFilter(ObservationFilterChainDecorator.java:137)
	at org.springframework.security.web.authentication.logout.LogoutFilter.doFilter(LogoutFilter.java:107)
	at org.springframework.security.web.authentication.logout.LogoutFilter.doFilter(LogoutFilter.java:93)
	at org.springframework.security.web.ObservationFilterChainDecorator$ObservationFilter.wrapFilter(ObservationFilterChainDecorator.java:240)
	at org.springframework.security.web.ObservationFilterChainDecorator$ObservationFilter.doFilter(ObservationFilterChainDecorator.java:227)
	at org.springframework.security.web.ObservationFilterChainDecorator$VirtualFilterChain.doFilter(ObservationFilterChainDecorator.java:137)
	at org.springframework.security.web.header.HeaderWriterFilter.doHeadersAfter(HeaderWriterFilter.java:90)
	at org.springframework.security.web.header.HeaderWriterFilter.doFilterInternal(HeaderWriterFilter.java:75)
	at org.springframework.web.filter.OncePerRequestFilter.doFilter(OncePerRequestFilter.java:116)
	at org.springframework.security.web.ObservationFilterChainDecorator$ObservationFilter.wrapFilter(ObservationFilterChainDecorator.java:240)
	at org.springframework.security.web.ObservationFilterChainDecorator$ObservationFilter.doFilter(ObservationFilterChainDecorator.java:227)
	at org.springframework.security.web.ObservationFilterChainDecorator$VirtualFilterChain.doFilter(ObservationFilterChainDecorator.java:137)
	at org.springframework.security.web.context.SecurityContextHolderFilter.doFilter(SecurityContextHolderFilter.java:82)
	at org.springframework.security.web.context.SecurityContextHolderFilter.doFilter(SecurityContextHolderFilter.java:69)
	at org.springframework.security.web.ObservationFilterChainDecorator$ObservationFilter.wrapFilter(ObservationFilterChainDecorator.java:240)
	at org.springframework.security.web.ObservationFilterChainDecorator$ObservationFilter.doFilter(ObservationFilterChainDecorator.java:227)
	at org.springframework.security.web.ObservationFilterChainDecorator$VirtualFilterChain.doFilter(ObservationFilterChainDecorator.java:137)
	at org.springframework.security.web.context.request.async.WebAsyncManagerIntegrationFilter.doFilterInternal(WebAsyncManagerIntegrationFilter.java:62)
	at org.springframework.web.filter.OncePerRequestFilter.doFilter(OncePerRequestFilter.java:116)
	at org.springframework.security.web.ObservationFilterChainDecorator$ObservationFilter.wrapFilter(ObservationFilterChainDecorator.java:240)
	at org.springframework.security.web.ObservationFilterChainDecorator$ObservationFilter.doFilter(ObservationFilterChainDecorator.java:227)
	at org.springframework.security.web.ObservationFilterChainDecorator$VirtualFilterChain.doFilter(ObservationFilterChainDecorator.java:137)
	at org.springframework.security.web.session.DisableEncodeUrlFilter.doFilterInternal(DisableEncodeUrlFilter.java:42)
	at org.springframework.web.filter.OncePerRequestFilter.doFilter(OncePerRequestFilter.java:116)
	at org.springframework.security.web.ObservationFilterChainDecorator$ObservationFilter.wrapFilter(ObservationFilterChainDecorator.java:240)
	at org.springframework.security.web.ObservationFilterChainDecorator$AroundFilterObservation$SimpleAroundFilterObservation.lambda$wrap$0(ObservationFilterChainDecorator.java:323)
	at org.springframework.security.web.ObservationFilterChainDecorator$ObservationFilter.doFilter(ObservationFilterChainDecorator.java:224)
	at org.springframework.security.web.ObservationFilterChainDecorator$VirtualFilterChain.doFilter(ObservationFilterChainDecorator.java:137)
	at org.springframework.security.web.FilterChainProxy.doFilterInternal(FilterChainProxy.java:233)
	at org.springframework.security.web.FilterChainProxy.doFilter(FilterChainProxy.java:191)
	at org.springframework.web.filter.CompositeFilter$VirtualFilterChain.doFilter(CompositeFilter.java:113)
	at org.springframework.web.filter.ServletRequestPathFilter.doFilter(ServletRequestPathFilter.java:52)
	at org.springframework.web.filter.CompositeFilter$VirtualFilterChain.doFilter(CompositeFilter.java:113)
	at org.springframework.web.filter.CompositeFilter.doFilter(CompositeFilter.java:74)
	at org.springframework.security.config.annotation.web.configuration.WebSecurityConfiguration$CompositeFilterChainProxy.doFilter(WebSecurityConfiguration.java:319)
	at org.springframework.web.filter.CompositeFilter$VirtualFilterChain.doFilter(CompositeFilter.java:113)
	at org.springframework.web.servlet.handler.HandlerMappingIntrospector.lambda$createCacheFilter$3(HandlerMappingIntrospector.java:243)
	at org.springframework.web.filter.CompositeFilter$VirtualFilterChain.doFilter(CompositeFilter.java:113)
	at org.springframework.web.filter.CompositeFilter.doFilter(CompositeFilter.java:74)
	at org.springframework.security.config.annotation.web.configuration.WebMvcSecurityConfiguration$CompositeFilterChainProxy.doFilter(WebMvcSecurityConfiguration.java:240)
	at org.springframework.web.filter.DelegatingFilterProxy.invokeDelegate(DelegatingFilterProxy.java:362)
	at org.springframework.web.filter.DelegatingFilterProxy.doFilter(DelegatingFilterProxy.java:278)
	at org.apache.catalina.core.ApplicationFilterChain.internalDoFilter(ApplicationFilterChain.java:164)
	at org.apache.catalina.core.ApplicationFilterChain.doFilter(ApplicationFilterChain.java:140)
	at org.springframework.web.filter.RequestContextFilter.doFilterInternal(RequestContextFilter.java:100)
	at org.springframework.web.filter.OncePerRequestFilter.doFilter(OncePerRequestFilter.java:116)
	at org.apache.catalina.core.ApplicationFilterChain.internalDoFilter(ApplicationFilterChain.java:164)
	at org.apache.catalina.core.ApplicationFilterChain.doFilter(ApplicationFilterChain.java:140)
	at org.springframework.web.filter.FormContentFilter.doFilterInternal(FormContentFilter.java:93)
	at org.springframework.web.filter.OncePerRequestFilter.doFilter(OncePerRequestFilter.java:116)
	at org.apache.catalina.core.ApplicationFilterChain.internalDoFilter(ApplicationFilterChain.java:164)
	at org.apache.catalina.core.ApplicationFilterChain.doFilter(ApplicationFilterChain.java:140)
	at org.springframework.web.filter.ServerHttpObservationFilter.doFilterInternal(ServerHttpObservationFilter.java:114)
	at org.springframework.web.filter.OncePerRequestFilter.doFilter(OncePerRequestFilter.java:116)
	at org.apache.catalina.core.ApplicationFilterChain.internalDoFilter(ApplicationFilterChain.java:164)
	at org.apache.catalina.core.ApplicationFilterChain.doFilter(ApplicationFilterChain.java:140)
	at org.springframework.web.filter.CharacterEncodingFilter.doFilterInternal(CharacterEncodingFilter.java:201)
	at org.springframework.web.filter.OncePerRequestFilter.doFilter(OncePerRequestFilter.java:116)
	at org.apache.catalina.core.ApplicationFilterChain.internalDoFilter(ApplicationFilterChain.java:164)
	at org.apache.catalina.core.ApplicationFilterChain.doFilter(ApplicationFilterChain.java:140)
	at org.apache.catalina.core.StandardWrapperValve.invoke(StandardWrapperValve.java:167)
	at org.apache.catalina.core.StandardContextValve.invoke(StandardContextValve.java:90)
	at org.apache.catalina.authenticator.AuthenticatorBase.invoke(AuthenticatorBase.java:483)
	at org.apache.catalina.core.StandardHostValve.invoke(StandardHostValve.java:116)
	at org.apache.catalina.valves.ErrorReportValve.invoke(ErrorReportValve.java:93)
	at org.apache.catalina.core.StandardEngineValve.invoke(StandardEngineValve.java:74)
	at org.apache.catalina.connector.CoyoteAdapter.service(CoyoteAdapter.java:344)
	at org.apache.coyote.http11.Http11Processor.service(Http11Processor.java:398)
	at org.apache.coyote.AbstractProcessorLight.process(AbstractProcessorLight.java:63)
	at org.apache.coyote.AbstractProtocol$ConnectionHandler.process(AbstractProtocol.java:903)
	at org.apache.tomcat.util.net.NioEndpoint$SocketProcessor.doRun(NioEndpoint.java:1740)
	at org.apache.tomcat.util.net.SocketProcessorBase.run(SocketProcessorBase.java:52)
	at org.apache.tomcat.util.threads.ThreadPoolExecutor.runWorker(ThreadPoolExecutor.java:1189)
	at org.apache.tomcat.util.threads.ThreadPoolExecutor$Worker.run(ThreadPoolExecutor.java:658)
	at org.apache.tomcat.util.threads.TaskThread$WrappingRunnable.run(TaskThread.java:63)
	at java.base/java.lang.Thread.run(Thread.java:842)
2026-03-15 18:47:02 DEBUG [http-nio-8080-exec-10] o.s.security.web.FilterChainProxy - Securing POST /error
2026-03-15 18:47:02 TRACE [http-nio-8080-exec-10] o.s.s.w.a.logout.LogoutFilter - Did not match request to Or [Ant [pattern='/logout', GET], Ant [pattern='/logout', POST], Ant [pattern='/logout', PUT], Ant [pattern='/logout', DELETE]]
2026-03-15 18:47:02 TRACE [http-nio-8080-exec-10] o.s.s.w.a.AnonymousAuthenticationFilter - Set SecurityContextHolder to AnonymousAuthenticationToken [Principal=anonymousUser, Credentials=[PROTECTED], Authenticated=true, Details=WebAuthenticationDetails [RemoteIpAddress=0:0:0:0:0:0:0:1, SessionId=null], Granted Authorities=[ROLE_ANONYMOUS]]
2026-03-15 18:47:02 DEBUG [http-nio-8080-exec-10] o.s.s.w.a.Http403ForbiddenEntryPoint - Pre-authenticated entry point called. Rejecting access
2026-03-15 18:48:05 DEBUG [http-nio-8080-exec-3] o.s.security.web.FilterChainProxy - Securing POST /api/v1/users/register
2026-03-15 18:48:05 TRACE [http-nio-8080-exec-3] o.s.s.w.a.logout.LogoutFilter - Did not match request to Or [Ant [pattern='/logout', GET], Ant [pattern='/logout', POST], Ant [pattern='/logout', PUT], Ant [pattern='/logout', DELETE]]
2026-03-15 18:48:06 TRACE [http-nio-8080-exec-3] o.s.s.w.a.AnonymousAuthenticationFilter - Did not set SecurityContextHolder since already authenticated UsernamePasswordAuthenticationToken [Principal=com.example.ClinicaDefinitiva.infrastructure.security.adapter.CustomUserDetails@77cfce49, Credentials=[PROTECTED], Authenticated=true, Details=null, Granted Authorities=[UPDATE_COMPANY, UPDATE_INVOICE, CREATE_ASSIGNMENT, UPDATE_GUARDIAN, CLONE_ROLE_ROLE, CANCEL_APPOINTMENT, UPDATE_JOURNAL_ENTRY, REVERSE_JOURNAL_ENTRY, CREATE_CONTRACT, DELETE_APPOINTMENT, RESCHEDULE_APPOINTMENT, SET_PERMISSIONS_ROLE, CREATE_PATIENT, READ_USER_IDENTITY, IS_CURRENTLY_ACTIVE_ASSIGNMENT, READ_RATE, ACTIVATE_ROLE_ROLE, DELETE_ROLE_ROLE, READ_APPOINTMENT, READ_DENTIST, CREATE_COMPANY, VIEW_ROLE_ROLE, SCHEDULE_APPOINTMENT, ROLE_RECEPTIONIST, DELETE_INVOICE, CREATE_CUSTOM_ROLE_ROLE, UPDATE_PAYMENT, CREATE_DENTIST, CHECK_PERMISSION_ROLE, READ_PATIENT, READ_ADMINISTRATIVE_REPORT, CREATE_APPOINTMENT, VIEW_ASSIGNMENT_ASSIGNMENT, READ_CONTRACT, DELETE_ADMINISTRATIVE_REPORT, DEACTIVATE_USER_IDENTITY, REVERSE_INVOICE, DEACTIVATE_ROLE_ROLE, APPROVE_INVOICE, READ_PROVIDED_SERVICE, REVOKE_ASSIGNMENT, READ_AVAILABILITY, READ_RECEPTIONIST, DELETE_RATE, UPDATE_PRIMARY_ASSIGNMENT, UPDATE_DENTIST, CREATE_USER_IDENTITY, DELETE_CONTRACT, DELETE_PAYMENT, DELETE_ASSIGNMENT, READ_COMPANY, UPDATE_ADMINISTRATIVE_REPORT, REMOVE_PERMISSION_ROLE, CREATE_PAYMENT, UPDATE_USER_IDENTITY, ADD_PERMISSION_ROLE, READ_GUARDIAN, UPDATE_CONTRACT, DELETE_COMPANY, IS_ACTIVE_AT_ASSIGNMENT, DELETE_DENTIST, READ_ASSIGNMENT, POST_INVOICE, REVOKE_ALL_ASSIGNMENT, CREATE_JOURNAL_ENTRY, CREATE_ADMINISTRATIVE_REPORT, UPDATE_ASSIGNMENT, READ_SHIFT, POST_JOURNAL_ENTRY, CREATE_GUARDIAN, ROLE_ADMINISTRATOR, CREATE_TEMPORARY_ASSIGNMENT, READ_PAYMENT, CREATE_RATE, EXTEND_ASSIGNMENT_ASSIGNMENT, READ_INVOICE, REACTIVATE_USER_IDENTITY, UPDATE_APPOINTMENT, UPDATE_RATE, DELETE_JOURNAL_ENTRY, CREATE_SHIFT, READ_JOURNAL_ENTRY, MARK_DELETED_ROLE_ROLE, CREATE_INVOICE, UPDATE_SHIFT, SUSPEND_ROLE_ROLE, UPDATE_PATIENT, UPDATE_PROVIDED_SERVICE, SUSPEND_USER_IDENTITY]]
2026-03-15 18:48:06 TRACE [http-nio-8080-exec-3] o.s.s.w.a.s.CompositeSessionAuthenticationStrategy - Preparing session with ChangeSessionIdAuthenticationStrategy (1/1)
2026-03-15 18:48:06 DEBUG [http-nio-8080-exec-3] o.s.security.web.FilterChainProxy - Secured POST /api/v1/users/register
2026-03-15 18:48:06 DEBUG [http-nio-8080-exec-3] o.s.web.servlet.DispatcherServlet - POST "/api/v1/users/register", parameters={}
2026-03-15 18:48:06 DEBUG [http-nio-8080-exec-3] o.s.w.s.m.m.a.RequestMappingHandlerMapping - Mapped to com.example.ClinicaDefinitiva.infrastructure.rest.controller.authentication.UserIdentityController#register(CreateUserIdentityRequest, CustomUserDetails)
2026-03-15 18:48:06 DEBUG [http-nio-8080-exec-3] o.s.w.s.m.m.a.RequestResponseBodyMethodProcessor - Read "application/json;charset=UTF-8" to [CreateUserIdentityRequest[email=admin1742073890123@gmail.com, password=Test123!, name=Admin User 174 (truncated)...]
2026-03-15 18:48:06 DEBUG [http-nio-8080-exec-3] o.s.w.s.m.m.a.HttpEntityMethodProcessor - Using 'application/json', given [*/*] and supported [application/json, application/*+json]
2026-03-15 18:48:06 DEBUG [http-nio-8080-exec-3] o.s.w.s.m.m.a.HttpEntityMethodProcessor - Writing [ReadUserIdentityResponse[id=2, email=admin1742073890123@gmail.com, name=Admin User 1742073890123, cr (truncated)...]
2026-03-15 18:48:06 DEBUG [http-nio-8080-exec-3] o.s.web.servlet.DispatcherServlet - Completed 201 CREATED
2026-03-15 20:52:22 WARN  [HikariPool-1:housekeeper] com.zaxxer.hikari.pool.HikariPool - HikariPool-1 - Thread starvation or clock leap detected (housekeeper delta=2h2m59s735ms539µs700ns).
2026-03-15 21:10:46 DEBUG [http-nio-8080-exec-8] o.s.security.web.FilterChainProxy - Securing POST /api/v1/auth/login
2026-03-15 21:10:46 TRACE [http-nio-8080-exec-8] o.s.s.w.a.logout.LogoutFilter - Did not match request to Or [Ant [pattern='/logout', GET], Ant [pattern='/logout', POST], Ant [pattern='/logout', PUT], Ant [pattern='/logout', DELETE]]
2026-03-15 21:10:46 TRACE [http-nio-8080-exec-8] o.s.s.w.a.AnonymousAuthenticationFilter - Set SecurityContextHolder to AnonymousAuthenticationToken [Principal=anonymousUser, Credentials=[PROTECTED], Authenticated=true, Details=WebAuthenticationDetails [RemoteIpAddress=0:0:0:0:0:0:0:1, SessionId=null], Granted Authorities=[ROLE_ANONYMOUS]]
2026-03-15 21:10:46 DEBUG [http-nio-8080-exec-8] o.s.security.web.FilterChainProxy - Secured POST /api/v1/auth/login
2026-03-15 21:10:46 DEBUG [http-nio-8080-exec-8] o.s.web.servlet.DispatcherServlet - POST "/api/v1/auth/login", parameters={}
2026-03-15 21:10:46 DEBUG [http-nio-8080-exec-8] o.s.w.s.m.m.a.RequestMappingHandlerMapping - Mapped to com.example.ClinicaDefinitiva.infrastructure.rest.controller.auth.AuthController#login(LoginRequest)
2026-03-15 21:10:47 DEBUG [http-nio-8080-exec-8] o.s.w.s.m.m.a.RequestResponseBodyMethodProcessor - Read "application/json;charset=UTF-8" to [LoginRequest[email=admin@test.com, password=admin123]]
2026-03-15 21:10:47 DEBUG [http-nio-8080-exec-8] o.s.s.a.d.DaoAuthenticationProvider - Authenticated user
2026-03-15 21:10:48 DEBUG [http-nio-8080-exec-8] o.s.w.s.m.m.a.HttpEntityMethodProcessor - Using 'application/json', given [*/*] and supported [application/json, application/*+json]
2026-03-15 21:10:48 DEBUG [http-nio-8080-exec-8] o.s.w.s.m.m.a.HttpEntityMethodProcessor - Writing [{token=eyJhbGciOiJIUzI1NiJ9.eyJzdWIiOiJhZG1pbkB0ZXN0LmNvbSIsInJvbGVzIjpbIlJPTEVfVVNFUiJdLCJpYXQiOjE3 (truncated)...]
2026-03-15 21:10:48 DEBUG [http-nio-8080-exec-8] o.s.web.servlet.DispatcherServlet - Completed 200 OK
2026-03-15 21:11:26 DEBUG [http-nio-8080-exec-7] o.s.security.web.FilterChainProxy - Securing GET /api/v1/users
2026-03-15 21:11:26 TRACE [http-nio-8080-exec-7] o.s.s.w.a.logout.LogoutFilter - Did not match request to Or [Ant [pattern='/logout', GET], Ant [pattern='/logout', POST], Ant [pattern='/logout', PUT], Ant [pattern='/logout', DELETE]]
2026-03-15 21:11:26 TRACE [http-nio-8080-exec-7] o.s.s.w.a.AnonymousAuthenticationFilter - Set SecurityContextHolder to AnonymousAuthenticationToken [Principal=anonymousUser, Credentials=[PROTECTED], Authenticated=true, Details=WebAuthenticationDetails [RemoteIpAddress=0:0:0:0:0:0:0:1, SessionId=null], Granted Authorities=[ROLE_ANONYMOUS]]
2026-03-15 21:11:26 DEBUG [http-nio-8080-exec-7] o.s.s.w.a.Http403ForbiddenEntryPoint - Pre-authenticated entry point called. Rejecting access
2026-03-15 21:11:26 DEBUG [http-nio-8080-exec-7] o.s.security.web.FilterChainProxy - Securing GET /error
2026-03-15 21:11:26 TRACE [http-nio-8080-exec-7] o.s.s.w.a.logout.LogoutFilter - Did not match request to Or [Ant [pattern='/logout', GET], Ant [pattern='/logout', POST], Ant [pattern='/logout', PUT], Ant [pattern='/logout', DELETE]]
2026-03-15 21:11:26 TRACE [http-nio-8080-exec-7] o.s.s.w.a.AnonymousAuthenticationFilter - Set SecurityContextHolder to AnonymousAuthenticationToken [Principal=anonymousUser, Credentials=[PROTECTED], Authenticated=true, Details=WebAuthenticationDetails [RemoteIpAddress=0:0:0:0:0:0:0:1, SessionId=null], Granted Authorities=[ROLE_ANONYMOUS]]
2026-03-15 21:11:26 DEBUG [http-nio-8080-exec-7] o.s.s.w.a.Http403ForbiddenEntryPoint - Pre-authenticated entry point called. Rejecting access
2026-03-15 21:12:07 DEBUG [http-nio-8080-exec-9] o.s.security.web.FilterChainProxy - Securing GET /api/v1/users
2026-03-15 21:12:07 TRACE [http-nio-8080-exec-9] o.s.s.w.a.logout.LogoutFilter - Did not match request to Or [Ant [pattern='/logout', GET], Ant [pattern='/logout', POST], Ant [pattern='/logout', PUT], Ant [pattern='/logout', DELETE]]
2026-03-15 21:12:07 TRACE [http-nio-8080-exec-9] o.s.s.w.a.AnonymousAuthenticationFilter - Set SecurityContextHolder to AnonymousAuthenticationToken [Principal=anonymousUser, Credentials=[PROTECTED], Authenticated=true, Details=WebAuthenticationDetails [RemoteIpAddress=0:0:0:0:0:0:0:1, SessionId=null], Granted Authorities=[ROLE_ANONYMOUS]]
2026-03-15 21:12:07 DEBUG [http-nio-8080-exec-9] o.s.s.w.a.Http403ForbiddenEntryPoint - Pre-authenticated entry point called. Rejecting access
2026-03-15 21:12:07 DEBUG [http-nio-8080-exec-9] o.s.security.web.FilterChainProxy - Securing GET /error
2026-03-15 21:12:07 TRACE [http-nio-8080-exec-9] o.s.s.w.a.logout.LogoutFilter - Did not match request to Or [Ant [pattern='/logout', GET], Ant [pattern='/logout', POST], Ant [pattern='/logout', PUT], Ant [pattern='/logout', DELETE]]
2026-03-15 21:12:07 TRACE [http-nio-8080-exec-9] o.s.s.w.a.AnonymousAuthenticationFilter - Set SecurityContextHolder to AnonymousAuthenticationToken [Principal=anonymousUser, Credentials=[PROTECTED], Authenticated=true, Details=WebAuthenticationDetails [RemoteIpAddress=0:0:0:0:0:0:0:1, SessionId=null], Granted Authorities=[ROLE_ANONYMOUS]]
2026-03-15 21:12:07 DEBUG [http-nio-8080-exec-9] o.s.s.w.a.Http403ForbiddenEntryPoint - Pre-authenticated entry point called. Rejecting access
2026-03-15 21:12:32 DEBUG [http-nio-8080-exec-1] o.s.security.web.FilterChainProxy - Securing GET /api/v1/users/1
2026-03-15 21:12:32 TRACE [http-nio-8080-exec-1] o.s.s.w.a.logout.LogoutFilter - Did not match request to Or [Ant [pattern='/logout', GET], Ant [pattern='/logout', POST], Ant [pattern='/logout', PUT], Ant [pattern='/logout', DELETE]]
2026-03-15 21:12:32 TRACE [http-nio-8080-exec-1] o.s.s.w.a.AnonymousAuthenticationFilter - Set SecurityContextHolder to AnonymousAuthenticationToken [Principal=anonymousUser, Credentials=[PROTECTED], Authenticated=true, Details=WebAuthenticationDetails [RemoteIpAddress=0:0:0:0:0:0:0:1, SessionId=null], Granted Authorities=[ROLE_ANONYMOUS]]
2026-03-15 21:12:32 DEBUG [http-nio-8080-exec-1] o.s.s.w.a.Http403ForbiddenEntryPoint - Pre-authenticated entry point called. Rejecting access
2026-03-15 21:12:32 DEBUG [http-nio-8080-exec-1] o.s.security.web.FilterChainProxy - Securing GET /error
2026-03-15 21:12:32 TRACE [http-nio-8080-exec-1] o.s.s.w.a.logout.LogoutFilter - Did not match request to Or [Ant [pattern='/logout', GET], Ant [pattern='/logout', POST], Ant [pattern='/logout', PUT], Ant [pattern='/logout', DELETE]]
2026-03-15 21:12:32 TRACE [http-nio-8080-exec-1] o.s.s.w.a.AnonymousAuthenticationFilter - Set SecurityContextHolder to AnonymousAuthenticationToken [Principal=anonymousUser, Credentials=[PROTECTED], Authenticated=true, Details=WebAuthenticationDetails [RemoteIpAddress=0:0:0:0:0:0:0:1, SessionId=null], Granted Authorities=[ROLE_ANONYMOUS]]
2026-03-15 21:12:32 DEBUG [http-nio-8080-exec-1] o.s.s.w.a.Http403ForbiddenEntryPoint - Pre-authenticated entry point called. Rejecting access
2026-03-15 21:13:08 DEBUG [http-nio-8080-exec-10] o.s.security.web.FilterChainProxy - Securing GET /api/v1/users
2026-03-15 21:13:08 TRACE [http-nio-8080-exec-10] o.s.s.w.a.logout.LogoutFilter - Did not match request to Or [Ant [pattern='/logout', GET], Ant [pattern='/logout', POST], Ant [pattern='/logout', PUT], Ant [pattern='/logout', DELETE]]
2026-03-15 21:13:08 TRACE [http-nio-8080-exec-10] o.s.s.w.a.AnonymousAuthenticationFilter - Set SecurityContextHolder to AnonymousAuthenticationToken [Principal=anonymousUser, Credentials=[PROTECTED], Authenticated=true, Details=WebAuthenticationDetails [RemoteIpAddress=0:0:0:0:0:0:0:1, SessionId=null], Granted Authorities=[ROLE_ANONYMOUS]]
2026-03-15 21:13:08 DEBUG [http-nio-8080-exec-10] o.s.s.w.a.Http403ForbiddenEntryPoint - Pre-authenticated entry point called. Rejecting access
2026-03-15 21:13:08 DEBUG [http-nio-8080-exec-10] o.s.security.web.FilterChainProxy - Securing GET /error
2026-03-15 21:13:08 TRACE [http-nio-8080-exec-10] o.s.s.w.a.logout.LogoutFilter - Did not match request to Or [Ant [pattern='/logout', GET], Ant [pattern='/logout', POST], Ant [pattern='/logout', PUT], Ant [pattern='/logout', DELETE]]
2026-03-15 21:13:08 TRACE [http-nio-8080-exec-10] o.s.s.w.a.AnonymousAuthenticationFilter - Set SecurityContextHolder to AnonymousAuthenticationToken [Principal=anonymousUser, Credentials=[PROTECTED], Authenticated=true, Details=WebAuthenticationDetails [RemoteIpAddress=0:0:0:0:0:0:0:1, SessionId=null], Granted Authorities=[ROLE_ANONYMOUS]]
2026-03-15 21:13:08 DEBUG [http-nio-8080-exec-10] o.s.s.w.a.Http403ForbiddenEntryPoint - Pre-authenticated entry point called. Rejecting access
2026-03-15 21:13:30 DEBUG [http-nio-8080-exec-2] o.s.security.web.FilterChainProxy - Securing POST /api/v1/users
2026-03-15 21:13:30 TRACE [http-nio-8080-exec-2] o.s.s.w.a.logout.LogoutFilter - Did not match request to Or [Ant [pattern='/logout', GET], Ant [pattern='/logout', POST], Ant [pattern='/logout', PUT], Ant [pattern='/logout', DELETE]]
2026-03-15 21:13:30 TRACE [http-nio-8080-exec-2] o.s.s.w.a.AnonymousAuthenticationFilter - Set SecurityContextHolder to AnonymousAuthenticationToken [Principal=anonymousUser, Credentials=[PROTECTED], Authenticated=true, Details=WebAuthenticationDetails [RemoteIpAddress=0:0:0:0:0:0:0:1, SessionId=null], Granted Authorities=[ROLE_ANONYMOUS]]
2026-03-15 21:13:30 DEBUG [http-nio-8080-exec-2] o.s.s.w.a.Http403ForbiddenEntryPoint - Pre-authenticated entry point called. Rejecting access
2026-03-15 21:13:30 DEBUG [http-nio-8080-exec-2] o.s.security.web.FilterChainProxy - Securing POST /error
2026-03-15 21:13:30 TRACE [http-nio-8080-exec-2] o.s.s.w.a.logout.LogoutFilter - Did not match request to Or [Ant [pattern='/logout', GET], Ant [pattern='/logout', POST], Ant [pattern='/logout', PUT], Ant [pattern='/logout', DELETE]]
2026-03-15 21:13:30 TRACE [http-nio-8080-exec-2] o.s.s.w.a.AnonymousAuthenticationFilter - Set SecurityContextHolder to AnonymousAuthenticationToken [Principal=anonymousUser, Credentials=[PROTECTED], Authenticated=true, Details=WebAuthenticationDetails [RemoteIpAddress=0:0:0:0:0:0:0:1, SessionId=null], Granted Authorities=[ROLE_ANONYMOUS]]
2026-03-15 21:13:30 DEBUG [http-nio-8080-exec-2] o.s.s.w.a.Http403ForbiddenEntryPoint - Pre-authenticated entry point called. Rejecting access
2026-03-15 21:14:38 DEBUG [http-nio-8080-exec-4] o.s.security.web.FilterChainProxy - Securing GET /api/v1/users
2026-03-15 21:14:38 TRACE [http-nio-8080-exec-4] o.s.s.w.a.logout.LogoutFilter - Did not match request to Or [Ant [pattern='/logout', GET], Ant [pattern='/logout', POST], Ant [pattern='/logout', PUT], Ant [pattern='/logout', DELETE]]
2026-03-15 21:14:38 TRACE [http-nio-8080-exec-4] o.s.s.w.a.AnonymousAuthenticationFilter - Set SecurityContextHolder to AnonymousAuthenticationToken [Principal=anonymousUser, Credentials=[PROTECTED], Authenticated=true, Details=WebAuthenticationDetails [RemoteIpAddress=0:0:0:0:0:0:0:1, SessionId=null], Granted Authorities=[ROLE_ANONYMOUS]]
2026-03-15 21:14:38 DEBUG [http-nio-8080-exec-4] o.s.s.w.a.Http403ForbiddenEntryPoint - Pre-authenticated entry point called. Rejecting access
2026-03-15 21:14:38 DEBUG [http-nio-8080-exec-4] o.s.security.web.FilterChainProxy - Securing GET /error
2026-03-15 21:14:38 TRACE [http-nio-8080-exec-4] o.s.s.w.a.logout.LogoutFilter - Did not match request to Or [Ant [pattern='/logout', GET], Ant [pattern='/logout', POST], Ant [pattern='/logout', PUT], Ant [pattern='/logout', DELETE]]
2026-03-15 21:14:38 TRACE [http-nio-8080-exec-4] o.s.s.w.a.AnonymousAuthenticationFilter - Set SecurityContextHolder to AnonymousAuthenticationToken [Principal=anonymousUser, Credentials=[PROTECTED], Authenticated=true, Details=WebAuthenticationDetails [RemoteIpAddress=0:0:0:0:0:0:0:1, SessionId=null], Granted Authorities=[ROLE_ANONYMOUS]]
2026-03-15 21:14:38 DEBUG [http-nio-8080-exec-4] o.s.s.w.a.Http403ForbiddenEntryPoint - Pre-authenticated entry point called. Rejecting access
2026-03-15 21:15:20 DEBUG [http-nio-8080-exec-6] o.s.security.web.FilterChainProxy - Securing GET /api/v1/users
2026-03-15 21:15:20 TRACE [http-nio-8080-exec-6] o.s.s.w.a.logout.LogoutFilter - Did not match request to Or [Ant [pattern='/logout', GET], Ant [pattern='/logout', POST], Ant [pattern='/logout', PUT], Ant [pattern='/logout', DELETE]]
2026-03-15 21:15:20 TRACE [http-nio-8080-exec-6] o.s.s.w.a.AnonymousAuthenticationFilter - Set SecurityContextHolder to AnonymousAuthenticationToken [Principal=anonymousUser, Credentials=[PROTECTED], Authenticated=true, Details=WebAuthenticationDetails [RemoteIpAddress=0:0:0:0:0:0:0:1, SessionId=null], Granted Authorities=[ROLE_ANONYMOUS]]
2026-03-15 21:15:20 DEBUG [http-nio-8080-exec-6] o.s.s.w.a.Http403ForbiddenEntryPoint - Pre-authenticated entry point called. Rejecting access
2026-03-15 21:15:20 DEBUG [http-nio-8080-exec-6] o.s.security.web.FilterChainProxy - Securing GET /error
2026-03-15 21:15:20 TRACE [http-nio-8080-exec-6] o.s.s.w.a.logout.LogoutFilter - Did not match request to Or [Ant [pattern='/logout', GET], Ant [pattern='/logout', POST], Ant [pattern='/logout', PUT], Ant [pattern='/logout', DELETE]]
2026-03-15 21:15:20 TRACE [http-nio-8080-exec-6] o.s.s.w.a.AnonymousAuthenticationFilter - Set SecurityContextHolder to AnonymousAuthenticationToken [Principal=anonymousUser, Credentials=[PROTECTED], Authenticated=true, Details=WebAuthenticationDetails [RemoteIpAddress=0:0:0:0:0:0:0:1, SessionId=null], Granted Authorities=[ROLE_ANONYMOUS]]
2026-03-15 21:15:20 DEBUG [http-nio-8080-exec-6] o.s.s.w.a.Http403ForbiddenEntryPoint - Pre-authenticated entry point called. Rejecting access
2026-03-15 21:16:06 DEBUG [http-nio-8080-exec-8] o.s.security.web.FilterChainProxy - Securing POST /api/v1/users/register
2026-03-15 21:16:06 TRACE [http-nio-8080-exec-8] o.s.s.w.a.logout.LogoutFilter - Did not match request to Or [Ant [pattern='/logout', GET], Ant [pattern='/logout', POST], Ant [pattern='/logout', PUT], Ant [pattern='/logout', DELETE]]
2026-03-15 21:16:06 TRACE [http-nio-8080-exec-8] o.s.s.w.a.AnonymousAuthenticationFilter - Set SecurityContextHolder to AnonymousAuthenticationToken [Principal=anonymousUser, Credentials=[PROTECTED], Authenticated=true, Details=WebAuthenticationDetails [RemoteIpAddress=0:0:0:0:0:0:0:1, SessionId=null], Granted Authorities=[ROLE_ANONYMOUS]]
2026-03-15 21:16:06 DEBUG [http-nio-8080-exec-8] o.s.s.w.a.Http403ForbiddenEntryPoint - Pre-authenticated entry point called. Rejecting access
2026-03-15 21:16:06 DEBUG [http-nio-8080-exec-8] o.s.security.web.FilterChainProxy - Securing POST /error
2026-03-15 21:16:06 TRACE [http-nio-8080-exec-8] o.s.s.w.a.logout.LogoutFilter - Did not match request to Or [Ant [pattern='/logout', GET], Ant [pattern='/logout', POST], Ant [pattern='/logout', PUT], Ant [pattern='/logout', DELETE]]
2026-03-15 21:16:06 TRACE [http-nio-8080-exec-8] o.s.s.w.a.AnonymousAuthenticationFilter - Set SecurityContextHolder to AnonymousAuthenticationToken [Principal=anonymousUser, Credentials=[PROTECTED], Authenticated=true, Details=WebAuthenticationDetails [RemoteIpAddress=0:0:0:0:0:0:0:1, SessionId=null], Granted Authorities=[ROLE_ANONYMOUS]]
2026-03-15 21:16:06 DEBUG [http-nio-8080-exec-8] o.s.s.w.a.Http403ForbiddenEntryPoint - Pre-authenticated entry point called. Rejecting access
2026-03-15 21:17:01 DEBUG [http-nio-8080-exec-7] o.s.security.web.FilterChainProxy - Securing POST /api/v1/users/register
2026-03-15 21:17:01 TRACE [http-nio-8080-exec-7] o.s.s.w.a.logout.LogoutFilter - Did not match request to Or [Ant [pattern='/logout', GET], Ant [pattern='/logout', POST], Ant [pattern='/logout', PUT], Ant [pattern='/logout', DELETE]]
2026-03-15 21:17:01 TRACE [http-nio-8080-exec-7] o.s.s.w.a.AnonymousAuthenticationFilter - Set SecurityContextHolder to AnonymousAuthenticationToken [Principal=anonymousUser, Credentials=[PROTECTED], Authenticated=true, Details=WebAuthenticationDetails [RemoteIpAddress=0:0:0:0:0:0:0:1, SessionId=null], Granted Authorities=[ROLE_ANONYMOUS]]
2026-03-15 21:17:01 DEBUG [http-nio-8080-exec-7] o.s.s.w.a.Http403ForbiddenEntryPoint - Pre-authenticated entry point called. Rejecting access
2026-03-15 21:17:01 DEBUG [http-nio-8080-exec-7] o.s.security.web.FilterChainProxy - Securing POST /error
2026-03-15 21:17:01 TRACE [http-nio-8080-exec-7] o.s.s.w.a.logout.LogoutFilter - Did not match request to Or [Ant [pattern='/logout', GET], Ant [pattern='/logout', POST], Ant [pattern='/logout', PUT], Ant [pattern='/logout', DELETE]]
2026-03-15 21:17:02 TRACE [http-nio-8080-exec-7] o.s.s.w.a.AnonymousAuthenticationFilter - Set SecurityContextHolder to AnonymousAuthenticationToken [Principal=anonymousUser, Credentials=[PROTECTED], Authenticated=true, Details=WebAuthenticationDetails [RemoteIpAddress=0:0:0:0:0:0:0:1, SessionId=null], Granted Authorities=[ROLE_ANONYMOUS]]
2026-03-15 21:17:02 DEBUG [http-nio-8080-exec-7] o.s.s.w.a.Http403ForbiddenEntryPoint - Pre-authenticated entry point called. Rejecting access
2026-03-15 21:23:39 DEBUG [http-nio-8080-exec-10] o.s.security.web.FilterChainProxy - Securing GET /api/v1/auth/login
2026-03-15 21:23:39 TRACE [http-nio-8080-exec-10] o.s.s.w.a.logout.LogoutFilter - Did not match request to Or [Ant [pattern='/logout', GET], Ant [pattern='/logout', POST], Ant [pattern='/logout', PUT], Ant [pattern='/logout', DELETE]]
2026-03-15 21:23:39 TRACE [http-nio-8080-exec-10] o.s.s.w.a.AnonymousAuthenticationFilter - Set SecurityContextHolder to AnonymousAuthenticationToken [Principal=anonymousUser, Credentials=[PROTECTED], Authenticated=true, Details=WebAuthenticationDetails [RemoteIpAddress=0:0:0:0:0:0:0:1, SessionId=null], Granted Authorities=[ROLE_ANONYMOUS]]
2026-03-15 21:23:39 DEBUG [http-nio-8080-exec-10] o.s.security.web.FilterChainProxy - Secured GET /api/v1/auth/login
2026-03-15 21:23:39 DEBUG [http-nio-8080-exec-10] o.s.web.servlet.DispatcherServlet - GET "/api/v1/auth/login", parameters={}
2026-03-15 21:23:39 WARN  [http-nio-8080-exec-10] o.s.w.s.m.s.DefaultHandlerExceptionResolver - Resolved [org.springframework.web.HttpRequestMethodNotSupportedException: Request method 'GET' is not supported]
2026-03-15 21:23:39 DEBUG [http-nio-8080-exec-10] o.s.web.servlet.DispatcherServlet - Completed 405 METHOD_NOT_ALLOWED
2026-03-15 21:23:39 DEBUG [http-nio-8080-exec-10] o.s.security.web.FilterChainProxy - Securing GET /error
2026-03-15 21:23:39 TRACE [http-nio-8080-exec-10] o.s.s.w.a.logout.LogoutFilter - Did not match request to Or [Ant [pattern='/logout', GET], Ant [pattern='/logout', POST], Ant [pattern='/logout', PUT], Ant [pattern='/logout', DELETE]]
2026-03-15 21:23:39 TRACE [http-nio-8080-exec-10] o.s.s.w.a.AnonymousAuthenticationFilter - Set SecurityContextHolder to AnonymousAuthenticationToken [Principal=anonymousUser, Credentials=[PROTECTED], Authenticated=true, Details=WebAuthenticationDetails [RemoteIpAddress=0:0:0:0:0:0:0:1, SessionId=null], Granted Authorities=[ROLE_ANONYMOUS]]
2026-03-15 21:23:39 DEBUG [http-nio-8080-exec-10] o.s.s.w.a.Http403ForbiddenEntryPoint - Pre-authenticated entry point called. Rejecting access
2026-03-15 21:24:03 DEBUG [http-nio-8080-exec-2] o.s.security.web.FilterChainProxy - Securing POST /api/v1/auth/login
2026-03-15 21:24:03 TRACE [http-nio-8080-exec-2] o.s.s.w.a.logout.LogoutFilter - Did not match request to Or [Ant [pattern='/logout', GET], Ant [pattern='/logout', POST], Ant [pattern='/logout', PUT], Ant [pattern='/logout', DELETE]]
2026-03-15 21:24:03 TRACE [http-nio-8080-exec-2] o.s.s.w.a.AnonymousAuthenticationFilter - Set SecurityContextHolder to AnonymousAuthenticationToken [Principal=anonymousUser, Credentials=[PROTECTED], Authenticated=true, Details=WebAuthenticationDetails [RemoteIpAddress=0:0:0:0:0:0:0:1, SessionId=null], Granted Authorities=[ROLE_ANONYMOUS]]
2026-03-15 21:24:03 DEBUG [http-nio-8080-exec-2] o.s.security.web.FilterChainProxy - Secured POST /api/v1/auth/login
2026-03-15 21:24:03 DEBUG [http-nio-8080-exec-2] o.s.web.servlet.DispatcherServlet - POST "/api/v1/auth/login", parameters={}
2026-03-15 21:24:03 DEBUG [http-nio-8080-exec-2] o.s.w.s.m.m.a.RequestMappingHandlerMapping - Mapped to com.example.ClinicaDefinitiva.infrastructure.rest.controller.auth.AuthController#login(LoginRequest)
2026-03-15 21:24:03 DEBUG [http-nio-8080-exec-2] o.s.w.s.m.m.a.RequestResponseBodyMethodProcessor - Read "application/json;charset=UTF-8" to [LoginRequest[email=admin@test.com, password=admin123]]
2026-03-15 21:24:06 DEBUG [http-nio-8080-exec-2] o.s.s.a.d.DaoAuthenticationProvider - Authenticated user
2026-03-15 21:24:06 DEBUG [http-nio-8080-exec-2] o.s.w.s.m.m.a.HttpEntityMethodProcessor - Using 'application/json', given [*/*] and supported [application/json, application/*+json]
2026-03-15 21:24:06 DEBUG [http-nio-8080-exec-2] o.s.w.s.m.m.a.HttpEntityMethodProcessor - Writing [{token=eyJhbGciOiJIUzI1NiJ9.eyJzdWIiOiJhZG1pbkB0ZXN0LmNvbSIsInJvbGVzIjpbIlJPTEVfVVNFUiJdLCJpYXQiOjE3 (truncated)...]
2026-03-15 21:24:06 DEBUG [http-nio-8080-exec-2] o.s.web.servlet.DispatcherServlet - Completed 200 OK
2026-03-15 21:25:03 DEBUG [http-nio-8080-exec-3] o.s.security.web.FilterChainProxy - Securing POST /api/v1/users/register
2026-03-15 21:25:03 TRACE [http-nio-8080-exec-3] o.s.s.w.a.logout.LogoutFilter - Did not match request to Or [Ant [pattern='/logout', GET], Ant [pattern='/logout', POST], Ant [pattern='/logout', PUT], Ant [pattern='/logout', DELETE]]
2026-03-15 21:25:03 TRACE [http-nio-8080-exec-3] o.s.s.w.a.AnonymousAuthenticationFilter - Set SecurityContextHolder to AnonymousAuthenticationToken [Principal=anonymousUser, Credentials=[PROTECTED], Authenticated=true, Details=WebAuthenticationDetails [RemoteIpAddress=0:0:0:0:0:0:0:1, SessionId=null], Granted Authorities=[ROLE_ANONYMOUS]]
2026-03-15 21:25:03 DEBUG [http-nio-8080-exec-3] o.s.s.w.a.Http403ForbiddenEntryPoint - Pre-authenticated entry point called. Rejecting access
2026-03-15 21:25:03 DEBUG [http-nio-8080-exec-3] o.s.security.web.FilterChainProxy - Securing POST /error
2026-03-15 21:25:03 TRACE [http-nio-8080-exec-3] o.s.s.w.a.logout.LogoutFilter - Did not match request to Or [Ant [pattern='/logout', GET], Ant [pattern='/logout', POST], Ant [pattern='/logout', PUT], Ant [pattern='/logout', DELETE]]
2026-03-15 21:25:03 TRACE [http-nio-8080-exec-3] o.s.s.w.a.AnonymousAuthenticationFilter - Set SecurityContextHolder to AnonymousAuthenticationToken [Principal=anonymousUser, Credentials=[PROTECTED], Authenticated=true, Details=WebAuthenticationDetails [RemoteIpAddress=0:0:0:0:0:0:0:1, SessionId=null], Granted Authorities=[ROLE_ANONYMOUS]]
2026-03-15 21:25:03 DEBUG [http-nio-8080-exec-3] o.s.s.w.a.Http403ForbiddenEntryPoint - Pre-authenticated entry point called. Rejecting access
2026-03-15 21:25:19 DEBUG [http-nio-8080-exec-6] o.s.security.web.FilterChainProxy - Securing POST /api/v1/users/register
2026-03-15 21:25:19 TRACE [http-nio-8080-exec-6] o.s.s.w.a.logout.LogoutFilter - Did not match request to Or [Ant [pattern='/logout', GET], Ant [pattern='/logout', POST], Ant [pattern='/logout', PUT], Ant [pattern='/logout', DELETE]]
2026-03-15 21:25:20 TRACE [http-nio-8080-exec-6] o.s.s.w.a.AnonymousAuthenticationFilter - Did not set SecurityContextHolder since already authenticated UsernamePasswordAuthenticationToken [Principal=com.example.ClinicaDefinitiva.infrastructure.security.adapter.CustomUserDetails@654cb55d, Credentials=[PROTECTED], Authenticated=true, Details=null, Granted Authorities=[UPDATE_COMPANY, UPDATE_INVOICE, CREATE_ASSIGNMENT, UPDATE_GUARDIAN, CLONE_ROLE_ROLE, CANCEL_APPOINTMENT, UPDATE_JOURNAL_ENTRY, REVERSE_JOURNAL_ENTRY, CREATE_CONTRACT, DELETE_APPOINTMENT, RESCHEDULE_APPOINTMENT, SET_PERMISSIONS_ROLE, CREATE_PATIENT, READ_USER_IDENTITY, IS_CURRENTLY_ACTIVE_ASSIGNMENT, READ_RATE, ACTIVATE_ROLE_ROLE, DELETE_ROLE_ROLE, READ_APPOINTMENT, READ_DENTIST, CREATE_COMPANY, VIEW_ROLE_ROLE, SCHEDULE_APPOINTMENT, ROLE_RECEPTIONIST, DELETE_INVOICE, CREATE_CUSTOM_ROLE_ROLE, UPDATE_PAYMENT, CREATE_DENTIST, CHECK_PERMISSION_ROLE, READ_PATIENT, READ_ADMINISTRATIVE_REPORT, CREATE_APPOINTMENT, VIEW_ASSIGNMENT_ASSIGNMENT, READ_CONTRACT, DELETE_ADMINISTRATIVE_REPORT, DEACTIVATE_USER_IDENTITY, REVERSE_INVOICE, DEACTIVATE_ROLE_ROLE, APPROVE_INVOICE, READ_PROVIDED_SERVICE, REVOKE_ASSIGNMENT, READ_AVAILABILITY, READ_RECEPTIONIST, DELETE_RATE, UPDATE_PRIMARY_ASSIGNMENT, UPDATE_DENTIST, CREATE_USER_IDENTITY, DELETE_CONTRACT, DELETE_PAYMENT, DELETE_ASSIGNMENT, READ_COMPANY, UPDATE_ADMINISTRATIVE_REPORT, REMOVE_PERMISSION_ROLE, CREATE_PAYMENT, UPDATE_USER_IDENTITY, ADD_PERMISSION_ROLE, READ_GUARDIAN, UPDATE_CONTRACT, DELETE_COMPANY, IS_ACTIVE_AT_ASSIGNMENT, DELETE_DENTIST, READ_ASSIGNMENT, POST_INVOICE, REVOKE_ALL_ASSIGNMENT, CREATE_JOURNAL_ENTRY, CREATE_ADMINISTRATIVE_REPORT, UPDATE_ASSIGNMENT, READ_SHIFT, POST_JOURNAL_ENTRY, CREATE_GUARDIAN, ROLE_ADMINISTRATOR, CREATE_TEMPORARY_ASSIGNMENT, READ_PAYMENT, CREATE_RATE, EXTEND_ASSIGNMENT_ASSIGNMENT, READ_INVOICE, REACTIVATE_USER_IDENTITY, UPDATE_APPOINTMENT, UPDATE_RATE, DELETE_JOURNAL_ENTRY, CREATE_SHIFT, READ_JOURNAL_ENTRY, MARK_DELETED_ROLE_ROLE, CREATE_INVOICE, UPDATE_SHIFT, SUSPEND_ROLE_ROLE, UPDATE_PATIENT, UPDATE_PROVIDED_SERVICE, SUSPEND_USER_IDENTITY]]
2026-03-15 21:25:20 TRACE [http-nio-8080-exec-6] o.s.s.w.a.s.CompositeSessionAuthenticationStrategy - Preparing session with ChangeSessionIdAuthenticationStrategy (1/1)
2026-03-15 21:25:20 DEBUG [http-nio-8080-exec-6] o.s.security.web.FilterChainProxy - Secured POST /api/v1/users/register
2026-03-15 21:25:20 DEBUG [http-nio-8080-exec-6] o.s.web.servlet.DispatcherServlet - POST "/api/v1/users/register", parameters={}
2026-03-15 21:25:20 DEBUG [http-nio-8080-exec-6] o.s.w.s.m.m.a.RequestMappingHandlerMapping - Mapped to com.example.ClinicaDefinitiva.infrastructure.rest.controller.authentication.UserIdentityController#register(CreateUserIdentityRequest, CustomUserDetails)
2026-03-15 21:25:20 DEBUG [http-nio-8080-exec-6] o.s.w.s.m.m.a.RequestResponseBodyMethodProcessor - Read "application/json;charset=UTF-8" to [CreateUserIdentityRequest[email=DAVID1742073890123@gmail.com, password=Test123!, name=David User 174 (truncated)...]
2026-03-15 21:25:21 DEBUG [http-nio-8080-exec-6] o.s.w.s.m.m.a.HttpEntityMethodProcessor - Using 'application/json', given [*/*] and supported [application/json, application/*+json]
2026-03-15 21:25:21 DEBUG [http-nio-8080-exec-6] o.s.w.s.m.m.a.HttpEntityMethodProcessor - Writing [ReadUserIdentityResponse[id=3, email=DAVID1742073890123@gmail.com, name=David User 1742073890123, cr (truncated)...]
2026-03-15 21:25:22 DEBUG [http-nio-8080-exec-6] o.s.web.servlet.DispatcherServlet - Completed 201 CREATED
2026-03-15 21:27:19 DEBUG [http-nio-8080-exec-9] o.s.security.web.FilterChainProxy - Securing POST /api/v1/auth/login
2026-03-15 21:27:19 TRACE [http-nio-8080-exec-9] o.s.s.w.a.logout.LogoutFilter - Did not match request to Or [Ant [pattern='/logout', GET], Ant [pattern='/logout', POST], Ant [pattern='/logout', PUT], Ant [pattern='/logout', DELETE]]
2026-03-15 21:27:19 TRACE [http-nio-8080-exec-9] o.s.s.w.a.AnonymousAuthenticationFilter - Set SecurityContextHolder to AnonymousAuthenticationToken [Principal=anonymousUser, Credentials=[PROTECTED], Authenticated=true, Details=WebAuthenticationDetails [RemoteIpAddress=0:0:0:0:0:0:0:1, SessionId=null], Granted Authorities=[ROLE_ANONYMOUS]]
2026-03-15 21:27:19 DEBUG [http-nio-8080-exec-9] o.s.security.web.FilterChainProxy - Secured POST /api/v1/auth/login
2026-03-15 21:27:19 DEBUG [http-nio-8080-exec-9] o.s.web.servlet.DispatcherServlet - POST "/api/v1/auth/login", parameters={}
2026-03-15 21:27:19 DEBUG [http-nio-8080-exec-9] o.s.w.s.m.m.a.RequestMappingHandlerMapping - Mapped to com.example.ClinicaDefinitiva.infrastructure.rest.controller.auth.AuthController#login(LoginRequest)
2026-03-15 21:27:19 DEBUG [http-nio-8080-exec-9] o.s.w.s.m.m.a.RequestResponseBodyMethodProcessor - Read "application/json;charset=UTF-8" to [LoginRequest[email=DAVID1742073890123@gmail.com, password=Test123!]]
2026-03-15 21:27:20 DEBUG [http-nio-8080-exec-9] o.s.s.a.DefaultAuthenticationEventPublisher - No event was found for the exception org.springframework.security.authentication.InternalAuthenticationServiceException
2026-03-15 21:27:20 DEBUG [http-nio-8080-exec-9] o.s.s.authentication.ProviderManager - Authentication service failed internally for user 'DAVID1742073890123@gmail.com'
org.springframework.security.authentication.InternalAuthenticationServiceException: Usuario no verificado
	at org.springframework.security.authentication.dao.DaoAuthenticationProvider.retrieveUser(DaoAuthenticationProvider.java:136)
	at org.springframework.security.authentication.dao.AbstractUserDetailsAuthenticationProvider.authenticate(AbstractUserDetailsAuthenticationProvider.java:136)
	at org.springframework.security.authentication.ProviderManager.authenticate(ProviderManager.java:182)
	at com.example.ClinicaDefinitiva.infrastructure.rest.controller.auth.AuthController.login(AuthController.java:35)
	at java.base/jdk.internal.reflect.NativeMethodAccessorImpl.invoke0(Native Method)
	at java.base/jdk.internal.reflect.NativeMethodAccessorImpl.invoke(NativeMethodAccessorImpl.java:77)
	at java.base/jdk.internal.reflect.DelegatingMethodAccessorImpl.invoke(DelegatingMethodAccessorImpl.java:43)
	at java.base/java.lang.reflect.Method.invoke(Method.java:568)
	at org.springframework.web.method.support.InvocableHandlerMethod.doInvoke(InvocableHandlerMethod.java:258)
	at org.springframework.web.method.support.InvocableHandlerMethod.invokeForRequest(InvocableHandlerMethod.java:191)
	at org.springframework.web.servlet.mvc.method.annotation.ServletInvocableHandlerMethod.invokeAndHandle(ServletInvocableHandlerMethod.java:118)
	at org.springframework.web.servlet.mvc.method.annotation.RequestMappingHandlerAdapter.invokeHandlerMethod(RequestMappingHandlerAdapter.java:986)
	at org.springframework.web.servlet.mvc.method.annotation.RequestMappingHandlerAdapter.handleInternal(RequestMappingHandlerAdapter.java:891)
	at org.springframework.web.servlet.mvc.method.AbstractHandlerMethodAdapter.handle(AbstractHandlerMethodAdapter.java:87)
	at org.springframework.web.servlet.DispatcherServlet.doDispatch(DispatcherServlet.java:1089)
	at org.springframework.web.servlet.DispatcherServlet.doService(DispatcherServlet.java:979)
	at org.springframework.web.servlet.FrameworkServlet.processRequest(FrameworkServlet.java:1014)
	at org.springframework.web.servlet.FrameworkServlet.doPost(FrameworkServlet.java:914)
	at jakarta.servlet.http.HttpServlet.service(HttpServlet.java:590)
	at org.springframework.web.servlet.FrameworkServlet.service(FrameworkServlet.java:885)
	at jakarta.servlet.http.HttpServlet.service(HttpServlet.java:658)
	at org.apache.catalina.core.ApplicationFilterChain.internalDoFilter(ApplicationFilterChain.java:195)
	at org.apache.catalina.core.ApplicationFilterChain.doFilter(ApplicationFilterChain.java:140)
	at org.apache.tomcat.websocket.server.WsFilter.doFilter(WsFilter.java:51)
	at org.apache.catalina.core.ApplicationFilterChain.internalDoFilter(ApplicationFilterChain.java:164)
	at org.apache.catalina.core.ApplicationFilterChain.doFilter(ApplicationFilterChain.java:140)
	at com.example.ClinicaDefinitiva.util.RequestIdFilter.doFilterInternal(RequestIdFilter.java:76)
	at org.springframework.web.filter.OncePerRequestFilter.doFilter(OncePerRequestFilter.java:116)
	at org.apache.catalina.core.ApplicationFilterChain.internalDoFilter(ApplicationFilterChain.java:164)
	at org.apache.catalina.core.ApplicationFilterChain.doFilter(ApplicationFilterChain.java:140)
	at org.springframework.web.filter.CompositeFilter$VirtualFilterChain.doFilter(CompositeFilter.java:108)
	at org.springframework.web.filter.CompositeFilter$VirtualFilterChain.doFilter(CompositeFilter.java:108)
	at org.springframework.security.web.FilterChainProxy.lambda$doFilterInternal$3(FilterChainProxy.java:231)
	at org.springframework.security.web.ObservationFilterChainDecorator$FilterObservation$SimpleFilterObservation.lambda$wrap$1(ObservationFilterChainDecorator.java:479)
	at org.springframework.security.web.ObservationFilterChainDecorator$AroundFilterObservation$SimpleAroundFilterObservation.lambda$wrap$1(ObservationFilterChainDecorator.java:340)
	at org.springframework.security.web.ObservationFilterChainDecorator.lambda$wrapSecured$0(ObservationFilterChainDecorator.java:82)
	at org.springframework.security.web.ObservationFilterChainDecorator$VirtualFilterChain.doFilter(ObservationFilterChainDecorator.java:128)
	at org.springframework.security.web.access.intercept.AuthorizationFilter.doFilter(AuthorizationFilter.java:101)
	at org.springframework.security.web.ObservationFilterChainDecorator$ObservationFilter.wrapFilter(ObservationFilterChainDecorator.java:240)
	at org.springframework.security.web.ObservationFilterChainDecorator$ObservationFilter.doFilter(ObservationFilterChainDecorator.java:227)
	at org.springframework.security.web.ObservationFilterChainDecorator$VirtualFilterChain.doFilter(ObservationFilterChainDecorator.java:137)
	at org.springframework.security.web.access.ExceptionTranslationFilter.doFilter(ExceptionTranslationFilter.java:125)
	at org.springframework.security.web.access.ExceptionTranslationFilter.doFilter(ExceptionTranslationFilter.java:119)
	at org.springframework.security.web.ObservationFilterChainDecorator$ObservationFilter.wrapFilter(ObservationFilterChainDecorator.java:240)
	at org.springframework.security.web.ObservationFilterChainDecorator$ObservationFilter.doFilter(ObservationFilterChainDecorator.java:227)
	at org.springframework.security.web.ObservationFilterChainDecorator$VirtualFilterChain.doFilter(ObservationFilterChainDecorator.java:137)
	at org.springframework.security.web.session.SessionManagementFilter.doFilter(SessionManagementFilter.java:131)
	at org.springframework.security.web.session.SessionManagementFilter.doFilter(SessionManagementFilter.java:85)
	at org.springframework.security.web.ObservationFilterChainDecorator$ObservationFilter.wrapFilter(ObservationFilterChainDecorator.java:240)
	at org.springframework.security.web.ObservationFilterChainDecorator$ObservationFilter.doFilter(ObservationFilterChainDecorator.java:227)
	at org.springframework.security.web.ObservationFilterChainDecorator$VirtualFilterChain.doFilter(ObservationFilterChainDecorator.java:137)
	at org.springframework.security.web.authentication.AnonymousAuthenticationFilter.doFilter(AnonymousAuthenticationFilter.java:100)
	at org.springframework.security.web.ObservationFilterChainDecorator$ObservationFilter.wrapFilter(ObservationFilterChainDecorator.java:240)
	at org.springframework.security.web.ObservationFilterChainDecorator$ObservationFilter.doFilter(ObservationFilterChainDecorator.java:227)
	at org.springframework.security.web.ObservationFilterChainDecorator$VirtualFilterChain.doFilter(ObservationFilterChainDecorator.java:137)
	at org.springframework.security.web.servletapi.SecurityContextHolderAwareRequestFilter.doFilter(SecurityContextHolderAwareRequestFilter.java:179)
	at org.springframework.security.web.ObservationFilterChainDecorator$ObservationFilter.wrapFilter(ObservationFilterChainDecorator.java:240)
	at org.springframework.security.web.ObservationFilterChainDecorator$ObservationFilter.doFilter(ObservationFilterChainDecorator.java:227)
	at org.springframework.security.web.ObservationFilterChainDecorator$VirtualFilterChain.doFilter(ObservationFilterChainDecorator.java:137)
	at org.springframework.security.web.savedrequest.RequestCacheAwareFilter.doFilter(RequestCacheAwareFilter.java:63)
	at org.springframework.security.web.ObservationFilterChainDecorator$ObservationFilter.wrapFilter(ObservationFilterChainDecorator.java:240)
	at org.springframework.security.web.ObservationFilterChainDecorator$ObservationFilter.doFilter(ObservationFilterChainDecorator.java:227)
	at org.springframework.security.web.ObservationFilterChainDecorator$VirtualFilterChain.doFilter(ObservationFilterChainDecorator.java:137)
	at com.example.ClinicaDefinitiva.infrastructure.security.filter.JwtAuthenticationFilter.doFilterInternal(JwtAuthenticationFilter.java:40)
	at org.springframework.web.filter.OncePerRequestFilter.doFilter(OncePerRequestFilter.java:116)
	at org.springframework.security.web.ObservationFilterChainDecorator$ObservationFilter.wrapFilter(ObservationFilterChainDecorator.java:240)
	at org.springframework.security.web.ObservationFilterChainDecorator$ObservationFilter.doFilter(ObservationFilterChainDecorator.java:227)
	at org.springframework.security.web.ObservationFilterChainDecorator$VirtualFilterChain.doFilter(ObservationFilterChainDecorator.java:137)
	at org.springframework.security.web.authentication.logout.LogoutFilter.doFilter(LogoutFilter.java:107)
	at org.springframework.security.web.authentication.logout.LogoutFilter.doFilter(LogoutFilter.java:93)
	at org.springframework.security.web.ObservationFilterChainDecorator$ObservationFilter.wrapFilter(ObservationFilterChainDecorator.java:240)
	at org.springframework.security.web.ObservationFilterChainDecorator$ObservationFilter.doFilter(ObservationFilterChainDecorator.java:227)
	at org.springframework.security.web.ObservationFilterChainDecorator$VirtualFilterChain.doFilter(ObservationFilterChainDecorator.java:137)
	at org.springframework.security.web.header.HeaderWriterFilter.doHeadersAfter(HeaderWriterFilter.java:90)
	at org.springframework.security.web.header.HeaderWriterFilter.doFilterInternal(HeaderWriterFilter.java:75)
	at org.springframework.web.filter.OncePerRequestFilter.doFilter(OncePerRequestFilter.java:116)
	at org.springframework.security.web.ObservationFilterChainDecorator$ObservationFilter.wrapFilter(ObservationFilterChainDecorator.java:240)
	at org.springframework.security.web.ObservationFilterChainDecorator$ObservationFilter.doFilter(ObservationFilterChainDecorator.java:227)
	at org.springframework.security.web.ObservationFilterChainDecorator$VirtualFilterChain.doFilter(ObservationFilterChainDecorator.java:137)
	at org.springframework.security.web.context.SecurityContextHolderFilter.doFilter(SecurityContextHolderFilter.java:82)
	at org.springframework.security.web.context.SecurityContextHolderFilter.doFilter(SecurityContextHolderFilter.java:69)
	at org.springframework.security.web.ObservationFilterChainDecorator$ObservationFilter.wrapFilter(ObservationFilterChainDecorator.java:240)
	at org.springframework.security.web.ObservationFilterChainDecorator$ObservationFilter.doFilter(ObservationFilterChainDecorator.java:227)
	at org.springframework.security.web.ObservationFilterChainDecorator$VirtualFilterChain.doFilter(ObservationFilterChainDecorator.java:137)
	at org.springframework.security.web.context.request.async.WebAsyncManagerIntegrationFilter.doFilterInternal(WebAsyncManagerIntegrationFilter.java:62)
	at org.springframework.web.filter.OncePerRequestFilter.doFilter(OncePerRequestFilter.java:116)
	at org.springframework.security.web.ObservationFilterChainDecorator$ObservationFilter.wrapFilter(ObservationFilterChainDecorator.java:240)
	at org.springframework.security.web.ObservationFilterChainDecorator$ObservationFilter.doFilter(ObservationFilterChainDecorator.java:227)
	at org.springframework.security.web.ObservationFilterChainDecorator$VirtualFilterChain.doFilter(ObservationFilterChainDecorator.java:137)
	at org.springframework.security.web.session.DisableEncodeUrlFilter.doFilterInternal(DisableEncodeUrlFilter.java:42)
	at org.springframework.web.filter.OncePerRequestFilter.doFilter(OncePerRequestFilter.java:116)
	at org.springframework.security.web.ObservationFilterChainDecorator$ObservationFilter.wrapFilter(ObservationFilterChainDecorator.java:240)
	at org.springframework.security.web.ObservationFilterChainDecorator$AroundFilterObservation$SimpleAroundFilterObservation.lambda$wrap$0(ObservationFilterChainDecorator.java:323)
	at org.springframework.security.web.ObservationFilterChainDecorator$ObservationFilter.doFilter(ObservationFilterChainDecorator.java:224)
	at org.springframework.security.web.ObservationFilterChainDecorator$VirtualFilterChain.doFilter(ObservationFilterChainDecorator.java:137)
	at org.springframework.security.web.FilterChainProxy.doFilterInternal(FilterChainProxy.java:233)
	at org.springframework.security.web.FilterChainProxy.doFilter(FilterChainProxy.java:191)
	at org.springframework.web.filter.CompositeFilter$VirtualFilterChain.doFilter(CompositeFilter.java:113)
	at org.springframework.web.filter.ServletRequestPathFilter.doFilter(ServletRequestPathFilter.java:52)
	at org.springframework.web.filter.CompositeFilter$VirtualFilterChain.doFilter(CompositeFilter.java:113)
	at org.springframework.web.filter.CompositeFilter.doFilter(CompositeFilter.java:74)
	at org.springframework.security.config.annotation.web.configuration.WebSecurityConfiguration$CompositeFilterChainProxy.doFilter(WebSecurityConfiguration.java:319)
	at org.springframework.web.filter.CompositeFilter$VirtualFilterChain.doFilter(CompositeFilter.java:113)
	at org.springframework.web.servlet.handler.HandlerMappingIntrospector.lambda$createCacheFilter$3(HandlerMappingIntrospector.java:243)
	at org.springframework.web.filter.CompositeFilter$VirtualFilterChain.doFilter(CompositeFilter.java:113)
	at org.springframework.web.filter.CompositeFilter.doFilter(CompositeFilter.java:74)
	at org.springframework.security.config.annotation.web.configuration.WebMvcSecurityConfiguration$CompositeFilterChainProxy.doFilter(WebMvcSecurityConfiguration.java:240)
	at org.springframework.web.filter.DelegatingFilterProxy.invokeDelegate(DelegatingFilterProxy.java:362)
	at org.springframework.web.filter.DelegatingFilterProxy.doFilter(DelegatingFilterProxy.java:278)
	at org.apache.catalina.core.ApplicationFilterChain.internalDoFilter(ApplicationFilterChain.java:164)
	at org.apache.catalina.core.ApplicationFilterChain.doFilter(ApplicationFilterChain.java:140)
	at org.springframework.web.filter.RequestContextFilter.doFilterInternal(RequestContextFilter.java:100)
	at org.springframework.web.filter.OncePerRequestFilter.doFilter(OncePerRequestFilter.java:116)
	at org.apache.catalina.core.ApplicationFilterChain.internalDoFilter(ApplicationFilterChain.java:164)
	at org.apache.catalina.core.ApplicationFilterChain.doFilter(ApplicationFilterChain.java:140)
	at org.springframework.web.filter.FormContentFilter.doFilterInternal(FormContentFilter.java:93)
	at org.springframework.web.filter.OncePerRequestFilter.doFilter(OncePerRequestFilter.java:116)
	at org.apache.catalina.core.ApplicationFilterChain.internalDoFilter(ApplicationFilterChain.java:164)
	at org.apache.catalina.core.ApplicationFilterChain.doFilter(ApplicationFilterChain.java:140)
	at org.springframework.web.filter.ServerHttpObservationFilter.doFilterInternal(ServerHttpObservationFilter.java:114)
	at org.springframework.web.filter.OncePerRequestFilter.doFilter(OncePerRequestFilter.java:116)
	at org.apache.catalina.core.ApplicationFilterChain.internalDoFilter(ApplicationFilterChain.java:164)
	at org.apache.catalina.core.ApplicationFilterChain.doFilter(ApplicationFilterChain.java:140)
	at org.springframework.web.filter.CharacterEncodingFilter.doFilterInternal(CharacterEncodingFilter.java:201)
	at org.springframework.web.filter.OncePerRequestFilter.doFilter(OncePerRequestFilter.java:116)
	at org.apache.catalina.core.ApplicationFilterChain.internalDoFilter(ApplicationFilterChain.java:164)
	at org.apache.catalina.core.ApplicationFilterChain.doFilter(ApplicationFilterChain.java:140)
	at org.apache.catalina.core.StandardWrapperValve.invoke(StandardWrapperValve.java:167)
	at org.apache.catalina.core.StandardContextValve.invoke(StandardContextValve.java:90)
	at org.apache.catalina.authenticator.AuthenticatorBase.invoke(AuthenticatorBase.java:483)
	at org.apache.catalina.core.StandardHostValve.invoke(StandardHostValve.java:116)
	at org.apache.catalina.valves.ErrorReportValve.invoke(ErrorReportValve.java:93)
	at org.apache.catalina.core.StandardEngineValve.invoke(StandardEngineValve.java:74)
	at org.apache.catalina.connector.CoyoteAdapter.service(CoyoteAdapter.java:344)
	at org.apache.coyote.http11.Http11Processor.service(Http11Processor.java:398)
	at org.apache.coyote.AbstractProcessorLight.process(AbstractProcessorLight.java:63)
	at org.apache.coyote.AbstractProtocol$ConnectionHandler.process(AbstractProtocol.java:903)
	at org.apache.tomcat.util.net.NioEndpoint$SocketProcessor.doRun(NioEndpoint.java:1740)
	at org.apache.tomcat.util.net.SocketProcessorBase.run(SocketProcessorBase.java:52)
	at org.apache.tomcat.util.threads.ThreadPoolExecutor.runWorker(ThreadPoolExecutor.java:1189)
	at org.apache.tomcat.util.threads.ThreadPoolExecutor$Worker.run(ThreadPoolExecutor.java:658)
	at org.apache.tomcat.util.threads.TaskThread$WrappingRunnable.run(TaskThread.java:63)
	at java.base/java.lang.Thread.run(Thread.java:842)
Caused by: org.springframework.security.authentication.DisabledException: Usuario no verificado
	at com.example.ClinicaDefinitiva.infrastructure.security.adapter.CustomUserDetailsService.loadUserByUsername(CustomUserDetailsService.java:43)
	at org.springframework.security.authentication.dao.DaoAuthenticationProvider.retrieveUser(DaoAuthenticationProvider.java:121)
	... 142 common frames omitted
2026-03-15 21:27:20 DEBUG [http-nio-8080-exec-9] o.s.web.servlet.DispatcherServlet - Failed to complete request: org.springframework.security.authentication.InternalAuthenticationServiceException: Usuario no verificado
2026-03-15 21:27:20 DEBUG [http-nio-8080-exec-9] o.s.s.w.a.Http403ForbiddenEntryPoint - Pre-authenticated entry point called. Rejecting access
2026-03-15 21:27:20 DEBUG [http-nio-8080-exec-9] o.s.security.web.FilterChainProxy - Securing POST /error
2026-03-15 21:27:20 TRACE [http-nio-8080-exec-9] o.s.s.w.a.logout.LogoutFilter - Did not match request to Or [Ant [pattern='/logout', GET], Ant [pattern='/logout', POST], Ant [pattern='/logout', PUT], Ant [pattern='/logout', DELETE]]
2026-03-15 21:27:20 TRACE [http-nio-8080-exec-9] o.s.s.w.a.AnonymousAuthenticationFilter - Set SecurityContextHolder to AnonymousAuthenticationToken [Principal=anonymousUser, Credentials=[PROTECTED], Authenticated=true, Details=WebAuthenticationDetails [RemoteIpAddress=0:0:0:0:0:0:0:1, SessionId=null], Granted Authorities=[ROLE_ANONYMOUS]]
2026-03-15 21:27:20 DEBUG [http-nio-8080-exec-9] o.s.s.w.a.Http403ForbiddenEntryPoint - Pre-authenticated entry point called. Rejecting access
2026-03-15 21:27:51 DEBUG [http-nio-8080-exec-1] o.s.security.web.FilterChainProxy - Securing POST /api/v1/auth/login
2026-03-15 21:27:51 TRACE [http-nio-8080-exec-1] o.s.s.w.a.logout.LogoutFilter - Did not match request to Or [Ant [pattern='/logout', GET], Ant [pattern='/logout', POST], Ant [pattern='/logout', PUT], Ant [pattern='/logout', DELETE]]
2026-03-15 21:27:51 TRACE [http-nio-8080-exec-1] o.s.s.w.a.AnonymousAuthenticationFilter - Set SecurityContextHolder to AnonymousAuthenticationToken [Principal=anonymousUser, Credentials=[PROTECTED], Authenticated=true, Details=WebAuthenticationDetails [RemoteIpAddress=0:0:0:0:0:0:0:1, SessionId=null], Granted Authorities=[ROLE_ANONYMOUS]]
2026-03-15 21:27:51 DEBUG [http-nio-8080-exec-1] o.s.security.web.FilterChainProxy - Secured POST /api/v1/auth/login
2026-03-15 21:27:51 DEBUG [http-nio-8080-exec-1] o.s.web.servlet.DispatcherServlet - POST "/api/v1/auth/login", parameters={}
2026-03-15 21:27:51 DEBUG [http-nio-8080-exec-1] o.s.w.s.m.m.a.RequestMappingHandlerMapping - Mapped to com.example.ClinicaDefinitiva.infrastructure.rest.controller.auth.AuthController#login(LoginRequest)
2026-03-15 21:27:51 DEBUG [http-nio-8080-exec-1] o.s.w.s.m.m.a.RequestResponseBodyMethodProcessor - Read "application/json;charset=UTF-8" to [LoginRequest[email=DAVID1742073890123@gmail.com, password=Test123!]]
2026-03-15 21:27:51 DEBUG [http-nio-8080-exec-1] o.s.s.a.DefaultAuthenticationEventPublisher - No event was found for the exception org.springframework.security.authentication.InternalAuthenticationServiceException
2026-03-15 21:27:51 DEBUG [http-nio-8080-exec-1] o.s.s.authentication.ProviderManager - Authentication service failed internally for user 'DAVID1742073890123@gmail.com'
org.springframework.security.authentication.InternalAuthenticationServiceException: Usuario no verificado
	at org.springframework.security.authentication.dao.DaoAuthenticationProvider.retrieveUser(DaoAuthenticationProvider.java:136)
	at org.springframework.security.authentication.dao.AbstractUserDetailsAuthenticationProvider.authenticate(AbstractUserDetailsAuthenticationProvider.java:136)
	at org.springframework.security.authentication.ProviderManager.authenticate(ProviderManager.java:182)
	at com.example.ClinicaDefinitiva.infrastructure.rest.controller.auth.AuthController.login(AuthController.java:35)
	at java.base/jdk.internal.reflect.NativeMethodAccessorImpl.invoke0(Native Method)
	at java.base/jdk.internal.reflect.NativeMethodAccessorImpl.invoke(NativeMethodAccessorImpl.java:77)
	at java.base/jdk.internal.reflect.DelegatingMethodAccessorImpl.invoke(DelegatingMethodAccessorImpl.java:43)
	at java.base/java.lang.reflect.Method.invoke(Method.java:568)
	at org.springframework.web.method.support.InvocableHandlerMethod.doInvoke(InvocableHandlerMethod.java:258)
	at org.springframework.web.method.support.InvocableHandlerMethod.invokeForRequest(InvocableHandlerMethod.java:191)
	at org.springframework.web.servlet.mvc.method.annotation.ServletInvocableHandlerMethod.invokeAndHandle(ServletInvocableHandlerMethod.java:118)
	at org.springframework.web.servlet.mvc.method.annotation.RequestMappingHandlerAdapter.invokeHandlerMethod(RequestMappingHandlerAdapter.java:986)
	at org.springframework.web.servlet.mvc.method.annotation.RequestMappingHandlerAdapter.handleInternal(RequestMappingHandlerAdapter.java:891)
	at org.springframework.web.servlet.mvc.method.AbstractHandlerMethodAdapter.handle(AbstractHandlerMethodAdapter.java:87)
	at org.springframework.web.servlet.DispatcherServlet.doDispatch(DispatcherServlet.java:1089)
	at org.springframework.web.servlet.DispatcherServlet.doService(DispatcherServlet.java:979)
	at org.springframework.web.servlet.FrameworkServlet.processRequest(FrameworkServlet.java:1014)
	at org.springframework.web.servlet.FrameworkServlet.doPost(FrameworkServlet.java:914)
	at jakarta.servlet.http.HttpServlet.service(HttpServlet.java:590)
	at org.springframework.web.servlet.FrameworkServlet.service(FrameworkServlet.java:885)
	at jakarta.servlet.http.HttpServlet.service(HttpServlet.java:658)
	at org.apache.catalina.core.ApplicationFilterChain.internalDoFilter(ApplicationFilterChain.java:195)
	at org.apache.catalina.core.ApplicationFilterChain.doFilter(ApplicationFilterChain.java:140)
	at org.apache.tomcat.websocket.server.WsFilter.doFilter(WsFilter.java:51)
	at org.apache.catalina.core.ApplicationFilterChain.internalDoFilter(ApplicationFilterChain.java:164)
	at org.apache.catalina.core.ApplicationFilterChain.doFilter(ApplicationFilterChain.java:140)
	at com.example.ClinicaDefinitiva.util.RequestIdFilter.doFilterInternal(RequestIdFilter.java:76)
	at org.springframework.web.filter.OncePerRequestFilter.doFilter(OncePerRequestFilter.java:116)
	at org.apache.catalina.core.ApplicationFilterChain.internalDoFilter(ApplicationFilterChain.java:164)
	at org.apache.catalina.core.ApplicationFilterChain.doFilter(ApplicationFilterChain.java:140)
	at org.springframework.web.filter.CompositeFilter$VirtualFilterChain.doFilter(CompositeFilter.java:108)
	at org.springframework.web.filter.CompositeFilter$VirtualFilterChain.doFilter(CompositeFilter.java:108)
	at org.springframework.security.web.FilterChainProxy.lambda$doFilterInternal$3(FilterChainProxy.java:231)
	at org.springframework.security.web.ObservationFilterChainDecorator$FilterObservation$SimpleFilterObservation.lambda$wrap$1(ObservationFilterChainDecorator.java:479)
	at org.springframework.security.web.ObservationFilterChainDecorator$AroundFilterObservation$SimpleAroundFilterObservation.lambda$wrap$1(ObservationFilterChainDecorator.java:340)
	at org.springframework.security.web.ObservationFilterChainDecorator.lambda$wrapSecured$0(ObservationFilterChainDecorator.java:82)
	at org.springframework.security.web.ObservationFilterChainDecorator$VirtualFilterChain.doFilter(ObservationFilterChainDecorator.java:128)
	at org.springframework.security.web.access.intercept.AuthorizationFilter.doFilter(AuthorizationFilter.java:101)
	at org.springframework.security.web.ObservationFilterChainDecorator$ObservationFilter.wrapFilter(ObservationFilterChainDecorator.java:240)
	at org.springframework.security.web.ObservationFilterChainDecorator$ObservationFilter.doFilter(ObservationFilterChainDecorator.java:227)
	at org.springframework.security.web.ObservationFilterChainDecorator$VirtualFilterChain.doFilter(ObservationFilterChainDecorator.java:137)
	at org.springframework.security.web.access.ExceptionTranslationFilter.doFilter(ExceptionTranslationFilter.java:125)
	at org.springframework.security.web.access.ExceptionTranslationFilter.doFilter(ExceptionTranslationFilter.java:119)
	at org.springframework.security.web.ObservationFilterChainDecorator$ObservationFilter.wrapFilter(ObservationFilterChainDecorator.java:240)
	at org.springframework.security.web.ObservationFilterChainDecorator$ObservationFilter.doFilter(ObservationFilterChainDecorator.java:227)
	at org.springframework.security.web.ObservationFilterChainDecorator$VirtualFilterChain.doFilter(ObservationFilterChainDecorator.java:137)
	at org.springframework.security.web.session.SessionManagementFilter.doFilter(SessionManagementFilter.java:131)
	at org.springframework.security.web.session.SessionManagementFilter.doFilter(SessionManagementFilter.java:85)
	at org.springframework.security.web.ObservationFilterChainDecorator$ObservationFilter.wrapFilter(ObservationFilterChainDecorator.java:240)
	at org.springframework.security.web.ObservationFilterChainDecorator$ObservationFilter.doFilter(ObservationFilterChainDecorator.java:227)
	at org.springframework.security.web.ObservationFilterChainDecorator$VirtualFilterChain.doFilter(ObservationFilterChainDecorator.java:137)
	at org.springframework.security.web.authentication.AnonymousAuthenticationFilter.doFilter(AnonymousAuthenticationFilter.java:100)
	at org.springframework.security.web.ObservationFilterChainDecorator$ObservationFilter.wrapFilter(ObservationFilterChainDecorator.java:240)
	at org.springframework.security.web.ObservationFilterChainDecorator$ObservationFilter.doFilter(ObservationFilterChainDecorator.java:227)
	at org.springframework.security.web.ObservationFilterChainDecorator$VirtualFilterChain.doFilter(ObservationFilterChainDecorator.java:137)
	at org.springframework.security.web.servletapi.SecurityContextHolderAwareRequestFilter.doFilter(SecurityContextHolderAwareRequestFilter.java:179)
	at org.springframework.security.web.ObservationFilterChainDecorator$ObservationFilter.wrapFilter(ObservationFilterChainDecorator.java:240)
	at org.springframework.security.web.ObservationFilterChainDecorator$ObservationFilter.doFilter(ObservationFilterChainDecorator.java:227)
	at org.springframework.security.web.ObservationFilterChainDecorator$VirtualFilterChain.doFilter(ObservationFilterChainDecorator.java:137)
	at org.springframework.security.web.savedrequest.RequestCacheAwareFilter.doFilter(RequestCacheAwareFilter.java:63)
	at org.springframework.security.web.ObservationFilterChainDecorator$ObservationFilter.wrapFilter(ObservationFilterChainDecorator.java:240)
	at org.springframework.security.web.ObservationFilterChainDecorator$ObservationFilter.doFilter(ObservationFilterChainDecorator.java:227)
	at org.springframework.security.web.ObservationFilterChainDecorator$VirtualFilterChain.doFilter(ObservationFilterChainDecorator.java:137)
	at com.example.ClinicaDefinitiva.infrastructure.security.filter.JwtAuthenticationFilter.doFilterInternal(JwtAuthenticationFilter.java:40)
	at org.springframework.web.filter.OncePerRequestFilter.doFilter(OncePerRequestFilter.java:116)
	at org.springframework.security.web.ObservationFilterChainDecorator$ObservationFilter.wrapFilter(ObservationFilterChainDecorator.java:240)
	at org.springframework.security.web.ObservationFilterChainDecorator$ObservationFilter.doFilter(ObservationFilterChainDecorator.java:227)
	at org.springframework.security.web.ObservationFilterChainDecorator$VirtualFilterChain.doFilter(ObservationFilterChainDecorator.java:137)
	at org.springframework.security.web.authentication.logout.LogoutFilter.doFilter(LogoutFilter.java:107)
	at org.springframework.security.web.authentication.logout.LogoutFilter.doFilter(LogoutFilter.java:93)
	at org.springframework.security.web.ObservationFilterChainDecorator$ObservationFilter.wrapFilter(ObservationFilterChainDecorator.java:240)
	at org.springframework.security.web.ObservationFilterChainDecorator$ObservationFilter.doFilter(ObservationFilterChainDecorator.java:227)
	at org.springframework.security.web.ObservationFilterChainDecorator$VirtualFilterChain.doFilter(ObservationFilterChainDecorator.java:137)
	at org.springframework.security.web.header.HeaderWriterFilter.doHeadersAfter(HeaderWriterFilter.java:90)
	at org.springframework.security.web.header.HeaderWriterFilter.doFilterInternal(HeaderWriterFilter.java:75)
	at org.springframework.web.filter.OncePerRequestFilter.doFilter(OncePerRequestFilter.java:116)
	at org.springframework.security.web.ObservationFilterChainDecorator$ObservationFilter.wrapFilter(ObservationFilterChainDecorator.java:240)
	at org.springframework.security.web.ObservationFilterChainDecorator$ObservationFilter.doFilter(ObservationFilterChainDecorator.java:227)
	at org.springframework.security.web.ObservationFilterChainDecorator$VirtualFilterChain.doFilter(ObservationFilterChainDecorator.java:137)
	at org.springframework.security.web.context.SecurityContextHolderFilter.doFilter(SecurityContextHolderFilter.java:82)
	at org.springframework.security.web.context.SecurityContextHolderFilter.doFilter(SecurityContextHolderFilter.java:69)
	at org.springframework.security.web.ObservationFilterChainDecorator$ObservationFilter.wrapFilter(ObservationFilterChainDecorator.java:240)
	at org.springframework.security.web.ObservationFilterChainDecorator$ObservationFilter.doFilter(ObservationFilterChainDecorator.java:227)
	at org.springframework.security.web.ObservationFilterChainDecorator$VirtualFilterChain.doFilter(ObservationFilterChainDecorator.java:137)
	at org.springframework.security.web.context.request.async.WebAsyncManagerIntegrationFilter.doFilterInternal(WebAsyncManagerIntegrationFilter.java:62)
	at org.springframework.web.filter.OncePerRequestFilter.doFilter(OncePerRequestFilter.java:116)
	at org.springframework.security.web.ObservationFilterChainDecorator$ObservationFilter.wrapFilter(ObservationFilterChainDecorator.java:240)
	at org.springframework.security.web.ObservationFilterChainDecorator$ObservationFilter.doFilter(ObservationFilterChainDecorator.java:227)
	at org.springframework.security.web.ObservationFilterChainDecorator$VirtualFilterChain.doFilter(ObservationFilterChainDecorator.java:137)
	at org.springframework.security.web.session.DisableEncodeUrlFilter.doFilterInternal(DisableEncodeUrlFilter.java:42)
	at org.springframework.web.filter.OncePerRequestFilter.doFilter(OncePerRequestFilter.java:116)
	at org.springframework.security.web.ObservationFilterChainDecorator$ObservationFilter.wrapFilter(ObservationFilterChainDecorator.java:240)
	at org.springframework.security.web.ObservationFilterChainDecorator$AroundFilterObservation$SimpleAroundFilterObservation.lambda$wrap$0(ObservationFilterChainDecorator.java:323)
	at org.springframework.security.web.ObservationFilterChainDecorator$ObservationFilter.doFilter(ObservationFilterChainDecorator.java:224)
	at org.springframework.security.web.ObservationFilterChainDecorator$VirtualFilterChain.doFilter(ObservationFilterChainDecorator.java:137)
	at org.springframework.security.web.FilterChainProxy.doFilterInternal(FilterChainProxy.java:233)
	at org.springframework.security.web.FilterChainProxy.doFilter(FilterChainProxy.java:191)
	at org.springframework.web.filter.CompositeFilter$VirtualFilterChain.doFilter(CompositeFilter.java:113)
	at org.springframework.web.filter.ServletRequestPathFilter.doFilter(ServletRequestPathFilter.java:52)
	at org.springframework.web.filter.CompositeFilter$VirtualFilterChain.doFilter(CompositeFilter.java:113)
	at org.springframework.web.filter.CompositeFilter.doFilter(CompositeFilter.java:74)
	at org.springframework.security.config.annotation.web.configuration.WebSecurityConfiguration$CompositeFilterChainProxy.doFilter(WebSecurityConfiguration.java:319)
	at org.springframework.web.filter.CompositeFilter$VirtualFilterChain.doFilter(CompositeFilter.java:113)
	at org.springframework.web.servlet.handler.HandlerMappingIntrospector.lambda$createCacheFilter$3(HandlerMappingIntrospector.java:243)
	at org.springframework.web.filter.CompositeFilter$VirtualFilterChain.doFilter(CompositeFilter.java:113)
	at org.springframework.web.filter.CompositeFilter.doFilter(CompositeFilter.java:74)
	at org.springframework.security.config.annotation.web.configuration.WebMvcSecurityConfiguration$CompositeFilterChainProxy.doFilter(WebMvcSecurityConfiguration.java:240)
	at org.springframework.web.filter.DelegatingFilterProxy.invokeDelegate(DelegatingFilterProxy.java:362)
	at org.springframework.web.filter.DelegatingFilterProxy.doFilter(DelegatingFilterProxy.java:278)
	at org.apache.catalina.core.ApplicationFilterChain.internalDoFilter(ApplicationFilterChain.java:164)
	at org.apache.catalina.core.ApplicationFilterChain.doFilter(ApplicationFilterChain.java:140)
	at org.springframework.web.filter.RequestContextFilter.doFilterInternal(RequestContextFilter.java:100)
	at org.springframework.web.filter.OncePerRequestFilter.doFilter(OncePerRequestFilter.java:116)
	at org.apache.catalina.core.ApplicationFilterChain.internalDoFilter(ApplicationFilterChain.java:164)
	at org.apache.catalina.core.ApplicationFilterChain.doFilter(ApplicationFilterChain.java:140)
	at org.springframework.web.filter.FormContentFilter.doFilterInternal(FormContentFilter.java:93)
	at org.springframework.web.filter.OncePerRequestFilter.doFilter(OncePerRequestFilter.java:116)
	at org.apache.catalina.core.ApplicationFilterChain.internalDoFilter(ApplicationFilterChain.java:164)
	at org.apache.catalina.core.ApplicationFilterChain.doFilter(ApplicationFilterChain.java:140)
	at org.springframework.web.filter.ServerHttpObservationFilter.doFilterInternal(ServerHttpObservationFilter.java:114)
	at org.springframework.web.filter.OncePerRequestFilter.doFilter(OncePerRequestFilter.java:116)
	at org.apache.catalina.core.ApplicationFilterChain.internalDoFilter(ApplicationFilterChain.java:164)
	at org.apache.catalina.core.ApplicationFilterChain.doFilter(ApplicationFilterChain.java:140)
	at org.springframework.web.filter.CharacterEncodingFilter.doFilterInternal(CharacterEncodingFilter.java:201)
	at org.springframework.web.filter.OncePerRequestFilter.doFilter(OncePerRequestFilter.java:116)
	at org.apache.catalina.core.ApplicationFilterChain.internalDoFilter(ApplicationFilterChain.java:164)
	at org.apache.catalina.core.ApplicationFilterChain.doFilter(ApplicationFilterChain.java:140)
	at org.apache.catalina.core.StandardWrapperValve.invoke(StandardWrapperValve.java:167)
	at org.apache.catalina.core.StandardContextValve.invoke(StandardContextValve.java:90)
	at org.apache.catalina.authenticator.AuthenticatorBase.invoke(AuthenticatorBase.java:483)
	at org.apache.catalina.core.StandardHostValve.invoke(StandardHostValve.java:116)
	at org.apache.catalina.valves.ErrorReportValve.invoke(ErrorReportValve.java:93)
	at org.apache.catalina.core.StandardEngineValve.invoke(StandardEngineValve.java:74)
	at org.apache.catalina.connector.CoyoteAdapter.service(CoyoteAdapter.java:344)
	at org.apache.coyote.http11.Http11Processor.service(Http11Processor.java:398)
	at org.apache.coyote.AbstractProcessorLight.process(AbstractProcessorLight.java:63)
	at org.apache.coyote.AbstractProtocol$ConnectionHandler.process(AbstractProtocol.java:903)
	at org.apache.tomcat.util.net.NioEndpoint$SocketProcessor.doRun(NioEndpoint.java:1740)
	at org.apache.tomcat.util.net.SocketProcessorBase.run(SocketProcessorBase.java:52)
	at org.apache.tomcat.util.threads.ThreadPoolExecutor.runWorker(ThreadPoolExecutor.java:1189)
	at org.apache.tomcat.util.threads.ThreadPoolExecutor$Worker.run(ThreadPoolExecutor.java:658)
	at org.apache.tomcat.util.threads.TaskThread$WrappingRunnable.run(TaskThread.java:63)
	at java.base/java.lang.Thread.run(Thread.java:842)
Caused by: org.springframework.security.authentication.DisabledException: Usuario no verificado
	at com.example.ClinicaDefinitiva.infrastructure.security.adapter.CustomUserDetailsService.loadUserByUsername(CustomUserDetailsService.java:43)
	at org.springframework.security.authentication.dao.DaoAuthenticationProvider.retrieveUser(DaoAuthenticationProvider.java:121)
	... 142 common frames omitted
2026-03-15 21:27:51 DEBUG [http-nio-8080-exec-1] o.s.web.servlet.DispatcherServlet - Failed to complete request: org.springframework.security.authentication.InternalAuthenticationServiceException: Usuario no verificado
2026-03-15 21:27:51 DEBUG [http-nio-8080-exec-1] o.s.s.w.a.Http403ForbiddenEntryPoint - Pre-authenticated entry point called. Rejecting access
2026-03-15 21:27:51 DEBUG [http-nio-8080-exec-1] o.s.security.web.FilterChainProxy - Securing POST /error
2026-03-15 21:27:51 TRACE [http-nio-8080-exec-1] o.s.s.w.a.logout.LogoutFilter - Did not match request to Or [Ant [pattern='/logout', GET], Ant [pattern='/logout', POST], Ant [pattern='/logout', PUT], Ant [pattern='/logout', DELETE]]
2026-03-15 21:27:51 TRACE [http-nio-8080-exec-1] o.s.s.w.a.AnonymousAuthenticationFilter - Set SecurityContextHolder to AnonymousAuthenticationToken [Principal=anonymousUser, Credentials=[PROTECTED], Authenticated=true, Details=WebAuthenticationDetails [RemoteIpAddress=0:0:0:0:0:0:0:1, SessionId=null], Granted Authorities=[ROLE_ANONYMOUS]]
2026-03-15 21:27:51 DEBUG [http-nio-8080-exec-1] o.s.s.w.a.Http403ForbiddenEntryPoint - Pre-authenticated entry point called. Rejecting access
