2026-03-17 18:05:54 WARN  [HikariPool-1:housekeeper] com.zaxxer.hikari.pool.HikariPool - HikariPool-1 - Thread starvation or clock leap detected (housekeeper delta=18h7m10s51ms998탎500ns).
2026-03-17 18:05:56 WARN  [HikariPool-1:housekeeper] com.zaxxer.hikari.pool.PoolBase - HikariPool-1 - Failed to validate connection com.mysql.cj.jdbc.ConnectionImpl@17cc6e51 (No operations allowed after connection closed.). Possibly consider using a shorter maxLifetime value.
2026-03-17 18:05:56 WARN  [HikariPool-1:housekeeper] com.zaxxer.hikari.pool.PoolBase - HikariPool-1 - Failed to validate connection com.mysql.cj.jdbc.ConnectionImpl@74713bdf (No operations allowed after connection closed.). Possibly consider using a shorter maxLifetime value.
2026-03-17 18:05:56 WARN  [HikariPool-1:housekeeper] com.zaxxer.hikari.pool.PoolBase - HikariPool-1 - Failed to validate connection com.mysql.cj.jdbc.ConnectionImpl@1e1c785e (No operations allowed after connection closed.). Possibly consider using a shorter maxLifetime value.
2026-03-17 18:05:56 WARN  [HikariPool-1:housekeeper] com.zaxxer.hikari.pool.PoolBase - HikariPool-1 - Failed to validate connection com.mysql.cj.jdbc.ConnectionImpl@6a56232a (No operations allowed after connection closed.). Possibly consider using a shorter maxLifetime value.
2026-03-17 18:05:56 WARN  [HikariPool-1:housekeeper] com.zaxxer.hikari.pool.PoolBase - HikariPool-1 - Failed to validate connection com.mysql.cj.jdbc.ConnectionImpl@60986f0 (No operations allowed after connection closed.). Possibly consider using a shorter maxLifetime value.
2026-03-17 18:05:56 WARN  [HikariPool-1:housekeeper] com.zaxxer.hikari.pool.PoolBase - HikariPool-1 - Failed to validate connection com.mysql.cj.jdbc.ConnectionImpl@5b0c2c74 (No operations allowed after connection closed.). Possibly consider using a shorter maxLifetime value.
2026-03-17 18:05:56 WARN  [HikariPool-1:housekeeper] com.zaxxer.hikari.pool.PoolBase - HikariPool-1 - Failed to validate connection com.mysql.cj.jdbc.ConnectionImpl@61e8e78b (No operations allowed after connection closed.). Possibly consider using a shorter maxLifetime value.
2026-03-17 18:05:56 WARN  [HikariPool-1:housekeeper] com.zaxxer.hikari.pool.PoolBase - HikariPool-1 - Failed to validate connection com.mysql.cj.jdbc.ConnectionImpl@216ee2f5 (No operations allowed after connection closed.). Possibly consider using a shorter maxLifetime value.
2026-03-17 18:40:45 WARN  [HikariPool-1:housekeeper] com.zaxxer.hikari.pool.HikariPool - HikariPool-1 - Thread starvation or clock leap detected (housekeeper delta=29m17s485ms948탎).
2026-03-17 20:13:36 WARN  [HikariPool-1:housekeeper] com.zaxxer.hikari.pool.HikariPool - HikariPool-1 - Thread starvation or clock leap detected (housekeeper delta=1h32m51s648ms556탎700ns).
2026-03-17 20:16:29 DEBUG [http-nio-8080-exec-5] o.s.security.web.FilterChainProxy - Securing POST /api/v1/auth/login
2026-03-17 20:16:29 TRACE [http-nio-8080-exec-5] o.s.s.w.a.logout.LogoutFilter - Did not match request to Or [Ant [pattern='/logout', GET], Ant [pattern='/logout', POST], Ant [pattern='/logout', PUT], Ant [pattern='/logout', DELETE]]
2026-03-17 20:16:29 TRACE [http-nio-8080-exec-5] o.s.s.w.a.AnonymousAuthenticationFilter - Set SecurityContextHolder to AnonymousAuthenticationToken [Principal=anonymousUser, Credentials=[PROTECTED], Authenticated=true, Details=WebAuthenticationDetails [RemoteIpAddress=0:0:0:0:0:0:0:1, SessionId=null], Granted Authorities=[ROLE_ANONYMOUS]]
2026-03-17 20:16:29 DEBUG [http-nio-8080-exec-5] o.s.security.web.FilterChainProxy - Secured POST /api/v1/auth/login
2026-03-17 20:16:29 DEBUG [http-nio-8080-exec-5] o.s.web.servlet.DispatcherServlet - POST "/api/v1/auth/login", parameters={}
2026-03-17 20:16:29 DEBUG [http-nio-8080-exec-5] o.s.w.s.m.m.a.RequestMappingHandlerMapping - Mapped to com.example.ClinicaDefinitiva.infrastructure.rest.controller.auth.AuthController#login(LoginRequest)
2026-03-17 20:16:30 DEBUG [http-nio-8080-exec-5] o.s.w.s.m.m.a.RequestResponseBodyMethodProcessor - Read "application/json;charset=UTF-8" to [LoginRequest[email=DAVID1742073890123@gmail.com, password=Test123!]]
2026-03-17 20:16:30 DEBUG [http-nio-8080-exec-5] o.s.s.a.DefaultAuthenticationEventPublisher - No event was found for the exception org.springframework.security.authentication.InternalAuthenticationServiceException
2026-03-17 20:16:30 DEBUG [http-nio-8080-exec-5] o.s.s.authentication.ProviderManager - Authentication service failed internally for user 'DAVID1742073890123@gmail.com'
org.springframework.security.authentication.InternalAuthenticationServiceException: Usuario no verificado
	at org.springframework.security.authentication.dao.DaoAuthenticationProvider.retrieveUser(DaoAuthenticationProvider.java:136)
	at org.springframework.security.authentication.dao.AbstractUserDetailsAuthenticationProvider.authenticate(AbstractUserDetailsAuthenticationProvider.java:136)
	at org.springframework.security.authentication.ProviderManager.authenticate(ProviderManager.java:182)
	at com.example.ClinicaDefinitiva.infrastructure.rest.controller.auth.AuthController.login(AuthController.java:35)
	at java.base/jdk.internal.reflect.NativeMethodAccessorImpl.invoke0(Native Method)
	at java.base/jdk.internal.reflect.NativeMethodAccessorImpl.invoke(NativeMethodAccessorImpl.java:77)
	at java.base/jdk.internal.reflect.DelegatingMethodAccessorImpl.invoke(DelegatingMethodAccessorImpl.java:43)
	at java.base/java.lang.reflect.Method.invoke(Method.java:568)
	at org.springframework.web.method.support.InvocableHandlerMethod.doInvoke(InvocableHandlerMethod.java:258)
	at org.springframework.web.method.support.InvocableHandlerMethod.invokeForRequest(InvocableHandlerMethod.java:191)
	at org.springframework.web.servlet.mvc.method.annotation.ServletInvocableHandlerMethod.invokeAndHandle(ServletInvocableHandlerMethod.java:118)
	at org.springframework.web.servlet.mvc.method.annotation.RequestMappingHandlerAdapter.invokeHandlerMethod(RequestMappingHandlerAdapter.java:986)
	at org.springframework.web.servlet.mvc.method.annotation.RequestMappingHandlerAdapter.handleInternal(RequestMappingHandlerAdapter.java:891)
	at org.springframework.web.servlet.mvc.method.AbstractHandlerMethodAdapter.handle(AbstractHandlerMethodAdapter.java:87)
	at org.springframework.web.servlet.DispatcherServlet.doDispatch(DispatcherServlet.java:1089)
	at org.springframework.web.servlet.DispatcherServlet.doService(DispatcherServlet.java:979)
	at org.springframework.web.servlet.FrameworkServlet.processRequest(FrameworkServlet.java:1014)
	at org.springframework.web.servlet.FrameworkServlet.doPost(FrameworkServlet.java:914)
	at jakarta.servlet.http.HttpServlet.service(HttpServlet.java:590)
	at org.springframework.web.servlet.FrameworkServlet.service(FrameworkServlet.java:885)
	at jakarta.servlet.http.HttpServlet.service(HttpServlet.java:658)
	at org.apache.catalina.core.ApplicationFilterChain.internalDoFilter(ApplicationFilterChain.java:195)
	at org.apache.catalina.core.ApplicationFilterChain.doFilter(ApplicationFilterChain.java:140)
	at org.apache.tomcat.websocket.server.WsFilter.doFilter(WsFilter.java:51)
	at org.apache.catalina.core.ApplicationFilterChain.internalDoFilter(ApplicationFilterChain.java:164)
	at org.apache.catalina.core.ApplicationFilterChain.doFilter(ApplicationFilterChain.java:140)
	at com.example.ClinicaDefinitiva.util.RequestIdFilter.doFilterInternal(RequestIdFilter.java:76)
	at org.springframework.web.filter.OncePerRequestFilter.doFilter(OncePerRequestFilter.java:116)
	at org.apache.catalina.core.ApplicationFilterChain.internalDoFilter(ApplicationFilterChain.java:164)
	at org.apache.catalina.core.ApplicationFilterChain.doFilter(ApplicationFilterChain.java:140)
	at org.springframework.web.filter.CompositeFilter$VirtualFilterChain.doFilter(CompositeFilter.java:108)
	at org.springframework.web.filter.CompositeFilter$VirtualFilterChain.doFilter(CompositeFilter.java:108)
	at org.springframework.security.web.FilterChainProxy.lambda$doFilterInternal$3(FilterChainProxy.java:231)
	at org.springframework.security.web.ObservationFilterChainDecorator$FilterObservation$SimpleFilterObservation.lambda$wrap$1(ObservationFilterChainDecorator.java:479)
	at org.springframework.security.web.ObservationFilterChainDecorator$AroundFilterObservation$SimpleAroundFilterObservation.lambda$wrap$1(ObservationFilterChainDecorator.java:340)
	at org.springframework.security.web.ObservationFilterChainDecorator.lambda$wrapSecured$0(ObservationFilterChainDecorator.java:82)
	at org.springframework.security.web.ObservationFilterChainDecorator$VirtualFilterChain.doFilter(ObservationFilterChainDecorator.java:128)
	at org.springframework.security.web.access.intercept.AuthorizationFilter.doFilter(AuthorizationFilter.java:101)
	at org.springframework.security.web.ObservationFilterChainDecorator$ObservationFilter.wrapFilter(ObservationFilterChainDecorator.java:240)
	at org.springframework.security.web.ObservationFilterChainDecorator$ObservationFilter.doFilter(ObservationFilterChainDecorator.java:227)
	at org.springframework.security.web.ObservationFilterChainDecorator$VirtualFilterChain.doFilter(ObservationFilterChainDecorator.java:137)
	at org.springframework.security.web.access.ExceptionTranslationFilter.doFilter(ExceptionTranslationFilter.java:125)
	at org.springframework.security.web.access.ExceptionTranslationFilter.doFilter(ExceptionTranslationFilter.java:119)
	at org.springframework.security.web.ObservationFilterChainDecorator$ObservationFilter.wrapFilter(ObservationFilterChainDecorator.java:240)
	at org.springframework.security.web.ObservationFilterChainDecorator$ObservationFilter.doFilter(ObservationFilterChainDecorator.java:227)
	at org.springframework.security.web.ObservationFilterChainDecorator$VirtualFilterChain.doFilter(ObservationFilterChainDecorator.java:137)
	at org.springframework.security.web.session.SessionManagementFilter.doFilter(SessionManagementFilter.java:131)
	at org.springframework.security.web.session.SessionManagementFilter.doFilter(SessionManagementFilter.java:85)
	at org.springframework.security.web.ObservationFilterChainDecorator$ObservationFilter.wrapFilter(ObservationFilterChainDecorator.java:240)
	at org.springframework.security.web.ObservationFilterChainDecorator$ObservationFilter.doFilter(ObservationFilterChainDecorator.java:227)
	at org.springframework.security.web.ObservationFilterChainDecorator$VirtualFilterChain.doFilter(ObservationFilterChainDecorator.java:137)
	at org.springframework.security.web.authentication.AnonymousAuthenticationFilter.doFilter(AnonymousAuthenticationFilter.java:100)
	at org.springframework.security.web.ObservationFilterChainDecorator$ObservationFilter.wrapFilter(ObservationFilterChainDecorator.java:240)
	at org.springframework.security.web.ObservationFilterChainDecorator$ObservationFilter.doFilter(ObservationFilterChainDecorator.java:227)
	at org.springframework.security.web.ObservationFilterChainDecorator$VirtualFilterChain.doFilter(ObservationFilterChainDecorator.java:137)
	at org.springframework.security.web.servletapi.SecurityContextHolderAwareRequestFilter.doFilter(SecurityContextHolderAwareRequestFilter.java:179)
	at org.springframework.security.web.ObservationFilterChainDecorator$ObservationFilter.wrapFilter(ObservationFilterChainDecorator.java:240)
	at org.springframework.security.web.ObservationFilterChainDecorator$ObservationFilter.doFilter(ObservationFilterChainDecorator.java:227)
	at org.springframework.security.web.ObservationFilterChainDecorator$VirtualFilterChain.doFilter(ObservationFilterChainDecorator.java:137)
	at org.springframework.security.web.savedrequest.RequestCacheAwareFilter.doFilter(RequestCacheAwareFilter.java:63)
	at org.springframework.security.web.ObservationFilterChainDecorator$ObservationFilter.wrapFilter(ObservationFilterChainDecorator.java:240)
	at org.springframework.security.web.ObservationFilterChainDecorator$ObservationFilter.doFilter(ObservationFilterChainDecorator.java:227)
	at org.springframework.security.web.ObservationFilterChainDecorator$VirtualFilterChain.doFilter(ObservationFilterChainDecorator.java:137)
	at com.example.ClinicaDefinitiva.infrastructure.security.filter.JwtAuthenticationFilter.doFilterInternal(JwtAuthenticationFilter.java:40)
	at org.springframework.web.filter.OncePerRequestFilter.doFilter(OncePerRequestFilter.java:116)
	at org.springframework.security.web.ObservationFilterChainDecorator$ObservationFilter.wrapFilter(ObservationFilterChainDecorator.java:240)
	at org.springframework.security.web.ObservationFilterChainDecorator$ObservationFilter.doFilter(ObservationFilterChainDecorator.java:227)
	at org.springframework.security.web.ObservationFilterChainDecorator$VirtualFilterChain.doFilter(ObservationFilterChainDecorator.java:137)
	at org.springframework.security.web.authentication.logout.LogoutFilter.doFilter(LogoutFilter.java:107)
	at org.springframework.security.web.authentication.logout.LogoutFilter.doFilter(LogoutFilter.java:93)
	at org.springframework.security.web.ObservationFilterChainDecorator$ObservationFilter.wrapFilter(ObservationFilterChainDecorator.java:240)
	at org.springframework.security.web.ObservationFilterChainDecorator$ObservationFilter.doFilter(ObservationFilterChainDecorator.java:227)
	at org.springframework.security.web.ObservationFilterChainDecorator$VirtualFilterChain.doFilter(ObservationFilterChainDecorator.java:137)
	at org.springframework.security.web.header.HeaderWriterFilter.doHeadersAfter(HeaderWriterFilter.java:90)
	at org.springframework.security.web.header.HeaderWriterFilter.doFilterInternal(HeaderWriterFilter.java:75)
	at org.springframework.web.filter.OncePerRequestFilter.doFilter(OncePerRequestFilter.java:116)
	at org.springframework.security.web.ObservationFilterChainDecorator$ObservationFilter.wrapFilter(ObservationFilterChainDecorator.java:240)
	at org.springframework.security.web.ObservationFilterChainDecorator$ObservationFilter.doFilter(ObservationFilterChainDecorator.java:227)
	at org.springframework.security.web.ObservationFilterChainDecorator$VirtualFilterChain.doFilter(ObservationFilterChainDecorator.java:137)
	at org.springframework.security.web.context.SecurityContextHolderFilter.doFilter(SecurityContextHolderFilter.java:82)
	at org.springframework.security.web.context.SecurityContextHolderFilter.doFilter(SecurityContextHolderFilter.java:69)
	at org.springframework.security.web.ObservationFilterChainDecorator$ObservationFilter.wrapFilter(ObservationFilterChainDecorator.java:240)
	at org.springframework.security.web.ObservationFilterChainDecorator$ObservationFilter.doFilter(ObservationFilterChainDecorator.java:227)
	at org.springframework.security.web.ObservationFilterChainDecorator$VirtualFilterChain.doFilter(ObservationFilterChainDecorator.java:137)
	at org.springframework.security.web.context.request.async.WebAsyncManagerIntegrationFilter.doFilterInternal(WebAsyncManagerIntegrationFilter.java:62)
	at org.springframework.web.filter.OncePerRequestFilter.doFilter(OncePerRequestFilter.java:116)
	at org.springframework.security.web.ObservationFilterChainDecorator$ObservationFilter.wrapFilter(ObservationFilterChainDecorator.java:240)
	at org.springframework.security.web.ObservationFilterChainDecorator$ObservationFilter.doFilter(ObservationFilterChainDecorator.java:227)
	at org.springframework.security.web.ObservationFilterChainDecorator$VirtualFilterChain.doFilter(ObservationFilterChainDecorator.java:137)
	at org.springframework.security.web.session.DisableEncodeUrlFilter.doFilterInternal(DisableEncodeUrlFilter.java:42)
	at org.springframework.web.filter.OncePerRequestFilter.doFilter(OncePerRequestFilter.java:116)
	at org.springframework.security.web.ObservationFilterChainDecorator$ObservationFilter.wrapFilter(ObservationFilterChainDecorator.java:240)
	at org.springframework.security.web.ObservationFilterChainDecorator$AroundFilterObservation$SimpleAroundFilterObservation.lambda$wrap$0(ObservationFilterChainDecorator.java:323)
	at org.springframework.security.web.ObservationFilterChainDecorator$ObservationFilter.doFilter(ObservationFilterChainDecorator.java:224)
	at org.springframework.security.web.ObservationFilterChainDecorator$VirtualFilterChain.doFilter(ObservationFilterChainDecorator.java:137)
	at org.springframework.security.web.FilterChainProxy.doFilterInternal(FilterChainProxy.java:233)
	at org.springframework.security.web.FilterChainProxy.doFilter(FilterChainProxy.java:191)
	at org.springframework.web.filter.CompositeFilter$VirtualFilterChain.doFilter(CompositeFilter.java:113)
	at org.springframework.web.filter.ServletRequestPathFilter.doFilter(ServletRequestPathFilter.java:52)
	at org.springframework.web.filter.CompositeFilter$VirtualFilterChain.doFilter(CompositeFilter.java:113)
	at org.springframework.web.filter.CompositeFilter.doFilter(CompositeFilter.java:74)
	at org.springframework.security.config.annotation.web.configuration.WebSecurityConfiguration$CompositeFilterChainProxy.doFilter(WebSecurityConfiguration.java:319)
	at org.springframework.web.filter.CompositeFilter$VirtualFilterChain.doFilter(CompositeFilter.java:113)
	at org.springframework.web.servlet.handler.HandlerMappingIntrospector.lambda$createCacheFilter$3(HandlerMappingIntrospector.java:243)
	at org.springframework.web.filter.CompositeFilter$VirtualFilterChain.doFilter(CompositeFilter.java:113)
	at org.springframework.web.filter.CompositeFilter.doFilter(CompositeFilter.java:74)
	at org.springframework.security.config.annotation.web.configuration.WebMvcSecurityConfiguration$CompositeFilterChainProxy.doFilter(WebMvcSecurityConfiguration.java:240)
	at org.springframework.web.filter.DelegatingFilterProxy.invokeDelegate(DelegatingFilterProxy.java:362)
	at org.springframework.web.filter.DelegatingFilterProxy.doFilter(DelegatingFilterProxy.java:278)
	at org.apache.catalina.core.ApplicationFilterChain.internalDoFilter(ApplicationFilterChain.java:164)
	at org.apache.catalina.core.ApplicationFilterChain.doFilter(ApplicationFilterChain.java:140)
	at org.springframework.web.filter.RequestContextFilter.doFilterInternal(RequestContextFilter.java:100)
	at org.springframework.web.filter.OncePerRequestFilter.doFilter(OncePerRequestFilter.java:116)
	at org.apache.catalina.core.ApplicationFilterChain.internalDoFilter(ApplicationFilterChain.java:164)
	at org.apache.catalina.core.ApplicationFilterChain.doFilter(ApplicationFilterChain.java:140)
	at org.springframework.web.filter.FormContentFilter.doFilterInternal(FormContentFilter.java:93)
	at org.springframework.web.filter.OncePerRequestFilter.doFilter(OncePerRequestFilter.java:116)
	at org.apache.catalina.core.ApplicationFilterChain.internalDoFilter(ApplicationFilterChain.java:164)
	at org.apache.catalina.core.ApplicationFilterChain.doFilter(ApplicationFilterChain.java:140)
	at org.springframework.web.filter.ServerHttpObservationFilter.doFilterInternal(ServerHttpObservationFilter.java:114)
	at org.springframework.web.filter.OncePerRequestFilter.doFilter(OncePerRequestFilter.java:116)
	at org.apache.catalina.core.ApplicationFilterChain.internalDoFilter(ApplicationFilterChain.java:164)
	at org.apache.catalina.core.ApplicationFilterChain.doFilter(ApplicationFilterChain.java:140)
	at org.springframework.web.filter.CharacterEncodingFilter.doFilterInternal(CharacterEncodingFilter.java:201)
	at org.springframework.web.filter.OncePerRequestFilter.doFilter(OncePerRequestFilter.java:116)
	at org.apache.catalina.core.ApplicationFilterChain.internalDoFilter(ApplicationFilterChain.java:164)
	at org.apache.catalina.core.ApplicationFilterChain.doFilter(ApplicationFilterChain.java:140)
	at org.apache.catalina.core.StandardWrapperValve.invoke(StandardWrapperValve.java:167)
	at org.apache.catalina.core.StandardContextValve.invoke(StandardContextValve.java:90)
	at org.apache.catalina.authenticator.AuthenticatorBase.invoke(AuthenticatorBase.java:483)
	at org.apache.catalina.core.StandardHostValve.invoke(StandardHostValve.java:116)
	at org.apache.catalina.valves.ErrorReportValve.invoke(ErrorReportValve.java:93)
	at org.apache.catalina.core.StandardEngineValve.invoke(StandardEngineValve.java:74)
	at org.apache.catalina.connector.CoyoteAdapter.service(CoyoteAdapter.java:344)
	at org.apache.coyote.http11.Http11Processor.service(Http11Processor.java:398)
	at org.apache.coyote.AbstractProcessorLight.process(AbstractProcessorLight.java:63)
	at org.apache.coyote.AbstractProtocol$ConnectionHandler.process(AbstractProtocol.java:903)
	at org.apache.tomcat.util.net.NioEndpoint$SocketProcessor.doRun(NioEndpoint.java:1740)
	at org.apache.tomcat.util.net.SocketProcessorBase.run(SocketProcessorBase.java:52)
	at org.apache.tomcat.util.threads.ThreadPoolExecutor.runWorker(ThreadPoolExecutor.java:1189)
	at org.apache.tomcat.util.threads.ThreadPoolExecutor$Worker.run(ThreadPoolExecutor.java:658)
	at org.apache.tomcat.util.threads.TaskThread$WrappingRunnable.run(TaskThread.java:63)
	at java.base/java.lang.Thread.run(Thread.java:842)
Caused by: org.springframework.security.authentication.DisabledException: Usuario no verificado
	at com.example.ClinicaDefinitiva.infrastructure.security.adapter.CustomUserDetailsService.loadUserByUsername(CustomUserDetailsService.java:43)
	at org.springframework.security.authentication.dao.DaoAuthenticationProvider.retrieveUser(DaoAuthenticationProvider.java:121)
	... 142 common frames omitted
2026-03-17 20:16:30 DEBUG [http-nio-8080-exec-5] o.s.web.servlet.DispatcherServlet - Failed to complete request: org.springframework.security.authentication.InternalAuthenticationServiceException: Usuario no verificado
2026-03-17 20:16:30 DEBUG [http-nio-8080-exec-5] o.s.s.w.a.Http403ForbiddenEntryPoint - Pre-authenticated entry point called. Rejecting access
2026-03-17 20:16:30 DEBUG [http-nio-8080-exec-5] o.s.security.web.FilterChainProxy - Securing POST /error
2026-03-17 20:16:30 TRACE [http-nio-8080-exec-5] o.s.s.w.a.logout.LogoutFilter - Did not match request to Or [Ant [pattern='/logout', GET], Ant [pattern='/logout', POST], Ant [pattern='/logout', PUT], Ant [pattern='/logout', DELETE]]
2026-03-17 20:16:30 TRACE [http-nio-8080-exec-5] o.s.s.w.a.AnonymousAuthenticationFilter - Set SecurityContextHolder to AnonymousAuthenticationToken [Principal=anonymousUser, Credentials=[PROTECTED], Authenticated=true, Details=WebAuthenticationDetails [RemoteIpAddress=0:0:0:0:0:0:0:1, SessionId=null], Granted Authorities=[ROLE_ANONYMOUS]]
2026-03-17 20:16:30 DEBUG [http-nio-8080-exec-5] o.s.s.w.a.Http403ForbiddenEntryPoint - Pre-authenticated entry point called. Rejecting access
2026-03-17 20:17:21 DEBUG [http-nio-8080-exec-3] o.s.security.web.FilterChainProxy - Securing POST /api/v1/auth/login
2026-03-17 20:17:21 TRACE [http-nio-8080-exec-3] o.s.s.w.a.logout.LogoutFilter - Did not match request to Or [Ant [pattern='/logout', GET], Ant [pattern='/logout', POST], Ant [pattern='/logout', PUT], Ant [pattern='/logout', DELETE]]
2026-03-17 20:17:21 TRACE [http-nio-8080-exec-3] o.s.s.w.a.AnonymousAuthenticationFilter - Set SecurityContextHolder to AnonymousAuthenticationToken [Principal=anonymousUser, Credentials=[PROTECTED], Authenticated=true, Details=WebAuthenticationDetails [RemoteIpAddress=0:0:0:0:0:0:0:1, SessionId=null], Granted Authorities=[ROLE_ANONYMOUS]]
2026-03-17 20:17:21 DEBUG [http-nio-8080-exec-3] o.s.security.web.FilterChainProxy - Secured POST /api/v1/auth/login
2026-03-17 20:17:21 DEBUG [http-nio-8080-exec-3] o.s.web.servlet.DispatcherServlet - POST "/api/v1/auth/login", parameters={}
2026-03-17 20:17:21 DEBUG [http-nio-8080-exec-3] o.s.w.s.m.m.a.RequestMappingHandlerMapping - Mapped to com.example.ClinicaDefinitiva.infrastructure.rest.controller.auth.AuthController#login(LoginRequest)
2026-03-17 20:17:21 DEBUG [http-nio-8080-exec-3] o.s.w.s.m.m.a.RequestResponseBodyMethodProcessor - Read "application/json;charset=UTF-8" to [LoginRequest[email=admin@test.com, password=admin123]]
2026-03-17 20:17:21 DEBUG [http-nio-8080-exec-3] o.s.s.a.d.DaoAuthenticationProvider - Authenticated user
2026-03-17 20:17:22 DEBUG [http-nio-8080-exec-3] o.s.w.s.m.m.a.HttpEntityMethodProcessor - Using 'application/json', given [*/*] and supported [application/json, application/*+json]
2026-03-17 20:17:22 DEBUG [http-nio-8080-exec-3] o.s.w.s.m.m.a.HttpEntityMethodProcessor - Writing [{token=eyJhbGciOiJIUzI1NiJ9.eyJzdWIiOiJhZG1pbkB0ZXN0LmNvbSIsInJvbGVzIjpbIlJPTEVfVVNFUiJdLCJpYXQiOjE3 (truncated)...]
2026-03-17 20:17:22 DEBUG [http-nio-8080-exec-3] o.s.web.servlet.DispatcherServlet - Completed 200 OK
2026-03-17 20:18:38 DEBUG [http-nio-8080-exec-8] o.s.security.web.FilterChainProxy - Securing POST /api/v1/users/register
2026-03-17 20:18:38 TRACE [http-nio-8080-exec-8] o.s.s.w.a.logout.LogoutFilter - Did not match request to Or [Ant [pattern='/logout', GET], Ant [pattern='/logout', POST], Ant [pattern='/logout', PUT], Ant [pattern='/logout', DELETE]]
2026-03-17 20:18:39 TRACE [http-nio-8080-exec-8] o.s.s.w.a.AnonymousAuthenticationFilter - Did not set SecurityContextHolder since already authenticated UsernamePasswordAuthenticationToken [Principal=com.example.ClinicaDefinitiva.infrastructure.security.adapter.CustomUserDetails@575c1ad3, Credentials=[PROTECTED], Authenticated=true, Details=null, Granted Authorities=[UPDATE_COMPANY, UPDATE_INVOICE, CREATE_ASSIGNMENT, UPDATE_GUARDIAN, CLONE_ROLE_ROLE, CANCEL_APPOINTMENT, UPDATE_JOURNAL_ENTRY, REVERSE_JOURNAL_ENTRY, CREATE_CONTRACT, DELETE_APPOINTMENT, RESCHEDULE_APPOINTMENT, SET_PERMISSIONS_ROLE, CREATE_PATIENT, READ_USER_IDENTITY, IS_CURRENTLY_ACTIVE_ASSIGNMENT, READ_RATE, ACTIVATE_ROLE_ROLE, DELETE_ROLE_ROLE, READ_APPOINTMENT, READ_DENTIST, CREATE_COMPANY, VIEW_ROLE_ROLE, SCHEDULE_APPOINTMENT, ROLE_RECEPTIONIST, DELETE_INVOICE, CREATE_CUSTOM_ROLE_ROLE, UPDATE_PAYMENT, CREATE_DENTIST, CHECK_PERMISSION_ROLE, READ_PATIENT, READ_ADMINISTRATIVE_REPORT, CREATE_APPOINTMENT, VIEW_ASSIGNMENT_ASSIGNMENT, READ_CONTRACT, DELETE_ADMINISTRATIVE_REPORT, DEACTIVATE_USER_IDENTITY, REVERSE_INVOICE, DEACTIVATE_ROLE_ROLE, APPROVE_INVOICE, READ_PROVIDED_SERVICE, REVOKE_ASSIGNMENT, READ_AVAILABILITY, READ_RECEPTIONIST, DELETE_RATE, UPDATE_PRIMARY_ASSIGNMENT, UPDATE_DENTIST, CREATE_USER_IDENTITY, DELETE_CONTRACT, DELETE_PAYMENT, DELETE_ASSIGNMENT, READ_COMPANY, UPDATE_ADMINISTRATIVE_REPORT, REMOVE_PERMISSION_ROLE, CREATE_PAYMENT, UPDATE_USER_IDENTITY, ADD_PERMISSION_ROLE, READ_GUARDIAN, UPDATE_CONTRACT, DELETE_COMPANY, IS_ACTIVE_AT_ASSIGNMENT, DELETE_DENTIST, READ_ASSIGNMENT, POST_INVOICE, REVOKE_ALL_ASSIGNMENT, CREATE_JOURNAL_ENTRY, CREATE_ADMINISTRATIVE_REPORT, UPDATE_ASSIGNMENT, READ_SHIFT, POST_JOURNAL_ENTRY, CREATE_GUARDIAN, ROLE_ADMINISTRATOR, CREATE_TEMPORARY_ASSIGNMENT, READ_PAYMENT, CREATE_RATE, EXTEND_ASSIGNMENT_ASSIGNMENT, READ_INVOICE, REACTIVATE_USER_IDENTITY, UPDATE_APPOINTMENT, UPDATE_RATE, DELETE_JOURNAL_ENTRY, CREATE_SHIFT, READ_JOURNAL_ENTRY, MARK_DELETED_ROLE_ROLE, CREATE_INVOICE, UPDATE_SHIFT, SUSPEND_ROLE_ROLE, UPDATE_PATIENT, UPDATE_PROVIDED_SERVICE, SUSPEND_USER_IDENTITY]]
2026-03-17 20:18:39 TRACE [http-nio-8080-exec-8] o.s.s.w.a.s.CompositeSessionAuthenticationStrategy - Preparing session with ChangeSessionIdAuthenticationStrategy (1/1)
2026-03-17 20:18:39 DEBUG [http-nio-8080-exec-8] o.s.security.web.FilterChainProxy - Secured POST /api/v1/users/register
2026-03-17 20:18:39 DEBUG [http-nio-8080-exec-8] o.s.web.servlet.DispatcherServlet - POST "/api/v1/users/register", parameters={}
2026-03-17 20:18:39 DEBUG [http-nio-8080-exec-8] o.s.w.s.m.m.a.RequestMappingHandlerMapping - Mapped to com.example.ClinicaDefinitiva.infrastructure.rest.controller.authentication.UserIdentityController#register(CreateUserIdentityRequest, CustomUserDetails)
2026-03-17 20:18:39 DEBUG [http-nio-8080-exec-8] o.s.w.s.m.m.a.RequestResponseBodyMethodProcessor - Read "application/json;charset=UTF-8" to [CreateUserIdentityRequest[email=PEPE1742073890123@gmail.com, password=Test123!, name=PEPE User 17420 (truncated)...]
2026-03-17 20:18:40 DEBUG [http-nio-8080-exec-8] o.s.w.s.m.m.a.HttpEntityMethodProcessor - Using 'application/json', given [*/*] and supported [application/json, application/*+json]
2026-03-17 20:18:40 DEBUG [http-nio-8080-exec-8] o.s.w.s.m.m.a.HttpEntityMethodProcessor - Writing [ReadUserIdentityResponse[id=4, email=PEPE1742073890123@gmail.com, name=PEPE User 1742073890123, crea (truncated)...]
2026-03-17 20:18:40 DEBUG [http-nio-8080-exec-8] o.s.web.servlet.DispatcherServlet - Completed 201 CREATED
2026-03-17 20:19:54 DEBUG [http-nio-8080-exec-1] o.s.security.web.FilterChainProxy - Securing GET /api/v1/usuarios/1
2026-03-17 20:19:54 TRACE [http-nio-8080-exec-1] o.s.s.w.a.logout.LogoutFilter - Did not match request to Or [Ant [pattern='/logout', GET], Ant [pattern='/logout', POST], Ant [pattern='/logout', PUT], Ant [pattern='/logout', DELETE]]
2026-03-17 20:19:54 TRACE [http-nio-8080-exec-1] o.s.s.w.a.AnonymousAuthenticationFilter - Did not set SecurityContextHolder since already authenticated UsernamePasswordAuthenticationToken [Principal=com.example.ClinicaDefinitiva.infrastructure.security.adapter.CustomUserDetails@3839d5c7, Credentials=[PROTECTED], Authenticated=true, Details=null, Granted Authorities=[UPDATE_COMPANY, UPDATE_INVOICE, CREATE_ASSIGNMENT, UPDATE_GUARDIAN, CLONE_ROLE_ROLE, CANCEL_APPOINTMENT, UPDATE_JOURNAL_ENTRY, REVERSE_JOURNAL_ENTRY, CREATE_CONTRACT, DELETE_APPOINTMENT, RESCHEDULE_APPOINTMENT, SET_PERMISSIONS_ROLE, CREATE_PATIENT, READ_USER_IDENTITY, IS_CURRENTLY_ACTIVE_ASSIGNMENT, READ_RATE, ACTIVATE_ROLE_ROLE, DELETE_ROLE_ROLE, READ_APPOINTMENT, READ_DENTIST, CREATE_COMPANY, VIEW_ROLE_ROLE, SCHEDULE_APPOINTMENT, ROLE_RECEPTIONIST, DELETE_INVOICE, CREATE_CUSTOM_ROLE_ROLE, UPDATE_PAYMENT, CREATE_DENTIST, CHECK_PERMISSION_ROLE, READ_PATIENT, READ_ADMINISTRATIVE_REPORT, CREATE_APPOINTMENT, VIEW_ASSIGNMENT_ASSIGNMENT, READ_CONTRACT, DELETE_ADMINISTRATIVE_REPORT, DEACTIVATE_USER_IDENTITY, REVERSE_INVOICE, DEACTIVATE_ROLE_ROLE, APPROVE_INVOICE, READ_PROVIDED_SERVICE, REVOKE_ASSIGNMENT, READ_AVAILABILITY, READ_RECEPTIONIST, DELETE_RATE, UPDATE_PRIMARY_ASSIGNMENT, UPDATE_DENTIST, CREATE_USER_IDENTITY, DELETE_CONTRACT, DELETE_PAYMENT, DELETE_ASSIGNMENT, READ_COMPANY, UPDATE_ADMINISTRATIVE_REPORT, REMOVE_PERMISSION_ROLE, CREATE_PAYMENT, UPDATE_USER_IDENTITY, ADD_PERMISSION_ROLE, READ_GUARDIAN, UPDATE_CONTRACT, DELETE_COMPANY, IS_ACTIVE_AT_ASSIGNMENT, DELETE_DENTIST, READ_ASSIGNMENT, POST_INVOICE, REVOKE_ALL_ASSIGNMENT, CREATE_JOURNAL_ENTRY, CREATE_ADMINISTRATIVE_REPORT, UPDATE_ASSIGNMENT, READ_SHIFT, POST_JOURNAL_ENTRY, CREATE_GUARDIAN, ROLE_ADMINISTRATOR, CREATE_TEMPORARY_ASSIGNMENT, READ_PAYMENT, CREATE_RATE, EXTEND_ASSIGNMENT_ASSIGNMENT, READ_INVOICE, REACTIVATE_USER_IDENTITY, UPDATE_APPOINTMENT, UPDATE_RATE, DELETE_JOURNAL_ENTRY, CREATE_SHIFT, READ_JOURNAL_ENTRY, MARK_DELETED_ROLE_ROLE, CREATE_INVOICE, UPDATE_SHIFT, SUSPEND_ROLE_ROLE, UPDATE_PATIENT, UPDATE_PROVIDED_SERVICE, SUSPEND_USER_IDENTITY]]
2026-03-17 20:19:54 TRACE [http-nio-8080-exec-1] o.s.s.w.a.s.CompositeSessionAuthenticationStrategy - Preparing session with ChangeSessionIdAuthenticationStrategy (1/1)
2026-03-17 20:19:54 DEBUG [http-nio-8080-exec-1] o.s.security.web.FilterChainProxy - Secured GET /api/v1/usuarios/1
2026-03-17 20:19:54 DEBUG [http-nio-8080-exec-1] o.s.web.servlet.DispatcherServlet - GET "/api/v1/usuarios/1", parameters={}
2026-03-17 20:19:54 DEBUG [http-nio-8080-exec-1] o.s.w.s.h.SimpleUrlHandlerMapping - Mapped to ResourceHttpRequestHandler [classpath [META-INF/resources/], classpath [resources/], classpath [static/], classpath [public/], ServletContext [/]]
2026-03-17 20:19:54 DEBUG [http-nio-8080-exec-1] o.s.w.s.r.ResourceHttpRequestHandler - Resource not found
2026-03-17 20:19:54 DEBUG [http-nio-8080-exec-1] o.s.w.s.m.s.DefaultHandlerExceptionResolver - Resolved [org.springframework.web.servlet.resource.NoResourceFoundException: No static resource api/v1/usuarios/1.]
2026-03-17 20:19:54 DEBUG [http-nio-8080-exec-1] o.s.web.servlet.DispatcherServlet - Completed 404 NOT_FOUND
2026-03-17 20:19:54 DEBUG [http-nio-8080-exec-1] o.s.security.web.FilterChainProxy - Securing GET /error
2026-03-17 20:19:54 TRACE [http-nio-8080-exec-1] o.s.s.w.a.logout.LogoutFilter - Did not match request to Or [Ant [pattern='/logout', GET], Ant [pattern='/logout', POST], Ant [pattern='/logout', PUT], Ant [pattern='/logout', DELETE]]
2026-03-17 20:19:54 TRACE [http-nio-8080-exec-1] o.s.s.w.a.AnonymousAuthenticationFilter - Set SecurityContextHolder to AnonymousAuthenticationToken [Principal=anonymousUser, Credentials=[PROTECTED], Authenticated=true, Details=WebAuthenticationDetails [RemoteIpAddress=0:0:0:0:0:0:0:1, SessionId=null], Granted Authorities=[ROLE_ANONYMOUS]]
2026-03-17 20:19:54 DEBUG [http-nio-8080-exec-1] o.s.s.w.a.Http403ForbiddenEntryPoint - Pre-authenticated entry point called. Rejecting access
2026-03-17 20:20:34 DEBUG [http-nio-8080-exec-10] o.s.security.web.FilterChainProxy - Securing GET /api/v1/user/1
2026-03-17 20:20:34 TRACE [http-nio-8080-exec-10] o.s.s.w.a.logout.LogoutFilter - Did not match request to Or [Ant [pattern='/logout', GET], Ant [pattern='/logout', POST], Ant [pattern='/logout', PUT], Ant [pattern='/logout', DELETE]]
2026-03-17 20:20:35 TRACE [http-nio-8080-exec-10] o.s.s.w.a.AnonymousAuthenticationFilter - Did not set SecurityContextHolder since already authenticated UsernamePasswordAuthenticationToken [Principal=com.example.ClinicaDefinitiva.infrastructure.security.adapter.CustomUserDetails@11e35187, Credentials=[PROTECTED], Authenticated=true, Details=null, Granted Authorities=[UPDATE_COMPANY, UPDATE_INVOICE, CREATE_ASSIGNMENT, UPDATE_GUARDIAN, CLONE_ROLE_ROLE, CANCEL_APPOINTMENT, UPDATE_JOURNAL_ENTRY, REVERSE_JOURNAL_ENTRY, CREATE_CONTRACT, DELETE_APPOINTMENT, RESCHEDULE_APPOINTMENT, SET_PERMISSIONS_ROLE, CREATE_PATIENT, READ_USER_IDENTITY, IS_CURRENTLY_ACTIVE_ASSIGNMENT, READ_RATE, ACTIVATE_ROLE_ROLE, DELETE_ROLE_ROLE, READ_APPOINTMENT, READ_DENTIST, CREATE_COMPANY, VIEW_ROLE_ROLE, SCHEDULE_APPOINTMENT, ROLE_RECEPTIONIST, DELETE_INVOICE, CREATE_CUSTOM_ROLE_ROLE, UPDATE_PAYMENT, CREATE_DENTIST, CHECK_PERMISSION_ROLE, READ_PATIENT, READ_ADMINISTRATIVE_REPORT, CREATE_APPOINTMENT, VIEW_ASSIGNMENT_ASSIGNMENT, READ_CONTRACT, DELETE_ADMINISTRATIVE_REPORT, DEACTIVATE_USER_IDENTITY, REVERSE_INVOICE, DEACTIVATE_ROLE_ROLE, APPROVE_INVOICE, READ_PROVIDED_SERVICE, REVOKE_ASSIGNMENT, READ_AVAILABILITY, READ_RECEPTIONIST, DELETE_RATE, UPDATE_PRIMARY_ASSIGNMENT, UPDATE_DENTIST, CREATE_USER_IDENTITY, DELETE_CONTRACT, DELETE_PAYMENT, DELETE_ASSIGNMENT, READ_COMPANY, UPDATE_ADMINISTRATIVE_REPORT, REMOVE_PERMISSION_ROLE, CREATE_PAYMENT, UPDATE_USER_IDENTITY, ADD_PERMISSION_ROLE, READ_GUARDIAN, UPDATE_CONTRACT, DELETE_COMPANY, IS_ACTIVE_AT_ASSIGNMENT, DELETE_DENTIST, READ_ASSIGNMENT, POST_INVOICE, REVOKE_ALL_ASSIGNMENT, CREATE_JOURNAL_ENTRY, CREATE_ADMINISTRATIVE_REPORT, UPDATE_ASSIGNMENT, READ_SHIFT, POST_JOURNAL_ENTRY, CREATE_GUARDIAN, ROLE_ADMINISTRATOR, CREATE_TEMPORARY_ASSIGNMENT, READ_PAYMENT, CREATE_RATE, EXTEND_ASSIGNMENT_ASSIGNMENT, READ_INVOICE, REACTIVATE_USER_IDENTITY, UPDATE_APPOINTMENT, UPDATE_RATE, DELETE_JOURNAL_ENTRY, CREATE_SHIFT, READ_JOURNAL_ENTRY, MARK_DELETED_ROLE_ROLE, CREATE_INVOICE, UPDATE_SHIFT, SUSPEND_ROLE_ROLE, UPDATE_PATIENT, UPDATE_PROVIDED_SERVICE, SUSPEND_USER_IDENTITY]]
2026-03-17 20:20:35 TRACE [http-nio-8080-exec-10] o.s.s.w.a.s.CompositeSessionAuthenticationStrategy - Preparing session with ChangeSessionIdAuthenticationStrategy (1/1)
2026-03-17 20:20:35 DEBUG [http-nio-8080-exec-10] o.s.security.web.FilterChainProxy - Secured GET /api/v1/user/1
2026-03-17 20:20:35 DEBUG [http-nio-8080-exec-10] o.s.web.servlet.DispatcherServlet - GET "/api/v1/user/1", parameters={}
2026-03-17 20:20:35 DEBUG [http-nio-8080-exec-10] o.s.w.s.h.SimpleUrlHandlerMapping - Mapped to ResourceHttpRequestHandler [classpath [META-INF/resources/], classpath [resources/], classpath [static/], classpath [public/], ServletContext [/]]
2026-03-17 20:20:35 DEBUG [http-nio-8080-exec-10] o.s.w.s.r.ResourceHttpRequestHandler - Resource not found
2026-03-17 20:20:35 DEBUG [http-nio-8080-exec-10] o.s.w.s.m.s.DefaultHandlerExceptionResolver - Resolved [org.springframework.web.servlet.resource.NoResourceFoundException: No static resource api/v1/user/1.]
2026-03-17 20:20:35 DEBUG [http-nio-8080-exec-10] o.s.web.servlet.DispatcherServlet - Completed 404 NOT_FOUND
2026-03-17 20:20:35 DEBUG [http-nio-8080-exec-10] o.s.security.web.FilterChainProxy - Securing GET /error
2026-03-17 20:20:35 TRACE [http-nio-8080-exec-10] o.s.s.w.a.logout.LogoutFilter - Did not match request to Or [Ant [pattern='/logout', GET], Ant [pattern='/logout', POST], Ant [pattern='/logout', PUT], Ant [pattern='/logout', DELETE]]
2026-03-17 20:20:35 TRACE [http-nio-8080-exec-10] o.s.s.w.a.AnonymousAuthenticationFilter - Set SecurityContextHolder to AnonymousAuthenticationToken [Principal=anonymousUser, Credentials=[PROTECTED], Authenticated=true, Details=WebAuthenticationDetails [RemoteIpAddress=0:0:0:0:0:0:0:1, SessionId=null], Granted Authorities=[ROLE_ANONYMOUS]]
2026-03-17 20:20:35 DEBUG [http-nio-8080-exec-10] o.s.s.w.a.Http403ForbiddenEntryPoint - Pre-authenticated entry point called. Rejecting access
2026-03-17 20:21:00 DEBUG [http-nio-8080-exec-2] o.s.security.web.FilterChainProxy - Securing GET /api/v1/users/1
2026-03-17 20:21:00 TRACE [http-nio-8080-exec-2] o.s.s.w.a.logout.LogoutFilter - Did not match request to Or [Ant [pattern='/logout', GET], Ant [pattern='/logout', POST], Ant [pattern='/logout', PUT], Ant [pattern='/logout', DELETE]]
2026-03-17 20:21:01 TRACE [http-nio-8080-exec-2] o.s.s.w.a.AnonymousAuthenticationFilter - Did not set SecurityContextHolder since already authenticated UsernamePasswordAuthenticationToken [Principal=com.example.ClinicaDefinitiva.infrastructure.security.adapter.CustomUserDetails@2f6e29e4, Credentials=[PROTECTED], Authenticated=true, Details=null, Granted Authorities=[UPDATE_COMPANY, UPDATE_INVOICE, CREATE_ASSIGNMENT, UPDATE_GUARDIAN, CLONE_ROLE_ROLE, CANCEL_APPOINTMENT, UPDATE_JOURNAL_ENTRY, REVERSE_JOURNAL_ENTRY, CREATE_CONTRACT, DELETE_APPOINTMENT, RESCHEDULE_APPOINTMENT, SET_PERMISSIONS_ROLE, CREATE_PATIENT, READ_USER_IDENTITY, IS_CURRENTLY_ACTIVE_ASSIGNMENT, READ_RATE, ACTIVATE_ROLE_ROLE, DELETE_ROLE_ROLE, READ_APPOINTMENT, READ_DENTIST, CREATE_COMPANY, VIEW_ROLE_ROLE, SCHEDULE_APPOINTMENT, ROLE_RECEPTIONIST, DELETE_INVOICE, CREATE_CUSTOM_ROLE_ROLE, UPDATE_PAYMENT, CREATE_DENTIST, CHECK_PERMISSION_ROLE, READ_PATIENT, READ_ADMINISTRATIVE_REPORT, CREATE_APPOINTMENT, VIEW_ASSIGNMENT_ASSIGNMENT, READ_CONTRACT, DELETE_ADMINISTRATIVE_REPORT, DEACTIVATE_USER_IDENTITY, REVERSE_INVOICE, DEACTIVATE_ROLE_ROLE, APPROVE_INVOICE, READ_PROVIDED_SERVICE, REVOKE_ASSIGNMENT, READ_AVAILABILITY, READ_RECEPTIONIST, DELETE_RATE, UPDATE_PRIMARY_ASSIGNMENT, UPDATE_DENTIST, CREATE_USER_IDENTITY, DELETE_CONTRACT, DELETE_PAYMENT, DELETE_ASSIGNMENT, READ_COMPANY, UPDATE_ADMINISTRATIVE_REPORT, REMOVE_PERMISSION_ROLE, CREATE_PAYMENT, UPDATE_USER_IDENTITY, ADD_PERMISSION_ROLE, READ_GUARDIAN, UPDATE_CONTRACT, DELETE_COMPANY, IS_ACTIVE_AT_ASSIGNMENT, DELETE_DENTIST, READ_ASSIGNMENT, POST_INVOICE, REVOKE_ALL_ASSIGNMENT, CREATE_JOURNAL_ENTRY, CREATE_ADMINISTRATIVE_REPORT, UPDATE_ASSIGNMENT, READ_SHIFT, POST_JOURNAL_ENTRY, CREATE_GUARDIAN, ROLE_ADMINISTRATOR, CREATE_TEMPORARY_ASSIGNMENT, READ_PAYMENT, CREATE_RATE, EXTEND_ASSIGNMENT_ASSIGNMENT, READ_INVOICE, REACTIVATE_USER_IDENTITY, UPDATE_APPOINTMENT, UPDATE_RATE, DELETE_JOURNAL_ENTRY, CREATE_SHIFT, READ_JOURNAL_ENTRY, MARK_DELETED_ROLE_ROLE, CREATE_INVOICE, UPDATE_SHIFT, SUSPEND_ROLE_ROLE, UPDATE_PATIENT, UPDATE_PROVIDED_SERVICE, SUSPEND_USER_IDENTITY]]
2026-03-17 20:21:01 TRACE [http-nio-8080-exec-2] o.s.s.w.a.s.CompositeSessionAuthenticationStrategy - Preparing session with ChangeSessionIdAuthenticationStrategy (1/1)
2026-03-17 20:21:01 DEBUG [http-nio-8080-exec-2] o.s.security.web.FilterChainProxy - Secured GET /api/v1/users/1
2026-03-17 20:21:01 DEBUG [http-nio-8080-exec-2] o.s.web.servlet.DispatcherServlet - GET "/api/v1/users/1", parameters={}
2026-03-17 20:21:01 DEBUG [http-nio-8080-exec-2] o.s.w.s.m.m.a.RequestMappingHandlerMapping - Mapped to com.example.ClinicaDefinitiva.infrastructure.rest.controller.authentication.UserIdentityController#findById(Long, CustomUserDetails)
2026-03-17 20:21:01 DEBUG [http-nio-8080-exec-2] o.s.w.s.m.m.a.HttpEntityMethodProcessor - Using 'application/json', given [*/*] and supported [application/json, application/*+json]
2026-03-17 20:21:01 DEBUG [http-nio-8080-exec-2] o.s.w.s.m.m.a.HttpEntityMethodProcessor - Writing [ReadUserIdentityResponse[id=1, email=admin@test.com, name=Admin, createdAt=2026-03-13T14:10:29Z, las (truncated)...]
2026-03-17 20:21:01 DEBUG [http-nio-8080-exec-2] o.s.web.servlet.DispatcherServlet - Completed 200 OK
2026-03-17 20:24:02 DEBUG [http-nio-8080-exec-4] o.s.security.web.FilterChainProxy - Securing GET /api/v1/users?email=admin@test.com
2026-03-17 20:24:02 TRACE [http-nio-8080-exec-4] o.s.s.w.a.logout.LogoutFilter - Did not match request to Or [Ant [pattern='/logout', GET], Ant [pattern='/logout', POST], Ant [pattern='/logout', PUT], Ant [pattern='/logout', DELETE]]
2026-03-17 20:24:02 TRACE [http-nio-8080-exec-4] o.s.s.w.a.AnonymousAuthenticationFilter - Did not set SecurityContextHolder since already authenticated UsernamePasswordAuthenticationToken [Principal=com.example.ClinicaDefinitiva.infrastructure.security.adapter.CustomUserDetails@39bfde69, Credentials=[PROTECTED], Authenticated=true, Details=null, Granted Authorities=[UPDATE_COMPANY, UPDATE_INVOICE, CREATE_ASSIGNMENT, UPDATE_GUARDIAN, CLONE_ROLE_ROLE, CANCEL_APPOINTMENT, UPDATE_JOURNAL_ENTRY, REVERSE_JOURNAL_ENTRY, CREATE_CONTRACT, DELETE_APPOINTMENT, RESCHEDULE_APPOINTMENT, SET_PERMISSIONS_ROLE, CREATE_PATIENT, READ_USER_IDENTITY, IS_CURRENTLY_ACTIVE_ASSIGNMENT, READ_RATE, ACTIVATE_ROLE_ROLE, DELETE_ROLE_ROLE, READ_APPOINTMENT, READ_DENTIST, CREATE_COMPANY, VIEW_ROLE_ROLE, SCHEDULE_APPOINTMENT, ROLE_RECEPTIONIST, DELETE_INVOICE, CREATE_CUSTOM_ROLE_ROLE, UPDATE_PAYMENT, CREATE_DENTIST, CHECK_PERMISSION_ROLE, READ_PATIENT, READ_ADMINISTRATIVE_REPORT, CREATE_APPOINTMENT, VIEW_ASSIGNMENT_ASSIGNMENT, READ_CONTRACT, DELETE_ADMINISTRATIVE_REPORT, DEACTIVATE_USER_IDENTITY, REVERSE_INVOICE, DEACTIVATE_ROLE_ROLE, APPROVE_INVOICE, READ_PROVIDED_SERVICE, REVOKE_ASSIGNMENT, READ_AVAILABILITY, READ_RECEPTIONIST, DELETE_RATE, UPDATE_PRIMARY_ASSIGNMENT, UPDATE_DENTIST, CREATE_USER_IDENTITY, DELETE_CONTRACT, DELETE_PAYMENT, DELETE_ASSIGNMENT, READ_COMPANY, UPDATE_ADMINISTRATIVE_REPORT, REMOVE_PERMISSION_ROLE, CREATE_PAYMENT, UPDATE_USER_IDENTITY, ADD_PERMISSION_ROLE, READ_GUARDIAN, UPDATE_CONTRACT, DELETE_COMPANY, IS_ACTIVE_AT_ASSIGNMENT, DELETE_DENTIST, READ_ASSIGNMENT, POST_INVOICE, REVOKE_ALL_ASSIGNMENT, CREATE_JOURNAL_ENTRY, CREATE_ADMINISTRATIVE_REPORT, UPDATE_ASSIGNMENT, READ_SHIFT, POST_JOURNAL_ENTRY, CREATE_GUARDIAN, ROLE_ADMINISTRATOR, CREATE_TEMPORARY_ASSIGNMENT, READ_PAYMENT, CREATE_RATE, EXTEND_ASSIGNMENT_ASSIGNMENT, READ_INVOICE, REACTIVATE_USER_IDENTITY, UPDATE_APPOINTMENT, UPDATE_RATE, DELETE_JOURNAL_ENTRY, CREATE_SHIFT, READ_JOURNAL_ENTRY, MARK_DELETED_ROLE_ROLE, CREATE_INVOICE, UPDATE_SHIFT, SUSPEND_ROLE_ROLE, UPDATE_PATIENT, UPDATE_PROVIDED_SERVICE, SUSPEND_USER_IDENTITY]]
2026-03-17 20:24:02 TRACE [http-nio-8080-exec-4] o.s.s.w.a.s.CompositeSessionAuthenticationStrategy - Preparing session with ChangeSessionIdAuthenticationStrategy (1/1)
2026-03-17 20:24:02 DEBUG [http-nio-8080-exec-4] o.s.security.web.FilterChainProxy - Secured GET /api/v1/users?email=admin@test.com
2026-03-17 20:24:02 DEBUG [http-nio-8080-exec-4] o.s.web.servlet.DispatcherServlet - GET "/api/v1/users?email=admin@test.com", parameters={masked}
2026-03-17 20:24:02 DEBUG [http-nio-8080-exec-4] o.s.w.s.m.m.a.RequestMappingHandlerMapping - Mapped to com.example.ClinicaDefinitiva.infrastructure.rest.controller.authentication.UserIdentityController#findAll(Pageable, CustomUserDetails)
2026-03-17 20:24:03 WARN  [http-nio-8080-exec-4] o.s.d.w.c.SpringDataJacksonConfiguration$PageModule$WarningLoggingModifier - Serializing PageImpl instances as-is is not supported, meaning that there is no guarantee about the stability of the resulting JSON structure!
	For a stable JSON structure, please use Spring Data's PagedModel (globally via @EnableSpringDataWebSupport(pageSerializationMode = VIA_DTO))
	or Spring HATEOAS and Spring Data's PagedResourcesAssembler as documented in https://docs.spring.io/spring-data/commons/reference/repositories/core-extensions.html#core.web.pageables.

2026-03-17 20:24:03 DEBUG [http-nio-8080-exec-4] o.s.w.s.m.m.a.HttpEntityMethodProcessor - Using 'application/json', given [*/*] and supported [application/json, application/*+json]
2026-03-17 20:24:03 DEBUG [http-nio-8080-exec-4] o.s.w.s.m.m.a.HttpEntityMethodProcessor - Writing [Page 1 of 1 containing com.example.ClinicaDefinitiva.infrastructure.rest.dto.authentication.PageUser (truncated)...]
2026-03-17 20:24:03 DEBUG [http-nio-8080-exec-4] o.s.web.servlet.DispatcherServlet - Completed 200 OK
2026-03-17 20:28:34 DEBUG [http-nio-8080-exec-7] o.s.security.web.FilterChainProxy - Securing PUT /api/v1/usuarios/11
2026-03-17 20:28:34 TRACE [http-nio-8080-exec-7] o.s.s.w.a.logout.LogoutFilter - Did not match request to Or [Ant [pattern='/logout', GET], Ant [pattern='/logout', POST], Ant [pattern='/logout', PUT], Ant [pattern='/logout', DELETE]]
2026-03-17 20:28:34 TRACE [http-nio-8080-exec-7] o.s.s.w.a.AnonymousAuthenticationFilter - Did not set SecurityContextHolder since already authenticated UsernamePasswordAuthenticationToken [Principal=com.example.ClinicaDefinitiva.infrastructure.security.adapter.CustomUserDetails@2fe7a9b4, Credentials=[PROTECTED], Authenticated=true, Details=null, Granted Authorities=[UPDATE_COMPANY, UPDATE_INVOICE, CREATE_ASSIGNMENT, UPDATE_GUARDIAN, CLONE_ROLE_ROLE, CANCEL_APPOINTMENT, UPDATE_JOURNAL_ENTRY, REVERSE_JOURNAL_ENTRY, CREATE_CONTRACT, DELETE_APPOINTMENT, RESCHEDULE_APPOINTMENT, SET_PERMISSIONS_ROLE, CREATE_PATIENT, READ_USER_IDENTITY, IS_CURRENTLY_ACTIVE_ASSIGNMENT, READ_RATE, ACTIVATE_ROLE_ROLE, DELETE_ROLE_ROLE, READ_APPOINTMENT, READ_DENTIST, CREATE_COMPANY, VIEW_ROLE_ROLE, SCHEDULE_APPOINTMENT, ROLE_RECEPTIONIST, DELETE_INVOICE, CREATE_CUSTOM_ROLE_ROLE, UPDATE_PAYMENT, CREATE_DENTIST, CHECK_PERMISSION_ROLE, READ_PATIENT, READ_ADMINISTRATIVE_REPORT, CREATE_APPOINTMENT, VIEW_ASSIGNMENT_ASSIGNMENT, READ_CONTRACT, DELETE_ADMINISTRATIVE_REPORT, DEACTIVATE_USER_IDENTITY, REVERSE_INVOICE, DEACTIVATE_ROLE_ROLE, APPROVE_INVOICE, READ_PROVIDED_SERVICE, REVOKE_ASSIGNMENT, READ_AVAILABILITY, READ_RECEPTIONIST, DELETE_RATE, UPDATE_PRIMARY_ASSIGNMENT, UPDATE_DENTIST, CREATE_USER_IDENTITY, DELETE_CONTRACT, DELETE_PAYMENT, DELETE_ASSIGNMENT, READ_COMPANY, UPDATE_ADMINISTRATIVE_REPORT, REMOVE_PERMISSION_ROLE, CREATE_PAYMENT, UPDATE_USER_IDENTITY, ADD_PERMISSION_ROLE, READ_GUARDIAN, UPDATE_CONTRACT, DELETE_COMPANY, IS_ACTIVE_AT_ASSIGNMENT, DELETE_DENTIST, READ_ASSIGNMENT, POST_INVOICE, REVOKE_ALL_ASSIGNMENT, CREATE_JOURNAL_ENTRY, CREATE_ADMINISTRATIVE_REPORT, UPDATE_ASSIGNMENT, READ_SHIFT, POST_JOURNAL_ENTRY, CREATE_GUARDIAN, ROLE_ADMINISTRATOR, CREATE_TEMPORARY_ASSIGNMENT, READ_PAYMENT, CREATE_RATE, EXTEND_ASSIGNMENT_ASSIGNMENT, READ_INVOICE, REACTIVATE_USER_IDENTITY, UPDATE_APPOINTMENT, UPDATE_RATE, DELETE_JOURNAL_ENTRY, CREATE_SHIFT, READ_JOURNAL_ENTRY, MARK_DELETED_ROLE_ROLE, CREATE_INVOICE, UPDATE_SHIFT, SUSPEND_ROLE_ROLE, UPDATE_PATIENT, UPDATE_PROVIDED_SERVICE, SUSPEND_USER_IDENTITY]]
2026-03-17 20:28:34 TRACE [http-nio-8080-exec-7] o.s.s.w.a.s.CompositeSessionAuthenticationStrategy - Preparing session with ChangeSessionIdAuthenticationStrategy (1/1)
2026-03-17 20:28:34 DEBUG [http-nio-8080-exec-7] o.s.security.web.FilterChainProxy - Secured PUT /api/v1/usuarios/11
2026-03-17 20:28:34 DEBUG [http-nio-8080-exec-7] o.s.web.servlet.DispatcherServlet - PUT "/api/v1/usuarios/11", parameters={}
2026-03-17 20:28:34 DEBUG [http-nio-8080-exec-7] o.s.w.s.h.SimpleUrlHandlerMapping - Mapped to ResourceHttpRequestHandler [classpath [META-INF/resources/], classpath [resources/], classpath [static/], classpath [public/], ServletContext [/]]
2026-03-17 20:28:34 DEBUG [http-nio-8080-exec-7] o.s.w.s.r.ResourceHttpRequestHandler - Resource not found
2026-03-17 20:28:34 DEBUG [http-nio-8080-exec-7] o.s.w.s.m.s.DefaultHandlerExceptionResolver - Resolved [org.springframework.web.servlet.resource.NoResourceFoundException: No static resource api/v1/usuarios/11.]
2026-03-17 20:28:34 DEBUG [http-nio-8080-exec-7] o.s.web.servlet.DispatcherServlet - Completed 404 NOT_FOUND
2026-03-17 20:28:34 DEBUG [http-nio-8080-exec-7] o.s.security.web.FilterChainProxy - Securing PUT /error
2026-03-17 20:28:34 TRACE [http-nio-8080-exec-7] o.s.s.w.a.logout.LogoutFilter - Did not match request to Or [Ant [pattern='/logout', GET], Ant [pattern='/logout', POST], Ant [pattern='/logout', PUT], Ant [pattern='/logout', DELETE]]
2026-03-17 20:28:34 TRACE [http-nio-8080-exec-7] o.s.s.w.a.AnonymousAuthenticationFilter - Set SecurityContextHolder to AnonymousAuthenticationToken [Principal=anonymousUser, Credentials=[PROTECTED], Authenticated=true, Details=WebAuthenticationDetails [RemoteIpAddress=0:0:0:0:0:0:0:1, SessionId=null], Granted Authorities=[ROLE_ANONYMOUS]]
2026-03-17 20:28:34 DEBUG [http-nio-8080-exec-7] o.s.s.w.a.Http403ForbiddenEntryPoint - Pre-authenticated entry point called. Rejecting access
2026-03-17 20:29:02 DEBUG [http-nio-8080-exec-9] o.s.security.web.FilterChainProxy - Securing PUT /api/v1/users/1
2026-03-17 20:29:02 TRACE [http-nio-8080-exec-9] o.s.s.w.a.logout.LogoutFilter - Did not match request to Or [Ant [pattern='/logout', GET], Ant [pattern='/logout', POST], Ant [pattern='/logout', PUT], Ant [pattern='/logout', DELETE]]
2026-03-17 20:29:02 TRACE [http-nio-8080-exec-9] o.s.s.w.a.AnonymousAuthenticationFilter - Did not set SecurityContextHolder since already authenticated UsernamePasswordAuthenticationToken [Principal=com.example.ClinicaDefinitiva.infrastructure.security.adapter.CustomUserDetails@5928840d, Credentials=[PROTECTED], Authenticated=true, Details=null, Granted Authorities=[UPDATE_COMPANY, UPDATE_INVOICE, CREATE_ASSIGNMENT, UPDATE_GUARDIAN, CLONE_ROLE_ROLE, CANCEL_APPOINTMENT, UPDATE_JOURNAL_ENTRY, REVERSE_JOURNAL_ENTRY, CREATE_CONTRACT, DELETE_APPOINTMENT, RESCHEDULE_APPOINTMENT, SET_PERMISSIONS_ROLE, CREATE_PATIENT, READ_USER_IDENTITY, IS_CURRENTLY_ACTIVE_ASSIGNMENT, READ_RATE, ACTIVATE_ROLE_ROLE, DELETE_ROLE_ROLE, READ_APPOINTMENT, READ_DENTIST, CREATE_COMPANY, VIEW_ROLE_ROLE, SCHEDULE_APPOINTMENT, ROLE_RECEPTIONIST, DELETE_INVOICE, CREATE_CUSTOM_ROLE_ROLE, UPDATE_PAYMENT, CREATE_DENTIST, CHECK_PERMISSION_ROLE, READ_PATIENT, READ_ADMINISTRATIVE_REPORT, CREATE_APPOINTMENT, VIEW_ASSIGNMENT_ASSIGNMENT, READ_CONTRACT, DELETE_ADMINISTRATIVE_REPORT, DEACTIVATE_USER_IDENTITY, REVERSE_INVOICE, DEACTIVATE_ROLE_ROLE, APPROVE_INVOICE, READ_PROVIDED_SERVICE, REVOKE_ASSIGNMENT, READ_AVAILABILITY, READ_RECEPTIONIST, DELETE_RATE, UPDATE_PRIMARY_ASSIGNMENT, UPDATE_DENTIST, CREATE_USER_IDENTITY, DELETE_CONTRACT, DELETE_PAYMENT, DELETE_ASSIGNMENT, READ_COMPANY, UPDATE_ADMINISTRATIVE_REPORT, REMOVE_PERMISSION_ROLE, CREATE_PAYMENT, UPDATE_USER_IDENTITY, ADD_PERMISSION_ROLE, READ_GUARDIAN, UPDATE_CONTRACT, DELETE_COMPANY, IS_ACTIVE_AT_ASSIGNMENT, DELETE_DENTIST, READ_ASSIGNMENT, POST_INVOICE, REVOKE_ALL_ASSIGNMENT, CREATE_JOURNAL_ENTRY, CREATE_ADMINISTRATIVE_REPORT, UPDATE_ASSIGNMENT, READ_SHIFT, POST_JOURNAL_ENTRY, CREATE_GUARDIAN, ROLE_ADMINISTRATOR, CREATE_TEMPORARY_ASSIGNMENT, READ_PAYMENT, CREATE_RATE, EXTEND_ASSIGNMENT_ASSIGNMENT, READ_INVOICE, REACTIVATE_USER_IDENTITY, UPDATE_APPOINTMENT, UPDATE_RATE, DELETE_JOURNAL_ENTRY, CREATE_SHIFT, READ_JOURNAL_ENTRY, MARK_DELETED_ROLE_ROLE, CREATE_INVOICE, UPDATE_SHIFT, SUSPEND_ROLE_ROLE, UPDATE_PATIENT, UPDATE_PROVIDED_SERVICE, SUSPEND_USER_IDENTITY]]
2026-03-17 20:29:02 TRACE [http-nio-8080-exec-9] o.s.s.w.a.s.CompositeSessionAuthenticationStrategy - Preparing session with ChangeSessionIdAuthenticationStrategy (1/1)
2026-03-17 20:29:02 DEBUG [http-nio-8080-exec-9] o.s.security.web.FilterChainProxy - Secured PUT /api/v1/users/1
2026-03-17 20:29:02 DEBUG [http-nio-8080-exec-9] o.s.web.servlet.DispatcherServlet - PUT "/api/v1/users/1", parameters={}
2026-03-17 20:29:02 DEBUG [http-nio-8080-exec-9] o.s.w.s.m.m.a.RequestMappingHandlerMapping - Mapped to com.example.ClinicaDefinitiva.infrastructure.rest.controller.authentication.UserIdentityController#update(Long, UpdateUserIdentityRequest, CustomUserDetails)
2026-03-17 20:29:02 DEBUG [http-nio-8080-exec-9] o.s.w.s.m.m.a.RequestResponseBodyMethodProcessor - Read "application/json;charset=UTF-8" to [UpdateUserIdentityRequest[email=usuario@example.com, name=null, verified=false, status=null, passwor (truncated)...]
2026-03-17 20:29:03 WARN  [http-nio-8080-exec-9] o.h.e.jdbc.spi.SqlExceptionHelper - SQL Error: 1048, SQLState: 23000
2026-03-17 20:29:03 ERROR [http-nio-8080-exec-9] o.h.e.jdbc.spi.SqlExceptionHelper - Column 'nombre' cannot be null
2026-03-17 20:29:03 DEBUG [http-nio-8080-exec-9] o.s.web.servlet.DispatcherServlet - Failed to complete request: org.springframework.dao.DataIntegrityViolationException: could not execute statement [Column 'nombre' cannot be null] [update usuario_identidad set correo_electronico=?,intentos_fallidos=?,ultimo_acceso=?,bloqueado_hasta=?,nombre=?,contrasena_hash=?,estado=?,verificado=?,version=? where id=? and version=?]; SQL [update usuario_identidad set correo_electronico=?,intentos_fallidos=?,ultimo_acceso=?,bloqueado_hasta=?,nombre=?,contrasena_hash=?,estado=?,verificado=?,version=? where id=? and version=?]; constraint [null]
2026-03-17 20:29:03 ERROR [http-nio-8080-exec-9] o.a.c.c.C.[.[.[.[dispatcherServlet] - Servlet.service() for servlet [dispatcherServlet] in context with path [] threw exception [Request processing failed: org.springframework.dao.DataIntegrityViolationException: could not execute statement [Column 'nombre' cannot be null] [update usuario_identidad set correo_electronico=?,intentos_fallidos=?,ultimo_acceso=?,bloqueado_hasta=?,nombre=?,contrasena_hash=?,estado=?,verificado=?,version=? where id=? and version=?]; SQL [update usuario_identidad set correo_electronico=?,intentos_fallidos=?,ultimo_acceso=?,bloqueado_hasta=?,nombre=?,contrasena_hash=?,estado=?,verificado=?,version=? where id=? and version=?]; constraint [null]] with root cause
java.sql.SQLIntegrityConstraintViolationException: Column 'nombre' cannot be null
	at com.mysql.cj.jdbc.exceptions.SQLError.createSQLException(SQLError.java:109)
	at com.mysql.cj.jdbc.exceptions.SQLExceptionsMapping.translateException(SQLExceptionsMapping.java:113)
	at com.mysql.cj.jdbc.ClientPreparedStatement.executeInternal(ClientPreparedStatement.java:938)
	at com.mysql.cj.jdbc.ClientPreparedStatement.executeUpdateInternal(ClientPreparedStatement.java:1106)
	at com.mysql.cj.jdbc.ClientPreparedStatement.executeUpdateInternal(ClientPreparedStatement.java:1045)
	at com.mysql.cj.jdbc.ClientPreparedStatement.executeLargeUpdate(ClientPreparedStatement.java:1369)
	at com.mysql.cj.jdbc.ClientPreparedStatement.executeUpdate(ClientPreparedStatement.java:1030)
	at com.zaxxer.hikari.pool.ProxyPreparedStatement.executeUpdate(ProxyPreparedStatement.java:61)
	at com.zaxxer.hikari.pool.HikariProxyPreparedStatement.executeUpdate(HikariProxyPreparedStatement.java)
	at org.hibernate.engine.jdbc.internal.ResultSetReturnImpl.executeUpdate(ResultSetReturnImpl.java:194)
	at org.hibernate.engine.jdbc.mutation.internal.AbstractMutationExecutor.performNonBatchedMutation(AbstractMutationExecutor.java:134)
	at org.hibernate.engine.jdbc.mutation.internal.MutationExecutorSingleNonBatched.performNonBatchedOperations(MutationExecutorSingleNonBatched.java:55)
	at org.hibernate.engine.jdbc.mutation.internal.AbstractMutationExecutor.execute(AbstractMutationExecutor.java:55)
	at org.hibernate.persister.entity.mutation.UpdateCoordinatorStandard.doStaticUpdate(UpdateCoordinatorStandard.java:781)
	at org.hibernate.persister.entity.mutation.UpdateCoordinatorStandard.performUpdate(UpdateCoordinatorStandard.java:328)
	at org.hibernate.persister.entity.mutation.UpdateCoordinatorStandard.update(UpdateCoordinatorStandard.java:245)
	at org.hibernate.action.internal.EntityUpdateAction.execute(EntityUpdateAction.java:169)
	at org.hibernate.engine.spi.ActionQueue.executeActions(ActionQueue.java:644)
	at org.hibernate.engine.spi.ActionQueue.executeActions(ActionQueue.java:511)
	at org.hibernate.event.internal.AbstractFlushingEventListener.performExecutions(AbstractFlushingEventListener.java:414)
	at org.hibernate.event.internal.DefaultFlushEventListener.onFlush(DefaultFlushEventListener.java:41)
	at org.hibernate.event.service.internal.EventListenerGroupImpl.fireEventOnEachListener(EventListenerGroupImpl.java:127)
	at org.hibernate.internal.SessionImpl.doFlush(SessionImpl.java:1429)
	at org.hibernate.internal.SessionImpl.managedFlush(SessionImpl.java:491)
	at org.hibernate.internal.SessionImpl.flushBeforeTransactionCompletion(SessionImpl.java:2354)
	at org.hibernate.internal.SessionImpl.beforeTransactionCompletion(SessionImpl.java:1978)
	at org.hibernate.engine.jdbc.internal.JdbcCoordinatorImpl.beforeTransactionCompletion(JdbcCoordinatorImpl.java:439)
	at org.hibernate.resource.transaction.backend.jdbc.internal.JdbcResourceLocalTransactionCoordinatorImpl.beforeCompletionCallback(JdbcResourceLocalTransactionCoordinatorImpl.java:169)
	at org.hibernate.resource.transaction.backend.jdbc.internal.JdbcResourceLocalTransactionCoordinatorImpl$TransactionDriverControlImpl.commit(JdbcResourceLocalTransactionCoordinatorImpl.java:267)
	at org.hibernate.engine.transaction.internal.TransactionImpl.commit(TransactionImpl.java:101)
	at org.springframework.orm.jpa.JpaTransactionManager.doCommit(JpaTransactionManager.java:562)
	at org.springframework.transaction.support.AbstractPlatformTransactionManager.processCommit(AbstractPlatformTransactionManager.java:795)
	at org.springframework.transaction.support.AbstractPlatformTransactionManager.commit(AbstractPlatformTransactionManager.java:758)
	at org.springframework.transaction.interceptor.TransactionAspectSupport.commitTransactionAfterReturning(TransactionAspectSupport.java:698)
	at org.springframework.transaction.interceptor.TransactionAspectSupport.invokeWithinTransaction(TransactionAspectSupport.java:416)
	at org.springframework.transaction.interceptor.TransactionInterceptor.invoke(TransactionInterceptor.java:119)
	at org.springframework.aop.framework.ReflectiveMethodInvocation.proceed(ReflectiveMethodInvocation.java:184)
	at org.springframework.aop.interceptor.ExposeInvocationInterceptor.invoke(ExposeInvocationInterceptor.java:97)
	at org.springframework.aop.framework.ReflectiveMethodInvocation.proceed(ReflectiveMethodInvocation.java:184)
	at org.springframework.aop.framework.CglibAopProxy$DynamicAdvisedInterceptor.intercept(CglibAopProxy.java:728)
	at com.example.ClinicaDefinitiva.application.service.authentication.UserIdentityApplicationService$$SpringCGLIB$$0.update(<generated>)
	at com.example.ClinicaDefinitiva.infrastructure.rest.controller.authentication.UserIdentityController.update(UserIdentityController.java:164)
	at java.base/jdk.internal.reflect.NativeMethodAccessorImpl.invoke0(Native Method)
	at java.base/jdk.internal.reflect.NativeMethodAccessorImpl.invoke(NativeMethodAccessorImpl.java:77)
	at java.base/jdk.internal.reflect.DelegatingMethodAccessorImpl.invoke(DelegatingMethodAccessorImpl.java:43)
	at java.base/java.lang.reflect.Method.invoke(Method.java:568)
	at org.springframework.aop.support.AopUtils.invokeJoinpointUsingReflection(AopUtils.java:359)
	at org.springframework.aop.framework.ReflectiveMethodInvocation.invokeJoinpoint(ReflectiveMethodInvocation.java:196)
	at org.springframework.aop.framework.ReflectiveMethodInvocation.proceed(ReflectiveMethodInvocation.java:163)
	at org.springframework.validation.beanvalidation.MethodValidationInterceptor.invoke(MethodValidationInterceptor.java:174)
	at org.springframework.aop.framework.ReflectiveMethodInvocation.proceed(ReflectiveMethodInvocation.java:184)
	at org.springframework.aop.framework.CglibAopProxy$DynamicAdvisedInterceptor.intercept(CglibAopProxy.java:728)
	at com.example.ClinicaDefinitiva.infrastructure.rest.controller.authentication.UserIdentityController$$SpringCGLIB$$0.update(<generated>)
	at java.base/jdk.internal.reflect.NativeMethodAccessorImpl.invoke0(Native Method)
	at java.base/jdk.internal.reflect.NativeMethodAccessorImpl.invoke(NativeMethodAccessorImpl.java:77)
	at java.base/jdk.internal.reflect.DelegatingMethodAccessorImpl.invoke(DelegatingMethodAccessorImpl.java:43)
	at java.base/java.lang.reflect.Method.invoke(Method.java:568)
	at org.springframework.web.method.support.InvocableHandlerMethod.doInvoke(InvocableHandlerMethod.java:258)
	at org.springframework.web.method.support.InvocableHandlerMethod.invokeForRequest(InvocableHandlerMethod.java:191)
	at org.springframework.web.servlet.mvc.method.annotation.ServletInvocableHandlerMethod.invokeAndHandle(ServletInvocableHandlerMethod.java:118)
	at org.springframework.web.servlet.mvc.method.annotation.RequestMappingHandlerAdapter.invokeHandlerMethod(RequestMappingHandlerAdapter.java:986)
	at org.springframework.web.servlet.mvc.method.annotation.RequestMappingHandlerAdapter.handleInternal(RequestMappingHandlerAdapter.java:891)
	at org.springframework.web.servlet.mvc.method.AbstractHandlerMethodAdapter.handle(AbstractHandlerMethodAdapter.java:87)
	at org.springframework.web.servlet.DispatcherServlet.doDispatch(DispatcherServlet.java:1089)
	at org.springframework.web.servlet.DispatcherServlet.doService(DispatcherServlet.java:979)
	at org.springframework.web.servlet.FrameworkServlet.processRequest(FrameworkServlet.java:1014)
	at org.springframework.web.servlet.FrameworkServlet.doPut(FrameworkServlet.java:925)
	at jakarta.servlet.http.HttpServlet.service(HttpServlet.java:593)
	at org.springframework.web.servlet.FrameworkServlet.service(FrameworkServlet.java:885)
	at jakarta.servlet.http.HttpServlet.service(HttpServlet.java:658)
	at org.apache.catalina.core.ApplicationFilterChain.internalDoFilter(ApplicationFilterChain.java:195)
	at org.apache.catalina.core.ApplicationFilterChain.doFilter(ApplicationFilterChain.java:140)
	at org.apache.tomcat.websocket.server.WsFilter.doFilter(WsFilter.java:51)
	at org.apache.catalina.core.ApplicationFilterChain.internalDoFilter(ApplicationFilterChain.java:164)
	at org.apache.catalina.core.ApplicationFilterChain.doFilter(ApplicationFilterChain.java:140)
	at com.example.ClinicaDefinitiva.util.RequestIdFilter.doFilterInternal(RequestIdFilter.java:76)
	at org.springframework.web.filter.OncePerRequestFilter.doFilter(OncePerRequestFilter.java:116)
	at org.apache.catalina.core.ApplicationFilterChain.internalDoFilter(ApplicationFilterChain.java:164)
	at org.apache.catalina.core.ApplicationFilterChain.doFilter(ApplicationFilterChain.java:140)
	at org.springframework.web.filter.CompositeFilter$VirtualFilterChain.doFilter(CompositeFilter.java:108)
	at org.springframework.web.filter.CompositeFilter$VirtualFilterChain.doFilter(CompositeFilter.java:108)
	at org.springframework.security.web.FilterChainProxy.lambda$doFilterInternal$3(FilterChainProxy.java:231)
	at org.springframework.security.web.ObservationFilterChainDecorator$FilterObservation$SimpleFilterObservation.lambda$wrap$1(ObservationFilterChainDecorator.java:479)
	at org.springframework.security.web.ObservationFilterChainDecorator$AroundFilterObservation$SimpleAroundFilterObservation.lambda$wrap$1(ObservationFilterChainDecorator.java:340)
	at org.springframework.security.web.ObservationFilterChainDecorator.lambda$wrapSecured$0(ObservationFilterChainDecorator.java:82)
	at org.springframework.security.web.ObservationFilterChainDecorator$VirtualFilterChain.doFilter(ObservationFilterChainDecorator.java:128)
	at org.springframework.security.web.access.intercept.AuthorizationFilter.doFilter(AuthorizationFilter.java:101)
	at org.springframework.security.web.ObservationFilterChainDecorator$ObservationFilter.wrapFilter(ObservationFilterChainDecorator.java:240)
	at org.springframework.security.web.ObservationFilterChainDecorator$ObservationFilter.doFilter(ObservationFilterChainDecorator.java:227)
	at org.springframework.security.web.ObservationFilterChainDecorator$VirtualFilterChain.doFilter(ObservationFilterChainDecorator.java:137)
	at org.springframework.security.web.access.ExceptionTranslationFilter.doFilter(ExceptionTranslationFilter.java:125)
	at org.springframework.security.web.access.ExceptionTranslationFilter.doFilter(ExceptionTranslationFilter.java:119)
	at org.springframework.security.web.ObservationFilterChainDecorator$ObservationFilter.wrapFilter(ObservationFilterChainDecorator.java:240)
	at org.springframework.security.web.ObservationFilterChainDecorator$ObservationFilter.doFilter(ObservationFilterChainDecorator.java:227)
	at org.springframework.security.web.ObservationFilterChainDecorator$VirtualFilterChain.doFilter(ObservationFilterChainDecorator.java:137)
	at org.springframework.security.web.session.SessionManagementFilter.doFilter(SessionManagementFilter.java:131)
	at org.springframework.security.web.session.SessionManagementFilter.doFilter(SessionManagementFilter.java:85)
	at org.springframework.security.web.ObservationFilterChainDecorator$ObservationFilter.wrapFilter(ObservationFilterChainDecorator.java:240)
	at org.springframework.security.web.ObservationFilterChainDecorator$ObservationFilter.doFilter(ObservationFilterChainDecorator.java:227)
	at org.springframework.security.web.ObservationFilterChainDecorator$VirtualFilterChain.doFilter(ObservationFilterChainDecorator.java:137)
	at org.springframework.security.web.authentication.AnonymousAuthenticationFilter.doFilter(AnonymousAuthenticationFilter.java:100)
	at org.springframework.security.web.ObservationFilterChainDecorator$ObservationFilter.wrapFilter(ObservationFilterChainDecorator.java:240)
	at org.springframework.security.web.ObservationFilterChainDecorator$ObservationFilter.doFilter(ObservationFilterChainDecorator.java:227)
	at org.springframework.security.web.ObservationFilterChainDecorator$VirtualFilterChain.doFilter(ObservationFilterChainDecorator.java:137)
	at org.springframework.security.web.servletapi.SecurityContextHolderAwareRequestFilter.doFilter(SecurityContextHolderAwareRequestFilter.java:179)
	at org.springframework.security.web.ObservationFilterChainDecorator$ObservationFilter.wrapFilter(ObservationFilterChainDecorator.java:240)
	at org.springframework.security.web.ObservationFilterChainDecorator$ObservationFilter.doFilter(ObservationFilterChainDecorator.java:227)
	at org.springframework.security.web.ObservationFilterChainDecorator$VirtualFilterChain.doFilter(ObservationFilterChainDecorator.java:137)
	at org.springframework.security.web.savedrequest.RequestCacheAwareFilter.doFilter(RequestCacheAwareFilter.java:63)
	at org.springframework.security.web.ObservationFilterChainDecorator$ObservationFilter.wrapFilter(ObservationFilterChainDecorator.java:240)
	at org.springframework.security.web.ObservationFilterChainDecorator$ObservationFilter.doFilter(ObservationFilterChainDecorator.java:227)
	at org.springframework.security.web.ObservationFilterChainDecorator$VirtualFilterChain.doFilter(ObservationFilterChainDecorator.java:137)
	at com.example.ClinicaDefinitiva.infrastructure.security.filter.JwtAuthenticationFilter.doFilterInternal(JwtAuthenticationFilter.java:40)
	at org.springframework.web.filter.OncePerRequestFilter.doFilter(OncePerRequestFilter.java:116)
	at org.springframework.security.web.ObservationFilterChainDecorator$ObservationFilter.wrapFilter(ObservationFilterChainDecorator.java:240)
	at org.springframework.security.web.ObservationFilterChainDecorator$ObservationFilter.doFilter(ObservationFilterChainDecorator.java:227)
	at org.springframework.security.web.ObservationFilterChainDecorator$VirtualFilterChain.doFilter(ObservationFilterChainDecorator.java:137)
	at org.springframework.security.web.authentication.logout.LogoutFilter.doFilter(LogoutFilter.java:107)
	at org.springframework.security.web.authentication.logout.LogoutFilter.doFilter(LogoutFilter.java:93)
	at org.springframework.security.web.ObservationFilterChainDecorator$ObservationFilter.wrapFilter(ObservationFilterChainDecorator.java:240)
	at org.springframework.security.web.ObservationFilterChainDecorator$ObservationFilter.doFilter(ObservationFilterChainDecorator.java:227)
	at org.springframework.security.web.ObservationFilterChainDecorator$VirtualFilterChain.doFilter(ObservationFilterChainDecorator.java:137)
	at org.springframework.security.web.header.HeaderWriterFilter.doHeadersAfter(HeaderWriterFilter.java:90)
	at org.springframework.security.web.header.HeaderWriterFilter.doFilterInternal(HeaderWriterFilter.java:75)
	at org.springframework.web.filter.OncePerRequestFilter.doFilter(OncePerRequestFilter.java:116)
	at org.springframework.security.web.ObservationFilterChainDecorator$ObservationFilter.wrapFilter(ObservationFilterChainDecorator.java:240)
	at org.springframework.security.web.ObservationFilterChainDecorator$ObservationFilter.doFilter(ObservationFilterChainDecorator.java:227)
	at org.springframework.security.web.ObservationFilterChainDecorator$VirtualFilterChain.doFilter(ObservationFilterChainDecorator.java:137)
	at org.springframework.security.web.context.SecurityContextHolderFilter.doFilter(SecurityContextHolderFilter.java:82)
	at org.springframework.security.web.context.SecurityContextHolderFilter.doFilter(SecurityContextHolderFilter.java:69)
	at org.springframework.security.web.ObservationFilterChainDecorator$ObservationFilter.wrapFilter(ObservationFilterChainDecorator.java:240)
	at org.springframework.security.web.ObservationFilterChainDecorator$ObservationFilter.doFilter(ObservationFilterChainDecorator.java:227)
	at org.springframework.security.web.ObservationFilterChainDecorator$VirtualFilterChain.doFilter(ObservationFilterChainDecorator.java:137)
	at org.springframework.security.web.context.request.async.WebAsyncManagerIntegrationFilter.doFilterInternal(WebAsyncManagerIntegrationFilter.java:62)
	at org.springframework.web.filter.OncePerRequestFilter.doFilter(OncePerRequestFilter.java:116)
	at org.springframework.security.web.ObservationFilterChainDecorator$ObservationFilter.wrapFilter(ObservationFilterChainDecorator.java:240)
	at org.springframework.security.web.ObservationFilterChainDecorator$ObservationFilter.doFilter(ObservationFilterChainDecorator.java:227)
	at org.springframework.security.web.ObservationFilterChainDecorator$VirtualFilterChain.doFilter(ObservationFilterChainDecorator.java:137)
	at org.springframework.security.web.session.DisableEncodeUrlFilter.doFilterInternal(DisableEncodeUrlFilter.java:42)
	at org.springframework.web.filter.OncePerRequestFilter.doFilter(OncePerRequestFilter.java:116)
	at org.springframework.security.web.ObservationFilterChainDecorator$ObservationFilter.wrapFilter(ObservationFilterChainDecorator.java:240)
	at org.springframework.security.web.ObservationFilterChainDecorator$AroundFilterObservation$SimpleAroundFilterObservation.lambda$wrap$0(ObservationFilterChainDecorator.java:323)
	at org.springframework.security.web.ObservationFilterChainDecorator$ObservationFilter.doFilter(ObservationFilterChainDecorator.java:224)
	at org.springframework.security.web.ObservationFilterChainDecorator$VirtualFilterChain.doFilter(ObservationFilterChainDecorator.java:137)
	at org.springframework.security.web.FilterChainProxy.doFilterInternal(FilterChainProxy.java:233)
	at org.springframework.security.web.FilterChainProxy.doFilter(FilterChainProxy.java:191)
	at org.springframework.web.filter.CompositeFilter$VirtualFilterChain.doFilter(CompositeFilter.java:113)
	at org.springframework.web.filter.ServletRequestPathFilter.doFilter(ServletRequestPathFilter.java:52)
	at org.springframework.web.filter.CompositeFilter$VirtualFilterChain.doFilter(CompositeFilter.java:113)
	at org.springframework.web.filter.CompositeFilter.doFilter(CompositeFilter.java:74)
	at org.springframework.security.config.annotation.web.configuration.WebSecurityConfiguration$CompositeFilterChainProxy.doFilter(WebSecurityConfiguration.java:319)
	at org.springframework.web.filter.CompositeFilter$VirtualFilterChain.doFilter(CompositeFilter.java:113)
	at org.springframework.web.servlet.handler.HandlerMappingIntrospector.lambda$createCacheFilter$3(HandlerMappingIntrospector.java:243)
	at org.springframework.web.filter.CompositeFilter$VirtualFilterChain.doFilter(CompositeFilter.java:113)
	at org.springframework.web.filter.CompositeFilter.doFilter(CompositeFilter.java:74)
	at org.springframework.security.config.annotation.web.configuration.WebMvcSecurityConfiguration$CompositeFilterChainProxy.doFilter(WebMvcSecurityConfiguration.java:240)
	at org.springframework.web.filter.DelegatingFilterProxy.invokeDelegate(DelegatingFilterProxy.java:362)
	at org.springframework.web.filter.DelegatingFilterProxy.doFilter(DelegatingFilterProxy.java:278)
	at org.apache.catalina.core.ApplicationFilterChain.internalDoFilter(ApplicationFilterChain.java:164)
	at org.apache.catalina.core.ApplicationFilterChain.doFilter(ApplicationFilterChain.java:140)
	at org.springframework.web.filter.RequestContextFilter.doFilterInternal(RequestContextFilter.java:100)
	at org.springframework.web.filter.OncePerRequestFilter.doFilter(OncePerRequestFilter.java:116)
	at org.apache.catalina.core.ApplicationFilterChain.internalDoFilter(ApplicationFilterChain.java:164)
	at org.apache.catalina.core.ApplicationFilterChain.doFilter(ApplicationFilterChain.java:140)
	at org.springframework.web.filter.FormContentFilter.doFilterInternal(FormContentFilter.java:93)
	at org.springframework.web.filter.OncePerRequestFilter.doFilter(OncePerRequestFilter.java:116)
	at org.apache.catalina.core.ApplicationFilterChain.internalDoFilter(ApplicationFilterChain.java:164)
	at org.apache.catalina.core.ApplicationFilterChain.doFilter(ApplicationFilterChain.java:140)
	at org.springframework.web.filter.ServerHttpObservationFilter.doFilterInternal(ServerHttpObservationFilter.java:114)
	at org.springframework.web.filter.OncePerRequestFilter.doFilter(OncePerRequestFilter.java:116)
	at org.apache.catalina.core.ApplicationFilterChain.internalDoFilter(ApplicationFilterChain.java:164)
	at org.apache.catalina.core.ApplicationFilterChain.doFilter(ApplicationFilterChain.java:140)
	at org.springframework.web.filter.CharacterEncodingFilter.doFilterInternal(CharacterEncodingFilter.java:201)
	at org.springframework.web.filter.OncePerRequestFilter.doFilter(OncePerRequestFilter.java:116)
	at org.apache.catalina.core.ApplicationFilterChain.internalDoFilter(ApplicationFilterChain.java:164)
	at org.apache.catalina.core.ApplicationFilterChain.doFilter(ApplicationFilterChain.java:140)
	at org.apache.catalina.core.StandardWrapperValve.invoke(StandardWrapperValve.java:167)
	at org.apache.catalina.core.StandardContextValve.invoke(StandardContextValve.java:90)
	at org.apache.catalina.authenticator.AuthenticatorBase.invoke(AuthenticatorBase.java:483)
	at org.apache.catalina.core.StandardHostValve.invoke(StandardHostValve.java:116)
	at org.apache.catalina.valves.ErrorReportValve.invoke(ErrorReportValve.java:93)
	at org.apache.catalina.core.StandardEngineValve.invoke(StandardEngineValve.java:74)
	at org.apache.catalina.connector.CoyoteAdapter.service(CoyoteAdapter.java:344)
	at org.apache.coyote.http11.Http11Processor.service(Http11Processor.java:398)
	at org.apache.coyote.AbstractProcessorLight.process(AbstractProcessorLight.java:63)
	at org.apache.coyote.AbstractProtocol$ConnectionHandler.process(AbstractProtocol.java:903)
	at org.apache.tomcat.util.net.NioEndpoint$SocketProcessor.doRun(NioEndpoint.java:1740)
	at org.apache.tomcat.util.net.SocketProcessorBase.run(SocketProcessorBase.java:52)
	at org.apache.tomcat.util.threads.ThreadPoolExecutor.runWorker(ThreadPoolExecutor.java:1189)
	at org.apache.tomcat.util.threads.ThreadPoolExecutor$Worker.run(ThreadPoolExecutor.java:658)
	at org.apache.tomcat.util.threads.TaskThread$WrappingRunnable.run(TaskThread.java:63)
	at java.base/java.lang.Thread.run(Thread.java:842)
2026-03-17 20:29:03 DEBUG [http-nio-8080-exec-9] o.s.security.web.FilterChainProxy - Securing PUT /error
2026-03-17 20:29:03 TRACE [http-nio-8080-exec-9] o.s.s.w.a.logout.LogoutFilter - Did not match request to Or [Ant [pattern='/logout', GET], Ant [pattern='/logout', POST], Ant [pattern='/logout', PUT], Ant [pattern='/logout', DELETE]]
2026-03-17 20:29:03 TRACE [http-nio-8080-exec-9] o.s.s.w.a.AnonymousAuthenticationFilter - Set SecurityContextHolder to AnonymousAuthenticationToken [Principal=anonymousUser, Credentials=[PROTECTED], Authenticated=true, Details=WebAuthenticationDetails [RemoteIpAddress=0:0:0:0:0:0:0:1, SessionId=null], Granted Authorities=[ROLE_ANONYMOUS]]
2026-03-17 20:29:03 DEBUG [http-nio-8080-exec-9] o.s.s.w.a.Http403ForbiddenEntryPoint - Pre-authenticated entry point called. Rejecting access
2026-03-17 20:31:20 DEBUG [http-nio-8080-exec-2] o.s.security.web.FilterChainProxy - Securing PUT /api/v1/users/2
2026-03-17 20:31:20 TRACE [http-nio-8080-exec-2] o.s.s.w.a.logout.LogoutFilter - Did not match request to Or [Ant [pattern='/logout', GET], Ant [pattern='/logout', POST], Ant [pattern='/logout', PUT], Ant [pattern='/logout', DELETE]]
2026-03-17 20:31:20 TRACE [http-nio-8080-exec-2] o.s.s.w.a.AnonymousAuthenticationFilter - Did not set SecurityContextHolder since already authenticated UsernamePasswordAuthenticationToken [Principal=com.example.ClinicaDefinitiva.infrastructure.security.adapter.CustomUserDetails@43d66c68, Credentials=[PROTECTED], Authenticated=true, Details=null, Granted Authorities=[UPDATE_COMPANY, UPDATE_INVOICE, CREATE_ASSIGNMENT, UPDATE_GUARDIAN, CLONE_ROLE_ROLE, CANCEL_APPOINTMENT, UPDATE_JOURNAL_ENTRY, REVERSE_JOURNAL_ENTRY, CREATE_CONTRACT, DELETE_APPOINTMENT, RESCHEDULE_APPOINTMENT, SET_PERMISSIONS_ROLE, CREATE_PATIENT, READ_USER_IDENTITY, IS_CURRENTLY_ACTIVE_ASSIGNMENT, READ_RATE, ACTIVATE_ROLE_ROLE, DELETE_ROLE_ROLE, READ_APPOINTMENT, READ_DENTIST, CREATE_COMPANY, VIEW_ROLE_ROLE, SCHEDULE_APPOINTMENT, ROLE_RECEPTIONIST, DELETE_INVOICE, CREATE_CUSTOM_ROLE_ROLE, UPDATE_PAYMENT, CREATE_DENTIST, CHECK_PERMISSION_ROLE, READ_PATIENT, READ_ADMINISTRATIVE_REPORT, CREATE_APPOINTMENT, VIEW_ASSIGNMENT_ASSIGNMENT, READ_CONTRACT, DELETE_ADMINISTRATIVE_REPORT, DEACTIVATE_USER_IDENTITY, REVERSE_INVOICE, DEACTIVATE_ROLE_ROLE, APPROVE_INVOICE, READ_PROVIDED_SERVICE, REVOKE_ASSIGNMENT, READ_AVAILABILITY, READ_RECEPTIONIST, DELETE_RATE, UPDATE_PRIMARY_ASSIGNMENT, UPDATE_DENTIST, CREATE_USER_IDENTITY, DELETE_CONTRACT, DELETE_PAYMENT, DELETE_ASSIGNMENT, READ_COMPANY, UPDATE_ADMINISTRATIVE_REPORT, REMOVE_PERMISSION_ROLE, CREATE_PAYMENT, UPDATE_USER_IDENTITY, ADD_PERMISSION_ROLE, READ_GUARDIAN, UPDATE_CONTRACT, DELETE_COMPANY, IS_ACTIVE_AT_ASSIGNMENT, DELETE_DENTIST, READ_ASSIGNMENT, POST_INVOICE, REVOKE_ALL_ASSIGNMENT, CREATE_JOURNAL_ENTRY, CREATE_ADMINISTRATIVE_REPORT, UPDATE_ASSIGNMENT, READ_SHIFT, POST_JOURNAL_ENTRY, CREATE_GUARDIAN, ROLE_ADMINISTRATOR, CREATE_TEMPORARY_ASSIGNMENT, READ_PAYMENT, CREATE_RATE, EXTEND_ASSIGNMENT_ASSIGNMENT, READ_INVOICE, REACTIVATE_USER_IDENTITY, UPDATE_APPOINTMENT, UPDATE_RATE, DELETE_JOURNAL_ENTRY, CREATE_SHIFT, READ_JOURNAL_ENTRY, MARK_DELETED_ROLE_ROLE, CREATE_INVOICE, UPDATE_SHIFT, SUSPEND_ROLE_ROLE, UPDATE_PATIENT, UPDATE_PROVIDED_SERVICE, SUSPEND_USER_IDENTITY]]
2026-03-17 20:31:20 TRACE [http-nio-8080-exec-2] o.s.s.w.a.s.CompositeSessionAuthenticationStrategy - Preparing session with ChangeSessionIdAuthenticationStrategy (1/1)
2026-03-17 20:31:20 DEBUG [http-nio-8080-exec-2] o.s.security.web.FilterChainProxy - Secured PUT /api/v1/users/2
2026-03-17 20:31:20 DEBUG [http-nio-8080-exec-2] o.s.web.servlet.DispatcherServlet - PUT "/api/v1/users/2", parameters={}
2026-03-17 20:31:20 DEBUG [http-nio-8080-exec-2] o.s.w.s.m.m.a.RequestMappingHandlerMapping - Mapped to com.example.ClinicaDefinitiva.infrastructure.rest.controller.authentication.UserIdentityController#update(Long, UpdateUserIdentityRequest, CustomUserDetails)
2026-03-17 20:31:20 DEBUG [http-nio-8080-exec-2] o.s.w.s.m.m.a.RequestResponseBodyMethodProcessor - Read "application/json;charset=UTF-8" to [UpdateUserIdentityRequest[email=usuario@example.com, name=null, verified=false, status=null, passwor (truncated)...]
2026-03-17 20:31:20 DEBUG [http-nio-8080-exec-2] o.s.w.s.m.m.a.HttpEntityMethodProcessor - Using 'application/json', given [*/*] and supported [application/json, application/*+json]
2026-03-17 20:31:20 DEBUG [http-nio-8080-exec-2] o.s.w.s.m.m.a.HttpEntityMethodProcessor - Writing [ReadUserIdentityResponse[id=2, email=admin1742073890123@gmail.com, name=Admin User 1742073890123, cr (truncated)...]
2026-03-17 20:31:20 DEBUG [http-nio-8080-exec-2] o.s.web.servlet.DispatcherServlet - Completed 200 OK
2026-03-17 20:34:16 DEBUG [http-nio-8080-exec-4] o.s.security.web.FilterChainProxy - Securing PUT /api/v1/users/2
2026-03-17 20:34:16 TRACE [http-nio-8080-exec-4] o.s.s.w.a.logout.LogoutFilter - Did not match request to Or [Ant [pattern='/logout', GET], Ant [pattern='/logout', POST], Ant [pattern='/logout', PUT], Ant [pattern='/logout', DELETE]]
2026-03-17 20:34:16 TRACE [http-nio-8080-exec-4] o.s.s.w.a.AnonymousAuthenticationFilter - Did not set SecurityContextHolder since already authenticated UsernamePasswordAuthenticationToken [Principal=com.example.ClinicaDefinitiva.infrastructure.security.adapter.CustomUserDetails@51acebd1, Credentials=[PROTECTED], Authenticated=true, Details=null, Granted Authorities=[UPDATE_COMPANY, UPDATE_INVOICE, CREATE_ASSIGNMENT, UPDATE_GUARDIAN, CLONE_ROLE_ROLE, CANCEL_APPOINTMENT, UPDATE_JOURNAL_ENTRY, REVERSE_JOURNAL_ENTRY, CREATE_CONTRACT, DELETE_APPOINTMENT, RESCHEDULE_APPOINTMENT, SET_PERMISSIONS_ROLE, CREATE_PATIENT, READ_USER_IDENTITY, IS_CURRENTLY_ACTIVE_ASSIGNMENT, READ_RATE, ACTIVATE_ROLE_ROLE, DELETE_ROLE_ROLE, READ_APPOINTMENT, READ_DENTIST, CREATE_COMPANY, VIEW_ROLE_ROLE, SCHEDULE_APPOINTMENT, ROLE_RECEPTIONIST, DELETE_INVOICE, CREATE_CUSTOM_ROLE_ROLE, UPDATE_PAYMENT, CREATE_DENTIST, CHECK_PERMISSION_ROLE, READ_PATIENT, READ_ADMINISTRATIVE_REPORT, CREATE_APPOINTMENT, VIEW_ASSIGNMENT_ASSIGNMENT, READ_CONTRACT, DELETE_ADMINISTRATIVE_REPORT, DEACTIVATE_USER_IDENTITY, REVERSE_INVOICE, DEACTIVATE_ROLE_ROLE, APPROVE_INVOICE, READ_PROVIDED_SERVICE, REVOKE_ASSIGNMENT, READ_AVAILABILITY, READ_RECEPTIONIST, DELETE_RATE, UPDATE_PRIMARY_ASSIGNMENT, UPDATE_DENTIST, CREATE_USER_IDENTITY, DELETE_CONTRACT, DELETE_PAYMENT, DELETE_ASSIGNMENT, READ_COMPANY, UPDATE_ADMINISTRATIVE_REPORT, REMOVE_PERMISSION_ROLE, CREATE_PAYMENT, UPDATE_USER_IDENTITY, ADD_PERMISSION_ROLE, READ_GUARDIAN, UPDATE_CONTRACT, DELETE_COMPANY, IS_ACTIVE_AT_ASSIGNMENT, DELETE_DENTIST, READ_ASSIGNMENT, POST_INVOICE, REVOKE_ALL_ASSIGNMENT, CREATE_JOURNAL_ENTRY, CREATE_ADMINISTRATIVE_REPORT, UPDATE_ASSIGNMENT, READ_SHIFT, POST_JOURNAL_ENTRY, CREATE_GUARDIAN, ROLE_ADMINISTRATOR, CREATE_TEMPORARY_ASSIGNMENT, READ_PAYMENT, CREATE_RATE, EXTEND_ASSIGNMENT_ASSIGNMENT, READ_INVOICE, REACTIVATE_USER_IDENTITY, UPDATE_APPOINTMENT, UPDATE_RATE, DELETE_JOURNAL_ENTRY, CREATE_SHIFT, READ_JOURNAL_ENTRY, MARK_DELETED_ROLE_ROLE, CREATE_INVOICE, UPDATE_SHIFT, SUSPEND_ROLE_ROLE, UPDATE_PATIENT, UPDATE_PROVIDED_SERVICE, SUSPEND_USER_IDENTITY]]
2026-03-17 20:34:16 TRACE [http-nio-8080-exec-4] o.s.s.w.a.s.CompositeSessionAuthenticationStrategy - Preparing session with ChangeSessionIdAuthenticationStrategy (1/1)
2026-03-17 20:34:16 DEBUG [http-nio-8080-exec-4] o.s.security.web.FilterChainProxy - Secured PUT /api/v1/users/2
2026-03-17 20:34:16 DEBUG [http-nio-8080-exec-4] o.s.web.servlet.DispatcherServlet - PUT "/api/v1/users/2", parameters={}
2026-03-17 20:34:16 DEBUG [http-nio-8080-exec-4] o.s.w.s.m.m.a.RequestMappingHandlerMapping - Mapped to com.example.ClinicaDefinitiva.infrastructure.rest.controller.authentication.UserIdentityController#update(Long, UpdateUserIdentityRequest, CustomUserDetails)
2026-03-17 20:34:16 DEBUG [http-nio-8080-exec-4] o.s.w.s.m.m.a.RequestResponseBodyMethodProcessor - Read "application/json;charset=UTF-8" to [UpdateUserIdentityRequest[email=usuario@example.com, name=null, verified=false, status=null, passwor (truncated)...]
2026-03-17 20:34:16 DEBUG [http-nio-8080-exec-4] o.s.w.s.m.m.a.HttpEntityMethodProcessor - Using 'application/json', given [*/*] and supported [application/json, application/*+json]
2026-03-17 20:34:16 DEBUG [http-nio-8080-exec-4] o.s.w.s.m.m.a.HttpEntityMethodProcessor - Writing [ReadUserIdentityResponse[id=2, email=admin1742073890123@gmail.com, name=Admin User 1742073890123, cr (truncated)...]
2026-03-17 20:34:16 DEBUG [http-nio-8080-exec-4] o.s.web.servlet.DispatcherServlet - Completed 200 OK
2026-03-17 20:36:34 DEBUG [http-nio-8080-exec-7] o.s.security.web.FilterChainProxy - Securing PATCH /api/v1/users/2
2026-03-17 20:36:34 TRACE [http-nio-8080-exec-7] o.s.s.w.a.logout.LogoutFilter - Did not match request to Or [Ant [pattern='/logout', GET], Ant [pattern='/logout', POST], Ant [pattern='/logout', PUT], Ant [pattern='/logout', DELETE]]
2026-03-17 20:36:34 TRACE [http-nio-8080-exec-7] o.s.s.w.a.AnonymousAuthenticationFilter - Did not set SecurityContextHolder since already authenticated UsernamePasswordAuthenticationToken [Principal=com.example.ClinicaDefinitiva.infrastructure.security.adapter.CustomUserDetails@448686ac, Credentials=[PROTECTED], Authenticated=true, Details=null, Granted Authorities=[UPDATE_COMPANY, UPDATE_INVOICE, CREATE_ASSIGNMENT, UPDATE_GUARDIAN, CLONE_ROLE_ROLE, CANCEL_APPOINTMENT, UPDATE_JOURNAL_ENTRY, REVERSE_JOURNAL_ENTRY, CREATE_CONTRACT, DELETE_APPOINTMENT, RESCHEDULE_APPOINTMENT, SET_PERMISSIONS_ROLE, CREATE_PATIENT, READ_USER_IDENTITY, IS_CURRENTLY_ACTIVE_ASSIGNMENT, READ_RATE, ACTIVATE_ROLE_ROLE, DELETE_ROLE_ROLE, READ_APPOINTMENT, READ_DENTIST, CREATE_COMPANY, VIEW_ROLE_ROLE, SCHEDULE_APPOINTMENT, ROLE_RECEPTIONIST, DELETE_INVOICE, CREATE_CUSTOM_ROLE_ROLE, UPDATE_PAYMENT, CREATE_DENTIST, CHECK_PERMISSION_ROLE, READ_PATIENT, READ_ADMINISTRATIVE_REPORT, CREATE_APPOINTMENT, VIEW_ASSIGNMENT_ASSIGNMENT, READ_CONTRACT, DELETE_ADMINISTRATIVE_REPORT, DEACTIVATE_USER_IDENTITY, REVERSE_INVOICE, DEACTIVATE_ROLE_ROLE, APPROVE_INVOICE, READ_PROVIDED_SERVICE, REVOKE_ASSIGNMENT, READ_AVAILABILITY, READ_RECEPTIONIST, DELETE_RATE, UPDATE_PRIMARY_ASSIGNMENT, UPDATE_DENTIST, CREATE_USER_IDENTITY, DELETE_CONTRACT, DELETE_PAYMENT, DELETE_ASSIGNMENT, READ_COMPANY, UPDATE_ADMINISTRATIVE_REPORT, REMOVE_PERMISSION_ROLE, CREATE_PAYMENT, UPDATE_USER_IDENTITY, ADD_PERMISSION_ROLE, READ_GUARDIAN, UPDATE_CONTRACT, DELETE_COMPANY, IS_ACTIVE_AT_ASSIGNMENT, DELETE_DENTIST, READ_ASSIGNMENT, POST_INVOICE, REVOKE_ALL_ASSIGNMENT, CREATE_JOURNAL_ENTRY, CREATE_ADMINISTRATIVE_REPORT, UPDATE_ASSIGNMENT, READ_SHIFT, POST_JOURNAL_ENTRY, CREATE_GUARDIAN, ROLE_ADMINISTRATOR, CREATE_TEMPORARY_ASSIGNMENT, READ_PAYMENT, CREATE_RATE, EXTEND_ASSIGNMENT_ASSIGNMENT, READ_INVOICE, REACTIVATE_USER_IDENTITY, UPDATE_APPOINTMENT, UPDATE_RATE, DELETE_JOURNAL_ENTRY, CREATE_SHIFT, READ_JOURNAL_ENTRY, MARK_DELETED_ROLE_ROLE, CREATE_INVOICE, UPDATE_SHIFT, SUSPEND_ROLE_ROLE, UPDATE_PATIENT, UPDATE_PROVIDED_SERVICE, SUSPEND_USER_IDENTITY]]
2026-03-17 20:36:34 TRACE [http-nio-8080-exec-7] o.s.s.w.a.s.CompositeSessionAuthenticationStrategy - Preparing session with ChangeSessionIdAuthenticationStrategy (1/1)
2026-03-17 20:36:34 DEBUG [http-nio-8080-exec-7] o.s.security.web.FilterChainProxy - Secured PATCH /api/v1/users/2
2026-03-17 20:36:34 DEBUG [http-nio-8080-exec-7] o.s.web.servlet.DispatcherServlet - PATCH "/api/v1/users/2", parameters={}
2026-03-17 20:36:34 WARN  [http-nio-8080-exec-7] o.s.w.s.m.s.DefaultHandlerExceptionResolver - Resolved [org.springframework.web.HttpRequestMethodNotSupportedException: Request method 'PATCH' is not supported]
2026-03-17 20:36:34 DEBUG [http-nio-8080-exec-7] o.s.web.servlet.DispatcherServlet - Completed 405 METHOD_NOT_ALLOWED
2026-03-17 20:36:34 DEBUG [http-nio-8080-exec-7] o.s.security.web.FilterChainProxy - Securing PATCH /error
2026-03-17 20:36:34 TRACE [http-nio-8080-exec-7] o.s.s.w.a.logout.LogoutFilter - Did not match request to Or [Ant [pattern='/logout', GET], Ant [pattern='/logout', POST], Ant [pattern='/logout', PUT], Ant [pattern='/logout', DELETE]]
2026-03-17 20:36:34 TRACE [http-nio-8080-exec-7] o.s.s.w.a.AnonymousAuthenticationFilter - Set SecurityContextHolder to AnonymousAuthenticationToken [Principal=anonymousUser, Credentials=[PROTECTED], Authenticated=true, Details=WebAuthenticationDetails [RemoteIpAddress=0:0:0:0:0:0:0:1, SessionId=null], Granted Authorities=[ROLE_ANONYMOUS]]
2026-03-17 20:36:34 DEBUG [http-nio-8080-exec-7] o.s.s.w.a.Http403ForbiddenEntryPoint - Pre-authenticated entry point called. Rejecting access
2026-03-17 20:37:56 DEBUG [http-nio-8080-exec-10] o.s.security.web.FilterChainProxy - Securing PATCH /api/v1/users/2/deactivate
2026-03-17 20:37:56 TRACE [http-nio-8080-exec-10] o.s.s.w.a.logout.LogoutFilter - Did not match request to Or [Ant [pattern='/logout', GET], Ant [pattern='/logout', POST], Ant [pattern='/logout', PUT], Ant [pattern='/logout', DELETE]]
2026-03-17 20:37:56 TRACE [http-nio-8080-exec-10] o.s.s.w.a.AnonymousAuthenticationFilter - Did not set SecurityContextHolder since already authenticated UsernamePasswordAuthenticationToken [Principal=com.example.ClinicaDefinitiva.infrastructure.security.adapter.CustomUserDetails@19ddd86a, Credentials=[PROTECTED], Authenticated=true, Details=null, Granted Authorities=[UPDATE_COMPANY, UPDATE_INVOICE, CREATE_ASSIGNMENT, UPDATE_GUARDIAN, CLONE_ROLE_ROLE, CANCEL_APPOINTMENT, UPDATE_JOURNAL_ENTRY, REVERSE_JOURNAL_ENTRY, CREATE_CONTRACT, DELETE_APPOINTMENT, RESCHEDULE_APPOINTMENT, SET_PERMISSIONS_ROLE, CREATE_PATIENT, READ_USER_IDENTITY, IS_CURRENTLY_ACTIVE_ASSIGNMENT, READ_RATE, ACTIVATE_ROLE_ROLE, DELETE_ROLE_ROLE, READ_APPOINTMENT, READ_DENTIST, CREATE_COMPANY, VIEW_ROLE_ROLE, SCHEDULE_APPOINTMENT, ROLE_RECEPTIONIST, DELETE_INVOICE, CREATE_CUSTOM_ROLE_ROLE, UPDATE_PAYMENT, CREATE_DENTIST, CHECK_PERMISSION_ROLE, READ_PATIENT, READ_ADMINISTRATIVE_REPORT, CREATE_APPOINTMENT, VIEW_ASSIGNMENT_ASSIGNMENT, READ_CONTRACT, DELETE_ADMINISTRATIVE_REPORT, DEACTIVATE_USER_IDENTITY, REVERSE_INVOICE, DEACTIVATE_ROLE_ROLE, APPROVE_INVOICE, READ_PROVIDED_SERVICE, REVOKE_ASSIGNMENT, READ_AVAILABILITY, READ_RECEPTIONIST, DELETE_RATE, UPDATE_PRIMARY_ASSIGNMENT, UPDATE_DENTIST, CREATE_USER_IDENTITY, DELETE_CONTRACT, DELETE_PAYMENT, DELETE_ASSIGNMENT, READ_COMPANY, UPDATE_ADMINISTRATIVE_REPORT, REMOVE_PERMISSION_ROLE, CREATE_PAYMENT, UPDATE_USER_IDENTITY, ADD_PERMISSION_ROLE, READ_GUARDIAN, UPDATE_CONTRACT, DELETE_COMPANY, IS_ACTIVE_AT_ASSIGNMENT, DELETE_DENTIST, READ_ASSIGNMENT, POST_INVOICE, REVOKE_ALL_ASSIGNMENT, CREATE_JOURNAL_ENTRY, CREATE_ADMINISTRATIVE_REPORT, UPDATE_ASSIGNMENT, READ_SHIFT, POST_JOURNAL_ENTRY, CREATE_GUARDIAN, ROLE_ADMINISTRATOR, CREATE_TEMPORARY_ASSIGNMENT, READ_PAYMENT, CREATE_RATE, EXTEND_ASSIGNMENT_ASSIGNMENT, READ_INVOICE, REACTIVATE_USER_IDENTITY, UPDATE_APPOINTMENT, UPDATE_RATE, DELETE_JOURNAL_ENTRY, CREATE_SHIFT, READ_JOURNAL_ENTRY, MARK_DELETED_ROLE_ROLE, CREATE_INVOICE, UPDATE_SHIFT, SUSPEND_ROLE_ROLE, UPDATE_PATIENT, UPDATE_PROVIDED_SERVICE, SUSPEND_USER_IDENTITY]]
2026-03-17 20:37:56 TRACE [http-nio-8080-exec-10] o.s.s.w.a.s.CompositeSessionAuthenticationStrategy - Preparing session with ChangeSessionIdAuthenticationStrategy (1/1)
2026-03-17 20:37:56 DEBUG [http-nio-8080-exec-10] o.s.security.web.FilterChainProxy - Secured PATCH /api/v1/users/2/deactivate
2026-03-17 20:37:56 DEBUG [http-nio-8080-exec-10] o.s.web.servlet.DispatcherServlet - PATCH "/api/v1/users/2/deactivate", parameters={}
2026-03-17 20:37:56 DEBUG [http-nio-8080-exec-10] o.s.w.s.m.m.a.RequestMappingHandlerMapping - Mapped to com.example.ClinicaDefinitiva.infrastructure.rest.controller.authentication.UserIdentityController#deactivate(Long, String, CustomUserDetails)
2026-03-17 20:37:56 DEBUG [http-nio-8080-exec-10] o.s.web.servlet.DispatcherServlet - Failed to complete request: com.example.ClinicaDefinitiva.domain.exceptions.AggregateBusinessRuleViolationException: El usuario activo debe estar verificado para realizar acciones sensibles
2026-03-17 20:37:56 ERROR [http-nio-8080-exec-10] o.a.c.c.C.[.[.[.[dispatcherServlet] - Servlet.service() for servlet [dispatcherServlet] in context with path [] threw exception [Request processing failed: com.example.ClinicaDefinitiva.domain.exceptions.AggregateBusinessRuleViolationException: El usuario activo debe estar verificado para realizar acciones sensibles] with root cause
com.example.ClinicaDefinitiva.domain.exceptions.AggregateBusinessRuleViolationException: El usuario activo debe estar verificado para realizar acciones sensibles
	at com.example.ClinicaDefinitiva.application.service.authentication.UserIdentityApplicationService.deactivate(UserIdentityApplicationService.java:289)
	at java.base/jdk.internal.reflect.NativeMethodAccessorImpl.invoke0(Native Method)
	at java.base/jdk.internal.reflect.NativeMethodAccessorImpl.invoke(NativeMethodAccessorImpl.java:77)
	at java.base/jdk.internal.reflect.DelegatingMethodAccessorImpl.invoke(DelegatingMethodAccessorImpl.java:43)
	at java.base/java.lang.reflect.Method.invoke(Method.java:568)
	at org.springframework.aop.support.AopUtils.invokeJoinpointUsingReflection(AopUtils.java:359)
	at org.springframework.aop.framework.ReflectiveMethodInvocation.invokeJoinpoint(ReflectiveMethodInvocation.java:196)
	at org.springframework.aop.framework.ReflectiveMethodInvocation.proceed(ReflectiveMethodInvocation.java:163)
	at org.springframework.aop.aspectj.MethodInvocationProceedingJoinPoint.proceed(MethodInvocationProceedingJoinPoint.java:89)
	at com.example.ClinicaDefinitiva.infrastructure.security.config.AuthorizationAspect.checkPermission(AuthorizationAspect.java:76)
	at java.base/jdk.internal.reflect.NativeMethodAccessorImpl.invoke0(Native Method)
	at java.base/jdk.internal.reflect.NativeMethodAccessorImpl.invoke(NativeMethodAccessorImpl.java:77)
	at java.base/jdk.internal.reflect.DelegatingMethodAccessorImpl.invoke(DelegatingMethodAccessorImpl.java:43)
	at java.base/java.lang.reflect.Method.invoke(Method.java:568)
	at org.springframework.aop.aspectj.AbstractAspectJAdvice.invokeAdviceMethodWithGivenArgs(AbstractAspectJAdvice.java:642)
	at org.springframework.aop.aspectj.AbstractAspectJAdvice.invokeAdviceMethod(AbstractAspectJAdvice.java:632)
	at org.springframework.aop.aspectj.AspectJAroundAdvice.invoke(AspectJAroundAdvice.java:71)
	at org.springframework.aop.framework.ReflectiveMethodInvocation.proceed(ReflectiveMethodInvocation.java:173)
	at org.springframework.transaction.interceptor.TransactionAspectSupport.invokeWithinTransaction(TransactionAspectSupport.java:380)
	at org.springframework.transaction.interceptor.TransactionInterceptor.invoke(TransactionInterceptor.java:119)
	at org.springframework.aop.framework.ReflectiveMethodInvocation.proceed(ReflectiveMethodInvocation.java:184)
	at org.springframework.aop.interceptor.ExposeInvocationInterceptor.invoke(ExposeInvocationInterceptor.java:97)
	at org.springframework.aop.framework.ReflectiveMethodInvocation.proceed(ReflectiveMethodInvocation.java:184)
	at org.springframework.aop.framework.CglibAopProxy$DynamicAdvisedInterceptor.intercept(CglibAopProxy.java:728)
	at com.example.ClinicaDefinitiva.application.service.authentication.UserIdentityApplicationService$$SpringCGLIB$$0.deactivate(<generated>)
	at com.example.ClinicaDefinitiva.infrastructure.rest.controller.authentication.UserIdentityController.deactivate(UserIdentityController.java:181)
	at java.base/jdk.internal.reflect.NativeMethodAccessorImpl.invoke0(Native Method)
	at java.base/jdk.internal.reflect.NativeMethodAccessorImpl.invoke(NativeMethodAccessorImpl.java:77)
	at java.base/jdk.internal.reflect.DelegatingMethodAccessorImpl.invoke(DelegatingMethodAccessorImpl.java:43)
	at java.base/java.lang.reflect.Method.invoke(Method.java:568)
	at org.springframework.aop.support.AopUtils.invokeJoinpointUsingReflection(AopUtils.java:359)
	at org.springframework.aop.framework.ReflectiveMethodInvocation.invokeJoinpoint(ReflectiveMethodInvocation.java:196)
	at org.springframework.aop.framework.ReflectiveMethodInvocation.proceed(ReflectiveMethodInvocation.java:163)
	at org.springframework.validation.beanvalidation.MethodValidationInterceptor.invoke(MethodValidationInterceptor.java:174)
	at org.springframework.aop.framework.ReflectiveMethodInvocation.proceed(ReflectiveMethodInvocation.java:184)
	at org.springframework.aop.framework.CglibAopProxy$DynamicAdvisedInterceptor.intercept(CglibAopProxy.java:728)
	at com.example.ClinicaDefinitiva.infrastructure.rest.controller.authentication.UserIdentityController$$SpringCGLIB$$0.deactivate(<generated>)
	at java.base/jdk.internal.reflect.NativeMethodAccessorImpl.invoke0(Native Method)
	at java.base/jdk.internal.reflect.NativeMethodAccessorImpl.invoke(NativeMethodAccessorImpl.java:77)
	at java.base/jdk.internal.reflect.DelegatingMethodAccessorImpl.invoke(DelegatingMethodAccessorImpl.java:43)
	at java.base/java.lang.reflect.Method.invoke(Method.java:568)
	at org.springframework.web.method.support.InvocableHandlerMethod.doInvoke(InvocableHandlerMethod.java:258)
	at org.springframework.web.method.support.InvocableHandlerMethod.invokeForRequest(InvocableHandlerMethod.java:191)
	at org.springframework.web.servlet.mvc.method.annotation.ServletInvocableHandlerMethod.invokeAndHandle(ServletInvocableHandlerMethod.java:118)
	at org.springframework.web.servlet.mvc.method.annotation.RequestMappingHandlerAdapter.invokeHandlerMethod(RequestMappingHandlerAdapter.java:986)
	at org.springframework.web.servlet.mvc.method.annotation.RequestMappingHandlerAdapter.handleInternal(RequestMappingHandlerAdapter.java:891)
	at org.springframework.web.servlet.mvc.method.AbstractHandlerMethodAdapter.handle(AbstractHandlerMethodAdapter.java:87)
	at org.springframework.web.servlet.DispatcherServlet.doDispatch(DispatcherServlet.java:1089)
	at org.springframework.web.servlet.DispatcherServlet.doService(DispatcherServlet.java:979)
	at org.springframework.web.servlet.FrameworkServlet.processRequest(FrameworkServlet.java:1014)
	at org.springframework.web.servlet.FrameworkServlet.service(FrameworkServlet.java:888)
	at jakarta.servlet.http.HttpServlet.service(HttpServlet.java:658)
	at org.apache.catalina.core.ApplicationFilterChain.internalDoFilter(ApplicationFilterChain.java:195)
	at org.apache.catalina.core.ApplicationFilterChain.doFilter(ApplicationFilterChain.java:140)
	at org.apache.tomcat.websocket.server.WsFilter.doFilter(WsFilter.java:51)
	at org.apache.catalina.core.ApplicationFilterChain.internalDoFilter(ApplicationFilterChain.java:164)
	at org.apache.catalina.core.ApplicationFilterChain.doFilter(ApplicationFilterChain.java:140)
	at com.example.ClinicaDefinitiva.util.RequestIdFilter.doFilterInternal(RequestIdFilter.java:76)
	at org.springframework.web.filter.OncePerRequestFilter.doFilter(OncePerRequestFilter.java:116)
	at org.apache.catalina.core.ApplicationFilterChain.internalDoFilter(ApplicationFilterChain.java:164)
	at org.apache.catalina.core.ApplicationFilterChain.doFilter(ApplicationFilterChain.java:140)
	at org.springframework.web.filter.CompositeFilter$VirtualFilterChain.doFilter(CompositeFilter.java:108)
	at org.springframework.web.filter.CompositeFilter$VirtualFilterChain.doFilter(CompositeFilter.java:108)
	at org.springframework.security.web.FilterChainProxy.lambda$doFilterInternal$3(FilterChainProxy.java:231)
	at org.springframework.security.web.ObservationFilterChainDecorator$FilterObservation$SimpleFilterObservation.lambda$wrap$1(ObservationFilterChainDecorator.java:479)
	at org.springframework.security.web.ObservationFilterChainDecorator$AroundFilterObservation$SimpleAroundFilterObservation.lambda$wrap$1(ObservationFilterChainDecorator.java:340)
	at org.springframework.security.web.ObservationFilterChainDecorator.lambda$wrapSecured$0(ObservationFilterChainDecorator.java:82)
	at org.springframework.security.web.ObservationFilterChainDecorator$VirtualFilterChain.doFilter(ObservationFilterChainDecorator.java:128)
	at org.springframework.security.web.access.intercept.AuthorizationFilter.doFilter(AuthorizationFilter.java:101)
	at org.springframework.security.web.ObservationFilterChainDecorator$ObservationFilter.wrapFilter(ObservationFilterChainDecorator.java:240)
	at org.springframework.security.web.ObservationFilterChainDecorator$ObservationFilter.doFilter(ObservationFilterChainDecorator.java:227)
	at org.springframework.security.web.ObservationFilterChainDecorator$VirtualFilterChain.doFilter(ObservationFilterChainDecorator.java:137)
	at org.springframework.security.web.access.ExceptionTranslationFilter.doFilter(ExceptionTranslationFilter.java:125)
	at org.springframework.security.web.access.ExceptionTranslationFilter.doFilter(ExceptionTranslationFilter.java:119)
	at org.springframework.security.web.ObservationFilterChainDecorator$ObservationFilter.wrapFilter(ObservationFilterChainDecorator.java:240)
	at org.springframework.security.web.ObservationFilterChainDecorator$ObservationFilter.doFilter(ObservationFilterChainDecorator.java:227)
	at org.springframework.security.web.ObservationFilterChainDecorator$VirtualFilterChain.doFilter(ObservationFilterChainDecorator.java:137)
	at org.springframework.security.web.session.SessionManagementFilter.doFilter(SessionManagementFilter.java:131)
	at org.springframework.security.web.session.SessionManagementFilter.doFilter(SessionManagementFilter.java:85)
	at org.springframework.security.web.ObservationFilterChainDecorator$ObservationFilter.wrapFilter(ObservationFilterChainDecorator.java:240)
	at org.springframework.security.web.ObservationFilterChainDecorator$ObservationFilter.doFilter(ObservationFilterChainDecorator.java:227)
	at org.springframework.security.web.ObservationFilterChainDecorator$VirtualFilterChain.doFilter(ObservationFilterChainDecorator.java:137)
	at org.springframework.security.web.authentication.AnonymousAuthenticationFilter.doFilter(AnonymousAuthenticationFilter.java:100)
	at org.springframework.security.web.ObservationFilterChainDecorator$ObservationFilter.wrapFilter(ObservationFilterChainDecorator.java:240)
	at org.springframework.security.web.ObservationFilterChainDecorator$ObservationFilter.doFilter(ObservationFilterChainDecorator.java:227)
	at org.springframework.security.web.ObservationFilterChainDecorator$VirtualFilterChain.doFilter(ObservationFilterChainDecorator.java:137)
	at org.springframework.security.web.servletapi.SecurityContextHolderAwareRequestFilter.doFilter(SecurityContextHolderAwareRequestFilter.java:179)
	at org.springframework.security.web.ObservationFilterChainDecorator$ObservationFilter.wrapFilter(ObservationFilterChainDecorator.java:240)
	at org.springframework.security.web.ObservationFilterChainDecorator$ObservationFilter.doFilter(ObservationFilterChainDecorator.java:227)
	at org.springframework.security.web.ObservationFilterChainDecorator$VirtualFilterChain.doFilter(ObservationFilterChainDecorator.java:137)
	at org.springframework.security.web.savedrequest.RequestCacheAwareFilter.doFilter(RequestCacheAwareFilter.java:63)
	at org.springframework.security.web.ObservationFilterChainDecorator$ObservationFilter.wrapFilter(ObservationFilterChainDecorator.java:240)
	at org.springframework.security.web.ObservationFilterChainDecorator$ObservationFilter.doFilter(ObservationFilterChainDecorator.java:227)
	at org.springframework.security.web.ObservationFilterChainDecorator$VirtualFilterChain.doFilter(ObservationFilterChainDecorator.java:137)
	at com.example.ClinicaDefinitiva.infrastructure.security.filter.JwtAuthenticationFilter.doFilterInternal(JwtAuthenticationFilter.java:40)
	at org.springframework.web.filter.OncePerRequestFilter.doFilter(OncePerRequestFilter.java:116)
	at org.springframework.security.web.ObservationFilterChainDecorator$ObservationFilter.wrapFilter(ObservationFilterChainDecorator.java:240)
	at org.springframework.security.web.ObservationFilterChainDecorator$ObservationFilter.doFilter(ObservationFilterChainDecorator.java:227)
	at org.springframework.security.web.ObservationFilterChainDecorator$VirtualFilterChain.doFilter(ObservationFilterChainDecorator.java:137)
	at org.springframework.security.web.authentication.logout.LogoutFilter.doFilter(LogoutFilter.java:107)
	at org.springframework.security.web.authentication.logout.LogoutFilter.doFilter(LogoutFilter.java:93)
	at org.springframework.security.web.ObservationFilterChainDecorator$ObservationFilter.wrapFilter(ObservationFilterChainDecorator.java:240)
	at org.springframework.security.web.ObservationFilterChainDecorator$ObservationFilter.doFilter(ObservationFilterChainDecorator.java:227)
	at org.springframework.security.web.ObservationFilterChainDecorator$VirtualFilterChain.doFilter(ObservationFilterChainDecorator.java:137)
	at org.springframework.security.web.header.HeaderWriterFilter.doHeadersAfter(HeaderWriterFilter.java:90)
	at org.springframework.security.web.header.HeaderWriterFilter.doFilterInternal(HeaderWriterFilter.java:75)
	at org.springframework.web.filter.OncePerRequestFilter.doFilter(OncePerRequestFilter.java:116)
	at org.springframework.security.web.ObservationFilterChainDecorator$ObservationFilter.wrapFilter(ObservationFilterChainDecorator.java:240)
	at org.springframework.security.web.ObservationFilterChainDecorator$ObservationFilter.doFilter(ObservationFilterChainDecorator.java:227)
	at org.springframework.security.web.ObservationFilterChainDecorator$VirtualFilterChain.doFilter(ObservationFilterChainDecorator.java:137)
	at org.springframework.security.web.context.SecurityContextHolderFilter.doFilter(SecurityContextHolderFilter.java:82)
	at org.springframework.security.web.context.SecurityContextHolderFilter.doFilter(SecurityContextHolderFilter.java:69)
	at org.springframework.security.web.ObservationFilterChainDecorator$ObservationFilter.wrapFilter(ObservationFilterChainDecorator.java:240)
	at org.springframework.security.web.ObservationFilterChainDecorator$ObservationFilter.doFilter(ObservationFilterChainDecorator.java:227)
	at org.springframework.security.web.ObservationFilterChainDecorator$VirtualFilterChain.doFilter(ObservationFilterChainDecorator.java:137)
	at org.springframework.security.web.context.request.async.WebAsyncManagerIntegrationFilter.doFilterInternal(WebAsyncManagerIntegrationFilter.java:62)
	at org.springframework.web.filter.OncePerRequestFilter.doFilter(OncePerRequestFilter.java:116)
	at org.springframework.security.web.ObservationFilterChainDecorator$ObservationFilter.wrapFilter(ObservationFilterChainDecorator.java:240)
	at org.springframework.security.web.ObservationFilterChainDecorator$ObservationFilter.doFilter(ObservationFilterChainDecorator.java:227)
	at org.springframework.security.web.ObservationFilterChainDecorator$VirtualFilterChain.doFilter(ObservationFilterChainDecorator.java:137)
	at org.springframework.security.web.session.DisableEncodeUrlFilter.doFilterInternal(DisableEncodeUrlFilter.java:42)
	at org.springframework.web.filter.OncePerRequestFilter.doFilter(OncePerRequestFilter.java:116)
	at org.springframework.security.web.ObservationFilterChainDecorator$ObservationFilter.wrapFilter(ObservationFilterChainDecorator.java:240)
	at org.springframework.security.web.ObservationFilterChainDecorator$AroundFilterObservation$SimpleAroundFilterObservation.lambda$wrap$0(ObservationFilterChainDecorator.java:323)
	at org.springframework.security.web.ObservationFilterChainDecorator$ObservationFilter.doFilter(ObservationFilterChainDecorator.java:224)
	at org.springframework.security.web.ObservationFilterChainDecorator$VirtualFilterChain.doFilter(ObservationFilterChainDecorator.java:137)
	at org.springframework.security.web.FilterChainProxy.doFilterInternal(FilterChainProxy.java:233)
	at org.springframework.security.web.FilterChainProxy.doFilter(FilterChainProxy.java:191)
	at org.springframework.web.filter.CompositeFilter$VirtualFilterChain.doFilter(CompositeFilter.java:113)
	at org.springframework.web.filter.ServletRequestPathFilter.doFilter(ServletRequestPathFilter.java:52)
	at org.springframework.web.filter.CompositeFilter$VirtualFilterChain.doFilter(CompositeFilter.java:113)
	at org.springframework.web.filter.CompositeFilter.doFilter(CompositeFilter.java:74)
	at org.springframework.security.config.annotation.web.configuration.WebSecurityConfiguration$CompositeFilterChainProxy.doFilter(WebSecurityConfiguration.java:319)
	at org.springframework.web.filter.CompositeFilter$VirtualFilterChain.doFilter(CompositeFilter.java:113)
	at org.springframework.web.servlet.handler.HandlerMappingIntrospector.lambda$createCacheFilter$3(HandlerMappingIntrospector.java:243)
	at org.springframework.web.filter.CompositeFilter$VirtualFilterChain.doFilter(CompositeFilter.java:113)
	at org.springframework.web.filter.CompositeFilter.doFilter(CompositeFilter.java:74)
	at org.springframework.security.config.annotation.web.configuration.WebMvcSecurityConfiguration$CompositeFilterChainProxy.doFilter(WebMvcSecurityConfiguration.java:240)
	at org.springframework.web.filter.DelegatingFilterProxy.invokeDelegate(DelegatingFilterProxy.java:362)
	at org.springframework.web.filter.DelegatingFilterProxy.doFilter(DelegatingFilterProxy.java:278)
	at org.apache.catalina.core.ApplicationFilterChain.internalDoFilter(ApplicationFilterChain.java:164)
	at org.apache.catalina.core.ApplicationFilterChain.doFilter(ApplicationFilterChain.java:140)
	at org.springframework.web.filter.RequestContextFilter.doFilterInternal(RequestContextFilter.java:100)
	at org.springframework.web.filter.OncePerRequestFilter.doFilter(OncePerRequestFilter.java:116)
	at org.apache.catalina.core.ApplicationFilterChain.internalDoFilter(ApplicationFilterChain.java:164)
	at org.apache.catalina.core.ApplicationFilterChain.doFilter(ApplicationFilterChain.java:140)
	at org.springframework.web.filter.FormContentFilter.doFilterInternal(FormContentFilter.java:93)
	at org.springframework.web.filter.OncePerRequestFilter.doFilter(OncePerRequestFilter.java:116)
	at org.apache.catalina.core.ApplicationFilterChain.internalDoFilter(ApplicationFilterChain.java:164)
	at org.apache.catalina.core.ApplicationFilterChain.doFilter(ApplicationFilterChain.java:140)
	at org.springframework.web.filter.ServerHttpObservationFilter.doFilterInternal(ServerHttpObservationFilter.java:114)
	at org.springframework.web.filter.OncePerRequestFilter.doFilter(OncePerRequestFilter.java:116)
	at org.apache.catalina.core.ApplicationFilterChain.internalDoFilter(ApplicationFilterChain.java:164)
	at org.apache.catalina.core.ApplicationFilterChain.doFilter(ApplicationFilterChain.java:140)
	at org.springframework.web.filter.CharacterEncodingFilter.doFilterInternal(CharacterEncodingFilter.java:201)
	at org.springframework.web.filter.OncePerRequestFilter.doFilter(OncePerRequestFilter.java:116)
	at org.apache.catalina.core.ApplicationFilterChain.internalDoFilter(ApplicationFilterChain.java:164)
	at org.apache.catalina.core.ApplicationFilterChain.doFilter(ApplicationFilterChain.java:140)
	at org.apache.catalina.core.StandardWrapperValve.invoke(StandardWrapperValve.java:167)
	at org.apache.catalina.core.StandardContextValve.invoke(StandardContextValve.java:90)
	at org.apache.catalina.authenticator.AuthenticatorBase.invoke(AuthenticatorBase.java:483)
	at org.apache.catalina.core.StandardHostValve.invoke(StandardHostValve.java:116)
	at org.apache.catalina.valves.ErrorReportValve.invoke(ErrorReportValve.java:93)
	at org.apache.catalina.core.StandardEngineValve.invoke(StandardEngineValve.java:74)
	at org.apache.catalina.connector.CoyoteAdapter.service(CoyoteAdapter.java:344)
	at org.apache.coyote.http11.Http11Processor.service(Http11Processor.java:398)
	at org.apache.coyote.AbstractProcessorLight.process(AbstractProcessorLight.java:63)
	at org.apache.coyote.AbstractProtocol$ConnectionHandler.process(AbstractProtocol.java:903)
	at org.apache.tomcat.util.net.NioEndpoint$SocketProcessor.doRun(NioEndpoint.java:1740)
	at org.apache.tomcat.util.net.SocketProcessorBase.run(SocketProcessorBase.java:52)
	at org.apache.tomcat.util.threads.ThreadPoolExecutor.runWorker(ThreadPoolExecutor.java:1189)
	at org.apache.tomcat.util.threads.ThreadPoolExecutor$Worker.run(ThreadPoolExecutor.java:658)
	at org.apache.tomcat.util.threads.TaskThread$WrappingRunnable.run(TaskThread.java:63)
	at java.base/java.lang.Thread.run(Thread.java:842)
2026-03-17 20:37:56 DEBUG [http-nio-8080-exec-10] o.s.security.web.FilterChainProxy - Securing PATCH /error
2026-03-17 20:37:56 TRACE [http-nio-8080-exec-10] o.s.s.w.a.logout.LogoutFilter - Did not match request to Or [Ant [pattern='/logout', GET], Ant [pattern='/logout', POST], Ant [pattern='/logout', PUT], Ant [pattern='/logout', DELETE]]
2026-03-17 20:37:56 TRACE [http-nio-8080-exec-10] o.s.s.w.a.AnonymousAuthenticationFilter - Set SecurityContextHolder to AnonymousAuthenticationToken [Principal=anonymousUser, Credentials=[PROTECTED], Authenticated=true, Details=WebAuthenticationDetails [RemoteIpAddress=0:0:0:0:0:0:0:1, SessionId=null], Granted Authorities=[ROLE_ANONYMOUS]]
2026-03-17 20:37:56 DEBUG [http-nio-8080-exec-10] o.s.s.w.a.Http403ForbiddenEntryPoint - Pre-authenticated entry point called. Rejecting access
2026-03-17 23:31:31 WARN  [HikariPool-1:housekeeper] com.zaxxer.hikari.pool.HikariPool - HikariPool-1 - Thread starvation or clock leap detected (housekeeper delta=1h37m52s976ms945탎300ns).
